country_eng,value_usd,value_baht,quantity,quantity_unit,year,month,hs_code,hs_description,data_type
China,112774113.66,3774846903.47,78934.33,KGM,2019,1,10,Cereals (Rice),export
Nigeria,49445927.06,1643031485.0,33788.62,KGM,2019,1,10,Cereals (Rice),export
Indonesia,37424599.36,1273010915.28,28331.31,KGM,2019,1,10,Cereals (Rice),export
South Africa,27338474.15,927848903.73,27219.4,KGM,2019,1,10,Cereals (Rice),export
Iraq,23262293.92,773521337.92,24717.23,KGM,2019,1,10,Cereals (Rice),export
United States of America,20409515.46,688658019.29,19932.82,KGM,2019,1,10,Cereals (Rice),export
Japan,15084740.54,504111604.27,13741.5,KGM,2019,1,10,Cereals (Rice),export
Saudi Arabia,11499302.21,382201951.63,11853.11,KGM,2019,1,10,Cereals (Rice),export
Philippines,11637790.72,384177387.5,10902.96,KGM,2019,1,10,Cereals (Rice),export
Malaysia,9689576.48,331933696.6,9771.06,KGM,2019,1,10,Cereals (Rice),export
Hong Kong,14241718.94,485491595.31,11453.73,KGM,2019,1,10,Cereals (Rice),export
Singapore,8623416.43,290871327.39,5408.77,KGM,2019,1,10,Cereals (Rice),export
Cameroon,6736943.16,237051511.17,5592.22,KGM,2019,1,10,Cereals (Rice),export
Mozambique,6511574.21,219860053.26,5281.1,KGM,2019,1,10,Cereals (Rice),export
Senegal,6163129.25,202825823.84,4175.64,KGM,2019,1,10,Cereals (Rice),export
Iran,18399612.97,615169585.6,15145.43,KGM,2019,1,10,Cereals (Rice),export
India,9230790.23,318186607.97,5038.86,KGM,2019,1,10,Cereals (Rice),export
Yemen,6560913.81,210110160.72,4970.87,KGM,2019,1,10,Cereals (Rice),export
China,123937097.82,3962901090.88,62641.77,KGM,2019,2,10,Cereals (Rice),export
Nigeria,47479649.34,1680527791.89,32489.94,KGM,2019,2,10,Cereals (Rice),export
Indonesia,30062358.2,968084374.81,24552.19,KGM,2019,2,10,Cereals (Rice),export
South Africa,29515964.62,952314921.97,22062.77,KGM,2019,2,10,Cereals (Rice),export
Iraq,28313066.15,916732640.44,23435.33,KGM,2019,2,10,Cereals (Rice),export
United States of America,17616743.41,587675801.34,12598.73,KGM,2019,2,10,Cereals (Rice),export
Japan,18869921.41,620700361.06,14273.76,KGM,2019,2,10,Cereals (Rice),export
Saudi Arabia,13026897.96,462679957.3,12224.11,KGM,2019,2,10,Cereals (Rice),export
Philippines,9923480.96,313031021.67,10105.14,KGM,2019,2,10,Cereals (Rice),export
Malaysia,9041379.88,303514685.86,7347.42,KGM,2019,2,10,Cereals (Rice),export
Hong Kong,14740363.11,486626147.53,13319.32,KGM,2019,2,10,Cereals (Rice),export
Singapore,7005511.61,216613441.24,6605.65,KGM,2019,2,10,Cereals (Rice),export
Cameroon,6228519.58,207355335.51,6061.45,KGM,2019,2,10,Cereals (Rice),export
Mozambique,6749573.07,230739516.79,4881.21,KGM,2019,2,10,Cereals (Rice),export
Senegal,5432405.02,182077693.26,5140.81,KGM,2019,2,10,Cereals (Rice),export
Iran,17341776.38,571814015.96,14527.22,KGM,2019,2,10,Cereals (Rice),export
India,8213908.78,271039120.28,5833.56,KGM,2019,2,10,Cereals (Rice),export
Yemen,5531521.85,188413978.12,4992.03,KGM,2019,2,10,Cereals (Rice),export
China,115498130.64,3655174860.3,81825.69,KGM,2019,3,10,Cereals (Rice),export
Nigeria,46625227.94,1521135708.38,44151.11,KGM,2019,3,10,Cereals (Rice),export
Indonesia,37231594.04,1313169943.9,24975.93,KGM,2019,3,10,Cereals (Rice),export
South Africa,33468589.13,1152742954.68,27753.2,KGM,2019,3,10,Cereals (Rice),export
Iraq,27251893.32,960163311.69,22391.68,KGM,2019,3,10,Cereals (Rice),export
United States of America,24176504.61,829394962.34,20339.56,KGM,2019,3,10,Cereals (Rice),export
Japan,21064134.93,694045851.89,15589.81,KGM,2019,3,10,Cereals (Rice),export
Saudi Arabia,17064597.36,593034841.27,13846.19,KGM,2019,3,10,Cereals (Rice),export
Philippines,15035313.2,486101447.99,12216.16,KGM,2019,3,10,Cereals (Rice),export
Malaysia,11184884.96,359467912.64,10389.92,KGM,2019,3,10,Cereals (Rice),export
Hong Kong,15800556.75,550346907.84,14762.78,KGM,2019,3,10,Cereals (Rice),export
Singapore,9786699.39,321149871.39,7329.92,KGM,2019,3,10,Cereals (Rice),export
Cameroon,8603564.28,276712793.5,6305.59,KGM,2019,3,10,Cereals (Rice),export
Mozambique,7991239.51,256791419.67,5824.21,KGM,2019,3,10,Cereals (Rice),export
Senegal,6636662.12,208978471.46,5657.17,KGM,2019,3,10,Cereals (Rice),export
Iran,19394934.96,653190974.03,15364.63,KGM,2019,3,10,Cereals (Rice),export
India,8417006.59,258914472.71,5914.21,KGM,2019,3,10,Cereals (Rice),export
Yemen,6986805.88,233406661.07,4385.74,KGM,2019,3,10,Cereals (Rice),export
China,120883233.99,4288556475.55,99910.34,KGM,2019,4,10,Cereals (Rice),export
Nigeria,63887579.91,2202579211.6,31516.31,KGM,2019,4,10,Cereals (Rice),export
Indonesia,40195321.59,1384161858.43,36774.26,KGM,2019,4,10,Cereals (Rice),export
South Africa,37271833.04,1180236270.88,27026.98,KGM,2019,4,10,Cereals (Rice),export
Iraq,31234864.79,1019794446.21,23190.45,KGM,2019,4,10,Cereals (Rice),export
United States of America,23333251.49,826115034.63,21966.9,KGM,2019,4,10,Cereals (Rice),export
Japan,17976155.19,583171986.6,17552.36,KGM,2019,4,10,Cereals (Rice),export
Saudi Arabia,13936788.42,442497120.29,13298.27,KGM,2019,4,10,Cereals (Rice),export
Philippines,12380702.76,389476345.85,10656.81,KGM,2019,4,10,Cereals (Rice),export
Malaysia,11457808.6,371316524.36,8240.76,KGM,2019,4,10,Cereals (Rice),export
Hong Kong,15168359.76,514060391.31,13655.63,KGM,2019,4,10,Cereals (Rice),export
Singapore,10054945.61,327855162.17,7618.49,KGM,2019,4,10,Cereals (Rice),export
Cameroon,7483055.43,254838489.2,5895.95,KGM,2019,4,10,Cereals (Rice),export
Mozambique,6056618.59,196929175.28,5823.04,KGM,2019,4,10,Cereals (Rice),export
Senegal,6924766.31,228646927.06,4332.9,KGM,2019,4,10,Cereals (Rice),export
Iran,21116926.36,662828812.96,12600.06,KGM,2019,4,10,Cereals (Rice),export
India,8091704.96,269241359.5,6936.42,KGM,2019,4,10,Cereals (Rice),export
Yemen,6899496.78,211241026.81,4549.68,KGM,2019,4,10,Cereals (Rice),export
China,126056322.57,3996239619.48,85247.76,KGM,2019,5,10,Cereals (Rice),export
Nigeria,54661391.77,1757242541.67,40907.68,KGM,2019,5,10,Cereals (Rice),export
Indonesia,38758202.06,1291344086.65,35817.02,KGM,2019,5,10,Cereals (Rice),export
South Africa,29284811.19,1049061086.4,20433.63,KGM,2019,5,10,Cereals (Rice),export
Iraq,25601102.26,902849480.93,24810.88,KGM,2019,5,10,Cereals (Rice),export
United States of America,25368993.92,782910655.22,18558.95,KGM,2019,5,10,Cereals (Rice),export
Japan,17833311.38,627312844.49,17420.06,KGM,2019,5,10,Cereals (Rice),export
Saudi Arabia,16007568.17,544997213.85,12444.18,KGM,2019,5,10,Cereals (Rice),export
Philippines,13971079.12,461921627.98,12395.26,KGM,2019,5,10,Cereals (Rice),export
Malaysia,11988164.93,427314880.1,9981.35,KGM,2019,5,10,Cereals (Rice),export
Hong Kong,17674221.57,558893500.39,15081.33,KGM,2019,5,10,Cereals (Rice),export
Singapore,11095936.15,341206759.07,8613.46,KGM,2019,5,10,Cereals (Rice),export
Cameroon,8783158.94,269478686.09,6256.05,KGM,2019,5,10,Cereals (Rice),export
Mozambique,7597331.8,252439674.58,6388.11,KGM,2019,5,10,Cereals (Rice),export
Senegal,6593907.61,241995631.3,5121.76,KGM,2019,5,10,Cereals (Rice),export
Iran,18369647.11,606623326.34,18412.51,KGM,2019,5,10,Cereals (Rice),export
India,7621277.91,235578280.96,6627.95,KGM,2019,5,10,Cereals (Rice),export
Yemen,6269673.06,192311715.79,5303.3,KGM,2019,5,10,Cereals (Rice),export
China,133956377.37,4128859532.35,90203.56,KGM,2019,6,10,Cereals (Rice),export
Nigeria,45489869.55,1366192875.41,51453.47,KGM,2019,6,10,Cereals (Rice),export
Indonesia,44353523.13,1440372136.27,30933.32,KGM,2019,6,10,Cereals (Rice),export
South Africa,36053365.16,1152948955.36,29010.93,KGM,2019,6,10,Cereals (Rice),export
Iraq,25710473.58,869748446.99,25576.83,KGM,2019,6,10,Cereals (Rice),export
United States of America,24773327.75,800952796.05,21481.88,KGM,2019,6,10,Cereals (Rice),export
Japan,19492545.17,658429894.48,17008.08,KGM,2019,6,10,Cereals (Rice),export
Saudi Arabia,17525725.46,558354395.34,14430.95,KGM,2019,6,10,Cereals (Rice),export
Philippines,17720278.12,581608350.36,11737.11,KGM,2019,6,10,Cereals (Rice),export
Malaysia,11068713.72,374104333.33,9962.72,KGM,2019,6,10,Cereals (Rice),export
Hong Kong,18296268.04,618054381.02,16149.09,KGM,2019,6,10,Cereals (Rice),export
Singapore,10482451.46,335515905.61,7722.99,KGM,2019,6,10,Cereals (Rice),export
Cameroon,9324711.24,292651222.18,7576.07,KGM,2019,6,10,Cereals (Rice),export
Mozambique,8203168.35,256999412.97,6597.64,KGM,2019,6,10,Cereals (Rice),export
Senegal,7167510.63,210409875.96,4754.86,KGM,2019,6,10,Cereals (Rice),export
Iran,20909782.37,686413660.01,17525.94,KGM,2019,6,10,Cereals (Rice),export
India,10937040.79,363336290.34,7109.14,KGM,2019,6,10,Cereals (Rice),export
Yemen,7092122.09,243927997.32,5151.91,KGM,2019,6,10,Cereals (Rice),export
China,129512524.33,4152666224.48,103782.06,KGM,2019,7,10,Cereals (Rice),export
Nigeria,42178348.37,1409767040.01,37593.35,KGM,2019,7,10,Cereals (Rice),export
Indonesia,39813752.17,1299977024.27,34500.24,KGM,2019,7,10,Cereals (Rice),export
South Africa,34768598.28,1157423516.31,23540.83,KGM,2019,7,10,Cereals (Rice),export
Iraq,27297217.07,894045791.49,19026.14,KGM,2019,7,10,Cereals (Rice),export
United States of America,28840793.93,956911250.78,16499.42,KGM,2019,7,10,Cereals (Rice),export
Japan,22494952.22,725700667.27,21266.73,KGM,2019,7,10,Cereals (Rice),export
Saudi Arabia,15613332.33,541950857.58,11466.63,KGM,2019,7,10,Cereals (Rice),export
Philippines,13698878.51,414070427.68,11466.34,KGM,2019,7,10,Cereals (Rice),export
Malaysia,13604964.8,466223948.47,11389.91,KGM,2019,7,10,Cereals (Rice),export
Hong Kong,13991124.53,426603300.05,14304.77,KGM,2019,7,10,Cereals (Rice),export
Singapore,10058040.3,336595082.93,8196.87,KGM,2019,7,10,Cereals (Rice),export
Cameroon,8778863.78,263860652.6,6660.24,KGM,2019,7,10,Cereals (Rice),export
Mozambique,7901340.76,250046385.15,6070.28,KGM,2019,7,10,Cereals (Rice),export
Senegal,5620401.72,195853862.23,6318.95,KGM,2019,7,10,Cereals (Rice),export
Iran,22304077.93,651825674.33,15314.07,KGM,2019,7,10,Cereals (Rice),export
India,8970565.98,290987277.88,6960.02,KGM,2019,7,10,Cereals (Rice),export
Yemen,7416537.54,246704766.95,5876.05,KGM,2019,7,10,Cereals (Rice),export
China,129201377.13,4395419197.2,103629.96,KGM,2019,8,10,Cereals (Rice),export
Nigeria,47083996.82,1488754243.26,43306.06,KGM,2019,8,10,Cereals (Rice),export
Indonesia,48652715.95,1555313365.02,36525.7,KGM,2019,8,10,Cereals (Rice),export
South Africa,34610045.66,1220217627.85,24652.59,KGM,2019,8,10,Cereals (Rice),export
Iraq,34917056.6,1233793666.14,26041.24,KGM,2019,8,10,Cereals (Rice),export
United States of America,26140874.57,910671915.92,22487.4,KGM,2019,8,10,Cereals (Rice),export
Japan,21446008.53,737753092.81,17313.14,KGM,2019,8,10,Cereals (Rice),export
Saudi Arabia,18276488.17,543172768.04,12488.33,KGM,2019,8,10,Cereals (Rice),export
Philippines,15178809.14,478337007.22,9249.86,KGM,2019,8,10,Cereals (Rice),export
Malaysia,11749355.54,402188162.09,9597.16,KGM,2019,8,10,Cereals (Rice),export
Hong Kong,18948016.54,643261674.95,14571.74,KGM,2019,8,10,Cereals (Rice),export
Singapore,10975804.07,362369425.95,5771.13,KGM,2019,8,10,Cereals (Rice),export
Cameroon,7041372.93,210257774.15,7286.2,KGM,2019,8,10,Cereals (Rice),export
Mozambique,7585611.23,237606854.77,6586.23,KGM,2019,8,10,Cereals (Rice),export
Senegal,7527044.96,252692210.58,5827.3,KGM,2019,8,10,Cereals (Rice),export
Iran,22956128.41,762783440.83,16426.71,KGM,2019,8,10,Cereals (Rice),export
India,8591960.93,274873613.65,6856.33,KGM,2019,8,10,Cereals (Rice),export
Yemen,6013461.28,194908776.93,5271.28,KGM,2019,8,10,Cereals (Rice),export
China,121580405.79,3798377356.63,115735.88,KGM,2019,9,10,Cereals (Rice),export
Nigeria,51599576.92,1773152073.16,47878.35,KGM,2019,9,10,Cereals (Rice),export
Indonesia,49071285.75,1677081469.75,32518.72,KGM,2019,9,10,Cereals (Rice),export
South Africa,31279603.61,1023699044.58,27073.06,KGM,2019,9,10,Cereals (Rice),export
Iraq,28861489.35,931069802.44,23436.27,KGM,2019,9,10,Cereals (Rice),export
United States of America,23671216.25,774671915.91,23158.16,KGM,2019,9,10,Cereals (Rice),export
Japan,22315642.44,738248083.52,17843.93,KGM,2019,9,10,Cereals (Rice),export
Saudi Arabia,17662407.96,620437918.74,13486.9,KGM,2019,9,10,Cereals (Rice),export
Philippines,16948173.0,547924575.1,12627.79,KGM,2019,9,10,Cereals (Rice),export
Malaysia,12969047.64,457157764.03,11026.2,KGM,2019,9,10,Cereals (Rice),export
Hong Kong,15097166.8,523722006.31,15108.42,KGM,2019,9,10,Cereals (Rice),export
Singapore,8938945.61,280711702.63,8217.4,KGM,2019,9,10,Cereals (Rice),export
Cameroon,9126713.41,299399929.59,6698.99,KGM,2019,9,10,Cereals (Rice),export
Mozambique,7551293.55,251786929.89,6844.44,KGM,2019,9,10,Cereals (Rice),export
Senegal,7161648.73,242484376.13,5707.94,KGM,2019,9,10,Cereals (Rice),export
Iran,21301936.57,663508627.53,21071.63,KGM,2019,9,10,Cereals (Rice),export
India,7239821.36,216330335.09,5480.71,KGM,2019,9,10,Cereals (Rice),export
Yemen,7471218.87,260085566.5,5970.52,KGM,2019,9,10,Cereals (Rice),export
China,120735384.1,3994558687.8,117661.18,KGM,2019,10,10,Cereals (Rice),export
Nigeria,54899567.1,1749406403.05,46443.23,KGM,2019,10,10,Cereals (Rice),export
Indonesia,56642621.11,1824030668.27,41753.72,KGM,2019,10,10,Cereals (Rice),export
South Africa,32073342.99,1067188775.1,28496.2,KGM,2019,10,10,Cereals (Rice),export
Iraq,34856688.07,1165197400.24,21665.79,KGM,2019,10,10,Cereals (Rice),export
United States of America,22871659.43,751076561.45,22731.04,KGM,2019,10,10,Cereals (Rice),export
Japan,26857529.47,941515204.84,14660.63,KGM,2019,10,10,Cereals (Rice),export
Saudi Arabia,14933103.6,455226078.52,12106.58,KGM,2019,10,10,Cereals (Rice),export
Philippines,16605571.23,514399128.18,11134.66,KGM,2019,10,10,Cereals (Rice),export
Malaysia,13773736.26,455356607.36,11385.5,KGM,2019,10,10,Cereals (Rice),export
Hong Kong,17708005.53,588237886.66,17560.36,KGM,2019,10,10,Cereals (Rice),export
Singapore,11670146.79,365896277.97,8788.18,KGM,2019,10,10,Cereals (Rice),export
Cameroon,9494898.91,312035807.88,6633.39,KGM,2019,10,10,Cereals (Rice),export
Mozambique,8347376.17,255310734.17,4970.35,KGM,2019,10,10,Cereals (Rice),export
Senegal,7854810.6,251947111.2,5301.22,KGM,2019,10,10,Cereals (Rice),export
Iran,22874486.39,769186230.64,17166.95,KGM,2019,10,10,Cereals (Rice),export
India,8953990.39,286055032.95,7371.59,KGM,2019,10,10,Cereals (Rice),export
Yemen,7339388.27,235949426.1,6523.84,KGM,2019,10,10,Cereals (Rice),export
China,144627967.48,4932062810.38,105344.15,KGM,2019,11,10,Cereals (Rice),export
Nigeria,53682487.99,1799683642.77,42230.01,KGM,2019,11,10,Cereals (Rice),export
Indonesia,49526722.57,1669931940.26,36334.39,KGM,2019,11,10,Cereals (Rice),export
South Africa,34031353.31,1155721966.76,33595.11,KGM,2019,11,10,Cereals (Rice),export
Iraq,31156915.32,1073881113.34,24369.3,KGM,2019,11,10,Cereals (Rice),export
United States of America,24893559.2,824190879.03,16664.37,KGM,2019,11,10,Cereals (Rice),export
Japan,24711260.1,811494530.45,21040.24,KGM,2019,11,10,Cereals (Rice),export
Saudi Arabia,17743671.54,578505366.92,15014.46,KGM,2019,11,10,Cereals (Rice),export
Philippines,16721085.46,577162582.7,12589.64,KGM,2019,11,10,Cereals (Rice),export
Malaysia,14207949.18,464486608.94,11630.61,KGM,2019,11,10,Cereals (Rice),export
Hong Kong,21069138.27,703096971.69,14954.05,KGM,2019,11,10,Cereals (Rice),export
Singapore,9793400.44,324862464.74,8381.22,KGM,2019,11,10,Cereals (Rice),export
Cameroon,8137551.72,266515397.48,6818.78,KGM,2019,11,10,Cereals (Rice),export
Mozambique,7994456.93,262194956.77,5014.7,KGM,2019,11,10,Cereals (Rice),export
Senegal,6800008.7,234960121.49,5639.17,KGM,2019,11,10,Cereals (Rice),export
Iran,26615706.71,829035793.75,19104.83,KGM,2019,11,10,Cereals (Rice),export
India,8528223.86,287613801.67,7572.04,KGM,2019,11,10,Cereals (Rice),export
Yemen,7764376.85,251990906.83,5587.29,KGM,2019,11,10,Cereals (Rice),export
China,135152876.05,4253935210.61,92647.72,KGM,2019,12,10,Cereals (Rice),export
Nigeria,52785614.82,1465193122.79,30193.24,KGM,2019,12,10,Cereals (Rice),export
Indonesia,41282649.24,1387964751.49,34018.05,KGM,2019,12,10,Cereals (Rice),export
South Africa,26672468.01,869062280.73,24360.02,KGM,2019,12,10,Cereals (Rice),export
Iraq,25391607.82,798058256.97,25104.16,KGM,2019,12,10,Cereals (Rice),export
United States of America,23727040.24,796568045.62,21036.46,KGM,2019,12,10,Cereals (Rice),export
Japan,21545476.88,724876552.16,16370.57,KGM,2019,12,10,Cereals (Rice),export
Saudi Arabia,15895813.47,515369158.0,13169.66,KGM,2019,12,10,Cereals (Rice),export
Philippines,12003414.08,417029975.62,12303.92,KGM,2019,12,10,Cereals (Rice),export
Malaysia,11789775.63,361514892.92,8594.59,KGM,2019,12,10,Cereals (Rice),export
Hong Kong,15464904.22,475801265.59,10281.01,KGM,2019,12,10,Cereals (Rice),export
Singapore,9180926.99,307725983.55,6685.44,KGM,2019,12,10,Cereals (Rice),export
Cameroon,7544540.04,229675621.12,5686.85,KGM,2019,12,10,Cereals (Rice),export
Mozambique,6311507.19,196679430.08,4979.39,KGM,2019,12,10,Cereals (Rice),export
Senegal,5931519.5,194283278.52,4231.16,KGM,2019,12,10,Cereals (Rice),export
Iran,19627454.83,660230542.25,13813.18,KGM,2019,12,10,Cereals (Rice),export
India,6622958.97,217432895.58,5314.77,KGM,2019,12,10,Cereals (Rice),export
Yemen,6554718.54,232158861.75,5417.39,KGM,2019,12,10,Cereals (Rice),export
China,109033248.05,3429203234.93,89253.19,KGM,2020,1,10,Cereals (Rice),export
Nigeria,39637930.98,1261920811.03,37250.45,KGM,2020,1,10,Cereals (Rice),export
Indonesia,42420952.11,1430838768.78,24911.31,KGM,2020,1,10,Cereals (Rice),export
South Africa,27174659.85,918739055.42,21790.97,KGM,2020,1,10,Cereals (Rice),export
Iraq,24649864.09,783416124.96,19840.31,KGM,2020,1,10,Cereals (Rice),export
United States of America,26704877.51,883326001.23,16784.74,KGM,2020,1,10,Cereals (Rice),export
Japan,18502053.15,593506910.5,15508.05,KGM,2020,1,10,Cereals (Rice),export
Saudi Arabia,14803298.76,469345830.47,12656.66,KGM,2020,1,10,Cereals (Rice),export
Philippines,15077041.32,511258535.02,12424.11,KGM,2020,1,10,Cereals (Rice),export
Malaysia,11409169.94,383763822.56,5811.18,KGM,2020,1,10,Cereals (Rice),export
Hong Kong,14515496.87,437699334.59,11728.18,KGM,2020,1,10,Cereals (Rice),export
Singapore,9511388.6,315565396.73,5990.73,KGM,2020,1,10,Cereals (Rice),export
Cameroon,8236651.28,286833783.4,5702.35,KGM,2020,1,10,Cereals (Rice),export
Mozambique,6290195.94,195265428.99,5830.25,KGM,2020,1,10,Cereals (Rice),export
Senegal,6665744.42,224652497.09,5342.29,KGM,2020,1,10,Cereals (Rice),export
Iran,18140681.79,588012776.55,12565.12,KGM,2020,1,10,Cereals (Rice),export
India,8391985.35,257385921.91,6136.9,KGM,2020,1,10,Cereals (Rice),export
Yemen,5363031.25,180905068.09,5561.08,KGM,2020,1,10,Cereals (Rice),export
China,95932911.18,3075842901.52,68998.17,KGM,2020,2,10,Cereals (Rice),export
Nigeria,35670677.26,1308309055.53,34365.12,KGM,2020,2,10,Cereals (Rice),export
Indonesia,30653603.98,1071891847.95,28531.87,KGM,2020,2,10,Cereals (Rice),export
South Africa,31369421.4,1028304596.53,22929.95,KGM,2020,2,10,Cereals (Rice),export
Iraq,22583752.87,753510552.25,19772.2,KGM,2020,2,10,Cereals (Rice),export
United States of America,24306317.27,795187180.56,16206.89,KGM,2020,2,10,Cereals (Rice),export
Japan,16508257.49,564180746.81,14986.21,KGM,2020,2,10,Cereals (Rice),export
Saudi Arabia,15510428.06,515260992.83,10034.14,KGM,2020,2,10,Cereals (Rice),export
Philippines,12243019.32,401057205.46,11780.65,KGM,2020,2,10,Cereals (Rice),export
Malaysia,9280832.59,312649986.23,8524.08,KGM,2020,2,10,Cereals (Rice),export
Hong Kong,14947712.18,480151754.69,10956.41,KGM,2020,2,10,Cereals (Rice),export
Singapore,7890439.9,250256991.49,6672.22,KGM,2020,2,10,Cereals (Rice),export
Cameroon,8003591.9,265586605.12,5205.51,KGM,2020,2,10,Cereals (Rice),export
Mozambique,6601907.3,228650803.61,5849.11,KGM,2020,2,10,Cereals (Rice),export
Senegal,6242881.12,196195217.23,4867.09,KGM,2020,2,10,Cereals (Rice),export
Iran,16290008.83,555943490.96,13110.86,KGM,2020,2,10,Cereals (Rice),export
India,7349333.63,253582907.47,6445.07,KGM,2020,2,10,Cereals (Rice),export
Yemen,5412952.74,178521939.2,4687.31,KGM,2020,2,10,Cereals (Rice),export
China,88727435.12,3085685834.41,68677.41,KGM,2020,3,10,Cereals (Rice),export
Nigeria,36884453.75,1172771949.87,29401.3,KGM,2020,3,10,Cereals (Rice),export
Indonesia,32642798.01,1099486418.26,21512.01,KGM,2020,3,10,Cereals (Rice),export
South Africa,25642153.57,858408993.05,18601.25,KGM,2020,3,10,Cereals (Rice),export
Iraq,21802107.39,719892852.9,17042.87,KGM,2020,3,10,Cereals (Rice),export
United States of America,18460225.34,610855558.39,14906.31,KGM,2020,3,10,Cereals (Rice),export
Japan,13601357.64,454250293.16,12007.84,KGM,2020,3,10,Cereals (Rice),export
Saudi Arabia,12350246.28,419045460.25,10904.89,KGM,2020,3,10,Cereals (Rice),export
Philippines,10049967.3,326955536.24,8630.41,KGM,2020,3,10,Cereals (Rice),export
Malaysia,9169448.44,311002773.24,7336.12,KGM,2020,3,10,Cereals (Rice),export
Hong Kong,12448144.75,415288839.8,11229.91,KGM,2020,3,10,Cereals (Rice),export
Singapore,6729200.38,228158139.07,5541.79,KGM,2020,3,10,Cereals (Rice),export
Cameroon,5128460.22,169321477.59,4102.33,KGM,2020,3,10,Cereals (Rice),export
Mozambique,6027455.98,196943154.25,5093.87,KGM,2020,3,10,Cereals (Rice),export
Senegal,5411510.44,166148942.12,3947.94,KGM,2020,3,10,Cereals (Rice),export
Iran,15276714.23,525172895.83,11322.85,KGM,2020,3,10,Cereals (Rice),export
India,6099922.97,187575240.89,4142.24,KGM,2020,3,10,Cereals (Rice),export
Yemen,4882235.56,157319065.84,2777.27,KGM,2020,3,10,Cereals (Rice),export
China,96817518.85,3339331177.55,66102.43,KGM,2020,4,10,Cereals (Rice),export
Nigeria,42360757.54,1378966933.4,26587.47,KGM,2020,4,10,Cereals (Rice),export
Indonesia,34681385.21,1071942038.8,25231.04,KGM,2020,4,10,Cereals (Rice),export
South Africa,24873329.28,862166723.14,18121.73,KGM,2020,4,10,Cereals (Rice),export
Iraq,23418560.94,777805863.7,16999.42,KGM,2020,4,10,Cereals (Rice),export
United States of America,16450466.4,581193641.84,13771.45,KGM,2020,4,10,Cereals (Rice),export
Japan,15856277.64,528775458.08,14025.74,KGM,2020,4,10,Cereals (Rice),export
Saudi Arabia,14275795.12,467070805.31,7672.85,KGM,2020,4,10,Cereals (Rice),export
Philippines,13223522.92,462665391.95,10126.97,KGM,2020,4,10,Cereals (Rice),export
Malaysia,9456723.58,297501462.6,7082.56,KGM,2020,4,10,Cereals (Rice),export
Hong Kong,11233450.98,379351579.12,11071.58,KGM,2020,4,10,Cereals (Rice),export
Singapore,7520100.57,249770196.15,6425.74,KGM,2020,4,10,Cereals (Rice),export
Cameroon,6915789.09,217163999.33,5623.99,KGM,2020,4,10,Cereals (Rice),export
Mozambique,5833247.77,193661090.83,3632.64,KGM,2020,4,10,Cereals (Rice),export
Senegal,5351992.37,173272390.14,3401.09,KGM,2020,4,10,Cereals (Rice),export
Iran,15786899.88,514370262.99,12971.67,KGM,2020,4,10,Cereals (Rice),export
India,5569182.71,169980560.03,5014.29,KGM,2020,4,10,Cereals (Rice),export
Yemen,4929585.87,161683522.36,3823.75,KGM,2020,4,10,Cereals (Rice),export
China,91161547.16,2958236420.27,63273.8,KGM,2020,5,10,Cereals (Rice),export
Nigeria,42220292.73,1547753771.17,35577.5,KGM,2020,5,10,Cereals (Rice),export
Indonesia,37632499.75,1218816699.92,22051.46,KGM,2020,5,10,Cereals (Rice),export
South Africa,25691326.99,850493395.95,20388.5,KGM,2020,5,10,Cereals (Rice),export
Iraq,27955854.42,892622137.06,15684.52,KGM,2020,5,10,Cereals (Rice),export
United States of America,22487138.83,755351335.39,14307.97,KGM,2020,5,10,Cereals (Rice),export
Japan,17758901.7,591152076.8,13626.64,KGM,2020,5,10,Cereals (Rice),export
Saudi Arabia,14083461.37,454268458.64,9196.17,KGM,2020,5,10,Cereals (Rice),export
Philippines,12208170.06,428810456.16,6967.96,KGM,2020,5,10,Cereals (Rice),export
Malaysia,9949213.26,303990557.14,7866.86,KGM,2020,5,10,Cereals (Rice),export
Hong Kong,11218490.75,383797411.25,9807.35,KGM,2020,5,10,Cereals (Rice),export
Singapore,6120814.13,198681339.08,6764.65,KGM,2020,5,10,Cereals (Rice),export
Cameroon,6293671.14,210233638.79,5306.72,KGM,2020,5,10,Cereals (Rice),export
Mozambique,5380986.69,158851584.86,4982.57,KGM,2020,5,10,Cereals (Rice),export
Senegal,4918034.27,159750422.19,4195.98,KGM,2020,5,10,Cereals (Rice),export
Iran,13153566.23,409436557.92,14046.15,KGM,2020,5,10,Cereals (Rice),export
India,6394037.86,211193412.66,5244.58,KGM,2020,5,10,Cereals (Rice),export
Yemen,5752040.63,193505451.97,4093.67,KGM,2020,5,10,Cereals (Rice),export
China,97943130.21,3436848234.04,84590.74,KGM,2020,6,10,Cereals (Rice),export
Nigeria,39939380.42,1405186957.9,34475.08,KGM,2020,6,10,Cereals (Rice),export
Indonesia,37287055.53,1288441098.72,25050.64,KGM,2020,6,10,Cereals (Rice),export
South Africa,26918397.45,911267213.5,23829.03,KGM,2020,6,10,Cereals (Rice),export
Iraq,23615411.93,788349917.78,19342.96,KGM,2020,6,10,Cereals (Rice),export
United States of America,20278549.31,661535220.46,15458.64,KGM,2020,6,10,Cereals (Rice),export
Japan,19309986.84,620623800.13,13885.04,KGM,2020,6,10,Cereals (Rice),export
Saudi Arabia,12768181.56,407250343.06,11837.65,KGM,2020,6,10,Cereals (Rice),export
Philippines,10067604.43,306120982.64,7857.31,KGM,2020,6,10,Cereals (Rice),export
Malaysia,8570123.54,300621560.05,6762.94,KGM,2020,6,10,Cereals (Rice),export
Hong Kong,13071855.15,403069090.2,10048.03,KGM,2020,6,10,Cereals (Rice),export
Singapore,7766723.56,251998135.75,4989.43,KGM,2020,6,10,Cereals (Rice),export
Cameroon,7921848.63,258928020.84,5671.44,KGM,2020,6,10,Cereals (Rice),export
Mozambique,6322189.87,201039210.67,4431.82,KGM,2020,6,10,Cereals (Rice),export
Senegal,6148179.29,199624115.44,3626.36,KGM,2020,6,10,Cereals (Rice),export
Iran,16917997.76,574804325.8,11657.09,KGM,2020,6,10,Cereals (Rice),export
India,6364932.37,215637392.73,5671.5,KGM,2020,6,10,Cereals (Rice),export
Yemen,5125345.73,164021294.99,5065.06,KGM,2020,6,10,Cereals (Rice),export
China,109587530.48,3907488417.75,88141.63,KGM,2020,7,10,Cereals (Rice),export
Nigeria,39297291.45,1419229338.96,27975.92,KGM,2020,7,10,Cereals (Rice),export
Indonesia,31110179.65,1017779478.81,23236.15,KGM,2020,7,10,Cereals (Rice),export
South Africa,23222146.41,745233451.64,21900.64,KGM,2020,7,10,Cereals (Rice),export
Iraq,21883512.23,742628800.57,20118.31,KGM,2020,7,10,Cereals (Rice),export
United States of America,19342597.71,638661302.09,15766.8,KGM,2020,7,10,Cereals (Rice),export
Japan,15399859.81,519533712.23,12871.1,KGM,2020,7,10,Cereals (Rice),export
Saudi Arabia,12712566.26,403560375.62,10818.83,KGM,2020,7,10,Cereals (Rice),export
Philippines,10887738.23,350065857.98,8453.14,KGM,2020,7,10,Cereals (Rice),export
Malaysia,10899184.2,342066703.38,8398.04,KGM,2020,7,10,Cereals (Rice),export
Hong Kong,13438279.06,429708097.14,9817.24,KGM,2020,7,10,Cereals (Rice),export
Singapore,6577266.26,203594050.05,6900.77,KGM,2020,7,10,Cereals (Rice),export
Cameroon,6404048.7,218786420.87,4565.18,KGM,2020,7,10,Cereals (Rice),export
Mozambique,5600034.91,183954978.97,4560.21,KGM,2020,7,10,Cereals (Rice),export
Senegal,5305823.72,174747782.97,4126.43,KGM,2020,7,10,Cereals (Rice),export
Iran,15259446.82,477959041.77,10442.04,KGM,2020,7,10,Cereals (Rice),export
India,6900021.33,220828181.5,4961.0,KGM,2020,7,10,Cereals (Rice),export
Yemen,4426050.01,141391006.96,3269.81,KGM,2020,7,10,Cereals (Rice),export
China,108291893.18,3638686478.62,74248.54,KGM,2020,8,10,Cereals (Rice),export
Nigeria,37384551.85,1213965141.96,34266.99,KGM,2020,8,10,Cereals (Rice),export
Indonesia,29069043.76,1039247401.78,25666.5,KGM,2020,8,10,Cereals (Rice),export
South Africa,31269720.68,1025472095.99,22456.79,KGM,2020,8,10,Cereals (Rice),export
Iraq,23912458.11,787680432.2,19271.66,KGM,2020,8,10,Cereals (Rice),export
United States of America,20768995.33,675533202.48,16311.13,KGM,2020,8,10,Cereals (Rice),export
Japan,14595237.6,499146592.02,12529.13,KGM,2020,8,10,Cereals (Rice),export
Saudi Arabia,13219527.16,430632399.02,10991.29,KGM,2020,8,10,Cereals (Rice),export
Philippines,10670482.13,335760764.25,9274.68,KGM,2020,8,10,Cereals (Rice),export
Malaysia,8865521.08,286975773.55,9107.9,KGM,2020,8,10,Cereals (Rice),export
Hong Kong,12277948.57,420181819.28,12668.79,KGM,2020,8,10,Cereals (Rice),export
Singapore,7661149.4,250108315.8,6692.05,KGM,2020,8,10,Cereals (Rice),export
Cameroon,6171335.08,200651994.24,5606.66,KGM,2020,8,10,Cereals (Rice),export
Mozambique,6012616.41,206634503.78,5359.17,KGM,2020,8,10,Cereals (Rice),export
Senegal,5012703.01,156938786.83,4491.1,KGM,2020,8,10,Cereals (Rice),export
Iran,17323194.35,581513113.26,13497.56,KGM,2020,8,10,Cereals (Rice),export
India,6433400.54,203604584.7,6631.09,KGM,2020,8,10,Cereals (Rice),export
Yemen,5819859.61,196458185.4,3718.23,KGM,2020,8,10,Cereals (Rice),export
China,107228595.57,3458874242.35,81647.61,KGM,2020,9,10,Cereals (Rice),export
Nigeria,41128640.19,1467671606.88,33484.58,KGM,2020,9,10,Cereals (Rice),export
Indonesia,30848637.44,1031180591.54,25233.84,KGM,2020,9,10,Cereals (Rice),export
South Africa,26345194.56,911689361.65,21370.33,KGM,2020,9,10,Cereals (Rice),export
Iraq,16985678.89,516134416.98,17568.22,KGM,2020,9,10,Cereals (Rice),export
United States of America,17853233.48,605175557.93,20903.58,KGM,2020,9,10,Cereals (Rice),export
Japan,18506433.54,631773937.33,13388.11,KGM,2020,9,10,Cereals (Rice),export
Saudi Arabia,11130575.61,353620989.59,12162.5,KGM,2020,9,10,Cereals (Rice),export
Philippines,11520429.68,385642583.52,10323.53,KGM,2020,9,10,Cereals (Rice),export
Malaysia,10224859.3,338951227.85,6784.48,KGM,2020,9,10,Cereals (Rice),export
Hong Kong,14817308.88,518196935.57,10123.94,KGM,2020,9,10,Cereals (Rice),export
Singapore,7403387.75,261361735.67,6494.1,KGM,2020,9,10,Cereals (Rice),export
Cameroon,6298791.25,226516995.66,6091.43,KGM,2020,9,10,Cereals (Rice),export
Mozambique,6187491.09,197015234.29,4558.97,KGM,2020,9,10,Cereals (Rice),export
Senegal,6112963.91,215017170.64,4988.76,KGM,2020,9,10,Cereals (Rice),export
Iran,16842945.82,554583313.18,15202.33,KGM,2020,9,10,Cereals (Rice),export
India,6162484.93,218465054.1,6136.98,KGM,2020,9,10,Cereals (Rice),export
Yemen,4855609.48,160526317.93,3786.41,KGM,2020,9,10,Cereals (Rice),export
China,114258726.2,3809445757.9,72078.66,KGM,2020,10,10,Cereals (Rice),export
Nigeria,39252033.96,1248339099.8,36178.57,KGM,2020,10,10,Cereals (Rice),export
Indonesia,37445480.18,1183063330.57,27282.01,KGM,2020,10,10,Cereals (Rice),export
South Africa,27987121.77,900103846.48,17074.08,KGM,2020,10,10,Cereals (Rice),export
Iraq,25154773.33,733092972.77,15328.11,KGM,2020,10,10,Cereals (Rice),export
United States of America,15978164.61,525439730.01,19343.34,KGM,2020,10,10,Cereals (Rice),export
Japan,16455758.59,533056743.87,15482.09,KGM,2020,10,10,Cereals (Rice),export
Saudi Arabia,14278296.27,461096173.06,11158.38,KGM,2020,10,10,Cereals (Rice),export
Philippines,12882608.87,421552973.16,10940.59,KGM,2020,10,10,Cereals (Rice),export
Malaysia,9948448.11,294007792.14,8000.09,KGM,2020,10,10,Cereals (Rice),export
Hong Kong,14298594.3,485359750.72,9509.98,KGM,2020,10,10,Cereals (Rice),export
Singapore,8267559.17,281514471.99,6758.59,KGM,2020,10,10,Cereals (Rice),export
Cameroon,6308334.35,210707398.22,5808.45,KGM,2020,10,10,Cereals (Rice),export
Mozambique,6141628.01,208157323.36,4448.24,KGM,2020,10,10,Cereals (Rice),export
Senegal,5953261.42,186899941.67,4510.26,KGM,2020,10,10,Cereals (Rice),export
Iran,16464477.65,560331317.13,13804.33,KGM,2020,10,10,Cereals (Rice),export
India,5851578.99,189567701.36,5185.7,KGM,2020,10,10,Cereals (Rice),export
Yemen,5515712.16,180218728.91,3754.75,KGM,2020,10,10,Cereals (Rice),export
China,99178256.67,3255332741.0,71689.41,KGM,2020,11,10,Cereals (Rice),export
Nigeria,38726818.43,1226556128.49,34701.89,KGM,2020,11,10,Cereals (Rice),export
Indonesia,34425252.8,1105063305.35,24647.2,KGM,2020,11,10,Cereals (Rice),export
South Africa,28106457.5,909931573.05,22451.04,KGM,2020,11,10,Cereals (Rice),export
Iraq,23239688.25,815809420.24,15773.7,KGM,2020,11,10,Cereals (Rice),export
United States of America,21878559.18,669646942.77,17657.25,KGM,2020,11,10,Cereals (Rice),export
Japan,16043506.29,482964211.81,13099.61,KGM,2020,11,10,Cereals (Rice),export
Saudi Arabia,14862059.39,536414859.66,12822.82,KGM,2020,11,10,Cereals (Rice),export
Philippines,10998117.04,384760627.6,9964.54,KGM,2020,11,10,Cereals (Rice),export
Malaysia,9976030.64,301285836.76,7631.37,KGM,2020,11,10,Cereals (Rice),export
Hong Kong,15193246.5,484755528.51,10892.77,KGM,2020,11,10,Cereals (Rice),export
Singapore,8420936.54,280016254.71,6671.08,KGM,2020,11,10,Cereals (Rice),export
Cameroon,6675607.71,218956664.5,6521.77,KGM,2020,11,10,Cereals (Rice),export
Mozambique,7135861.41,239242278.79,5245.69,KGM,2020,11,10,Cereals (Rice),export
Senegal,5397163.31,179021141.84,4877.62,KGM,2020,11,10,Cereals (Rice),export
Iran,15469217.41,520287434.07,12066.31,KGM,2020,11,10,Cereals (Rice),export
India,6204577.33,214590126.83,5418.23,KGM,2020,11,10,Cereals (Rice),export
Yemen,5624937.32,197519568.63,3988.76,KGM,2020,11,10,Cereals (Rice),export
China,93704686.64,2773533393.04,79750.15,KGM,2020,12,10,Cereals (Rice),export
Nigeria,36710685.7,1305080771.12,31300.9,KGM,2020,12,10,Cereals (Rice),export
Indonesia,25277767.22,896515711.3,27118.74,KGM,2020,12,10,Cereals (Rice),export
South Africa,18911042.41,641584179.75,20040.43,KGM,2020,12,10,Cereals (Rice),export
Iraq,20050903.99,681766443.76,15607.73,KGM,2020,12,10,Cereals (Rice),export
United States of America,16674831.17,570590250.81,13843.44,KGM,2020,12,10,Cereals (Rice),export
Japan,17403329.99,577794501.8,12609.69,KGM,2020,12,10,Cereals (Rice),export
Saudi Arabia,11233327.18,389396180.05,8326.83,KGM,2020,12,10,Cereals (Rice),export
Philippines,10496914.79,341209270.97,9706.04,KGM,2020,12,10,Cereals (Rice),export
Malaysia,8306938.19,273175291.15,7465.87,KGM,2020,12,10,Cereals (Rice),export
Hong Kong,10417051.37,333965711.87,11542.57,KGM,2020,12,10,Cereals (Rice),export
Singapore,7766239.29,241613962.88,6259.98,KGM,2020,12,10,Cereals (Rice),export
Cameroon,5328835.92,168932252.68,4566.57,KGM,2020,12,10,Cereals (Rice),export
Mozambique,6250494.41,214608372.58,4161.77,KGM,2020,12,10,Cereals (Rice),export
Senegal,4981361.39,164686207.82,3910.49,KGM,2020,12,10,Cereals (Rice),export
Iran,16637976.65,592137319.48,10672.21,KGM,2020,12,10,Cereals (Rice),export
India,5160142.07,159408420.63,5182.34,KGM,2020,12,10,Cereals (Rice),export
Yemen,4588418.71,148068074.34,3832.84,KGM,2020,12,10,Cereals (Rice),export
China,103033559.54,3247496659.71,69979.33,KGM,2021,1,10,Cereals (Rice),export
Nigeria,44067515.93,1408583243.68,33700.37,KGM,2021,1,10,Cereals (Rice),export
Indonesia,39612323.62,1285721521.48,23887.37,KGM,2021,1,10,Cereals (Rice),export
South Africa,26568971.47,878695548.15,24039.48,KGM,2021,1,10,Cereals (Rice),export
Iraq,24221146.58,830726027.48,15253.68,KGM,2021,1,10,Cereals (Rice),export
United States of America,20530827.18,654464363.78,17023.44,KGM,2021,1,10,Cereals (Rice),export
Japan,15905705.49,482581365.4,16509.36,KGM,2021,1,10,Cereals (Rice),export
Saudi Arabia,12516964.72,425090135.54,13182.24,KGM,2021,1,10,Cereals (Rice),export
Philippines,12182951.54,410203513.64,11581.26,KGM,2021,1,10,Cereals (Rice),export
Malaysia,10738153.5,361852764.6,8622.44,KGM,2021,1,10,Cereals (Rice),export
Hong Kong,14699564.95,480788383.96,14143.3,KGM,2021,1,10,Cereals (Rice),export
Singapore,8257479.1,271853998.07,5719.3,KGM,2021,1,10,Cereals (Rice),export
Cameroon,8299275.67,267108024.55,6258.0,KGM,2021,1,10,Cereals (Rice),export
Mozambique,6315315.24,199224961.82,4253.48,KGM,2021,1,10,Cereals (Rice),export
Senegal,5680439.22,178553815.98,4211.77,KGM,2021,1,10,Cereals (Rice),export
Iran,18346731.5,562303000.75,13853.9,KGM,2021,1,10,Cereals (Rice),export
India,5544227.18,169750942.85,5213.97,KGM,2021,1,10,Cereals (Rice),export
Yemen,4550807.66,149509657.71,5084.03,KGM,2021,1,10,Cereals (Rice),export
China,98671869.15,3087763644.26,79256.66,KGM,2021,2,10,Cereals (Rice),export
Nigeria,42211302.86,1345016185.16,31927.27,KGM,2021,2,10,Cereals (Rice),export
Indonesia,31734474.58,1027899805.02,23048.61,KGM,2021,2,10,Cereals (Rice),export
South Africa,26382285.84,872798087.61,20502.28,KGM,2021,2,10,Cereals (Rice),export
Iraq,23465560.0,807558930.31,19444.96,KGM,2021,2,10,Cereals (Rice),export
United States of America,21474706.84,681358059.76,18075.78,KGM,2021,2,10,Cereals (Rice),export
Japan,16034508.71,545289009.4,14575.0,KGM,2021,2,10,Cereals (Rice),export
Saudi Arabia,12597844.24,397899153.81,11605.49,KGM,2021,2,10,Cereals (Rice),export
Philippines,12748632.13,394230369.96,9700.09,KGM,2021,2,10,Cereals (Rice),export
Malaysia,9696261.92,322925960.71,10232.52,KGM,2021,2,10,Cereals (Rice),export
Hong Kong,16624058.14,567314481.55,8938.59,KGM,2021,2,10,Cereals (Rice),export
Singapore,6053906.78,205510920.55,6487.02,KGM,2021,2,10,Cereals (Rice),export
Cameroon,7323704.23,253097226.03,4887.5,KGM,2021,2,10,Cereals (Rice),export
Mozambique,5757158.03,186244158.11,4769.59,KGM,2021,2,10,Cereals (Rice),export
Senegal,4791667.92,158470169.41,5139.45,KGM,2021,2,10,Cereals (Rice),export
Iran,18730638.49,590915862.69,15209.31,KGM,2021,2,10,Cereals (Rice),export
India,7579297.99,238282875.48,5732.57,KGM,2021,2,10,Cereals (Rice),export
Yemen,5648648.76,200016887.66,3793.9,KGM,2021,2,10,Cereals (Rice),export
China,122506686.59,4275141008.03,89856.22,KGM,2021,3,10,Cereals (Rice),export
Nigeria,38146222.99,1244382070.12,32992.19,KGM,2021,3,10,Cereals (Rice),export
Indonesia,46205004.28,1406436023.67,26329.29,KGM,2021,3,10,Cereals (Rice),export
South Africa,25846511.36,829898179.0,26796.17,KGM,2021,3,10,Cereals (Rice),export
Iraq,26013224.29,852267965.2,23082.79,KGM,2021,3,10,Cereals (Rice),export
United States of America,23120045.17,748025604.13,19290.16,KGM,2021,3,10,Cereals (Rice),export
Japan,18567222.6,636897862.57,15543.57,KGM,2021,3,10,Cereals (Rice),export
Saudi Arabia,13908126.23,473145757.81,7703.92,KGM,2021,3,10,Cereals (Rice),export
Philippines,14855683.41,496216071.07,11136.66,KGM,2021,3,10,Cereals (Rice),export
Malaysia,10689457.43,366431930.74,9606.98,KGM,2021,3,10,Cereals (Rice),export
Hong Kong,15190337.72,465650512.03,15696.51,KGM,2021,3,10,Cereals (Rice),export
Singapore,9210692.16,316108826.29,6228.66,KGM,2021,3,10,Cereals (Rice),export
Cameroon,6358090.68,203778202.56,5074.85,KGM,2021,3,10,Cereals (Rice),export
Mozambique,6977942.77,224144348.02,5049.23,KGM,2021,3,10,Cereals (Rice),export
Senegal,5932705.99,209016197.41,4693.09,KGM,2021,3,10,Cereals (Rice),export
Iran,20176335.93,729284110.95,14516.67,KGM,2021,3,10,Cereals (Rice),export
India,7923827.1,264535150.16,5339.46,KGM,2021,3,10,Cereals (Rice),export
Yemen,6365556.68,200013662.74,4434.76,KGM,2021,3,10,Cereals (Rice),export
China,117875404.16,4151417533.62,89450.66,KGM,2021,4,10,Cereals (Rice),export
Nigeria,50210607.02,1689029948.16,34521.25,KGM,2021,4,10,Cereals (Rice),export
Indonesia,43891097.68,1381069933.92,25951.62,KGM,2021,4,10,Cereals (Rice),export
South Africa,31129194.12,1024826106.58,25037.71,KGM,2021,4,10,Cereals (Rice),export
Iraq,26421057.25,887123648.6,20961.25,KGM,2021,4,10,Cereals (Rice),export
United States of America,26023363.93,953954040.06,17619.23,KGM,2021,4,10,Cereals (Rice),export
Japan,23296436.74,790534877.99,18067.5,KGM,2021,4,10,Cereals (Rice),export
Saudi Arabia,18710847.07,594089852.5,12031.62,KGM,2021,4,10,Cereals (Rice),export
Philippines,13286187.3,440871593.78,9868.79,KGM,2021,4,10,Cereals (Rice),export
Malaysia,12036896.87,396993144.42,9574.52,KGM,2021,4,10,Cereals (Rice),export
Hong Kong,15789481.39,535738331.86,15062.92,KGM,2021,4,10,Cereals (Rice),export
Singapore,10211671.92,312238380.87,7650.6,KGM,2021,4,10,Cereals (Rice),export
Cameroon,6377804.17,205379750.03,7790.61,KGM,2021,4,10,Cereals (Rice),export
Mozambique,6579440.12,222553539.29,5774.89,KGM,2021,4,10,Cereals (Rice),export
Senegal,6654674.63,234584631.39,6047.96,KGM,2021,4,10,Cereals (Rice),export
Iran,17898004.81,580322467.13,17393.38,KGM,2021,4,10,Cereals (Rice),export
India,7683866.94,234053589.14,5414.57,KGM,2021,4,10,Cereals (Rice),export
Yemen,6213128.22,213680169.14,4414.23,KGM,2021,4,10,Cereals (Rice),export
China,115898141.95,4062379225.13,98932.74,KGM,2021,5,10,Cereals (Rice),export
Nigeria,40615141.98,1351319606.58,34841.83,KGM,2021,5,10,Cereals (Rice),export
Indonesia,40992286.14,1406065326.51,36010.95,KGM,2021,5,10,Cereals (Rice),export
South Africa,32108248.93,1075517615.37,26366.23,KGM,2021,5,10,Cereals (Rice),export
Iraq,23735525.35,792118799.94,21842.29,KGM,2021,5,10,Cereals (Rice),export
United States of America,24943643.8,775667580.57,16963.58,KGM,2021,5,10,Cereals (Rice),export
Japan,19408866.47,616641595.21,19653.73,KGM,2021,5,10,Cereals (Rice),export
Saudi Arabia,17766545.91,587507689.83,15138.95,KGM,2021,5,10,Cereals (Rice),export
Philippines,13337137.61,444026459.52,12152.49,KGM,2021,5,10,Cereals (Rice),export
Malaysia,10900518.5,367133493.98,8785.8,KGM,2021,5,10,Cereals (Rice),export
Hong Kong,17384170.25,571874873.72,12227.29,KGM,2021,5,10,Cereals (Rice),export
Singapore,10177881.2,331300307.92,7474.03,KGM,2021,5,10,Cereals (Rice),export
Cameroon,7349504.05,271956080.55,5770.29,KGM,2021,5,10,Cereals (Rice),export
Mozambique,7014617.71,249201238.74,6661.63,KGM,2021,5,10,Cereals (Rice),export
Senegal,6243241.66,206986671.8,5312.95,KGM,2021,5,10,Cereals (Rice),export
Iran,16670787.58,551357503.7,12938.84,KGM,2021,5,10,Cereals (Rice),export
India,7612193.74,248501134.75,7803.65,KGM,2021,5,10,Cereals (Rice),export
Yemen,7600790.84,272627450.96,4797.13,KGM,2021,5,10,Cereals (Rice),export
China,127794894.37,4119130282.98,103885.54,KGM,2021,6,10,Cereals (Rice),export
Nigeria,51460932.85,1687031347.11,46829.5,KGM,2021,6,10,Cereals (Rice),export
Indonesia,39168915.61,1387761237.31,31475.52,KGM,2021,6,10,Cereals (Rice),export
South Africa,35210417.18,1178507946.48,30456.67,KGM,2021,6,10,Cereals (Rice),export
Iraq,28493094.23,986010301.62,23860.29,KGM,2021,6,10,Cereals (Rice),export
United States of America,23725835.45,795972023.29,22658.0,KGM,2021,6,10,Cereals (Rice),export
Japan,15394372.64,478634791.04,17937.42,KGM,2021,6,10,Cereals (Rice),export
Saudi Arabia,17611406.38,589891219.54,14378.0,KGM,2021,6,10,Cereals (Rice),export
Philippines,15389767.51,496420935.94,13216.74,KGM,2021,6,10,Cereals (Rice),export
Malaysia,13128588.17,467904508.84,11088.86,KGM,2021,6,10,Cereals (Rice),export
Hong Kong,14424645.53,455209591.24,13610.43,KGM,2021,6,10,Cereals (Rice),export
Singapore,8753903.56,289895878.68,8120.03,KGM,2021,6,10,Cereals (Rice),export
Cameroon,9037481.7,296419664.96,6217.71,KGM,2021,6,10,Cereals (Rice),export
Mozambique,7452457.93,237848140.15,5234.67,KGM,2021,6,10,Cereals (Rice),export
Senegal,7211235.53,250761447.91,4847.89,KGM,2021,6,10,Cereals (Rice),export
Iran,21503674.43,726728892.23,13206.26,KGM,2021,6,10,Cereals (Rice),export
India,8532678.89,279762520.5,6816.43,KGM,2021,6,10,Cereals (Rice),export
Yemen,5877359.44,193057331.9,6028.14,KGM,2021,6,10,Cereals (Rice),export
China,108715381.54,3466480178.88,100637.1,KGM,2021,7,10,Cereals (Rice),export
Nigeria,43172859.65,1381613681.86,36440.64,KGM,2021,7,10,Cereals (Rice),export
Indonesia,36123837.05,1185918776.46,34877.27,KGM,2021,7,10,Cereals (Rice),export
South Africa,35782250.23,1088090225.49,22831.35,KGM,2021,7,10,Cereals (Rice),export
Iraq,28238953.5,954377233.97,27217.69,KGM,2021,7,10,Cereals (Rice),export
United States of America,31518667.46,1051252463.84,19840.28,KGM,2021,7,10,Cereals (Rice),export
Japan,15591216.69,518454754.2,16716.52,KGM,2021,7,10,Cereals (Rice),export
Saudi Arabia,15252200.29,501764584.33,12511.22,KGM,2021,7,10,Cereals (Rice),export
Philippines,14052521.38,455915885.75,14318.77,KGM,2021,7,10,Cereals (Rice),export
Malaysia,12126906.62,414438813.58,9077.61,KGM,2021,7,10,Cereals (Rice),export
Hong Kong,16181054.28,487228503.52,12292.74,KGM,2021,7,10,Cereals (Rice),export
Singapore,9772116.05,321589482.43,7348.48,KGM,2021,7,10,Cereals (Rice),export
Cameroon,7009945.93,240336800.76,7453.88,KGM,2021,7,10,Cereals (Rice),export
Mozambique,8178670.14,277162666.41,6511.84,KGM,2021,7,10,Cereals (Rice),export
Senegal,5633508.32,178067014.19,6213.5,KGM,2021,7,10,Cereals (Rice),export
Iran,19341539.85,660219810.63,17248.77,KGM,2021,7,10,Cereals (Rice),export
India,8404928.2,269710805.41,6054.5,KGM,2021,7,10,Cereals (Rice),export
Yemen,7971962.71,261140316.38,5064.0,KGM,2021,7,10,Cereals (Rice),export
China,114063064.01,3797961743.43,101147.02,KGM,2021,8,10,Cereals (Rice),export
Nigeria,49051279.01,1748447862.59,41105.24,KGM,2021,8,10,Cereals (Rice),export
Indonesia,38506205.46,1233285501.66,32923.34,KGM,2021,8,10,Cereals (Rice),export
South Africa,33719255.01,1086159096.03,24415.71,KGM,2021,8,10,Cereals (Rice),export
Iraq,24476792.5,823513225.22,23196.87,KGM,2021,8,10,Cereals (Rice),export
United States of America,29135853.19,941830259.23,20759.62,KGM,2021,8,10,Cereals (Rice),export
Japan,17687816.95,549322703.92,13976.88,KGM,2021,8,10,Cereals (Rice),export
Saudi Arabia,19452669.44,624927717.83,13554.09,KGM,2021,8,10,Cereals (Rice),export
Philippines,13324534.13,427531680.49,10580.07,KGM,2021,8,10,Cereals (Rice),export
Malaysia,13899473.38,428504090.01,9790.89,KGM,2021,8,10,Cereals (Rice),export
Hong Kong,20160839.15,647440088.61,11309.05,KGM,2021,8,10,Cereals (Rice),export
Singapore,11113574.08,358914158.48,8252.58,KGM,2021,8,10,Cereals (Rice),export
Cameroon,7180195.19,227183212.74,5790.89,KGM,2021,8,10,Cereals (Rice),export
Mozambique,7374832.19,241725007.82,6030.89,KGM,2021,8,10,Cereals (Rice),export
Senegal,6525111.81,218197808.69,4579.86,KGM,2021,8,10,Cereals (Rice),export
Iran,23092631.71,755742626.91,16057.08,KGM,2021,8,10,Cereals (Rice),export
India,8256465.41,261382484.33,7429.82,KGM,2021,8,10,Cereals (Rice),export
Yemen,7501221.07,247863005.76,5505.54,KGM,2021,8,10,Cereals (Rice),export
China,140403766.78,4743270043.44,85961.14,KGM,2021,9,10,Cereals (Rice),export
Nigeria,52240205.45,1760022525.25,35570.18,KGM,2021,9,10,Cereals (Rice),export
Indonesia,42919944.99,1471906307.76,32673.83,KGM,2021,9,10,Cereals (Rice),export
South Africa,31480912.55,1032652297.95,27578.5,KGM,2021,9,10,Cereals (Rice),export
Iraq,27420336.39,896326824.91,24783.47,KGM,2021,9,10,Cereals (Rice),export
United States of America,21353723.58,729946850.59,15704.09,KGM,2021,9,10,Cereals (Rice),export
Japan,18321510.15,606120037.51,17254.72,KGM,2021,9,10,Cereals (Rice),export
Saudi Arabia,16079736.2,534964960.77,16491.99,KGM,2021,9,10,Cereals (Rice),export
Philippines,16160877.09,527696123.71,12431.23,KGM,2021,9,10,Cereals (Rice),export
Malaysia,12497348.5,432810147.02,11770.23,KGM,2021,9,10,Cereals (Rice),export
Hong Kong,19953841.35,632229369.85,13711.23,KGM,2021,9,10,Cereals (Rice),export
Singapore,9575734.18,327016743.86,6871.39,KGM,2021,9,10,Cereals (Rice),export
Cameroon,7858406.36,288369435.63,4229.59,KGM,2021,9,10,Cereals (Rice),export
Mozambique,7084071.63,251537089.23,5594.35,KGM,2021,9,10,Cereals (Rice),export
Senegal,5871129.68,188573853.33,6071.06,KGM,2021,9,10,Cereals (Rice),export
Iran,18106154.38,622573698.34,20112.23,KGM,2021,9,10,Cereals (Rice),export
India,9115470.82,309002177.3,6972.62,KGM,2021,9,10,Cereals (Rice),export
Yemen,5855164.87,185063350.0,5413.95,KGM,2021,9,10,Cereals (Rice),export
China,110901835.05,3852421923.3,108112.96,KGM,2021,10,10,Cereals (Rice),export
Nigeria,49541037.17,1550276481.34,40164.28,KGM,2021,10,10,Cereals (Rice),export
Indonesia,42960983.21,1468719660.58,37476.49,KGM,2021,10,10,Cereals (Rice),export
South Africa,36216353.06,1159821696.45,25436.22,KGM,2021,10,10,Cereals (Rice),export
Iraq,32441269.98,1062192305.79,26383.33,KGM,2021,10,10,Cereals (Rice),export
United States of America,24660266.4,800474146.27,23492.73,KGM,2021,10,10,Cereals (Rice),export
Japan,23066143.52,724938923.95,16890.02,KGM,2021,10,10,Cereals (Rice),export
Saudi Arabia,19940662.41,636782800.79,13935.53,KGM,2021,10,10,Cereals (Rice),export
Philippines,13305337.66,431633574.45,10449.92,KGM,2021,10,10,Cereals (Rice),export
Malaysia,15358373.49,540172153.03,9580.33,KGM,2021,10,10,Cereals (Rice),export
Hong Kong,16947452.63,547236350.43,11790.46,KGM,2021,10,10,Cereals (Rice),export
Singapore,8983372.52,284515786.04,7395.92,KGM,2021,10,10,Cereals (Rice),export
Cameroon,6951394.0,231596295.76,8115.73,KGM,2021,10,10,Cereals (Rice),export
Mozambique,7197085.22,228484277.02,6346.43,KGM,2021,10,10,Cereals (Rice),export
Senegal,5034100.96,167557028.97,7444.7,KGM,2021,10,10,Cereals (Rice),export
Iran,20200683.51,621348285.17,13186.9,KGM,2021,10,10,Cereals (Rice),export
India,10006546.77,341521665.66,8106.78,KGM,2021,10,10,Cereals (Rice),export
Yemen,6102875.88,205512355.41,6490.72,KGM,2021,10,10,Cereals (Rice),export
China,134683572.49,4140108265.57,106538.23,KGM,2021,11,10,Cereals (Rice),export
Nigeria,44503858.6,1511594009.63,37973.03,KGM,2021,11,10,Cereals (Rice),export
Indonesia,36318549.42,1188890829.07,32998.73,KGM,2021,11,10,Cereals (Rice),export
South Africa,36380166.94,1145417227.25,29149.62,KGM,2021,11,10,Cereals (Rice),export
Iraq,33761428.52,1169440487.02,20301.92,KGM,2021,11,10,Cereals (Rice),export
United States of America,23890178.68,796474217.72,20622.64,KGM,2021,11,10,Cereals (Rice),export
Japan,21484020.15,721587850.59,18218.16,KGM,2021,11,10,Cereals (Rice),export
Saudi Arabia,18174762.24,565295393.49,14234.95,KGM,2021,11,10,Cereals (Rice),export
Philippines,15577847.42,488149082.55,11313.78,KGM,2021,11,10,Cereals (Rice),export
Malaysia,12274127.88,409643035.0,10334.75,KGM,2021,11,10,Cereals (Rice),export
Hong Kong,18633824.11,624315492.26,15598.41,KGM,2021,11,10,Cereals (Rice),export
Singapore,10635318.65,363205046.47,8182.45,KGM,2021,11,10,Cereals (Rice),export
Cameroon,8837384.9,320160549.23,6697.52,KGM,2021,11,10,Cereals (Rice),export
Mozambique,7170058.15,222046380.45,7126.42,KGM,2021,11,10,Cereals (Rice),export
Senegal,7290107.72,219717806.18,6323.02,KGM,2021,11,10,Cereals (Rice),export
Iran,21360234.12,712960728.31,18300.91,KGM,2021,11,10,Cereals (Rice),export
India,8745672.01,274252277.35,6851.8,KGM,2021,11,10,Cereals (Rice),export
Yemen,8338041.62,280585455.06,5067.39,KGM,2021,11,10,Cereals (Rice),export
China,102613521.9,3243944939.76,63798.24,KGM,2021,12,10,Cereals (Rice),export
Nigeria,37531322.79,1204368813.02,39705.83,KGM,2021,12,10,Cereals (Rice),export
Indonesia,34689967.97,1149662070.55,25519.43,KGM,2021,12,10,Cereals (Rice),export
South Africa,27159928.96,908582705.67,26191.9,KGM,2021,12,10,Cereals (Rice),export
Iraq,24135183.17,796748513.61,22568.65,KGM,2021,12,10,Cereals (Rice),export
United States of America,21989168.51,723297873.42,14472.66,KGM,2021,12,10,Cereals (Rice),export
Japan,18872944.37,601521494.33,16968.89,KGM,2021,12,10,Cereals (Rice),export
Saudi Arabia,17960417.29,551759863.71,12484.4,KGM,2021,12,10,Cereals (Rice),export
Philippines,12052479.78,420207823.86,12328.1,KGM,2021,12,10,Cereals (Rice),export
Malaysia,10990850.36,343497975.97,8934.7,KGM,2021,12,10,Cereals (Rice),export
Hong Kong,16561006.44,567497857.01,10315.29,KGM,2021,12,10,Cereals (Rice),export
Singapore,9963460.55,343255334.53,7062.01,KGM,2021,12,10,Cereals (Rice),export
Cameroon,8665363.68,283678420.53,6039.35,KGM,2021,12,10,Cereals (Rice),export
Mozambique,6538593.44,208264821.71,4796.56,KGM,2021,12,10,Cereals (Rice),export
Senegal,6110061.05,204634216.01,4588.87,KGM,2021,12,10,Cereals (Rice),export
Iran,15560651.75,537545465.44,14465.42,KGM,2021,12,10,Cereals (Rice),export
India,6495618.78,196285167.25,5862.8,KGM,2021,12,10,Cereals (Rice),export
Yemen,5087348.06,165522330.76,5134.64,KGM,2021,12,10,Cereals (Rice),export
China,141746653.66,4790454810.62,100897.59,KGM,2022,1,10,Cereals (Rice),export
Nigeria,42797192.09,1365275181.81,36594.91,KGM,2022,1,10,Cereals (Rice),export
Indonesia,35708451.18,1224684672.85,34520.56,KGM,2022,1,10,Cereals (Rice),export
South Africa,33248868.52,1113707260.41,23036.96,KGM,2022,1,10,Cereals (Rice),export
Iraq,22625630.06,702588593.49,25934.62,KGM,2022,1,10,Cereals (Rice),export
United States of America,21293139.36,709194395.84,19449.41,KGM,2022,1,10,Cereals (Rice),export
Japan,19837957.38,688377557.47,13857.0,KGM,2022,1,10,Cereals (Rice),export
Saudi Arabia,13291395.88,436483138.39,10512.93,KGM,2022,1,10,Cereals (Rice),export
Philippines,12569020.15,392564159.61,13199.15,KGM,2022,1,10,Cereals (Rice),export
Malaysia,13856875.56,482947913.78,10783.47,KGM,2022,1,10,Cereals (Rice),export
Hong Kong,19003520.1,598241038.6,12914.0,KGM,2022,1,10,Cereals (Rice),export
Singapore,9493194.85,303176693.5,7151.8,KGM,2022,1,10,Cereals (Rice),export
Cameroon,8113915.51,258604163.22,6155.48,KGM,2022,1,10,Cereals (Rice),export
Mozambique,7017457.52,241643523.8,6134.34,KGM,2022,1,10,Cereals (Rice),export
Senegal,5369650.25,176060013.05,4929.6,KGM,2022,1,10,Cereals (Rice),export
Iran,17620264.16,585380299.74,15757.02,KGM,2022,1,10,Cereals (Rice),export
India,8408055.08,266355210.89,6453.87,KGM,2022,1,10,Cereals (Rice),export
Yemen,7681292.8,259851065.75,5624.72,KGM,2022,1,10,Cereals (Rice),export
China,146567157.29,5119510387.04,109675.0,KGM,2022,2,10,Cereals (Rice),export
Nigeria,53576728.21,1819082226.14,42627.94,KGM,2022,2,10,Cereals (Rice),export
Indonesia,51392998.15,1741671262.32,41960.03,KGM,2022,2,10,Cereals (Rice),export
South Africa,37350623.4,1287790905.53,30785.84,KGM,2022,2,10,Cereals (Rice),export
Iraq,35112339.54,1228127528.08,24155.27,KGM,2022,2,10,Cereals (Rice),export
United States of America,27550506.8,966276830.6,22974.02,KGM,2022,2,10,Cereals (Rice),export
Japan,23855679.48,773302657.3,19709.86,KGM,2022,2,10,Cereals (Rice),export
Saudi Arabia,20418605.82,677675121.36,15392.31,KGM,2022,2,10,Cereals (Rice),export
Philippines,17741875.85,554373532.92,16756.17,KGM,2022,2,10,Cereals (Rice),export
Malaysia,12247991.23,412022942.6,14088.1,KGM,2022,2,10,Cereals (Rice),export
Hong Kong,18096861.45,629999776.22,14009.63,KGM,2022,2,10,Cereals (Rice),export
Singapore,13436968.73,441467373.64,7843.41,KGM,2022,2,10,Cereals (Rice),export
Cameroon,8567549.18,298438496.69,7727.85,KGM,2022,2,10,Cereals (Rice),export
Mozambique,9286360.02,341543027.61,6981.03,KGM,2022,2,10,Cereals (Rice),export
Senegal,6694910.04,235687723.23,5113.46,KGM,2022,2,10,Cereals (Rice),export
Iran,22470051.6,730858775.72,14825.86,KGM,2022,2,10,Cereals (Rice),export
India,9105956.59,286637383.12,6552.32,KGM,2022,2,10,Cereals (Rice),export
Yemen,6955684.23,236164236.03,4956.62,KGM,2022,2,10,Cereals (Rice),export
China,119918982.41,4050775065.4,120374.66,KGM,2022,3,10,Cereals (Rice),export
Nigeria,59002156.14,1825772050.74,53881.82,KGM,2022,3,10,Cereals (Rice),export
Indonesia,46139062.89,1571915741.1,38122.11,KGM,2022,3,10,Cereals (Rice),export
South Africa,40561514.32,1289504128.28,39922.93,KGM,2022,3,10,Cereals (Rice),export
Iraq,29887265.17,922133075.81,33751.29,KGM,2022,3,10,Cereals (Rice),export
United States of America,31804145.38,950817445.14,21019.48,KGM,2022,3,10,Cereals (Rice),export
Japan,23879058.52,744246816.12,21989.38,KGM,2022,3,10,Cereals (Rice),export
Saudi Arabia,20990463.34,652645242.31,17331.17,KGM,2022,3,10,Cereals (Rice),export
Philippines,17455539.25,593067462.6,16994.25,KGM,2022,3,10,Cereals (Rice),export
Malaysia,14496072.79,463469962.02,12501.7,KGM,2022,3,10,Cereals (Rice),export
Hong Kong,22057444.43,731895979.35,17998.78,KGM,2022,3,10,Cereals (Rice),export
Singapore,12182980.66,377330611.28,8384.78,KGM,2022,3,10,Cereals (Rice),export
Cameroon,9549816.38,330365786.75,7855.57,KGM,2022,3,10,Cereals (Rice),export
Mozambique,9755025.02,339336432.02,7303.42,KGM,2022,3,10,Cereals (Rice),export
Senegal,7189815.38,228739352.77,7172.14,KGM,2022,3,10,Cereals (Rice),export
Iran,27884394.25,836603489.9,19815.3,KGM,2022,3,10,Cereals (Rice),export
India,10648116.17,344095257.44,8710.06,KGM,2022,3,10,Cereals (Rice),export
Yemen,7644096.54,230181116.41,6229.47,KGM,2022,3,10,Cereals (Rice),export
China,117242462.13,3724077666.83,142030.47,KGM,2022,4,10,Cereals (Rice),export
Nigeria,72816810.45,2574131991.08,57217.72,KGM,2022,4,10,Cereals (Rice),export
Indonesia,47856055.24,1501228973.39,33044.43,KGM,2022,4,10,Cereals (Rice),export
South Africa,39119538.73,1263047127.66,23429.02,KGM,2022,4,10,Cereals (Rice),export
Iraq,35106611.93,1103726333.75,24211.07,KGM,2022,4,10,Cereals (Rice),export
United States of America,30033275.4,950966604.31,25619.02,KGM,2022,4,10,Cereals (Rice),export
Japan,26340233.07,871080167.96,20810.04,KGM,2022,4,10,Cereals (Rice),export
Saudi Arabia,19138910.48,680286409.81,13758.33,KGM,2022,4,10,Cereals (Rice),export
Philippines,19587880.05,643942849.15,16520.24,KGM,2022,4,10,Cereals (Rice),export
Malaysia,15103507.78,456850412.15,13007.59,KGM,2022,4,10,Cereals (Rice),export
Hong Kong,18191730.87,587923093.73,14811.05,KGM,2022,4,10,Cereals (Rice),export
Singapore,11203655.44,371089389.53,10219.92,KGM,2022,4,10,Cereals (Rice),export
Cameroon,11662780.64,362779243.2,10620.61,KGM,2022,4,10,Cereals (Rice),export
Mozambique,9348940.61,308315934.7,7499.29,KGM,2022,4,10,Cereals (Rice),export
Senegal,7301112.63,243569559.63,5830.53,KGM,2022,4,10,Cereals (Rice),export
Iran,23172924.19,756157434.58,20865.14,KGM,2022,4,10,Cereals (Rice),export
India,10381930.68,345055964.63,7252.68,KGM,2022,4,10,Cereals (Rice),export
Yemen,7468074.28,261450515.79,6677.96,KGM,2022,4,10,Cereals (Rice),export
China,160776790.7,5502715854.93,130191.57,KGM,2022,5,10,Cereals (Rice),export
Nigeria,53878198.08,1692670606.44,60482.41,KGM,2022,5,10,Cereals (Rice),export
Indonesia,56823562.75,1798281110.5,45528.34,KGM,2022,5,10,Cereals (Rice),export
South Africa,45998795.91,1648365377.87,35423.49,KGM,2022,5,10,Cereals (Rice),export
Iraq,37267417.44,1201048970.47,28867.37,KGM,2022,5,10,Cereals (Rice),export
United States of America,25874260.42,843142593.45,24112.64,KGM,2022,5,10,Cereals (Rice),export
Japan,26798937.36,874757022.9,17323.95,KGM,2022,5,10,Cereals (Rice),export
Saudi Arabia,22095551.87,667512747.56,18068.14,KGM,2022,5,10,Cereals (Rice),export
Philippines,20130721.03,658727190.31,14596.92,KGM,2022,5,10,Cereals (Rice),export
Malaysia,11963849.98,397979842.34,14781.63,KGM,2022,5,10,Cereals (Rice),export
Hong Kong,17692190.59,592984156.89,17465.84,KGM,2022,5,10,Cereals (Rice),export
Singapore,14067459.1,464479281.47,9655.33,KGM,2022,5,10,Cereals (Rice),export
Cameroon,9774367.02,311066928.38,8956.29,KGM,2022,5,10,Cereals (Rice),export
Mozambique,8561727.29,266793733.62,7459.81,KGM,2022,5,10,Cereals (Rice),export
Senegal,9695514.32,313355288.86,8231.46,KGM,2022,5,10,Cereals (Rice),export
Iran,22493548.25,726020797.83,21735.5,KGM,2022,5,10,Cereals (Rice),export
India,11672885.67,394739287.87,7567.32,KGM,2022,5,10,Cereals (Rice),export
Yemen,8451927.31,281956926.77,6142.81,KGM,2022,5,10,Cereals (Rice),export
China,173862067.17,5762819385.96,129189.5,KGM,2022,6,10,Cereals (Rice),export
Nigeria,58348926.46,2016936830.5,58164.94,KGM,2022,6,10,Cereals (Rice),export
Indonesia,51086547.24,1794227535.8,41983.35,KGM,2022,6,10,Cereals (Rice),export
South Africa,37787834.52,1215335331.86,36567.6,KGM,2022,6,10,Cereals (Rice),export
Iraq,43922366.34,1532476299.72,30060.44,KGM,2022,6,10,Cereals (Rice),export
United States of America,29530724.23,964137122.45,21740.2,KGM,2022,6,10,Cereals (Rice),export
Japan,27336581.64,933201493.54,20003.49,KGM,2022,6,10,Cereals (Rice),export
Saudi Arabia,20862099.44,705748509.4,12789.58,KGM,2022,6,10,Cereals (Rice),export
Philippines,17485971.89,617774085.16,14677.09,KGM,2022,6,10,Cereals (Rice),export
Malaysia,18815454.86,637216987.7,11902.73,KGM,2022,6,10,Cereals (Rice),export
Hong Kong,20132630.67,646083033.21,16460.74,KGM,2022,6,10,Cereals (Rice),export
Singapore,10581005.9,353746814.21,10345.23,KGM,2022,6,10,Cereals (Rice),export
Cameroon,9939814.42,321512041.07,9636.45,KGM,2022,6,10,Cereals (Rice),export
Mozambique,8978235.06,275505914.62,8156.1,KGM,2022,6,10,Cereals (Rice),export
Senegal,9296635.07,320584504.86,6489.95,KGM,2022,6,10,Cereals (Rice),export
Iran,30068052.18,955624038.94,22946.46,KGM,2022,6,10,Cereals (Rice),export
India,9322020.09,323048696.46,7056.95,KGM,2022,6,10,Cereals (Rice),export
Yemen,8408899.08,275827671.43,6328.71,KGM,2022,6,10,Cereals (Rice),export
China,173619483.57,5843642776.18,137063.8,KGM,2022,7,10,Cereals (Rice),export
Nigeria,66672950.86,2230421532.08,51224.06,KGM,2022,7,10,Cereals (Rice),export
Indonesia,53383563.03,1821984253.32,41783.03,KGM,2022,7,10,Cereals (Rice),export
South Africa,43292890.4,1463010134.43,29893.94,KGM,2022,7,10,Cereals (Rice),export
Iraq,37464362.24,1230467885.69,31394.27,KGM,2022,7,10,Cereals (Rice),export
United States of America,33881291.21,1154871577.57,24885.26,KGM,2022,7,10,Cereals (Rice),export
Japan,24922526.99,844950396.03,19920.82,KGM,2022,7,10,Cereals (Rice),export
Saudi Arabia,20198536.75,683713752.63,21137.25,KGM,2022,7,10,Cereals (Rice),export
Philippines,18849362.38,608438179.84,16521.95,KGM,2022,7,10,Cereals (Rice),export
Malaysia,17114998.84,596976312.81,13881.61,KGM,2022,7,10,Cereals (Rice),export
Hong Kong,19970742.09,640756627.49,14261.02,KGM,2022,7,10,Cereals (Rice),export
Singapore,12181976.15,442114589.17,12034.26,KGM,2022,7,10,Cereals (Rice),export
Cameroon,10805861.83,350921856.96,8366.08,KGM,2022,7,10,Cereals (Rice),export
Mozambique,10176562.02,363087280.03,9496.24,KGM,2022,7,10,Cereals (Rice),export
Senegal,9307635.79,318772236.97,7586.49,KGM,2022,7,10,Cereals (Rice),export
Iran,25991085.78,856894359.65,19045.14,KGM,2022,7,10,Cereals (Rice),export
India,10887002.24,356773311.61,6898.96,KGM,2022,7,10,Cereals (Rice),export
Yemen,7666462.53,246671785.16,7498.68,KGM,2022,7,10,Cereals (Rice),export
China,166685211.4,5900081250.93,118264.9,KGM,2022,8,10,Cereals (Rice),export
Nigeria,53575971.08,1665361565.7,54593.13,KGM,2022,8,10,Cereals (Rice),export
Indonesia,51056033.62,1704405385.15,44101.67,KGM,2022,8,10,Cereals (Rice),export
South Africa,44023525.22,1410391961.56,35056.42,KGM,2022,8,10,Cereals (Rice),export
Iraq,37039449.81,1233155906.09,30240.14,KGM,2022,8,10,Cereals (Rice),export
United States of America,32065624.03,1062657360.3,28082.85,KGM,2022,8,10,Cereals (Rice),export
Japan,27439547.84,862187282.84,20530.33,KGM,2022,8,10,Cereals (Rice),export
Saudi Arabia,21849862.54,735592924.06,19709.04,KGM,2022,8,10,Cereals (Rice),export
Philippines,17783369.23,577911918.68,17008.02,KGM,2022,8,10,Cereals (Rice),export
Malaysia,17292179.16,579806069.64,12339.66,KGM,2022,8,10,Cereals (Rice),export
Hong Kong,20402692.49,625354806.32,16196.2,KGM,2022,8,10,Cereals (Rice),export
Singapore,13572192.36,456563991.72,10787.65,KGM,2022,8,10,Cereals (Rice),export
Cameroon,11055442.22,380847258.53,7820.05,KGM,2022,8,10,Cereals (Rice),export
Mozambique,10644624.24,359768989.78,7013.89,KGM,2022,8,10,Cereals (Rice),export
Senegal,9360503.66,304740056.15,6497.45,KGM,2022,8,10,Cereals (Rice),export
Iran,28334680.19,888780265.29,17618.43,KGM,2022,8,10,Cereals (Rice),export
India,9694288.78,335688109.03,6751.98,KGM,2022,8,10,Cereals (Rice),export
Yemen,6896108.72,235967773.03,7169.41,KGM,2022,8,10,Cereals (Rice),export
China,159691579.31,5325596585.22,121061.23,KGM,2022,9,10,Cereals (Rice),export
Nigeria,65820812.75,1912569724.0,58986.78,KGM,2022,9,10,Cereals (Rice),export
Indonesia,49802375.78,1647247004.55,46829.03,KGM,2022,9,10,Cereals (Rice),export
South Africa,47171861.86,1547137744.34,36201.57,KGM,2022,9,10,Cereals (Rice),export
Iraq,37227999.4,1314238448.64,39279.25,KGM,2022,9,10,Cereals (Rice),export
United States of America,34534803.56,1167524970.17,26571.35,KGM,2022,9,10,Cereals (Rice),export
Japan,29687519.13,946228213.77,23038.75,KGM,2022,9,10,Cereals (Rice),export
Saudi Arabia,25850797.43,931168861.17,18067.48,KGM,2022,9,10,Cereals (Rice),export
Philippines,20112103.27,705456361.42,15328.52,KGM,2022,9,10,Cereals (Rice),export
Malaysia,16947705.93,528759166.36,13372.48,KGM,2022,9,10,Cereals (Rice),export
Hong Kong,23384520.28,755982095.42,16510.15,KGM,2022,9,10,Cereals (Rice),export
Singapore,12516101.87,384205973.04,11084.13,KGM,2022,9,10,Cereals (Rice),export
Cameroon,10736867.19,334254745.53,9806.67,KGM,2022,9,10,Cereals (Rice),export
Mozambique,10041966.72,325304092.61,7298.71,KGM,2022,9,10,Cereals (Rice),export
Senegal,10226813.35,349229778.43,5629.31,KGM,2022,9,10,Cereals (Rice),export
Iran,26109818.25,818089966.2,20547.25,KGM,2022,9,10,Cereals (Rice),export
India,11795011.55,383615009.41,8572.96,KGM,2022,9,10,Cereals (Rice),export
Yemen,8870876.41,266117139.26,6876.16,KGM,2022,9,10,Cereals (Rice),export
China,160916650.47,4946589953.08,149924.76,KGM,2022,10,10,Cereals (Rice),export
Nigeria,60311319.35,1924628579.95,51377.85,KGM,2022,10,10,Cereals (Rice),export
Indonesia,56250204.97,1823531419.21,39206.86,KGM,2022,10,10,Cereals (Rice),export
South Africa,44909419.88,1565865009.73,38912.07,KGM,2022,10,10,Cereals (Rice),export
Iraq,38452524.52,1258325916.21,38745.05,KGM,2022,10,10,Cereals (Rice),export
United States of America,36649786.5,1217101389.54,33351.21,KGM,2022,10,10,Cereals (Rice),export
Japan,24329889.85,780564559.05,22809.13,KGM,2022,10,10,Cereals (Rice),export
Saudi Arabia,21943799.02,683897255.37,22349.96,KGM,2022,10,10,Cereals (Rice),export
Philippines,20916848.96,680603163.72,14534.29,KGM,2022,10,10,Cereals (Rice),export
Malaysia,18182690.82,593891258.83,14054.67,KGM,2022,10,10,Cereals (Rice),export
Hong Kong,21096855.53,750236462.29,18735.04,KGM,2022,10,10,Cereals (Rice),export
Singapore,12317567.77,428642073.02,13314.69,KGM,2022,10,10,Cereals (Rice),export
Cameroon,12826336.0,445801044.06,9359.24,KGM,2022,10,10,Cereals (Rice),export
Mozambique,9129048.29,311745320.5,7471.52,KGM,2022,10,10,Cereals (Rice),export
Senegal,9292206.08,271760664.29,7091.6,KGM,2022,10,10,Cereals (Rice),export
Iran,26975549.88,910163185.25,19384.18,KGM,2022,10,10,Cereals (Rice),export
India,11065833.22,409041506.35,8344.74,KGM,2022,10,10,Cereals (Rice),export
Yemen,9962173.23,361659989.68,8134.99,KGM,2022,10,10,Cereals (Rice),export
China,179412253.04,5681655123.08,120578.51,KGM,2022,11,10,Cereals (Rice),export
Nigeria,72845879.72,2395415142.39,40014.23,KGM,2022,11,10,Cereals (Rice),export
Indonesia,43342938.87,1485843854.64,44815.67,KGM,2022,11,10,Cereals (Rice),export
South Africa,45527874.05,1636601433.94,39420.99,KGM,2022,11,10,Cereals (Rice),export
Iraq,38197772.21,1272711760.7,41448.78,KGM,2022,11,10,Cereals (Rice),export
United States of America,36370662.78,1288575155.63,24625.58,KGM,2022,11,10,Cereals (Rice),export
Japan,30565064.08,1011146011.32,26055.43,KGM,2022,11,10,Cereals (Rice),export
Saudi Arabia,19365023.55,589751534.08,18694.91,KGM,2022,11,10,Cereals (Rice),export
Philippines,19260609.84,704280309.17,16310.12,KGM,2022,11,10,Cereals (Rice),export
Malaysia,17137948.41,563931927.81,13509.59,KGM,2022,11,10,Cereals (Rice),export
Hong Kong,19173083.99,635670638.95,17898.59,KGM,2022,11,10,Cereals (Rice),export
Singapore,12000100.21,387334962.12,9115.91,KGM,2022,11,10,Cereals (Rice),export
Cameroon,11144480.91,350200678.1,8371.7,KGM,2022,11,10,Cereals (Rice),export
Mozambique,10253594.2,340234214.85,8487.78,KGM,2022,11,10,Cereals (Rice),export
Senegal,8359372.83,273470144.88,7592.29,KGM,2022,11,10,Cereals (Rice),export
Iran,24389901.22,817799778.88,24898.9,KGM,2022,11,10,Cereals (Rice),export
India,10940498.15,348812725.14,7188.09,KGM,2022,11,10,Cereals (Rice),export
Yemen,10646125.63,347308301.84,5803.8,KGM,2022,11,10,Cereals (Rice),export
China,143917015.9,4426058964.69,119756.96,KGM,2022,12,10,Cereals (Rice),export
Nigeria,58665317.71,1944529021.42,36795.44,KGM,2022,12,10,Cereals (Rice),export
Indonesia,44916006.97,1538473209.85,34446.52,KGM,2022,12,10,Cereals (Rice),export
South Africa,37534980.56,1267189965.88,32500.67,KGM,2022,12,10,Cereals (Rice),export
Iraq,37907145.97,1303191708.45,23006.98,KGM,2022,12,10,Cereals (Rice),export
United States of America,28877959.68,903190654.22,22017.85,KGM,2022,12,10,Cereals (Rice),export
Japan,25482776.49,860724348.32,17093.28,KGM,2022,12,10,Cereals (Rice),export
Saudi Arabia,22925688.34,804397099.75,17184.47,KGM,2022,12,10,Cereals (Rice),export
Philippines,16054543.97,502245176.93,15105.26,KGM,2022,12,10,Cereals (Rice),export
Malaysia,14078678.56,451759969.88,13941.88,KGM,2022,12,10,Cereals (Rice),export
Hong Kong,21356396.96,739190000.99,17250.29,KGM,2022,12,10,Cereals (Rice),export
Singapore,10071067.98,329979571.17,9807.21,KGM,2022,12,10,Cereals (Rice),export
Cameroon,10656230.29,357534448.18,6161.27,KGM,2022,12,10,Cereals (Rice),export
Mozambique,8844945.31,280135953.25,5266.89,KGM,2022,12,10,Cereals (Rice),export
Senegal,6281087.91,212450422.21,5614.41,KGM,2022,12,10,Cereals (Rice),export
Iran,24494790.6,770125471.57,19611.04,KGM,2022,12,10,Cereals (Rice),export
India,10686938.26,353209248.53,7670.77,KGM,2022,12,10,Cereals (Rice),export
Yemen,8411125.06,280450642.81,5418.83,KGM,2022,12,10,Cereals (Rice),export
China,147679616.58,5017940723.28,105923.57,KGM,2023,1,10,Cereals (Rice),export
Nigeria,59375952.43,1947636552.83,44787.15,KGM,2023,1,10,Cereals (Rice),export
Indonesia,49699207.74,1644762969.48,41356.07,KGM,2023,1,10,Cereals (Rice),export
South Africa,42013558.47,1273737827.53,32613.55,KGM,2023,1,10,Cereals (Rice),export
Iraq,28414265.5,927152945.72,30198.91,KGM,2023,1,10,Cereals (Rice),export
United States of America,28801208.61,950162907.97,25767.96,KGM,2023,1,10,Cereals (Rice),export
Japan,23701334.58,795298086.62,16921.36,KGM,2023,1,10,Cereals (Rice),export
Saudi Arabia,19998627.35,632295959.59,14064.54,KGM,2023,1,10,Cereals (Rice),export
Philippines,21466711.94,686386554.26,13449.64,KGM,2023,1,10,Cereals (Rice),export
Malaysia,15169091.68,475874891.95,11265.31,KGM,2023,1,10,Cereals (Rice),export
Hong Kong,19803187.07,700333512.29,13565.4,KGM,2023,1,10,Cereals (Rice),export
Singapore,11894891.33,394482420.15,8766.25,KGM,2023,1,10,Cereals (Rice),export
Cameroon,10298519.07,372633006.5,7724.89,KGM,2023,1,10,Cereals (Rice),export
Mozambique,9466378.26,299085688.47,7198.57,KGM,2023,1,10,Cereals (Rice),export
Senegal,7445274.1,236504402.07,6392.39,KGM,2023,1,10,Cereals (Rice),export
Iran,26667545.33,854539128.02,16682.37,KGM,2023,1,10,Cereals (Rice),export
India,8914223.01,283406285.9,8230.73,KGM,2023,1,10,Cereals (Rice),export
Yemen,6196156.37,200342929.87,6834.28,KGM,2023,1,10,Cereals (Rice),export
China,122227473.05,4348259969.78,99562.97,KGM,2023,2,10,Cereals (Rice),export
Nigeria,51143342.8,1653444963.93,43143.7,KGM,2023,2,10,Cereals (Rice),export
Indonesia,39993671.03,1241736991.62,33240.82,KGM,2023,2,10,Cereals (Rice),export
South Africa,39981662.74,1468287247.72,29548.08,KGM,2023,2,10,Cereals (Rice),export
Iraq,29667996.57,1047299256.13,22912.55,KGM,2023,2,10,Cereals (Rice),export
United States of America,30265683.14,948207591.75,22906.98,KGM,2023,2,10,Cereals (Rice),export
Japan,26788378.99,866710873.74,18088.79,KGM,2023,2,10,Cereals (Rice),export
Saudi Arabia,20332187.2,635411244.01,14558.28,KGM,2023,2,10,Cereals (Rice),export
Philippines,16488184.93,469682242.74,11905.79,KGM,2023,2,10,Cereals (Rice),export
Malaysia,12478379.6,390155659.33,10254.68,KGM,2023,2,10,Cereals (Rice),export
Hong Kong,19296299.84,650625677.82,13235.49,KGM,2023,2,10,Cereals (Rice),export
Singapore,9597761.55,298349068.86,9714.0,KGM,2023,2,10,Cereals (Rice),export
Cameroon,6987077.09,221603249.98,8382.31,KGM,2023,2,10,Cereals (Rice),export
Mozambique,9653614.45,330012622.92,7013.84,KGM,2023,2,10,Cereals (Rice),export
Senegal,8061722.2,267536982.93,5917.88,KGM,2023,2,10,Cereals (Rice),export
Iran,25730856.37,821013339.48,18490.5,KGM,2023,2,10,Cereals (Rice),export
India,9657740.39,337821367.48,5447.45,KGM,2023,2,10,Cereals (Rice),export
Yemen,8277008.51,287540444.46,6678.46,KGM,2023,2,10,Cereals (Rice),export
China,151662538.4,4725128261.17,120793.56,KGM,2023,3,10,Cereals (Rice),export
Nigeria,71874516.38,2408502678.87,46095.35,KGM,2023,3,10,Cereals (Rice),export
Indonesia,52278540.87,1588378251.81,34226.12,KGM,2023,3,10,Cereals (Rice),export
South Africa,40809452.63,1341237132.92,30852.64,KGM,2023,3,10,Cereals (Rice),export
Iraq,39490624.15,1348122389.74,29321.34,KGM,2023,3,10,Cereals (Rice),export
United States of America,31952258.85,1006409730.82,23543.04,KGM,2023,3,10,Cereals (Rice),export
Japan,26166476.63,899413354.24,20598.64,KGM,2023,3,10,Cereals (Rice),export
Saudi Arabia,20085597.79,655910278.63,15732.54,KGM,2023,3,10,Cereals (Rice),export
Philippines,16667769.13,578528984.9,17232.63,KGM,2023,3,10,Cereals (Rice),export
Malaysia,13439670.88,406314747.69,13416.45,KGM,2023,3,10,Cereals (Rice),export
Hong Kong,22402666.51,751382093.07,14951.38,KGM,2023,3,10,Cereals (Rice),export
Singapore,9875051.94,332819413.37,8380.73,KGM,2023,3,10,Cereals (Rice),export
Cameroon,9481973.96,332758426.93,7335.11,KGM,2023,3,10,Cereals (Rice),export
Mozambique,11205997.27,351444493.79,8167.1,KGM,2023,3,10,Cereals (Rice),export
Senegal,9595894.84,312281727.67,5303.1,KGM,2023,3,10,Cereals (Rice),export
Iran,25631304.32,880922008.85,25101.84,KGM,2023,3,10,Cereals (Rice),export
India,9723788.4,335502681.29,7232.33,KGM,2023,3,10,Cereals (Rice),export
Yemen,7722254.65,238967759.26,6695.6,KGM,2023,3,10,Cereals (Rice),export
China,166761750.44,5192555662.22,133626.21,KGM,2023,4,10,Cereals (Rice),export
Nigeria,69622779.79,2374835551.45,53850.67,KGM,2023,4,10,Cereals (Rice),export
Indonesia,50601735.86,1674667904.62,42978.21,KGM,2023,4,10,Cereals (Rice),export
South Africa,41451244.63,1446012760.31,34348.42,KGM,2023,4,10,Cereals (Rice),export
Iraq,40772799.94,1405768784.78,25275.25,KGM,2023,4,10,Cereals (Rice),export
United States of America,35314772.03,1192321017.23,24786.83,KGM,2023,4,10,Cereals (Rice),export
Japan,27595726.38,894848428.88,18891.61,KGM,2023,4,10,Cereals (Rice),export
Saudi Arabia,22616837.86,779449722.42,15828.51,KGM,2023,4,10,Cereals (Rice),export
Philippines,21404382.62,769909369.34,17225.65,KGM,2023,4,10,Cereals (Rice),export
Malaysia,15634842.61,523470080.39,12890.8,KGM,2023,4,10,Cereals (Rice),export
Hong Kong,20910272.21,636366369.71,17924.84,KGM,2023,4,10,Cereals (Rice),export
Singapore,12881039.78,406474929.57,8428.81,KGM,2023,4,10,Cereals (Rice),export
Cameroon,11289569.03,384369428.12,8213.87,KGM,2023,4,10,Cereals (Rice),export
Mozambique,9257795.2,302187201.45,8578.96,KGM,2023,4,10,Cereals (Rice),export
Senegal,6769882.46,201381731.75,6914.03,KGM,2023,4,10,Cereals (Rice),export
Iran,22476494.93,707749667.34,18808.35,KGM,2023,4,10,Cereals (Rice),export
India,9945345.89,307222386.17,7362.66,KGM,2023,4,10,Cereals (Rice),export
Yemen,9712377.83,288009381.05,6184.12,KGM,2023,4,10,Cereals (Rice),export
China,155189214.19,4915237922.42,111416.16,KGM,2023,5,10,Cereals (Rice),export
Nigeria,68974605.58,2156912140.19,48749.31,KGM,2023,5,10,Cereals (Rice),export
Indonesia,56061560.5,1895178333.46,48857.83,KGM,2023,5,10,Cereals (Rice),export
South Africa,32399401.41,1071486202.59,29751.13,KGM,2023,5,10,Cereals (Rice),export
Iraq,36648915.23,1155388752.63,28873.05,KGM,2023,5,10,Cereals (Rice),export
United States of America,27674019.25,914368038.89,31966.45,KGM,2023,5,10,Cereals (Rice),export
Japan,28556360.13,944345209.6,21482.77,KGM,2023,5,10,Cereals (Rice),export
Saudi Arabia,21333351.37,655536891.53,14864.32,KGM,2023,5,10,Cereals (Rice),export
Philippines,20066187.42,690425765.47,15804.4,KGM,2023,5,10,Cereals (Rice),export
Malaysia,17283930.93,599733165.65,11630.36,KGM,2023,5,10,Cereals (Rice),export
Hong Kong,23108925.05,840563812.86,18597.02,KGM,2023,5,10,Cereals (Rice),export
Singapore,15512618.89,525067956.52,11157.06,KGM,2023,5,10,Cereals (Rice),export
Cameroon,11894309.9,382345637.87,7984.96,KGM,2023,5,10,Cereals (Rice),export
Mozambique,10310525.08,349414974.59,6933.74,KGM,2023,5,10,Cereals (Rice),export
Senegal,8721333.22,288142381.95,6163.56,KGM,2023,5,10,Cereals (Rice),export
Iran,30335302.27,1005003148.56,21678.85,KGM,2023,5,10,Cereals (Rice),export
India,11086444.2,360350892.03,9059.81,KGM,2023,5,10,Cereals (Rice),export
Yemen,8887424.15,282632471.94,6004.56,KGM,2023,5,10,Cereals (Rice),export
China,153198389.35,5092367965.11,138781.87,KGM,2023,6,10,Cereals (Rice),export
Nigeria,64805418.81,2175407294.61,56906.43,KGM,2023,6,10,Cereals (Rice),export
Indonesia,53152667.11,1688683450.96,38351.82,KGM,2023,6,10,Cereals (Rice),export
South Africa,37368547.99,1184836771.94,35624.56,KGM,2023,6,10,Cereals (Rice),export
Iraq,36420021.4,1258894196.93,30185.05,KGM,2023,6,10,Cereals (Rice),export
United States of America,35894519.84,1252656114.92,26102.7,KGM,2023,6,10,Cereals (Rice),export
Japan,21862202.13,744162023.38,26828.43,KGM,2023,6,10,Cereals (Rice),export
Saudi Arabia,22121098.07,715460439.65,15643.15,KGM,2023,6,10,Cereals (Rice),export
Philippines,20907211.25,710899333.31,16960.9,KGM,2023,6,10,Cereals (Rice),export
Malaysia,15225662.66,506905061.67,11671.68,KGM,2023,6,10,Cereals (Rice),export
Hong Kong,23581672.23,830598997.33,17523.49,KGM,2023,6,10,Cereals (Rice),export
Singapore,13181134.67,448235556.51,10509.19,KGM,2023,6,10,Cereals (Rice),export
Cameroon,12282813.15,384734340.73,7340.32,KGM,2023,6,10,Cereals (Rice),export
Mozambique,9544537.24,311226334.28,10870.63,KGM,2023,6,10,Cereals (Rice),export
Senegal,8651737.63,298185540.52,7526.63,KGM,2023,6,10,Cereals (Rice),export
Iran,27834701.86,868694413.63,24955.35,KGM,2023,6,10,Cereals (Rice),export
India,10109286.39,333772391.58,9980.18,KGM,2023,6,10,Cereals (Rice),export
Yemen,7652695.26,243230119.36,5894.72,KGM,2023,6,10,Cereals (Rice),export
China,161034221.23,5234644419.31,136023.82,KGM,2023,7,10,Cereals (Rice),export
Nigeria,66879394.78,2329802591.21,48817.88,KGM,2023,7,10,Cereals (Rice),export
Indonesia,67361541.84,2271424401.92,40910.59,KGM,2023,7,10,Cereals (Rice),export
South Africa,44643843.81,1516992295.32,34918.31,KGM,2023,7,10,Cereals (Rice),export
Iraq,39365438.27,1376799064.8,28354.53,KGM,2023,7,10,Cereals (Rice),export
United States of America,32849365.32,1204415533.83,24570.5,KGM,2023,7,10,Cereals (Rice),export
Japan,26521494.1,882188715.55,22123.4,KGM,2023,7,10,Cereals (Rice),export
Saudi Arabia,21187826.24,672342698.9,18097.94,KGM,2023,7,10,Cereals (Rice),export
Philippines,20472521.82,635731078.19,12194.75,KGM,2023,7,10,Cereals (Rice),export
Malaysia,19039416.52,572326035.77,10938.45,KGM,2023,7,10,Cereals (Rice),export
Hong Kong,18823226.62,570573549.16,20759.24,KGM,2023,7,10,Cereals (Rice),export
Singapore,11648911.33,379624113.92,8500.97,KGM,2023,7,10,Cereals (Rice),export
Cameroon,10265337.57,367336899.82,8091.3,KGM,2023,7,10,Cereals (Rice),export
Mozambique,8501693.24,284873902.92,7633.24,KGM,2023,7,10,Cereals (Rice),export
Senegal,7744993.65,250939995.74,7270.44,KGM,2023,7,10,Cereals (Rice),export
Iran,27837729.33,833021867.96,21188.46,KGM,2023,7,10,Cereals (Rice),export
India,12135212.62,397244592.04,10720.07,KGM,2023,7,10,Cereals (Rice),export
Yemen,7815625.17,280077416.96,8110.77,KGM,2023,7,10,Cereals (Rice),export
China,163030865.69,5360476604.61,129182.67,KGM,2023,8,10,Cereals (Rice),export
Nigeria,55224382.31,1964464525.81,51211.75,KGM,2023,8,10,Cereals (Rice),export
Indonesia,54344211.98,1833846978.2,38702.33,KGM,2023,8,10,Cereals (Rice),export
South Africa,41270891.29,1283389632.33,35094.96,KGM,2023,8,10,Cereals (Rice),export
Iraq,34682587.69,1150553233.43,33695.04,KGM,2023,8,10,Cereals (Rice),export
United States of America,30592128.07,981679361.53,26913.39,KGM,2023,8,10,Cereals (Rice),export
Japan,25472150.85,870493340.81,25199.18,KGM,2023,8,10,Cereals (Rice),export
Saudi Arabia,22063630.98,727821886.14,17994.91,KGM,2023,8,10,Cereals (Rice),export
Philippines,20868728.95,715667121.44,14392.34,KGM,2023,8,10,Cereals (Rice),export
Malaysia,17169318.23,554025277.18,12847.62,KGM,2023,8,10,Cereals (Rice),export
Hong Kong,23970463.25,765896100.48,17369.11,KGM,2023,8,10,Cereals (Rice),export
Singapore,12756214.36,390138231.2,11592.76,KGM,2023,8,10,Cereals (Rice),export
Cameroon,10662416.94,349169363.02,9980.49,KGM,2023,8,10,Cereals (Rice),export
Mozambique,10221247.19,350982240.29,8997.9,KGM,2023,8,10,Cereals (Rice),export
Senegal,8455066.95,290491968.49,6964.7,KGM,2023,8,10,Cereals (Rice),export
Iran,30234870.42,995322305.0,21877.05,KGM,2023,8,10,Cereals (Rice),export
India,11351266.58,392769138.6,10294.97,KGM,2023,8,10,Cereals (Rice),export
Yemen,9457516.36,308199177.65,6159.57,KGM,2023,8,10,Cereals (Rice),export
China,165292243.78,5395420398.02,158260.31,KGM,2023,9,10,Cereals (Rice),export
Nigeria,76095780.37,2455129455.45,50391.3,KGM,2023,9,10,Cereals (Rice),export
Indonesia,59062993.89,1930316511.31,53563.05,KGM,2023,9,10,Cereals (Rice),export
South Africa,33527042.48,1121377056.42,29294.71,KGM,2023,9,10,Cereals (Rice),export
Iraq,33627667.07,1110335559.9,28278.36,KGM,2023,9,10,Cereals (Rice),export
United States of America,25528689.34,797842694.57,25815.5,KGM,2023,9,10,Cereals (Rice),export
Japan,23951061.14,751971985.27,20370.25,KGM,2023,9,10,Cereals (Rice),export
Saudi Arabia,23598208.41,765841146.38,20621.09,KGM,2023,9,10,Cereals (Rice),export
Philippines,19076699.24,597820246.83,15422.15,KGM,2023,9,10,Cereals (Rice),export
Malaysia,14726381.83,456602050.32,10853.46,KGM,2023,9,10,Cereals (Rice),export
Hong Kong,26218507.73,749523091.85,16538.04,KGM,2023,9,10,Cereals (Rice),export
Singapore,12730064.2,421227989.14,8754.36,KGM,2023,9,10,Cereals (Rice),export
Cameroon,11215505.43,369426533.87,9076.46,KGM,2023,9,10,Cereals (Rice),export
Mozambique,9764959.94,321150186.92,6696.75,KGM,2023,9,10,Cereals (Rice),export
Senegal,9934662.41,324297314.28,8782.6,KGM,2023,9,10,Cereals (Rice),export
Iran,27809823.98,980014368.7,23893.56,KGM,2023,9,10,Cereals (Rice),export
India,10721943.72,340590809.97,9765.39,KGM,2023,9,10,Cereals (Rice),export
Yemen,9313391.85,289308495.06,8052.89,KGM,2023,9,10,Cereals (Rice),export
China,143259811.8,4859980502.39,134818.87,KGM,2023,10,10,Cereals (Rice),export
Nigeria,66745402.26,2168447636.2,53310.11,KGM,2023,10,10,Cereals (Rice),export
Indonesia,61483918.35,1747153866.19,40982.43,KGM,2023,10,10,Cereals (Rice),export
South Africa,39181579.43,1339730798.7,30439.97,KGM,2023,10,10,Cereals (Rice),export
Iraq,33688218.21,1139913261.02,31946.08,KGM,2023,10,10,Cereals (Rice),export
United States of America,27215726.44,866458913.57,23784.49,KGM,2023,10,10,Cereals (Rice),export
Japan,25665591.79,849830165.43,18269.42,KGM,2023,10,10,Cereals (Rice),export
Saudi Arabia,19611031.61,707495627.91,15833.39,KGM,2023,10,10,Cereals (Rice),export
Philippines,17489935.6,603817975.74,11145.76,KGM,2023,10,10,Cereals (Rice),export
Malaysia,16644029.32,531754276.9,9223.53,KGM,2023,10,10,Cereals (Rice),export
Hong Kong,21038594.08,694124532.71,17142.52,KGM,2023,10,10,Cereals (Rice),export
Singapore,12117561.58,356259060.24,8586.9,KGM,2023,10,10,Cereals (Rice),export
Cameroon,12145903.38,404030543.02,7126.64,KGM,2023,10,10,Cereals (Rice),export
Mozambique,8927893.1,296159157.3,8038.98,KGM,2023,10,10,Cereals (Rice),export
Senegal,8187734.78,259960508.92,4411.86,KGM,2023,10,10,Cereals (Rice),export
Iran,27076475.28,854872577.93,21743.77,KGM,2023,10,10,Cereals (Rice),export
India,8489347.19,243133536.08,8186.49,KGM,2023,10,10,Cereals (Rice),export
Yemen,7137709.08,251016105.03,7813.82,KGM,2023,10,10,Cereals (Rice),export
China,155630780.48,4680555854.07,123098.44,KGM,2023,11,10,Cereals (Rice),export
Nigeria,54963399.28,1754480038.6,45805.96,KGM,2023,11,10,Cereals (Rice),export
Indonesia,47734129.64,1536431099.64,45743.09,KGM,2023,11,10,Cereals (Rice),export
South Africa,38224123.35,1180008748.09,34468.18,KGM,2023,11,10,Cereals (Rice),export
Iraq,31717318.28,1049316353.89,25249.03,KGM,2023,11,10,Cereals (Rice),export
United States of America,28656152.58,917074799.31,22851.2,KGM,2023,11,10,Cereals (Rice),export
Japan,22084813.16,717608322.89,21233.02,KGM,2023,11,10,Cereals (Rice),export
Saudi Arabia,21011498.89,672412861.04,13717.77,KGM,2023,11,10,Cereals (Rice),export
Philippines,17414117.26,594370867.89,14027.8,KGM,2023,11,10,Cereals (Rice),export
Malaysia,14201124.21,476624038.73,12935.84,KGM,2023,11,10,Cereals (Rice),export
Hong Kong,19575240.97,668206975.53,14022.32,KGM,2023,11,10,Cereals (Rice),export
Singapore,10772252.16,354612731.16,9473.35,KGM,2023,11,10,Cereals (Rice),export
Cameroon,9688447.21,307771787.8,7544.91,KGM,2023,11,10,Cereals (Rice),export
Mozambique,7464279.8,240815690.99,8323.15,KGM,2023,11,10,Cereals (Rice),export
Senegal,7813270.21,270678296.16,6229.75,KGM,2023,11,10,Cereals (Rice),export
Iran,29514767.04,967036466.58,20166.21,KGM,2023,11,10,Cereals (Rice),export
India,8781859.87,266433176.77,6543.6,KGM,2023,11,10,Cereals (Rice),export
Yemen,7284781.91,252186364.4,4743.09,KGM,2023,11,10,Cereals (Rice),export
China,134249479.62,4653634160.73,99928.52,KGM,2023,12,10,Cereals (Rice),export
Nigeria,46001403.89,1384610519.76,37160.44,KGM,2023,12,10,Cereals (Rice),export
Indonesia,46257891.86,1527599500.48,31006.76,KGM,2023,12,10,Cereals (Rice),export
South Africa,37790182.41,1245423850.64,31997.41,KGM,2023,12,10,Cereals (Rice),export
Iraq,31208094.91,1108669444.56,21434.95,KGM,2023,12,10,Cereals (Rice),export
United States of America,25331996.16,820496272.48,20806.54,KGM,2023,12,10,Cereals (Rice),export
Japan,24041054.52,820795303.54,17584.66,KGM,2023,12,10,Cereals (Rice),export
Saudi Arabia,17781197.45,611570111.72,13375.29,KGM,2023,12,10,Cereals (Rice),export
Philippines,15989720.71,503934962.82,10938.92,KGM,2023,12,10,Cereals (Rice),export
Malaysia,13071688.83,463510724.19,11426.05,KGM,2023,12,10,Cereals (Rice),export
Hong Kong,14121265.42,476373425.83,13780.97,KGM,2023,12,10,Cereals (Rice),export
Singapore,10608657.48,360517199.86,9241.61,KGM,2023,12,10,Cereals (Rice),export
Cameroon,7740450.51,259062678.82,6032.82,KGM,2023,12,10,Cereals (Rice),export
Mozambique,8493462.59,260181092.29,6288.8,KGM,2023,12,10,Cereals (Rice),export
Senegal,6149996.38,199733631.55,5951.49,KGM,2023,12,10,Cereals (Rice),export
Iran,21719881.68,677588337.96,19368.95,KGM,2023,12,10,Cereals (Rice),export
India,8230970.31,276009981.69,6438.32,KGM,2023,12,10,Cereals (Rice),export
Yemen,7400255.99,244146991.82,4519.3,KGM,2023,12,10,Cereals (Rice),export
China,137497013.17,4524120781.93,78675.47,KGM,2024,1,10,Cereals (Rice),export
Nigeria,44448130.73,1299772156.7,37363.52,KGM,2024,1,10,Cereals (Rice),export
Indonesia,48039362.2,1527133479.14,32292.94,KGM,2024,1,10,Cereals (Rice),export
South Africa,34840687.5,1090309115.64,23611.25,KGM,2024,1,10,Cereals (Rice),export
Iraq,33974654.93,1090990874.34,28738.36,KGM,2024,1,10,Cereals (Rice),export
United States of America,28000407.42,864631666.45,21104.75,KGM,2024,1,10,Cereals (Rice),export
Japan,19126521.92,590240783.77,20006.09,KGM,2024,1,10,Cereals (Rice),export
Saudi Arabia,20713952.22,732677809.81,12568.18,KGM,2024,1,10,Cereals (Rice),export
Philippines,14716154.16,516427371.39,13309.68,KGM,2024,1,10,Cereals (Rice),export
Malaysia,14408291.58,456943375.51,9410.35,KGM,2024,1,10,Cereals (Rice),export
Hong Kong,16729689.08,558083962.44,11387.6,KGM,2024,1,10,Cereals (Rice),export
Singapore,9289353.79,298604711.1,9147.87,KGM,2024,1,10,Cereals (Rice),export
Cameroon,6964028.27,231728402.82,7880.85,KGM,2024,1,10,Cereals (Rice),export
Mozambique,7612113.38,261151550.33,6869.42,KGM,2024,1,10,Cereals (Rice),export
Senegal,6232669.48,195273069.37,5106.02,KGM,2024,1,10,Cereals (Rice),export
Iran,17995780.25,604447242.26,18037.74,KGM,2024,1,10,Cereals (Rice),export
India,9074965.97,310016375.57,7784.25,KGM,2024,1,10,Cereals (Rice),export
Yemen,7329213.99,238489120.98,4051.48,KGM,2024,1,10,Cereals (Rice),export
China,133973419.04,4439545121.34,84046.91,KGM,2024,2,10,Cereals (Rice),export
Nigeria,51413882.45,1725099996.01,41177.87,KGM,2024,2,10,Cereals (Rice),export
Indonesia,43168488.26,1329831513.92,33290.04,KGM,2024,2,10,Cereals (Rice),export
South Africa,34235163.45,1055311831.17,26957.35,KGM,2024,2,10,Cereals (Rice),export
Iraq,32444099.24,1003479038.13,24269.45,KGM,2024,2,10,Cereals (Rice),export
United States of America,22440406.01,721523116.89,18226.73,KGM,2024,2,10,Cereals (Rice),export
Japan,20961367.83,727196072.45,14382.9,KGM,2024,2,10,Cereals (Rice),export
Saudi Arabia,17995454.79,595044234.36,14001.95,KGM,2024,2,10,Cereals (Rice),export
Philippines,16037032.42,511794092.79,11341.58,KGM,2024,2,10,Cereals (Rice),export
Malaysia,13672915.22,437176609.18,10147.48,KGM,2024,2,10,Cereals (Rice),export
Hong Kong,15611094.73,562518670.91,11881.56,KGM,2024,2,10,Cereals (Rice),export
Singapore,9779006.22,333286413.68,7968.05,KGM,2024,2,10,Cereals (Rice),export
Cameroon,7155820.53,229617620.85,7374.17,KGM,2024,2,10,Cereals (Rice),export
Mozambique,8672880.69,299704054.83,5644.95,KGM,2024,2,10,Cereals (Rice),export
Senegal,4889586.56,159202930.06,4478.17,KGM,2024,2,10,Cereals (Rice),export
Iran,16228978.37,543174772.3,17466.4,KGM,2024,2,10,Cereals (Rice),export
India,7338721.64,251055582.09,6504.19,KGM,2024,2,10,Cereals (Rice),export
Yemen,5146179.4,167237283.39,4416.64,KGM,2024,2,10,Cereals (Rice),export
China,136886475.78,4699852344.27,108481.6,KGM,2024,3,10,Cereals (Rice),export
Nigeria,57231766.43,1769330727.21,47353.15,KGM,2024,3,10,Cereals (Rice),export
Indonesia,46180083.59,1625220661.0,35074.45,KGM,2024,3,10,Cereals (Rice),export
South Africa,37051757.45,1270088001.47,26794.32,KGM,2024,3,10,Cereals (Rice),export
Iraq,33659508.29,1093168785.48,22978.39,KGM,2024,3,10,Cereals (Rice),export
United States of America,26407236.86,879489400.74,25068.4,KGM,2024,3,10,Cereals (Rice),export
Japan,24414603.87,817942952.45,17130.53,KGM,2024,3,10,Cereals (Rice),export
Saudi Arabia,20581536.31,682745792.42,13935.5,KGM,2024,3,10,Cereals (Rice),export
Philippines,14153381.87,459961354.85,11905.62,KGM,2024,3,10,Cereals (Rice),export
Malaysia,12207541.32,387503855.53,12658.11,KGM,2024,3,10,Cereals (Rice),export
Hong Kong,19640962.44,649060703.35,14893.26,KGM,2024,3,10,Cereals (Rice),export
Singapore,12548633.78,410411759.72,6369.08,KGM,2024,3,10,Cereals (Rice),export
Cameroon,8120570.4,253425968.53,5569.05,KGM,2024,3,10,Cereals (Rice),export
Mozambique,8207874.01,281898779.24,5984.44,KGM,2024,3,10,Cereals (Rice),export
Senegal,7127582.27,231785971.81,5599.61,KGM,2024,3,10,Cereals (Rice),export
Iran,22536239.29,714919811.17,17293.96,KGM,2024,3,10,Cereals (Rice),export
India,10004737.07,324400698.92,6737.87,KGM,2024,3,10,Cereals (Rice),export
Yemen,7596083.37,240490806.09,6049.53,KGM,2024,3,10,Cereals (Rice),export
China,151510808.14,5040304334.98,119971.45,KGM,2024,4,10,Cereals (Rice),export
Nigeria,53919529.55,1763023267.76,42879.75,KGM,2024,4,10,Cereals (Rice),export
Indonesia,41173855.84,1413834164.04,37389.64,KGM,2024,4,10,Cereals (Rice),export
South Africa,40858901.1,1413559646.21,28679.83,KGM,2024,4,10,Cereals (Rice),export
Iraq,39135700.43,1332072482.76,25298.84,KGM,2024,4,10,Cereals (Rice),export
United States of America,21799532.93,722364180.51,19136.96,KGM,2024,4,10,Cereals (Rice),export
Japan,21115441.33,715746304.09,23379.69,KGM,2024,4,10,Cereals (Rice),export
Saudi Arabia,20597487.11,648721728.24,14974.33,KGM,2024,4,10,Cereals (Rice),export
Philippines,16027951.22,513585676.31,13936.83,KGM,2024,4,10,Cereals (Rice),export
Malaysia,15033041.72,496202702.93,12232.12,KGM,2024,4,10,Cereals (Rice),export
Hong Kong,15354182.09,501789882.48,18118.77,KGM,2024,4,10,Cereals (Rice),export
Singapore,14323354.78,468159816.25,9721.99,KGM,2024,4,10,Cereals (Rice),export
Cameroon,9812246.05,338907262.12,5692.75,KGM,2024,4,10,Cereals (Rice),export
Mozambique,10622207.08,345953456.64,5066.71,KGM,2024,4,10,Cereals (Rice),export
Senegal,7434189.29,268812579.29,6641.95,KGM,2024,4,10,Cereals (Rice),export
Iran,24378141.98,810710926.14,23610.93,KGM,2024,4,10,Cereals (Rice),export
India,9815628.87,341882767.37,7809.27,KGM,2024,4,10,Cereals (Rice),export
Yemen,7196029.45,224183698.76,6600.88,KGM,2024,4,10,Cereals (Rice),export
China,139660253.5,4627215465.72,106212.94,KGM,2024,5,10,Cereals (Rice),export
Nigeria,55682541.44,1764134158.62,52249.38,KGM,2024,5,10,Cereals (Rice),export
Indonesia,39620777.81,1366570234.55,32089.83,KGM,2024,5,10,Cereals (Rice),export
South Africa,34616696.85,1127044141.62,32130.73,KGM,2024,5,10,Cereals (Rice),export
Iraq,36306318.6,1348653490.73,26090.27,KGM,2024,5,10,Cereals (Rice),export
United States of America,34207086.42,1105634541.43,22130.02,KGM,2024,5,10,Cereals (Rice),export
Japan,31462864.74,1035677738.63,16685.31,KGM,2024,5,10,Cereals (Rice),export
Saudi Arabia,19209693.76,583819714.63,15329.03,KGM,2024,5,10,Cereals (Rice),export
Philippines,18106639.16,636520497.53,12193.1,KGM,2024,5,10,Cereals (Rice),export
Malaysia,12282050.25,364479900.58,11582.06,KGM,2024,5,10,Cereals (Rice),export
Hong Kong,15037431.23,480486301.43,13788.93,KGM,2024,5,10,Cereals (Rice),export
Singapore,13185585.37,460686029.67,9155.19,KGM,2024,5,10,Cereals (Rice),export
Cameroon,9219371.18,294206609.6,8224.27,KGM,2024,5,10,Cereals (Rice),export
Mozambique,7940629.48,266039919.86,5392.34,KGM,2024,5,10,Cereals (Rice),export
Senegal,7867597.28,262167046.19,6705.44,KGM,2024,5,10,Cereals (Rice),export
Iran,28812761.2,993687018.85,19571.53,KGM,2024,5,10,Cereals (Rice),export
India,9272728.8,315982539.26,6830.87,KGM,2024,5,10,Cereals (Rice),export
Yemen,7598319.88,254767143.02,6745.72,KGM,2024,5,10,Cereals (Rice),export
China,134997442.1,4278502966.16,132422.38,KGM,2024,6,10,Cereals (Rice),export
Nigeria,62317538.53,2020528266.14,54135.98,KGM,2024,6,10,Cereals (Rice),export
Indonesia,54524922.89,1869000708.69,40965.62,KGM,2024,6,10,Cereals (Rice),export
South Africa,35828285.25,1106659704.94,32084.4,KGM,2024,6,10,Cereals (Rice),export
Iraq,40067286.89,1300899552.91,20755.22,KGM,2024,6,10,Cereals (Rice),export
United States of America,26592764.55,954305792.38,25359.42,KGM,2024,6,10,Cereals (Rice),export
Japan,26037948.77,805434205.9,26497.17,KGM,2024,6,10,Cereals (Rice),export
Saudi Arabia,17006185.02,564296970.27,13963.8,KGM,2024,6,10,Cereals (Rice),export
Philippines,15788130.08,535702704.55,12806.35,KGM,2024,6,10,Cereals (Rice),export
Malaysia,12845564.23,416224436.75,10134.91,KGM,2024,6,10,Cereals (Rice),export
Hong Kong,18954813.8,599901667.2,17535.6,KGM,2024,6,10,Cereals (Rice),export
Singapore,10885111.58,372293582.04,10039.01,KGM,2024,6,10,Cereals (Rice),export
Cameroon,11171578.17,370846637.93,8260.22,KGM,2024,6,10,Cereals (Rice),export
Mozambique,9303390.04,303177466.11,6812.15,KGM,2024,6,10,Cereals (Rice),export
Senegal,6432645.74,214317670.0,6926.71,KGM,2024,6,10,Cereals (Rice),export
Iran,26336389.71,867240126.93,12944.11,KGM,2024,6,10,Cereals (Rice),export
India,8938375.83,303201554.75,9228.88,KGM,2024,6,10,Cereals (Rice),export
Yemen,8003172.09,268873068.7,5931.74,KGM,2024,6,10,Cereals (Rice),export
China,130407331.58,4190307703.09,113623.79,KGM,2024,7,10,Cereals (Rice),export
Nigeria,70532315.52,2440035212.86,54114.11,KGM,2024,7,10,Cereals (Rice),export
Indonesia,40775593.02,1357072899.58,42308.46,KGM,2024,7,10,Cereals (Rice),export
South Africa,43023263.87,1419334183.77,31853.08,KGM,2024,7,10,Cereals (Rice),export
Iraq,34325818.16,1093239381.54,21019.19,KGM,2024,7,10,Cereals (Rice),export
United States of America,29823339.67,959543894.44,26144.71,KGM,2024,7,10,Cereals (Rice),export
Japan,23860566.85,839628680.89,15484.38,KGM,2024,7,10,Cereals (Rice),export
Saudi Arabia,21301338.32,715942438.91,16533.2,KGM,2024,7,10,Cereals (Rice),export
Philippines,19928147.14,630332428.75,12466.9,KGM,2024,7,10,Cereals (Rice),export
Malaysia,15900934.69,496264301.8,12872.15,KGM,2024,7,10,Cereals (Rice),export
Hong Kong,18148226.89,610098035.61,18441.26,KGM,2024,7,10,Cereals (Rice),export
Singapore,12405235.75,421591524.8,7920.41,KGM,2024,7,10,Cereals (Rice),export
Cameroon,8222939.35,280321942.63,5845.23,KGM,2024,7,10,Cereals (Rice),export
Mozambique,9862208.96,317367600.09,6689.87,KGM,2024,7,10,Cereals (Rice),export
Senegal,8978317.3,295398732.3,5989.97,KGM,2024,7,10,Cereals (Rice),export
Iran,28016772.52,897067879.08,18353.42,KGM,2024,7,10,Cereals (Rice),export
India,10364862.05,339792285.1,7011.76,KGM,2024,7,10,Cereals (Rice),export
Yemen,6655311.74,220305102.39,6269.79,KGM,2024,7,10,Cereals (Rice),export
China,162395250.19,5493389113.81,130635.04,KGM,2024,8,10,Cereals (Rice),export
Nigeria,61559979.34,2087765697.52,46963.51,KGM,2024,8,10,Cereals (Rice),export
Indonesia,43864343.92,1523973483.79,28353.93,KGM,2024,8,10,Cereals (Rice),export
South Africa,42145143.56,1458720877.65,31105.34,KGM,2024,8,10,Cereals (Rice),export
Iraq,32020745.49,1016139722.24,25298.5,KGM,2024,8,10,Cereals (Rice),export
United States of America,31293370.57,996680008.27,19189.97,KGM,2024,8,10,Cereals (Rice),export
Japan,25392015.51,812786593.75,16889.03,KGM,2024,8,10,Cereals (Rice),export
Saudi Arabia,15375663.67,491533017.38,16941.46,KGM,2024,8,10,Cereals (Rice),export
Philippines,15814352.04,511952953.72,12005.11,KGM,2024,8,10,Cereals (Rice),export
Malaysia,12466632.13,366804259.61,14605.9,KGM,2024,8,10,Cereals (Rice),export
Hong Kong,18852069.36,600192040.79,15995.94,KGM,2024,8,10,Cereals (Rice),export
Singapore,12096270.04,426939565.15,8566.76,KGM,2024,8,10,Cereals (Rice),export
Cameroon,8766408.48,272216709.71,5668.65,KGM,2024,8,10,Cereals (Rice),export
Mozambique,9227102.3,314904386.68,7006.43,KGM,2024,8,10,Cereals (Rice),export
Senegal,8292877.67,267581098.59,5834.98,KGM,2024,8,10,Cereals (Rice),export
Iran,23726204.3,807550629.05,24205.68,KGM,2024,8,10,Cereals (Rice),export
India,11738085.94,386237315.1,8693.39,KGM,2024,8,10,Cereals (Rice),export
Yemen,7091710.88,233378959.15,6470.1,KGM,2024,8,10,Cereals (Rice),export
China,149524011.29,4473953686.89,117720.15,KGM,2024,9,10,Cereals (Rice),export
Nigeria,67987320.39,2099354653.37,48007.57,KGM,2024,9,10,Cereals (Rice),export
Indonesia,52736368.63,1784768047.46,36116.31,KGM,2024,9,10,Cereals (Rice),export
South Africa,43798667.25,1434784112.12,36139.88,KGM,2024,9,10,Cereals (Rice),export
Iraq,33761476.56,1077536885.95,26060.05,KGM,2024,9,10,Cereals (Rice),export
United States of America,30135486.74,957164664.24,23543.32,KGM,2024,9,10,Cereals (Rice),export
Japan,22278916.48,720694065.1,19862.35,KGM,2024,9,10,Cereals (Rice),export
Saudi Arabia,17827998.97,635713267.48,17704.66,KGM,2024,9,10,Cereals (Rice),export
Philippines,19855987.9,653751560.77,13237.74,KGM,2024,9,10,Cereals (Rice),export
Malaysia,17418834.95,595269396.33,10374.31,KGM,2024,9,10,Cereals (Rice),export
Hong Kong,17210732.54,556845131.65,19353.56,KGM,2024,9,10,Cereals (Rice),export
Singapore,14766570.3,484939399.41,11663.17,KGM,2024,9,10,Cereals (Rice),export
Cameroon,9338598.34,305650096.99,8238.15,KGM,2024,9,10,Cereals (Rice),export
Mozambique,8692580.92,280145972.32,5803.44,KGM,2024,9,10,Cereals (Rice),export
Senegal,7156064.31,246788377.24,6866.31,KGM,2024,9,10,Cereals (Rice),export
Iran,27019533.2,857076869.29,20951.84,KGM,2024,9,10,Cereals (Rice),export
India,10269184.53,329852847.47,8815.81,KGM,2024,9,10,Cereals (Rice),export
Yemen,8145784.07,289122794.19,6327.59,KGM,2024,9,10,Cereals (Rice),export
China,168470284.8,5125701574.99,133278.91,KGM,2024,10,10,Cereals (Rice),export
Nigeria,63173319.8,2069211408.9,48755.87,KGM,2024,10,10,Cereals (Rice),export
Indonesia,43659335.28,1436303666.73,35995.97,KGM,2024,10,10,Cereals (Rice),export
South Africa,46013432.92,1490839455.73,30773.02,KGM,2024,10,10,Cereals (Rice),export
Iraq,42677005.75,1400096662.97,27947.77,KGM,2024,10,10,Cereals (Rice),export
United States of America,30692164.95,1039166026.89,20829.32,KGM,2024,10,10,Cereals (Rice),export
Japan,24185683.04,814248735.93,20625.3,KGM,2024,10,10,Cereals (Rice),export
Saudi Arabia,24721094.21,847871068.04,13941.33,KGM,2024,10,10,Cereals (Rice),export
Philippines,20248431.43,686406755.9,13762.57,KGM,2024,10,10,Cereals (Rice),export
Malaysia,18076434.62,603069712.12,11279.89,KGM,2024,10,10,Cereals (Rice),export
Hong Kong,21537938.82,735605419.49,17621.52,KGM,2024,10,10,Cereals (Rice),export
Singapore,12626550.6,399413017.45,10548.18,KGM,2024,10,10,Cereals (Rice),export
Cameroon,10519743.62,327745312.16,7806.71,KGM,2024,10,10,Cereals (Rice),export
Mozambique,8840731.85,297523301.42,7692.96,KGM,2024,10,10,Cereals (Rice),export
Senegal,7229715.85,246439211.46,5878.66,KGM,2024,10,10,Cereals (Rice),export
Iran,27189833.19,953051116.98,22903.56,KGM,2024,10,10,Cereals (Rice),export
India,10906713.16,361800479.37,7867.85,KGM,2024,10,10,Cereals (Rice),export
Yemen,9654394.8,325301401.1,8821.41,KGM,2024,10,10,Cereals (Rice),export
China,160535506.19,5303401099.1,132515.66,KGM,2024,11,10,Cereals (Rice),export
Nigeria,68043689.53,2281611376.07,54658.27,KGM,2024,11,10,Cereals (Rice),export
Indonesia,49176390.56,1676847070.51,33218.42,KGM,2024,11,10,Cereals (Rice),export
South Africa,41498247.62,1299107605.07,29628.78,KGM,2024,11,10,Cereals (Rice),export
Iraq,37905836.04,1267929814.01,22977.99,KGM,2024,11,10,Cereals (Rice),export
United States of America,33045719.87,1071140340.08,25988.77,KGM,2024,11,10,Cereals (Rice),export
Japan,22222942.72,773375843.46,21747.82,KGM,2024,11,10,Cereals (Rice),export
Saudi Arabia,19153063.4,677487381.24,17242.01,KGM,2024,11,10,Cereals (Rice),export
Philippines,18904581.92,653366554.74,13931.33,KGM,2024,11,10,Cereals (Rice),export
Malaysia,14113641.47,482947383.44,10291.0,KGM,2024,11,10,Cereals (Rice),export
Hong Kong,19491480.33,624888849.44,15635.99,KGM,2024,11,10,Cereals (Rice),export
Singapore,11613635.59,412211456.89,11393.89,KGM,2024,11,10,Cereals (Rice),export
Cameroon,11981732.46,403777277.57,9189.75,KGM,2024,11,10,Cereals (Rice),export
Mozambique,7833032.9,283830978.91,7149.41,KGM,2024,11,10,Cereals (Rice),export
Senegal,7772651.53,257139161.87,7682.61,KGM,2024,11,10,Cereals (Rice),export
Iran,18594467.57,648935427.49,21878.17,KGM,2024,11,10,Cereals (Rice),export
India,10108561.6,308293526.9,9329.14,KGM,2024,11,10,Cereals (Rice),export
Yemen,7000664.77,236032117.97,6661.16,KGM,2024,11,10,Cereals (Rice),export
China,150190755.54,4687386850.58,113911.79,KGM,2024,12,10,Cereals (Rice),export
Nigeria,54027011.34,1631002481.99,45370.73,KGM,2024,12,10,Cereals (Rice),export
Indonesia,43890982.45,1405299737.67,33846.48,KGM,2024,12,10,Cereals (Rice),export
South Africa,37025687.07,1245000548.82,24320.97,KGM,2024,12,10,Cereals (Rice),export
Iraq,32584829.71,1020389742.36,27897.21,KGM,2024,12,10,Cereals (Rice),export
United States of America,22468655.49,731817436.65,21868.19,KGM,2024,12,10,Cereals (Rice),export
Japan,28439591.62,940987666.46,18603.52,KGM,2024,12,10,Cereals (Rice),export
Saudi Arabia,17328580.04,586500041.19,12044.73,KGM,2024,12,10,Cereals (Rice),export
Philippines,15744396.84,521795525.62,12576.69,KGM,2024,12,10,Cereals (Rice),export
Malaysia,13517553.57,463051022.83,8371.84,KGM,2024,12,10,Cereals (Rice),export
Hong Kong,16140769.75,563778644.7,13873.01,KGM,2024,12,10,Cereals (Rice),export
Singapore,12462656.61,411833064.5,6736.84,KGM,2024,12,10,Cereals (Rice),export
Cameroon,9057285.12,309794357.36,5777.36,KGM,2024,12,10,Cereals (Rice),export
Mozambique,8027254.43,253851250.24,6495.9,KGM,2024,12,10,Cereals (Rice),export
Senegal,7344556.05,243772769.17,6210.24,KGM,2024,12,10,Cereals (Rice),export
Iran,20908866.28,696904923.96,16710.61,KGM,2024,12,10,Cereals (Rice),export
India,8859689.69,285987350.63,7819.17,KGM,2024,12,10,Cereals (Rice),export
Yemen,6193968.88,199964265.52,5886.01,KGM,2024,12,10,Cereals (Rice),export
China,139972191.7,4756565785.1,103933.94,KGM,2025,1,10,Cereals (Rice),export
Nigeria,46653665.89,1490636186.41,42250.68,KGM,2025,1,10,Cereals (Rice),export
Indonesia,37986516.66,1222530867.64,31036.64,KGM,2025,1,10,Cereals (Rice),export
South Africa,38921635.99,1210178347.5,25793.5,KGM,2025,1,10,Cereals (Rice),export
Iraq,30684867.95,989952769.92,24314.18,KGM,2025,1,10,Cereals (Rice),export
United States of America,25541463.88,868564518.75,23200.91,KGM,2025,1,10,Cereals (Rice),export
Japan,22897218.01,854749074.89,14848.4,KGM,2025,1,10,Cereals (Rice),export
Saudi Arabia,19126033.83,597756116.66,14704.35,KGM,2025,1,10,Cereals (Rice),export
Philippines,17052184.42,557752973.6,11711.46,KGM,2025,1,10,Cereals (Rice),export
Malaysia,10798348.5,363448867.38,8837.01,KGM,2025,1,10,Cereals (Rice),export
Hong Kong,19048123.48,647183395.69,14983.26,KGM,2025,1,10,Cereals (Rice),export
Singapore,10316746.51,344923321.81,7901.77,KGM,2025,1,10,Cereals (Rice),export
Cameroon,9364125.34,326015563.48,6926.71,KGM,2025,1,10,Cereals (Rice),export
Mozambique,7620504.06,251358185.63,5497.5,KGM,2025,1,10,Cereals (Rice),export
Senegal,6996027.74,244308168.25,5483.62,KGM,2025,1,10,Cereals (Rice),export
Iran,23375469.95,825190333.46,14334.89,KGM,2025,1,10,Cereals (Rice),export
India,6281093.77,204569205.1,8709.57,KGM,2025,1,10,Cereals (Rice),export
Yemen,6791435.24,228041509.6,5498.25,KGM,2025,1,10,Cereals (Rice),export
China,125371700.11,4383418074.4,98694.46,KGM,2025,2,10,Cereals (Rice),export
Nigeria,52986464.34,1807421861.14,35503.93,KGM,2025,2,10,Cereals (Rice),export
Indonesia,43981997.18,1503665652.13,31245.7,KGM,2025,2,10,Cereals (Rice),export
South Africa,32906515.6,1073628719.83,26035.18,KGM,2025,2,10,Cereals (Rice),export
Iraq,22150909.63,754676171.99,21924.15,KGM,2025,2,10,Cereals (Rice),export
United States of America,25018803.81,861821405.86,16966.3,KGM,2025,2,10,Cereals (Rice),export
Japan,20271883.42,736052193.91,14266.19,KGM,2025,2,10,Cereals (Rice),export
Saudi Arabia,14956113.15,476292810.72,14784.74,KGM,2025,2,10,Cereals (Rice),export
Philippines,15249351.47,474880721.03,10732.96,KGM,2025,2,10,Cereals (Rice),export
Malaysia,13192211.44,457993663.77,10517.81,KGM,2025,2,10,Cereals (Rice),export
Hong Kong,16659191.54,556458978.61,16936.55,KGM,2025,2,10,Cereals (Rice),export
Singapore,10598475.01,339987139.28,6716.0,KGM,2025,2,10,Cereals (Rice),export
Cameroon,8792698.95,292634427.3,6619.08,KGM,2025,2,10,Cereals (Rice),export
Mozambique,6908292.57,229202079.44,6106.07,KGM,2025,2,10,Cereals (Rice),export
Senegal,5897349.12,179573706.08,5761.8,KGM,2025,2,10,Cereals (Rice),export
Iran,21280814.16,723990871.42,20258.45,KGM,2025,2,10,Cereals (Rice),export
India,8921935.12,318099044.25,5966.57,KGM,2025,2,10,Cereals (Rice),export
Yemen,7607232.17,245621210.17,4807.82,KGM,2025,2,10,Cereals (Rice),export
China,157705867.83,4905121025.33,136261.77,KGM,2025,3,10,Cereals (Rice),export
Nigeria,50424201.14,1499785114.44,44066.31,KGM,2025,3,10,Cereals (Rice),export
Indonesia,46797290.1,1443324102.68,42683.54,KGM,2025,3,10,Cereals (Rice),export
South Africa,37841623.03,1341860884.41,27806.41,KGM,2025,3,10,Cereals (Rice),export
Iraq,30832851.36,989852229.71,30924.48,KGM,2025,3,10,Cereals (Rice),export
United States of America,30186220.19,989884372.68,23097.83,KGM,2025,3,10,Cereals (Rice),export
Japan,21507953.07,695549933.72,19407.71,KGM,2025,3,10,Cereals (Rice),export
Saudi Arabia,17394620.1,588308583.86,17588.14,KGM,2025,3,10,Cereals (Rice),export
Philippines,17897278.9,585617444.1,12819.87,KGM,2025,3,10,Cereals (Rice),export
Malaysia,13664181.94,464072582.89,11663.65,KGM,2025,3,10,Cereals (Rice),export
Hong Kong,18626813.69,635935358.06,13524.98,KGM,2025,3,10,Cereals (Rice),export
Singapore,11247445.74,335140791.55,7417.43,KGM,2025,3,10,Cereals (Rice),export
Cameroon,9619952.28,323678620.85,6729.46,KGM,2025,3,10,Cereals (Rice),export
Mozambique,7755398.91,251526181.73,6833.5,KGM,2025,3,10,Cereals (Rice),export
Senegal,8782602.15,307575030.01,6660.46,KGM,2025,3,10,Cereals (Rice),export
Iran,23410328.23,775759169.1,20527.07,KGM,2025,3,10,Cereals (Rice),export
India,10714509.94,331118707.75,7408.26,KGM,2025,3,10,Cereals (Rice),export
Yemen,5979696.85,201621963.49,7175.58,KGM,2025,3,10,Cereals (Rice),export
China,152417232.77,4652139377.24,136311.55,KGM,2025,4,10,Cereals (Rice),export
Nigeria,55746567.77,1901705681.42,44945.64,KGM,2025,4,10,Cereals (Rice),export
Indonesia,44845961.85,1398497866.87,32989.59,KGM,2025,4,10,Cereals (Rice),export
South Africa,42977290.21,1382664253.54,28089.61,KGM,2025,4,10,Cereals (Rice),export
Iraq,35868389.85,1091926232.88,24719.54,KGM,2025,4,10,Cereals (Rice),export
United States of America,24337301.91,821286411.16,22970.34,KGM,2025,4,10,Cereals (Rice),export
Japan,23604424.17,721840845.89,20268.86,KGM,2025,4,10,Cereals (Rice),export
Saudi Arabia,16295018.31,567867967.62,19588.99,KGM,2025,4,10,Cereals (Rice),export
Philippines,18679858.64,609766452.24,12778.22,KGM,2025,4,10,Cereals (Rice),export
Malaysia,14452575.44,485666861.93,13387.89,KGM,2025,4,10,Cereals (Rice),export
Hong Kong,20286944.53,693590297.96,15108.46,KGM,2025,4,10,Cereals (Rice),export
Singapore,11913606.03,379869780.72,9300.07,KGM,2025,4,10,Cereals (Rice),export
Cameroon,9527221.36,313824685.24,6710.64,KGM,2025,4,10,Cereals (Rice),export
Mozambique,8750112.82,285730477.65,4936.38,KGM,2025,4,10,Cereals (Rice),export
Senegal,6802808.09,230994380.08,6536.51,KGM,2025,4,10,Cereals (Rice),export
Iran,23064542.99,781578951.79,20543.11,KGM,2025,4,10,Cereals (Rice),export
India,9415297.17,300464612.59,9128.73,KGM,2025,4,10,Cereals (Rice),export
Yemen,8843658.2,280653585.56,6000.8,KGM,2025,4,10,Cereals (Rice),export
China,142314659.98,4863864908.6,102432.65,KGM,2025,5,10,Cereals (Rice),export
Nigeria,49543663.03,1565391446.04,55070.74,KGM,2025,5,10,Cereals (Rice),export
Indonesia,53280212.41,1779890653.29,39447.68,KGM,2025,5,10,Cereals (Rice),export
South Africa,37012496.07,1228905973.4,32798.87,KGM,2025,5,10,Cereals (Rice),export
Iraq,29399022.74,946314319.25,24353.23,KGM,2025,5,10,Cereals (Rice),export
United States of America,27272760.27,900288033.19,27147.96,KGM,2025,5,10,Cereals (Rice),export
Japan,22669099.6,730926701.09,18508.45,KGM,2025,5,10,Cereals (Rice),export
Saudi Arabia,19100169.37,606986256.16,13703.11,KGM,2025,5,10,Cereals (Rice),export
Philippines,19056894.23,624522888.91,14474.94,KGM,2025,5,10,Cereals (Rice),export
Malaysia,14753868.66,482249426.36,11735.49,KGM,2025,5,10,Cereals (Rice),export
Hong Kong,20683639.52,633795435.92,16570.02,KGM,2025,5,10,Cereals (Rice),export
Singapore,11644756.62,395378681.25,7734.21,KGM,2025,5,10,Cereals (Rice),export
Cameroon,10588205.45,347556378.06,7290.09,KGM,2025,5,10,Cereals (Rice),export
Mozambique,6981375.34,237817134.24,7906.48,KGM,2025,5,10,Cereals (Rice),export
Senegal,8771400.41,273350484.27,7415.97,KGM,2025,5,10,Cereals (Rice),export
Iran,26766442.0,823285788.02,23157.83,KGM,2025,5,10,Cereals (Rice),export
India,9664975.64,331346223.3,7523.62,KGM,2025,5,10,Cereals (Rice),export
Yemen,5983433.03,196443252.94,7664.74,KGM,2025,5,10,Cereals (Rice),export
China,156021008.26,5263866042.7,113515.48,KGM,2025,6,10,Cereals (Rice),export
Nigeria,43899219.67,1504498332.7,43624.41,KGM,2025,6,10,Cereals (Rice),export
Indonesia,49018093.08,1622113468.48,30627.61,KGM,2025,6,10,Cereals (Rice),export
South Africa,34993445.5,1074962203.21,27178.32,KGM,2025,6,10,Cereals (Rice),export
Iraq,35413107.78,1281253842.59,30243.2,KGM,2025,6,10,Cereals (Rice),export
United States of America,24371858.97,834730248.71,24974.23,KGM,2025,6,10,Cereals (Rice),export
Japan,22438415.3,703924199.11,16958.65,KGM,2025,6,10,Cereals (Rice),export
Saudi Arabia,18052022.92,632545916.28,15616.29,KGM,2025,6,10,Cereals (Rice),export
Philippines,19047098.94,606016502.03,11061.22,KGM,2025,6,10,Cereals (Rice),export
Malaysia,16150293.5,531580914.7,10431.06,KGM,2025,6,10,Cereals (Rice),export
Hong Kong,15807230.88,476285740.2,17355.04,KGM,2025,6,10,Cereals (Rice),export
Singapore,9555777.53,342862181.72,10300.82,KGM,2025,6,10,Cereals (Rice),export
Cameroon,9251591.23,317907057.33,7579.93,KGM,2025,6,10,Cereals (Rice),export
Mozambique,8823870.32,284762350.7,6553.26,KGM,2025,6,10,Cereals (Rice),export
Senegal,6428461.25,211252895.75,6268.7,KGM,2025,6,10,Cereals (Rice),export
Iran,22778245.67,720913337.61,16766.01,KGM,2025,6,10,Cereals (Rice),export
India,10117720.45,328920270.07,8429.29,KGM,2025,6,10,Cereals (Rice),export
Yemen,7293129.47,250921797.34,5473.55,KGM,2025,6,10,Cereals (Rice),export
China,147957187.6,4962144539.31,123209.48,KGM,2025,7,10,Cereals (Rice),export
Nigeria,57184560.44,1801645339.51,40599.4,KGM,2025,7,10,Cereals (Rice),export
Indonesia,54712103.87,1771821748.88,35908.1,KGM,2025,7,10,Cereals (Rice),export
South Africa,34871397.23,1110523321.29,26874.8,KGM,2025,7,10,Cereals (Rice),export
Iraq,40227601.39,1295723666.84,29707.49,KGM,2025,7,10,Cereals (Rice),export
United States of America,32694486.54,1145337234.61,23168.69,KGM,2025,7,10,Cereals (Rice),export
Japan,30020503.78,994934325.64,22093.13,KGM,2025,7,10,Cereals (Rice),export
Saudi Arabia,21041976.08,636435660.29,15761.79,KGM,2025,7,10,Cereals (Rice),export
Philippines,16541313.02,529070810.85,12543.06,KGM,2025,7,10,Cereals (Rice),export
Malaysia,17395665.36,585561183.69,13388.96,KGM,2025,7,10,Cereals (Rice),export
Hong Kong,21264274.47,724947504.99,12161.02,KGM,2025,7,10,Cereals (Rice),export
Singapore,12908756.69,440806353.47,6902.81,KGM,2025,7,10,Cereals (Rice),export
Cameroon,8432994.25,295066061.14,6006.98,KGM,2025,7,10,Cereals (Rice),export
Mozambique,7958761.59,274453172.51,6471.73,KGM,2025,7,10,Cereals (Rice),export
Senegal,7626545.89,249364176.85,6157.27,KGM,2025,7,10,Cereals (Rice),export
Iran,25437846.98,843803632.72,19132.52,KGM,2025,7,10,Cereals (Rice),export
India,9338167.84,312555617.19,8198.78,KGM,2025,7,10,Cereals (Rice),export
Yemen,9359670.19,306283523.59,6005.41,KGM,2025,7,10,Cereals (Rice),export
China,155553338.57,4878560600.5,135606.1,KGM,2025,8,10,Cereals (Rice),export
Nigeria,61399434.52,2001173480.04,33985.54,KGM,2025,8,10,Cereals (Rice),export
Indonesia,56074135.13,1865320483.96,36983.12,KGM,2025,8,10,Cereals (Rice),export
South Africa,38370560.55,1322143191.62,29068.21,KGM,2025,8,10,Cereals (Rice),export
Iraq,31743811.72,1062228170.32,29356.33,KGM,2025,8,10,Cereals (Rice),export
United States of America,27796807.17,878311789.4,24762.13,KGM,2025,8,10,Cereals (Rice),export
Japan,26642053.84,865616094.68,17060.3,KGM,2025,8,10,Cereals (Rice),export
Saudi Arabia,19744635.54,655720621.98,18369.63,KGM,2025,8,10,Cereals (Rice),export
Philippines,19972085.09,675504939.38,15555.61,KGM,2025,8,10,Cereals (Rice),export
Malaysia,14688210.5,476863687.61,13642.97,KGM,2025,8,10,Cereals (Rice),export
Hong Kong,16752616.85,564231730.83,15787.65,KGM,2025,8,10,Cereals (Rice),export
Singapore,10201307.1,317812718.46,8690.48,KGM,2025,8,10,Cereals (Rice),export
Cameroon,10925146.64,357093348.13,9729.22,KGM,2025,8,10,Cereals (Rice),export
Mozambique,9600016.5,339175259.07,7734.77,KGM,2025,8,10,Cereals (Rice),export
Senegal,7573924.8,246068084.22,6311.1,KGM,2025,8,10,Cereals (Rice),export
Iran,25511669.47,843064156.85,26344.16,KGM,2025,8,10,Cereals (Rice),export
India,9262653.89,323071804.23,6980.13,KGM,2025,8,10,Cereals (Rice),export
Yemen,7406441.38,236861424.69,6998.31,KGM,2025,8,10,Cereals (Rice),export
China,135257096.24,4335515097.27,132898.11,KGM,2025,9,10,Cereals (Rice),export
Nigeria,64585511.84,2184243121.23,52529.34,KGM,2025,9,10,Cereals (Rice),export
Indonesia,50240682.42,1588418484.17,44700.73,KGM,2025,9,10,Cereals (Rice),export
South Africa,31164607.26,1036172884.26,35842.69,KGM,2025,9,10,Cereals (Rice),export
Iraq,33932829.75,1016123084.59,23806.28,KGM,2025,9,10,Cereals (Rice),export
United States of America,31135275.02,1020993040.8,29682.83,KGM,2025,9,10,Cereals (Rice),export
Japan,24879803.03,902360791.02,20589.62,KGM,2025,9,10,Cereals (Rice),export
Saudi Arabia,22202682.23,733624486.6,14669.28,KGM,2025,9,10,Cereals (Rice),export
Philippines,19202834.0,655559883.79,12983.32,KGM,2025,9,10,Cereals (Rice),export
Malaysia,14220918.63,470914348.25,10143.53,KGM,2025,9,10,Cereals (Rice),export
Hong Kong,20480348.15,652361206.98,16517.97,KGM,2025,9,10,Cereals (Rice),export
Singapore,11615485.47,390996155.72,11254.22,KGM,2025,9,10,Cereals (Rice),export
Cameroon,9337159.68,295319191.37,6326.47,KGM,2025,9,10,Cereals (Rice),export
Mozambique,9438670.16,301428884.05,6870.27,KGM,2025,9,10,Cereals (Rice),export
Senegal,7773353.48,265669449.93,6550.35,KGM,2025,9,10,Cereals (Rice),export
Iran,25811417.93,843070844.44,20803.48,KGM,2025,9,10,Cereals (Rice),export
India,9809414.07,334634458.27,9146.37,KGM,2025,9,10,Cereals (Rice),export
Yemen,9949401.21,320891853.91,7092.15,KGM,2025,9,10,Cereals (Rice),export
China,144888904.65,4604210017.86,142013.2,KGM,2025,10,10,Cereals (Rice),export
Nigeria,68879642.17,2309103048.3,46327.51,KGM,2025,10,10,Cereals (Rice),export
Indonesia,47472721.05,1478751169.07,46455.54,KGM,2025,10,10,Cereals (Rice),export
South Africa,43639522.74,1446768426.78,33177.19,KGM,2025,10,10,Cereals (Rice),export
Iraq,35698797.15,1186348560.1,28239.95,KGM,2025,10,10,Cereals (Rice),export
United States of America,28667187.13,930599266.8,22404.9,KGM,2025,10,10,Cereals (Rice),export
Japan,25494716.78,876669541.47,18677.45,KGM,2025,10,10,Cereals (Rice),export
Saudi Arabia,20529578.46,636595693.77,16529.83,KGM,2025,10,10,Cereals (Rice),export
Philippines,23076139.1,734499711.07,19746.8,KGM,2025,10,10,Cereals (Rice),export
Malaysia,17883155.61,633164826.75,12603.59,KGM,2025,10,10,Cereals (Rice),export
Hong Kong,21954159.08,642183207.92,17195.42,KGM,2025,10,10,Cereals (Rice),export
Singapore,11624304.55,387066085.6,10220.31,KGM,2025,10,10,Cereals (Rice),export
Cameroon,9329846.6,315630301.32,7753.0,KGM,2025,10,10,Cereals (Rice),export
Mozambique,8235927.18,287079139.8,7769.11,KGM,2025,10,10,Cereals (Rice),export
Senegal,8823495.0,264438140.59,7070.43,KGM,2025,10,10,Cereals (Rice),export
Iran,24367821.58,782237706.04,26475.75,KGM,2025,10,10,Cereals (Rice),export
India,11962873.73,389789535.87,7873.24,KGM,2025,10,10,Cereals (Rice),export
Yemen,8934042.58,299936077.99,6878.93,KGM,2025,10,10,Cereals (Rice),export
China,143554468.37,4546541213.15,108025.04,KGM,2025,11,10,Cereals (Rice),export
Nigeria,59210882.34,2046086103.11,48655.43,KGM,2025,11,10,Cereals (Rice),export
Indonesia,52571861.22,1746037763.49,44117.87,KGM,2025,11,10,Cereals (Rice),export
South Africa,37042716.12,1229676418.8,33423.79,KGM,2025,11,10,Cereals (Rice),export
Iraq,39253993.23,1175240365.22,25442.88,KGM,2025,11,10,Cereals (Rice),export
United States of America,31821176.95,1041536485.86,26078.23,KGM,2025,11,10,Cereals (Rice),export
Japan,26131351.13,844350772.87,23045.0,KGM,2025,11,10,Cereals (Rice),export
Saudi Arabia,20265793.39,631690413.51,16835.51,KGM,2025,11,10,Cereals (Rice),export
Philippines,18477010.43,655112813.16,14894.79,KGM,2025,11,10,Cereals (Rice),export
Malaysia,15168896.17,521475196.2,12808.21,KGM,2025,11,10,Cereals (Rice),export
Hong Kong,19100790.18,680863048.61,19430.58,KGM,2025,11,10,Cereals (Rice),export
Singapore,12471856.52,442011065.28,9358.67,KGM,2025,11,10,Cereals (Rice),export
Cameroon,11252645.91,395420967.54,8420.69,KGM,2025,11,10,Cereals (Rice),export
Mozambique,10620222.77,354429701.16,7201.98,KGM,2025,11,10,Cereals (Rice),export
Senegal,8819634.7,272647489.18,6693.93,KGM,2025,11,10,Cereals (Rice),export
Iran,23613385.44,796701136.97,17448.84,KGM,2025,11,10,Cereals (Rice),export
India,9188843.43,328481449.52,8531.21,KGM,2025,11,10,Cereals (Rice),export
Yemen,9529236.63,296187235.5,5200.06,KGM,2025,11,10,Cereals (Rice),export
China,125162672.12,3819874440.09,93330.89,KGM,2025,12,10,Cereals (Rice),export
Nigeria,54221158.64,1866891481.42,47098.19,KGM,2025,12,10,Cereals (Rice),export
Indonesia,43087119.45,1444862603.91,35005.95,KGM,2025,12,10,Cereals (Rice),export
South Africa,35794093.58,1204311868.41,31765.32,KGM,2025,12,10,Cereals (Rice),export
Iraq,30471828.09,1074087677.18,19687.09,KGM,2025,12,10,Cereals (Rice),export
United States of America,25277972.67,761501770.27,22643.6,KGM,2025,12,10,Cereals (Rice),export
Japan,22591072.33,750541007.05,18311.02,KGM,2025,12,10,Cereals (Rice),export
Saudi Arabia,23546289.98,806012966.12,13378.44,KGM,2025,12,10,Cereals (Rice),export
Philippines,17136031.73,586198011.61,11966.31,KGM,2025,12,10,Cereals (Rice),export
Malaysia,13347016.49,479711044.83,11996.2,KGM,2025,12,10,Cereals (Rice),export
Hong Kong,18366178.79,635053503.49,13986.36,KGM,2025,12,10,Cereals (Rice),export
Singapore,12372206.68,399876702.25,7764.29,KGM,2025,12,10,Cereals (Rice),export
Cameroon,9657699.59,304879108.53,7122.67,KGM,2025,12,10,Cereals (Rice),export
Mozambique,8582233.73,278909047.98,7038.46,KGM,2025,12,10,Cereals (Rice),export
Senegal,7281733.48,228334364.28,5389.27,KGM,2025,12,10,Cereals (Rice),export
Iran,21492472.21,661696611.92,18253.86,KGM,2025,12,10,Cereals (Rice),export
India,8663076.3,301405662.88,7313.61,KGM,2025,12,10,Cereals (Rice),export
Yemen,7011099.83,229161373.35,4924.23,KGM,2025,12,10,Cereals (Rice),export
China,125558962.56,4079805201.23,113535.52,KGM,2026,1,10,Cereals (Rice),export
Nigeria,38808943.31,1288982582.49,61460.04,KGM,2026,1,10,Cereals (Rice),export
Indonesia,44762379.67,1378822120.73,28928.16,KGM,2026,1,10,Cereals (Rice),export
South Africa,35166975.83,1197547048.93,29540.12,KGM,2026,1,10,Cereals (Rice),export
Iraq,31794068.88,929763497.35,21309.52,KGM,2026,1,10,Cereals (Rice),export
United States of America,26353208.11,819746644.41,19931.42,KGM,2026,1,10,Cereals (Rice),export
Japan,24020242.49,814897614.0,14391.32,KGM,2026,1,10,Cereals (Rice),export
Saudi Arabia,15244141.81,524413135.14,14425.78,KGM,2026,1,10,Cereals (Rice),export
Philippines,15432252.91,553660306.21,15368.77,KGM,2026,1,10,Cereals (Rice),export
Malaysia,13625679.93,471326756.78,11339.76,KGM,2026,1,10,Cereals (Rice),export
Hong Kong,18712842.0,602813544.18,14942.26,KGM,2026,1,10,Cereals (Rice),export
Singapore,8851303.14,323723587.32,7097.43,KGM,2026,1,10,Cereals (Rice),export
Cameroon,9159461.92,319619340.08,6889.38,KGM,2026,1,10,Cereals (Rice),export
Mozambique,7387482.86,244642316.71,6835.84,KGM,2026,1,10,Cereals (Rice),export
Senegal,7425224.86,234287812.01,5449.68,KGM,2026,1,10,Cereals (Rice),export
Iran,20357931.0,671721018.97,16077.31,KGM,2026,1,10,Cereals (Rice),export
India,7492522.72,248776377.96,6036.06,KGM,2026,1,10,Cereals (Rice),export
Yemen,7008034.41,230791635.52,5808.57,KGM,2026,1,10,Cereals (Rice),export
China,193136104.32,6263670492.36,125297.05,KGM,2026,2,10,Cereals (Rice),export
Nigeria,62334084.25,2052384469.86,55410.38,KGM,2026,2,10,Cereals (Rice),export
Indonesia,54946215.58,1789289258.94,43095.2,KGM,2026,2,10,Cereals (Rice),export
South Africa,41596143.04,1387839399.5,39226.85,KGM,2026,2,10,Cereals (Rice),export
Iraq,32448070.82,967881470.27,27693.85,KGM,2026,2,10,Cereals (Rice),export
United States of America,31278943.71,969268509.15,28570.43,KGM,2026,2,10,Cereals (Rice),export
Japan,26097500.29,903931495.89,23002.44,KGM,2026,2,10,Cereals (Rice),export
Saudi Arabia,23202551.01,783257712.72,12766.72,KGM,2026,2,10,Cereals (Rice),export
Philippines,15725747.17,538318798.28,13036.12,KGM,2026,2,10,Cereals (Rice),export
Malaysia,15671327.2,495313062.03,13417.73,KGM,2026,2,10,Cereals (Rice),export
Hong Kong,23601201.6,810322409.01,17815.27,KGM,2026,2,10,Cereals (Rice),export
Singapore,11008858.16,358071452.51,11261.51,KGM,2026,2,10,Cereals (Rice),export
Cameroon,9656353.78,327107223.62,8845.56,KGM,2026,2,10,Cereals (Rice),export
Mozambique,8472642.13,302655705.12,9232.48,KGM,2026,2,10,Cereals (Rice),export
Senegal,8725822.91,292268640.47,6922.37,KGM,2026,2,10,Cereals (Rice),export
Iran,2172707.12,72023746.93,2084.85,KGM,2026,2,10,Cereals (Rice),export
India,9692571.98,285233603.45,7922.56,KGM,2026,2,10,Cereals (Rice),export
Yemen,7325163.83,260752357.89,7310.54,KGM,2026,2,10,Cereals (Rice),export
China,156158758.53,5410522063.05,140966.66,KGM,2026,3,10,Cereals (Rice),export
Nigeria,65382076.97,2154294679.18,59653.52,KGM,2026,3,10,Cereals (Rice),export
Indonesia,64316835.43,2015891259.26,38903.95,KGM,2026,3,10,Cereals (Rice),export
South Africa,47265321.1,1555762345.68,37208.66,KGM,2026,3,10,Cereals (Rice),export
Iraq,42549224.79,1316721782.41,28591.53,KGM,2026,3,10,Cereals (Rice),export
United States of America,32760377.19,1067148950.24,26302.58,KGM,2026,3,10,Cereals (Rice),export
Japan,32384420.11,1094588859.64,25115.43,KGM,2026,3,10,Cereals (Rice),export
Saudi Arabia,23500377.07,745410393.48,17433.73,KGM,2026,3,10,Cereals (Rice),export
Philippines,18213961.58,599888063.0,15173.28,KGM,2026,3,10,Cereals (Rice),export
Malaysia,15251018.49,498835541.05,14074.6,KGM,2026,3,10,Cereals (Rice),export
Hong Kong,22076610.95,647044981.38,20955.55,KGM,2026,3,10,Cereals (Rice),export
Singapore,13264683.47,442481241.87,7920.05,KGM,2026,3,10,Cereals (Rice),export
Cameroon,12371127.73,385551312.7,7705.03,KGM,2026,3,10,Cereals (Rice),export
Mozambique,8588523.91,279030986.61,8339.61,KGM,2026,3,10,Cereals (Rice),export
Senegal,8939749.11,281956123.57,7031.95,KGM,2026,3,10,Cereals (Rice),export
Iran,3199022.3,99883088.22,2374.13,KGM,2026,3,10,Cereals (Rice),export
India,10689721.44,375304273.83,8233.65,KGM,2026,3,10,Cereals (Rice),export
Yemen,9850037.24,350275517.41,7245.13,KGM,2026,3,10,Cereals (Rice),export
Japan,100777983.64,3263609542.07,68450.95,KGM,2019,1,16,Prepared Meat/Fish (Canned Food),export
United States of America,56540798.13,2012906787.01,41567.46,KGM,2019,1,16,Prepared Meat/Fish (Canned Food),export
United Kingdom,26381189.99,897905294.0,25911.81,KGM,2019,1,16,Prepared Meat/Fish (Canned Food),export
Australia,24884177.32,762982607.67,24993.28,KGM,2019,1,16,Prepared Meat/Fish (Canned Food),export
Canada,18187232.61,626384472.9,13805.96,KGM,2019,1,16,Prepared Meat/Fish (Canned Food),export
Germany,15185229.93,529345258.36,9301.3,KGM,2019,1,16,Prepared Meat/Fish (Canned Food),export
Netherlands,13840809.47,449486949.85,9247.82,KGM,2019,1,16,Prepared Meat/Fish (Canned Food),export
Saudi Arabia,9570126.59,317969149.51,8619.6,KGM,2019,1,16,Prepared Meat/Fish (Canned Food),export
United Arab Emirates,8505510.5,260106076.3,6659.45,KGM,2019,1,16,Prepared Meat/Fish (Canned Food),export
Singapore,7580643.74,250514647.5,4511.85,KGM,2019,1,16,Prepared Meat/Fish (Canned Food),export
Malaysia,5412557.16,178564706.96,5312.0,KGM,2019,1,16,Prepared Meat/Fish (Canned Food),export
"Korea, Republic of",11443679.46,395623821.5,9710.57,KGM,2019,1,16,Prepared Meat/Fish (Canned Food),export
France,6152635.43,221595848.29,5825.69,KGM,2019,1,16,Prepared Meat/Fish (Canned Food),export
Libya,3710336.88,121997539.84,2640.7,KGM,2019,1,16,Prepared Meat/Fish (Canned Food),export
Egypt,4231186.99,145145184.04,3023.06,KGM,2019,1,16,Prepared Meat/Fish (Canned Food),export
Japan,89966996.75,2956323441.33,57110.41,KGM,2019,2,16,Prepared Meat/Fish (Canned Food),export
United States of America,53456705.99,1650623915.96,36620.67,KGM,2019,2,16,Prepared Meat/Fish (Canned Food),export
United Kingdom,24746447.17,799633691.89,22507.74,KGM,2019,2,16,Prepared Meat/Fish (Canned Food),export
Australia,22413679.84,764783949.15,18900.65,KGM,2019,2,16,Prepared Meat/Fish (Canned Food),export
Canada,18339982.67,598938547.21,15869.84,KGM,2019,2,16,Prepared Meat/Fish (Canned Food),export
Germany,16436956.02,530365077.39,11806.72,KGM,2019,2,16,Prepared Meat/Fish (Canned Food),export
Netherlands,12868513.56,418750726.03,8672.36,KGM,2019,2,16,Prepared Meat/Fish (Canned Food),export
Saudi Arabia,11081847.62,358882938.57,9123.9,KGM,2019,2,16,Prepared Meat/Fish (Canned Food),export
United Arab Emirates,10823806.86,329935707.06,6659.48,KGM,2019,2,16,Prepared Meat/Fish (Canned Food),export
Singapore,7942730.93,264870483.56,6079.51,KGM,2019,2,16,Prepared Meat/Fish (Canned Food),export
Malaysia,6078612.93,215356286.39,5340.73,KGM,2019,2,16,Prepared Meat/Fish (Canned Food),export
"Korea, Republic of",10839235.0,301547180.22,7000.57,KGM,2019,2,16,Prepared Meat/Fish (Canned Food),export
France,7355729.69,241638890.04,4996.25,KGM,2019,2,16,Prepared Meat/Fish (Canned Food),export
Libya,3255118.34,103682318.48,2533.82,KGM,2019,2,16,Prepared Meat/Fish (Canned Food),export
Egypt,3963177.97,134195051.74,3716.7,KGM,2019,2,16,Prepared Meat/Fish (Canned Food),export
Japan,83524106.18,2803794231.36,66225.78,KGM,2019,3,16,Prepared Meat/Fish (Canned Food),export
United States of America,69999181.65,2204668797.19,56972.49,KGM,2019,3,16,Prepared Meat/Fish (Canned Food),export
United Kingdom,34799486.2,1137792634.43,19933.47,KGM,2019,3,16,Prepared Meat/Fish (Canned Food),export
Australia,29057802.43,1050128214.88,16637.05,KGM,2019,3,16,Prepared Meat/Fish (Canned Food),export
Canada,22417417.55,707324618.72,17062.64,KGM,2019,3,16,Prepared Meat/Fish (Canned Food),export
Germany,15725502.59,492459959.54,13868.11,KGM,2019,3,16,Prepared Meat/Fish (Canned Food),export
Netherlands,13992824.22,430392791.57,12645.41,KGM,2019,3,16,Prepared Meat/Fish (Canned Food),export
Saudi Arabia,12269754.34,387530741.62,7499.56,KGM,2019,3,16,Prepared Meat/Fish (Canned Food),export
United Arab Emirates,9020637.02,288198675.63,8068.36,KGM,2019,3,16,Prepared Meat/Fish (Canned Food),export
Singapore,8016059.14,258149768.58,5811.04,KGM,2019,3,16,Prepared Meat/Fish (Canned Food),export
Malaysia,8016096.32,273659355.77,4913.24,KGM,2019,3,16,Prepared Meat/Fish (Canned Food),export
"Korea, Republic of",11873736.64,370148490.8,8843.87,KGM,2019,3,16,Prepared Meat/Fish (Canned Food),export
France,7009229.59,229726927.79,5771.96,KGM,2019,3,16,Prepared Meat/Fish (Canned Food),export
Libya,4197222.56,137039458.26,3052.58,KGM,2019,3,16,Prepared Meat/Fish (Canned Food),export
Egypt,4710104.64,159989086.38,4017.41,KGM,2019,3,16,Prepared Meat/Fish (Canned Food),export
Japan,84407738.34,2940858960.9,75746.24,KGM,2019,4,16,Prepared Meat/Fish (Canned Food),export
United States of America,56734682.97,1857705367.39,52732.76,KGM,2019,4,16,Prepared Meat/Fish (Canned Food),export
United Kingdom,30815526.41,1018615043.67,31122.03,KGM,2019,4,16,Prepared Meat/Fish (Canned Food),export
Australia,32902689.66,1108504243.95,22882.11,KGM,2019,4,16,Prepared Meat/Fish (Canned Food),export
Canada,19238172.75,646672348.59,15223.79,KGM,2019,4,16,Prepared Meat/Fish (Canned Food),export
Germany,17031905.85,571676216.64,14004.31,KGM,2019,4,16,Prepared Meat/Fish (Canned Food),export
Netherlands,12735461.24,436506842.85,10622.05,KGM,2019,4,16,Prepared Meat/Fish (Canned Food),export
Saudi Arabia,9850879.93,323425861.47,10144.11,KGM,2019,4,16,Prepared Meat/Fish (Canned Food),export
United Arab Emirates,10632590.23,340285732.24,8231.96,KGM,2019,4,16,Prepared Meat/Fish (Canned Food),export
Singapore,7587364.14,256984740.81,6123.47,KGM,2019,4,16,Prepared Meat/Fish (Canned Food),export
Malaysia,5657872.95,179215660.95,5991.05,KGM,2019,4,16,Prepared Meat/Fish (Canned Food),export
"Korea, Republic of",12483773.24,380836354.75,10205.13,KGM,2019,4,16,Prepared Meat/Fish (Canned Food),export
France,7981392.42,264438896.13,6655.3,KGM,2019,4,16,Prepared Meat/Fish (Canned Food),export
Libya,4033434.61,126637980.23,2788.08,KGM,2019,4,16,Prepared Meat/Fish (Canned Food),export
Egypt,4224756.81,138684586.74,4180.62,KGM,2019,4,16,Prepared Meat/Fish (Canned Food),export
Japan,99482467.61,3277907097.25,63627.26,KGM,2019,5,16,Prepared Meat/Fish (Canned Food),export
United States of America,70890913.81,2282466997.42,41545.56,KGM,2019,5,16,Prepared Meat/Fish (Canned Food),export
United Kingdom,28098836.23,889286359.87,25321.76,KGM,2019,5,16,Prepared Meat/Fish (Canned Food),export
Australia,30277650.76,1057818054.27,23807.2,KGM,2019,5,16,Prepared Meat/Fish (Canned Food),export
Canada,20720671.15,666448037.88,17343.64,KGM,2019,5,16,Prepared Meat/Fish (Canned Food),export
Germany,14828225.58,516984343.77,14668.95,KGM,2019,5,16,Prepared Meat/Fish (Canned Food),export
Netherlands,16058483.55,506466259.13,12188.97,KGM,2019,5,16,Prepared Meat/Fish (Canned Food),export
Saudi Arabia,13927035.22,501892995.71,10695.41,KGM,2019,5,16,Prepared Meat/Fish (Canned Food),export
United Arab Emirates,8845576.05,299189754.66,8828.06,KGM,2019,5,16,Prepared Meat/Fish (Canned Food),export
Singapore,8048310.67,270451550.12,7757.73,KGM,2019,5,16,Prepared Meat/Fish (Canned Food),export
Malaysia,6797330.23,214637337.57,5914.8,KGM,2019,5,16,Prepared Meat/Fish (Canned Food),export
"Korea, Republic of",11914355.36,410853570.52,10844.59,KGM,2019,5,16,Prepared Meat/Fish (Canned Food),export
France,8517676.94,285958965.05,6066.61,KGM,2019,5,16,Prepared Meat/Fish (Canned Food),export
Libya,4468083.18,148227400.31,2544.49,KGM,2019,5,16,Prepared Meat/Fish (Canned Food),export
Egypt,4904905.1,164699521.45,4457.78,KGM,2019,5,16,Prepared Meat/Fish (Canned Food),export
Japan,106940387.36,3529297735.62,76881.13,KGM,2019,6,16,Prepared Meat/Fish (Canned Food),export
United States of America,74417057.79,2475260498.86,53976.47,KGM,2019,6,16,Prepared Meat/Fish (Canned Food),export
United Kingdom,28777745.19,862814357.52,26976.29,KGM,2019,6,16,Prepared Meat/Fish (Canned Food),export
Australia,28214469.01,963539527.33,23981.4,KGM,2019,6,16,Prepared Meat/Fish (Canned Food),export
Canada,19126785.12,673315245.66,17762.32,KGM,2019,6,16,Prepared Meat/Fish (Canned Food),export
Germany,15910735.43,531971619.44,11075.21,KGM,2019,6,16,Prepared Meat/Fish (Canned Food),export
Netherlands,13476244.58,463380742.82,11037.05,KGM,2019,6,16,Prepared Meat/Fish (Canned Food),export
Saudi Arabia,15143046.58,482970364.81,8975.16,KGM,2019,6,16,Prepared Meat/Fish (Canned Food),export
United Arab Emirates,9751333.66,350072281.27,7623.59,KGM,2019,6,16,Prepared Meat/Fish (Canned Food),export
Singapore,8049017.34,285130533.15,6483.59,KGM,2019,6,16,Prepared Meat/Fish (Canned Food),export
Malaysia,8091157.38,256010940.7,6844.04,KGM,2019,6,16,Prepared Meat/Fish (Canned Food),export
"Korea, Republic of",12074020.9,412954362.81,8927.38,KGM,2019,6,16,Prepared Meat/Fish (Canned Food),export
France,9541456.73,309654982.75,6310.58,KGM,2019,6,16,Prepared Meat/Fish (Canned Food),export
Libya,4113791.72,131597181.31,2768.73,KGM,2019,6,16,Prepared Meat/Fish (Canned Food),export
Egypt,5494365.77,182080384.94,3651.4,KGM,2019,6,16,Prepared Meat/Fish (Canned Food),export
Japan,86919810.26,2794908086.62,78617.59,KGM,2019,7,16,Prepared Meat/Fish (Canned Food),export
United States of America,58522190.11,2005552004.64,58391.8,KGM,2019,7,16,Prepared Meat/Fish (Canned Food),export
United Kingdom,30101537.63,995351832.41,25974.88,KGM,2019,7,16,Prepared Meat/Fish (Canned Food),export
Australia,23873611.45,833891560.27,19421.47,KGM,2019,7,16,Prepared Meat/Fish (Canned Food),export
Canada,18614318.97,576706586.95,19183.03,KGM,2019,7,16,Prepared Meat/Fish (Canned Food),export
Germany,17764712.96,581685107.11,12835.25,KGM,2019,7,16,Prepared Meat/Fish (Canned Food),export
Netherlands,17783903.87,602735578.64,10193.97,KGM,2019,7,16,Prepared Meat/Fish (Canned Food),export
Saudi Arabia,13191862.08,414017406.79,14025.49,KGM,2019,7,16,Prepared Meat/Fish (Canned Food),export
United Arab Emirates,9374015.21,306526587.12,8783.29,KGM,2019,7,16,Prepared Meat/Fish (Canned Food),export
Singapore,7947457.54,259088286.7,7432.68,KGM,2019,7,16,Prepared Meat/Fish (Canned Food),export
Malaysia,6831105.7,229271936.08,6522.87,KGM,2019,7,16,Prepared Meat/Fish (Canned Food),export
"Korea, Republic of",12108941.76,382977251.74,9567.64,KGM,2019,7,16,Prepared Meat/Fish (Canned Food),export
France,8937580.71,284619323.67,6378.58,KGM,2019,7,16,Prepared Meat/Fish (Canned Food),export
Libya,3631018.68,117053605.01,3490.2,KGM,2019,7,16,Prepared Meat/Fish (Canned Food),export
Egypt,3993662.34,130391496.39,3422.43,KGM,2019,7,16,Prepared Meat/Fish (Canned Food),export
Japan,100882962.05,3271217392.28,79991.85,KGM,2019,8,16,Prepared Meat/Fish (Canned Food),export
United States of America,58532471.1,2035505634.81,49168.31,KGM,2019,8,16,Prepared Meat/Fish (Canned Food),export
United Kingdom,37891049.9,1278226298.17,29371.6,KGM,2019,8,16,Prepared Meat/Fish (Canned Food),export
Australia,32759704.21,1082688324.17,20800.96,KGM,2019,8,16,Prepared Meat/Fish (Canned Food),export
Canada,19054426.74,639315981.98,14894.66,KGM,2019,8,16,Prepared Meat/Fish (Canned Food),export
Germany,18791921.59,666615242.61,13413.87,KGM,2019,8,16,Prepared Meat/Fish (Canned Food),export
Netherlands,15777206.79,494929512.29,11207.87,KGM,2019,8,16,Prepared Meat/Fish (Canned Food),export
Saudi Arabia,14185844.29,482518315.69,10458.78,KGM,2019,8,16,Prepared Meat/Fish (Canned Food),export
United Arab Emirates,7562297.84,243750545.52,8481.93,KGM,2019,8,16,Prepared Meat/Fish (Canned Food),export
Singapore,7387023.07,255869638.78,6815.02,KGM,2019,8,16,Prepared Meat/Fish (Canned Food),export
Malaysia,9475661.35,302617375.19,6359.58,KGM,2019,8,16,Prepared Meat/Fish (Canned Food),export
"Korea, Republic of",11884265.46,374410085.14,11490.43,KGM,2019,8,16,Prepared Meat/Fish (Canned Food),export
France,9117583.5,303384418.87,7108.66,KGM,2019,8,16,Prepared Meat/Fish (Canned Food),export
Libya,3618682.44,111501605.48,3286.27,KGM,2019,8,16,Prepared Meat/Fish (Canned Food),export
Egypt,4847052.59,168903239.01,4573.43,KGM,2019,8,16,Prepared Meat/Fish (Canned Food),export
Japan,107246460.82,3794610256.29,78250.97,KGM,2019,9,16,Prepared Meat/Fish (Canned Food),export
United States of America,65914865.56,2244053435.4,48368.19,KGM,2019,9,16,Prepared Meat/Fish (Canned Food),export
United Kingdom,36602069.15,1213370958.09,26176.94,KGM,2019,9,16,Prepared Meat/Fish (Canned Food),export
Australia,31979114.97,1077325486.28,25098.82,KGM,2019,9,16,Prepared Meat/Fish (Canned Food),export
Canada,20768748.74,685915689.91,18605.11,KGM,2019,9,16,Prepared Meat/Fish (Canned Food),export
Germany,16674331.59,547804270.87,13586.91,KGM,2019,9,16,Prepared Meat/Fish (Canned Food),export
Netherlands,13473529.12,445938220.46,11637.37,KGM,2019,9,16,Prepared Meat/Fish (Canned Food),export
Saudi Arabia,11351824.27,415215306.88,9718.9,KGM,2019,9,16,Prepared Meat/Fish (Canned Food),export
United Arab Emirates,9314278.72,295722985.0,8013.12,KGM,2019,9,16,Prepared Meat/Fish (Canned Food),export
Singapore,8647738.75,282220124.16,6315.47,KGM,2019,9,16,Prepared Meat/Fish (Canned Food),export
Malaysia,7309144.21,242096804.25,7097.68,KGM,2019,9,16,Prepared Meat/Fish (Canned Food),export
"Korea, Republic of",11808598.39,372710068.37,11559.4,KGM,2019,9,16,Prepared Meat/Fish (Canned Food),export
France,7381429.83,264704692.33,6997.44,KGM,2019,9,16,Prepared Meat/Fish (Canned Food),export
Libya,3575396.94,122023966.07,2940.99,KGM,2019,9,16,Prepared Meat/Fish (Canned Food),export
Egypt,4912781.27,155950182.03,4508.42,KGM,2019,9,16,Prepared Meat/Fish (Canned Food),export
Japan,109533191.52,3418324495.14,104486.71,KGM,2019,10,16,Prepared Meat/Fish (Canned Food),export
United States of America,79371077.83,2441941186.44,62298.13,KGM,2019,10,16,Prepared Meat/Fish (Canned Food),export
United Kingdom,38012041.89,1259591386.2,29051.62,KGM,2019,10,16,Prepared Meat/Fish (Canned Food),export
Australia,32560030.33,1077904637.38,24140.49,KGM,2019,10,16,Prepared Meat/Fish (Canned Food),export
Canada,23043267.96,707641671.2,19611.49,KGM,2019,10,16,Prepared Meat/Fish (Canned Food),export
Germany,20323594.61,693897164.48,12403.66,KGM,2019,10,16,Prepared Meat/Fish (Canned Food),export
Netherlands,16328701.06,551783029.24,10967.55,KGM,2019,10,16,Prepared Meat/Fish (Canned Food),export
Saudi Arabia,12223701.04,390348585.39,12185.16,KGM,2019,10,16,Prepared Meat/Fish (Canned Food),export
United Arab Emirates,9185415.01,305616995.24,10230.29,KGM,2019,10,16,Prepared Meat/Fish (Canned Food),export
Singapore,9780472.01,295001376.42,6464.33,KGM,2019,10,16,Prepared Meat/Fish (Canned Food),export
Malaysia,9456913.96,319048169.68,6475.0,KGM,2019,10,16,Prepared Meat/Fish (Canned Food),export
"Korea, Republic of",14386404.3,479633286.63,10365.33,KGM,2019,10,16,Prepared Meat/Fish (Canned Food),export
France,10434557.33,359086007.3,7171.97,KGM,2019,10,16,Prepared Meat/Fish (Canned Food),export
Libya,3603938.86,110702166.7,4085.46,KGM,2019,10,16,Prepared Meat/Fish (Canned Food),export
Egypt,5945080.76,195332280.99,4522.5,KGM,2019,10,16,Prepared Meat/Fish (Canned Food),export
Japan,104944364.86,3333977078.01,82228.21,KGM,2019,11,16,Prepared Meat/Fish (Canned Food),export
United States of America,69211100.96,2419167453.69,71512.81,KGM,2019,11,16,Prepared Meat/Fish (Canned Food),export
United Kingdom,32255788.77,1069084854.81,29174.66,KGM,2019,11,16,Prepared Meat/Fish (Canned Food),export
Australia,30476742.77,1026116788.76,21757.09,KGM,2019,11,16,Prepared Meat/Fish (Canned Food),export
Canada,23951741.52,860665403.86,15898.8,KGM,2019,11,16,Prepared Meat/Fish (Canned Food),export
Germany,20355539.07,634124311.63,15063.02,KGM,2019,11,16,Prepared Meat/Fish (Canned Food),export
Netherlands,16538239.72,558491938.06,13150.41,KGM,2019,11,16,Prepared Meat/Fish (Canned Food),export
Saudi Arabia,15357365.16,553966881.16,10376.16,KGM,2019,11,16,Prepared Meat/Fish (Canned Food),export
United Arab Emirates,11030894.61,403720437.66,8184.42,KGM,2019,11,16,Prepared Meat/Fish (Canned Food),export
Singapore,9566404.51,316899823.82,6681.05,KGM,2019,11,16,Prepared Meat/Fish (Canned Food),export
Malaysia,8455010.25,280713626.94,6244.86,KGM,2019,11,16,Prepared Meat/Fish (Canned Food),export
"Korea, Republic of",12167205.23,403460011.04,8456.43,KGM,2019,11,16,Prepared Meat/Fish (Canned Food),export
France,8957024.58,287840392.97,7513.66,KGM,2019,11,16,Prepared Meat/Fish (Canned Food),export
Libya,3824588.52,132267468.28,3124.04,KGM,2019,11,16,Prepared Meat/Fish (Canned Food),export
Egypt,4946696.0,160922845.76,4015.07,KGM,2019,11,16,Prepared Meat/Fish (Canned Food),export
Japan,86302659.24,2735217334.77,67477.56,KGM,2019,12,16,Prepared Meat/Fish (Canned Food),export
United States of America,69924026.99,2438371870.82,53071.1,KGM,2019,12,16,Prepared Meat/Fish (Canned Food),export
United Kingdom,35111308.59,1176761896.24,17615.29,KGM,2019,12,16,Prepared Meat/Fish (Canned Food),export
Australia,25260420.67,805499070.21,24343.57,KGM,2019,12,16,Prepared Meat/Fish (Canned Food),export
Canada,17146212.97,558040435.18,12694.69,KGM,2019,12,16,Prepared Meat/Fish (Canned Food),export
Germany,16736249.4,522104498.32,12643.74,KGM,2019,12,16,Prepared Meat/Fish (Canned Food),export
Netherlands,16770669.54,572988627.2,11900.51,KGM,2019,12,16,Prepared Meat/Fish (Canned Food),export
Saudi Arabia,12977783.15,410524252.09,7389.2,KGM,2019,12,16,Prepared Meat/Fish (Canned Food),export
United Arab Emirates,9957170.45,324479090.77,6643.96,KGM,2019,12,16,Prepared Meat/Fish (Canned Food),export
Singapore,7607065.5,246916021.58,5193.16,KGM,2019,12,16,Prepared Meat/Fish (Canned Food),export
Malaysia,7531007.22,261096420.44,6003.19,KGM,2019,12,16,Prepared Meat/Fish (Canned Food),export
"Korea, Republic of",12661357.25,424029079.17,9648.08,KGM,2019,12,16,Prepared Meat/Fish (Canned Food),export
France,7860886.92,247264849.73,5671.83,KGM,2019,12,16,Prepared Meat/Fish (Canned Food),export
Libya,3568987.68,114265641.49,2946.69,KGM,2019,12,16,Prepared Meat/Fish (Canned Food),export
Egypt,4790362.6,160304623.37,3769.16,KGM,2019,12,16,Prepared Meat/Fish (Canned Food),export
Japan,93825162.71,3095023839.88,82916.0,KGM,2020,1,16,Prepared Meat/Fish (Canned Food),export
United States of America,66519907.03,2307871608.82,51338.02,KGM,2020,1,16,Prepared Meat/Fish (Canned Food),export
United Kingdom,35091668.27,1163487154.5,25843.23,KGM,2020,1,16,Prepared Meat/Fish (Canned Food),export
Australia,26693916.1,860727754.18,19956.09,KGM,2020,1,16,Prepared Meat/Fish (Canned Food),export
Canada,20586831.24,729230008.65,13359.73,KGM,2020,1,16,Prepared Meat/Fish (Canned Food),export
Germany,14877463.41,475488593.3,16236.03,KGM,2020,1,16,Prepared Meat/Fish (Canned Food),export
Netherlands,13936156.86,443314359.79,10417.56,KGM,2020,1,16,Prepared Meat/Fish (Canned Food),export
Saudi Arabia,12535285.8,400952250.57,7861.51,KGM,2020,1,16,Prepared Meat/Fish (Canned Food),export
United Arab Emirates,9595440.18,296615896.12,7899.42,KGM,2020,1,16,Prepared Meat/Fish (Canned Food),export
Singapore,7992693.27,252756256.08,6136.13,KGM,2020,1,16,Prepared Meat/Fish (Canned Food),export
Malaysia,6261718.33,222767934.85,4111.35,KGM,2020,1,16,Prepared Meat/Fish (Canned Food),export
"Korea, Republic of",12480471.33,426811670.35,7661.82,KGM,2020,1,16,Prepared Meat/Fish (Canned Food),export
France,7119755.12,229654035.55,6706.01,KGM,2020,1,16,Prepared Meat/Fish (Canned Food),export
Libya,3639439.94,116512909.99,2916.79,KGM,2020,1,16,Prepared Meat/Fish (Canned Food),export
Egypt,5166149.79,171334958.91,4016.52,KGM,2020,1,16,Prepared Meat/Fish (Canned Food),export
Japan,96520094.28,3007306675.42,56364.79,KGM,2020,2,16,Prepared Meat/Fish (Canned Food),export
United States of America,61136484.63,2043126985.51,50814.69,KGM,2020,2,16,Prepared Meat/Fish (Canned Food),export
United Kingdom,23689002.71,796540058.1,20370.43,KGM,2020,2,16,Prepared Meat/Fish (Canned Food),export
Australia,31731514.76,1122215369.03,23413.92,KGM,2020,2,16,Prepared Meat/Fish (Canned Food),export
Canada,18859228.35,593118427.86,15173.86,KGM,2020,2,16,Prepared Meat/Fish (Canned Food),export
Germany,15980533.68,543962960.99,11570.82,KGM,2020,2,16,Prepared Meat/Fish (Canned Food),export
Netherlands,13172798.85,432968924.9,10857.89,KGM,2020,2,16,Prepared Meat/Fish (Canned Food),export
Saudi Arabia,11189573.65,348003077.7,9805.68,KGM,2020,2,16,Prepared Meat/Fish (Canned Food),export
United Arab Emirates,7447946.42,261876211.99,7361.93,KGM,2020,2,16,Prepared Meat/Fish (Canned Food),export
Singapore,8530831.59,276362169.32,4979.09,KGM,2020,2,16,Prepared Meat/Fish (Canned Food),export
Malaysia,5594960.28,194057125.1,4905.92,KGM,2020,2,16,Prepared Meat/Fish (Canned Food),export
"Korea, Republic of",10929641.55,369614559.2,8362.21,KGM,2020,2,16,Prepared Meat/Fish (Canned Food),export
France,6715776.58,221694013.49,6952.39,KGM,2020,2,16,Prepared Meat/Fish (Canned Food),export
Libya,3501345.48,120477548.7,3123.85,KGM,2020,2,16,Prepared Meat/Fish (Canned Food),export
Egypt,5076138.16,175782018.77,3413.76,KGM,2020,2,16,Prepared Meat/Fish (Canned Food),export
Japan,74130266.72,2359920932.9,54402.71,KGM,2020,3,16,Prepared Meat/Fish (Canned Food),export
United States of America,43558008.5,1510311218.34,35656.41,KGM,2020,3,16,Prepared Meat/Fish (Canned Food),export
United Kingdom,26191288.36,795702173.71,16655.14,KGM,2020,3,16,Prepared Meat/Fish (Canned Food),export
Australia,19023858.76,619133412.99,15527.67,KGM,2020,3,16,Prepared Meat/Fish (Canned Food),export
Canada,17082260.87,606774716.8,11427.34,KGM,2020,3,16,Prepared Meat/Fish (Canned Food),export
Germany,10176155.51,347803929.84,9375.64,KGM,2020,3,16,Prepared Meat/Fish (Canned Food),export
Netherlands,11940739.13,411986905.99,8451.72,KGM,2020,3,16,Prepared Meat/Fish (Canned Food),export
Saudi Arabia,9918500.83,331995954.81,6738.05,KGM,2020,3,16,Prepared Meat/Fish (Canned Food),export
United Arab Emirates,7855114.2,279182448.41,5440.87,KGM,2020,3,16,Prepared Meat/Fish (Canned Food),export
Singapore,5604748.96,174449683.49,4977.1,KGM,2020,3,16,Prepared Meat/Fish (Canned Food),export
Malaysia,5560952.6,181057978.46,3839.42,KGM,2020,3,16,Prepared Meat/Fish (Canned Food),export
"Korea, Republic of",7717982.14,258818055.32,8043.11,KGM,2020,3,16,Prepared Meat/Fish (Canned Food),export
France,6780644.52,235293592.95,4688.3,KGM,2020,3,16,Prepared Meat/Fish (Canned Food),export
Libya,3069823.48,111038830.61,2479.47,KGM,2020,3,16,Prepared Meat/Fish (Canned Food),export
Egypt,3491529.21,117732715.01,3367.88,KGM,2020,3,16,Prepared Meat/Fish (Canned Food),export
Japan,71375394.01,2244782723.65,51001.98,KGM,2020,4,16,Prepared Meat/Fish (Canned Food),export
United States of America,56176515.7,1861530181.0,48779.37,KGM,2020,4,16,Prepared Meat/Fish (Canned Food),export
United Kingdom,25598085.63,847551413.16,22069.01,KGM,2020,4,16,Prepared Meat/Fish (Canned Food),export
Australia,24508831.42,813774375.51,18282.66,KGM,2020,4,16,Prepared Meat/Fish (Canned Food),export
Canada,14669085.24,414568415.81,11186.27,KGM,2020,4,16,Prepared Meat/Fish (Canned Food),export
Germany,14174646.87,459250110.33,9916.42,KGM,2020,4,16,Prepared Meat/Fish (Canned Food),export
Netherlands,9139439.99,291022346.46,8386.78,KGM,2020,4,16,Prepared Meat/Fish (Canned Food),export
Saudi Arabia,8711021.29,289061067.29,7872.87,KGM,2020,4,16,Prepared Meat/Fish (Canned Food),export
United Arab Emirates,6539930.91,203068008.23,5113.17,KGM,2020,4,16,Prepared Meat/Fish (Canned Food),export
Singapore,7450965.65,236356190.46,5951.05,KGM,2020,4,16,Prepared Meat/Fish (Canned Food),export
Malaysia,4555589.45,150655211.78,4612.09,KGM,2020,4,16,Prepared Meat/Fish (Canned Food),export
"Korea, Republic of",9763027.51,328794904.89,8244.01,KGM,2020,4,16,Prepared Meat/Fish (Canned Food),export
France,5604416.21,192123508.98,5225.08,KGM,2020,4,16,Prepared Meat/Fish (Canned Food),export
Libya,2925997.71,94131771.65,2614.33,KGM,2020,4,16,Prepared Meat/Fish (Canned Food),export
Egypt,4540850.14,157721541.08,2546.05,KGM,2020,4,16,Prepared Meat/Fish (Canned Food),export
Japan,64342971.42,2013142068.27,75097.28,KGM,2020,5,16,Prepared Meat/Fish (Canned Food),export
United States of America,52476808.45,1625470628.16,33145.27,KGM,2020,5,16,Prepared Meat/Fish (Canned Food),export
United Kingdom,28061698.65,936111282.71,23141.62,KGM,2020,5,16,Prepared Meat/Fish (Canned Food),export
Australia,24200999.63,773796341.67,20285.07,KGM,2020,5,16,Prepared Meat/Fish (Canned Food),export
Canada,13842296.44,444811097.69,12853.83,KGM,2020,5,16,Prepared Meat/Fish (Canned Food),export
Germany,13375350.16,427710578.13,10977.36,KGM,2020,5,16,Prepared Meat/Fish (Canned Food),export
Netherlands,12403385.77,422769111.0,9997.66,KGM,2020,5,16,Prepared Meat/Fish (Canned Food),export
Saudi Arabia,9262475.49,312886453.6,8447.99,KGM,2020,5,16,Prepared Meat/Fish (Canned Food),export
United Arab Emirates,8219542.64,275286137.95,7424.25,KGM,2020,5,16,Prepared Meat/Fish (Canned Food),export
Singapore,6046768.07,209773898.79,4463.74,KGM,2020,5,16,Prepared Meat/Fish (Canned Food),export
Malaysia,6000765.13,179756950.41,5563.87,KGM,2020,5,16,Prepared Meat/Fish (Canned Food),export
"Korea, Republic of",10535612.91,342088385.38,7482.93,KGM,2020,5,16,Prepared Meat/Fish (Canned Food),export
France,5945154.95,201661464.91,5705.93,KGM,2020,5,16,Prepared Meat/Fish (Canned Food),export
Libya,2851045.79,97104257.36,2625.96,KGM,2020,5,16,Prepared Meat/Fish (Canned Food),export
Egypt,3931256.57,128021142.77,3500.79,KGM,2020,5,16,Prepared Meat/Fish (Canned Food),export
Japan,61031788.71,2030584898.28,64448.39,KGM,2020,6,16,Prepared Meat/Fish (Canned Food),export
United States of America,54164662.67,1628802097.79,47606.36,KGM,2020,6,16,Prepared Meat/Fish (Canned Food),export
United Kingdom,25638623.6,799616224.21,18685.57,KGM,2020,6,16,Prepared Meat/Fish (Canned Food),export
Australia,22815718.34,763218174.78,19933.9,KGM,2020,6,16,Prepared Meat/Fish (Canned Food),export
Canada,15287013.97,525794471.03,12903.25,KGM,2020,6,16,Prepared Meat/Fish (Canned Food),export
Germany,14029619.48,449982584.1,9809.11,KGM,2020,6,16,Prepared Meat/Fish (Canned Food),export
Netherlands,9790494.46,297594969.27,8968.17,KGM,2020,6,16,Prepared Meat/Fish (Canned Food),export
Saudi Arabia,11885309.45,411986082.82,7070.95,KGM,2020,6,16,Prepared Meat/Fish (Canned Food),export
United Arab Emirates,9312076.79,305901523.3,6467.14,KGM,2020,6,16,Prepared Meat/Fish (Canned Food),export
Singapore,5697951.91,201741386.72,4934.92,KGM,2020,6,16,Prepared Meat/Fish (Canned Food),export
Malaysia,6117202.13,213907454.7,4743.78,KGM,2020,6,16,Prepared Meat/Fish (Canned Food),export
"Korea, Republic of",10535177.67,351078303.66,7739.68,KGM,2020,6,16,Prepared Meat/Fish (Canned Food),export
France,6061919.29,198167488.27,4899.34,KGM,2020,6,16,Prepared Meat/Fish (Canned Food),export
Libya,3466149.72,114779331.3,2233.36,KGM,2020,6,16,Prepared Meat/Fish (Canned Food),export
Egypt,3786154.06,122759467.47,2811.05,KGM,2020,6,16,Prepared Meat/Fish (Canned Food),export
Japan,59317159.79,1859638614.56,56181.72,KGM,2020,7,16,Prepared Meat/Fish (Canned Food),export
United States of America,50058432.38,1666261955.8,29928.72,KGM,2020,7,16,Prepared Meat/Fish (Canned Food),export
United Kingdom,28091764.99,948046160.74,20310.04,KGM,2020,7,16,Prepared Meat/Fish (Canned Food),export
Australia,21376003.97,705462361.38,14662.35,KGM,2020,7,16,Prepared Meat/Fish (Canned Food),export
Canada,17188733.95,555233218.55,10828.82,KGM,2020,7,16,Prepared Meat/Fish (Canned Food),export
Germany,12556837.63,418582895.65,13824.34,KGM,2020,7,16,Prepared Meat/Fish (Canned Food),export
Netherlands,9379416.62,319798227.61,6875.17,KGM,2020,7,16,Prepared Meat/Fish (Canned Food),export
Saudi Arabia,12055859.0,391680037.64,7464.54,KGM,2020,7,16,Prepared Meat/Fish (Canned Food),export
United Arab Emirates,8057773.05,235156179.88,5587.98,KGM,2020,7,16,Prepared Meat/Fish (Canned Food),export
Singapore,7105238.95,245664892.91,4771.05,KGM,2020,7,16,Prepared Meat/Fish (Canned Food),export
Malaysia,5352853.28,183507843.17,4702.73,KGM,2020,7,16,Prepared Meat/Fish (Canned Food),export
"Korea, Republic of",10689807.64,355701838.05,7940.98,KGM,2020,7,16,Prepared Meat/Fish (Canned Food),export
France,6836435.85,212361773.82,5436.86,KGM,2020,7,16,Prepared Meat/Fish (Canned Food),export
Libya,2809298.49,95936874.9,1923.3,KGM,2020,7,16,Prepared Meat/Fish (Canned Food),export
Egypt,3709649.37,124664866.39,3394.13,KGM,2020,7,16,Prepared Meat/Fish (Canned Food),export
Japan,71591441.5,2313675520.09,62735.68,KGM,2020,8,16,Prepared Meat/Fish (Canned Food),export
United States of America,49813374.05,1831444249.07,47096.94,KGM,2020,8,16,Prepared Meat/Fish (Canned Food),export
United Kingdom,29482951.11,1028638395.15,21149.36,KGM,2020,8,16,Prepared Meat/Fish (Canned Food),export
Australia,27182352.8,946959293.69,15463.7,KGM,2020,8,16,Prepared Meat/Fish (Canned Food),export
Canada,17852430.71,610908950.33,15151.96,KGM,2020,8,16,Prepared Meat/Fish (Canned Food),export
Germany,12959252.87,434256761.07,13197.01,KGM,2020,8,16,Prepared Meat/Fish (Canned Food),export
Netherlands,11416750.27,393405160.73,10127.84,KGM,2020,8,16,Prepared Meat/Fish (Canned Food),export
Saudi Arabia,10040186.27,332656979.98,8332.12,KGM,2020,8,16,Prepared Meat/Fish (Canned Food),export
United Arab Emirates,7431544.24,229603323.01,5737.65,KGM,2020,8,16,Prepared Meat/Fish (Canned Food),export
Singapore,7637167.16,212761070.24,5162.29,KGM,2020,8,16,Prepared Meat/Fish (Canned Food),export
Malaysia,6204196.09,187367643.19,4989.36,KGM,2020,8,16,Prepared Meat/Fish (Canned Food),export
"Korea, Republic of",9118041.43,290743325.97,7120.06,KGM,2020,8,16,Prepared Meat/Fish (Canned Food),export
France,7434771.19,240582859.01,5209.73,KGM,2020,8,16,Prepared Meat/Fish (Canned Food),export
Libya,3687419.84,112055278.08,2809.9,KGM,2020,8,16,Prepared Meat/Fish (Canned Food),export
Egypt,3733058.99,117961546.32,3305.67,KGM,2020,8,16,Prepared Meat/Fish (Canned Food),export
Japan,97574726.28,3109700231.98,65768.96,KGM,2020,9,16,Prepared Meat/Fish (Canned Food),export
United States of America,48002682.25,1537439848.15,48074.98,KGM,2020,9,16,Prepared Meat/Fish (Canned Food),export
United Kingdom,28064720.0,929090881.95,18641.12,KGM,2020,9,16,Prepared Meat/Fish (Canned Food),export
Australia,22153445.57,704603158.62,18209.94,KGM,2020,9,16,Prepared Meat/Fish (Canned Food),export
Canada,18631585.66,610833074.11,12722.22,KGM,2020,9,16,Prepared Meat/Fish (Canned Food),export
Germany,13390129.53,459756295.42,12907.4,KGM,2020,9,16,Prepared Meat/Fish (Canned Food),export
Netherlands,13128886.4,420326699.41,7890.5,KGM,2020,9,16,Prepared Meat/Fish (Canned Food),export
Saudi Arabia,11344210.44,375788545.74,6971.52,KGM,2020,9,16,Prepared Meat/Fish (Canned Food),export
United Arab Emirates,7247189.76,257428721.02,5737.65,KGM,2020,9,16,Prepared Meat/Fish (Canned Food),export
Singapore,7245557.0,247621346.33,6045.46,KGM,2020,9,16,Prepared Meat/Fish (Canned Food),export
Malaysia,5998702.3,194339146.1,4462.85,KGM,2020,9,16,Prepared Meat/Fish (Canned Food),export
"Korea, Republic of",9944568.46,308236527.13,9840.2,KGM,2020,9,16,Prepared Meat/Fish (Canned Food),export
France,6385134.46,220829459.12,4815.08,KGM,2020,9,16,Prepared Meat/Fish (Canned Food),export
Libya,4006210.0,134554667.35,2803.94,KGM,2020,9,16,Prepared Meat/Fish (Canned Food),export
Egypt,4092661.34,139804217.65,3414.83,KGM,2020,9,16,Prepared Meat/Fish (Canned Food),export
Japan,86981118.8,2971546533.67,70739.3,KGM,2020,10,16,Prepared Meat/Fish (Canned Food),export
United States of America,45729217.2,1529999623.49,44506.73,KGM,2020,10,16,Prepared Meat/Fish (Canned Food),export
United Kingdom,28967308.09,962905974.3,21791.77,KGM,2020,10,16,Prepared Meat/Fish (Canned Food),export
Australia,22581947.75,778506001.82,15320.89,KGM,2020,10,16,Prepared Meat/Fish (Canned Food),export
Canada,15409570.36,491200173.1,13637.27,KGM,2020,10,16,Prepared Meat/Fish (Canned Food),export
Germany,16111736.4,524184312.28,11017.68,KGM,2020,10,16,Prepared Meat/Fish (Canned Food),export
Netherlands,13450416.74,452048792.28,12602.37,KGM,2020,10,16,Prepared Meat/Fish (Canned Food),export
Saudi Arabia,10035148.68,307486803.99,9040.4,KGM,2020,10,16,Prepared Meat/Fish (Canned Food),export
United Arab Emirates,8381735.93,278580581.28,8271.42,KGM,2020,10,16,Prepared Meat/Fish (Canned Food),export
Singapore,7027432.42,227736495.46,5575.77,KGM,2020,10,16,Prepared Meat/Fish (Canned Food),export
Malaysia,6454034.68,209770777.12,5471.5,KGM,2020,10,16,Prepared Meat/Fish (Canned Food),export
"Korea, Republic of",7831207.28,283487268.96,8809.16,KGM,2020,10,16,Prepared Meat/Fish (Canned Food),export
France,6690904.26,227598598.58,4580.09,KGM,2020,10,16,Prepared Meat/Fish (Canned Food),export
Libya,4082449.69,145282341.6,2957.66,KGM,2020,10,16,Prepared Meat/Fish (Canned Food),export
Egypt,4502578.83,145086593.15,3620.27,KGM,2020,10,16,Prepared Meat/Fish (Canned Food),export
Japan,84222054.32,2771275862.74,65276.33,KGM,2020,11,16,Prepared Meat/Fish (Canned Food),export
United States of America,53204150.27,1652280558.8,44854.36,KGM,2020,11,16,Prepared Meat/Fish (Canned Food),export
United Kingdom,29510585.37,962770841.71,19536.03,KGM,2020,11,16,Prepared Meat/Fish (Canned Food),export
Australia,24672605.32,741419325.18,16980.47,KGM,2020,11,16,Prepared Meat/Fish (Canned Food),export
Canada,16405921.31,558924578.84,11303.79,KGM,2020,11,16,Prepared Meat/Fish (Canned Food),export
Germany,12073256.0,398312539.43,12863.79,KGM,2020,11,16,Prepared Meat/Fish (Canned Food),export
Netherlands,12355432.18,410414022.65,7490.75,KGM,2020,11,16,Prepared Meat/Fish (Canned Food),export
Saudi Arabia,10153555.84,336396468.77,6911.99,KGM,2020,11,16,Prepared Meat/Fish (Canned Food),export
United Arab Emirates,7862660.74,259773053.78,6380.38,KGM,2020,11,16,Prepared Meat/Fish (Canned Food),export
Singapore,6502041.43,213723186.23,5620.45,KGM,2020,11,16,Prepared Meat/Fish (Canned Food),export
Malaysia,6431719.85,201972856.63,4601.41,KGM,2020,11,16,Prepared Meat/Fish (Canned Food),export
"Korea, Republic of",9510053.76,327468713.56,9606.08,KGM,2020,11,16,Prepared Meat/Fish (Canned Food),export
France,7651729.59,247154866.81,6299.28,KGM,2020,11,16,Prepared Meat/Fish (Canned Food),export
Libya,3512802.33,119397719.75,2754.34,KGM,2020,11,16,Prepared Meat/Fish (Canned Food),export
Egypt,3975857.29,131634302.23,3311.94,KGM,2020,11,16,Prepared Meat/Fish (Canned Food),export
Japan,74852788.88,2480659339.93,61329.77,KGM,2020,12,16,Prepared Meat/Fish (Canned Food),export
United States of America,47967468.33,1701397809.75,38931.49,KGM,2020,12,16,Prepared Meat/Fish (Canned Food),export
United Kingdom,19591635.23,666321690.04,16746.72,KGM,2020,12,16,Prepared Meat/Fish (Canned Food),export
Australia,21287979.34,723817763.65,17105.86,KGM,2020,12,16,Prepared Meat/Fish (Canned Food),export
Canada,15123093.23,513326385.38,11050.04,KGM,2020,12,16,Prepared Meat/Fish (Canned Food),export
Germany,11869740.84,403993050.43,8967.05,KGM,2020,12,16,Prepared Meat/Fish (Canned Food),export
Netherlands,11354534.64,403945276.66,8748.19,KGM,2020,12,16,Prepared Meat/Fish (Canned Food),export
Saudi Arabia,10062469.7,370797463.84,7961.42,KGM,2020,12,16,Prepared Meat/Fish (Canned Food),export
United Arab Emirates,7002908.46,240133545.23,5368.48,KGM,2020,12,16,Prepared Meat/Fish (Canned Food),export
Singapore,5772877.34,181967559.58,4744.78,KGM,2020,12,16,Prepared Meat/Fish (Canned Food),export
Malaysia,5653614.66,185751446.88,3511.48,KGM,2020,12,16,Prepared Meat/Fish (Canned Food),export
"Korea, Republic of",8870108.35,269333547.49,6735.13,KGM,2020,12,16,Prepared Meat/Fish (Canned Food),export
France,4877397.23,164897852.62,4313.76,KGM,2020,12,16,Prepared Meat/Fish (Canned Food),export
Libya,3046807.87,96501903.11,2364.33,KGM,2020,12,16,Prepared Meat/Fish (Canned Food),export
Egypt,3674721.33,108055826.78,2229.09,KGM,2020,12,16,Prepared Meat/Fish (Canned Food),export
Japan,81911365.71,2827560435.57,62760.76,KGM,2021,1,16,Prepared Meat/Fish (Canned Food),export
United States of America,56852203.61,1829371866.99,53643.68,KGM,2021,1,16,Prepared Meat/Fish (Canned Food),export
United Kingdom,29346183.58,1029246359.18,21709.47,KGM,2021,1,16,Prepared Meat/Fish (Canned Food),export
Australia,23986362.08,752777710.49,21597.22,KGM,2021,1,16,Prepared Meat/Fish (Canned Food),export
Canada,16763793.09,584974677.21,13850.89,KGM,2021,1,16,Prepared Meat/Fish (Canned Food),export
Germany,10917696.03,354282291.13,10746.78,KGM,2021,1,16,Prepared Meat/Fish (Canned Food),export
Netherlands,9977308.78,306193622.28,9513.26,KGM,2021,1,16,Prepared Meat/Fish (Canned Food),export
Saudi Arabia,8048201.75,262015504.11,8130.94,KGM,2021,1,16,Prepared Meat/Fish (Canned Food),export
United Arab Emirates,8189556.57,259452561.7,6919.95,KGM,2021,1,16,Prepared Meat/Fish (Canned Food),export
Singapore,8248882.87,288130555.92,5574.44,KGM,2021,1,16,Prepared Meat/Fish (Canned Food),export
Malaysia,5238668.24,178269115.33,4532.68,KGM,2021,1,16,Prepared Meat/Fish (Canned Food),export
"Korea, Republic of",10256243.45,310169880.04,7314.05,KGM,2021,1,16,Prepared Meat/Fish (Canned Food),export
France,7508949.29,250535950.64,6034.43,KGM,2021,1,16,Prepared Meat/Fish (Canned Food),export
Libya,3324532.01,109445348.24,2424.62,KGM,2021,1,16,Prepared Meat/Fish (Canned Food),export
Egypt,3645481.86,127197700.66,3055.21,KGM,2021,1,16,Prepared Meat/Fish (Canned Food),export
Japan,66081572.8,2328800130.1,70146.31,KGM,2021,2,16,Prepared Meat/Fish (Canned Food),export
United States of America,58472700.04,1888939567.45,45314.63,KGM,2021,2,16,Prepared Meat/Fish (Canned Food),export
United Kingdom,25284164.59,835780955.92,15790.37,KGM,2021,2,16,Prepared Meat/Fish (Canned Food),export
Australia,22699901.06,748412978.88,17336.1,KGM,2021,2,16,Prepared Meat/Fish (Canned Food),export
Canada,16999115.44,602102229.22,12484.25,KGM,2021,2,16,Prepared Meat/Fish (Canned Food),export
Germany,14502409.66,476332309.72,11974.87,KGM,2021,2,16,Prepared Meat/Fish (Canned Food),export
Netherlands,12785341.58,434693786.77,8684.89,KGM,2021,2,16,Prepared Meat/Fish (Canned Food),export
Saudi Arabia,9929062.41,327319981.89,7114.53,KGM,2021,2,16,Prepared Meat/Fish (Canned Food),export
United Arab Emirates,7872173.39,264922970.29,8295.63,KGM,2021,2,16,Prepared Meat/Fish (Canned Food),export
Singapore,7824994.08,258668254.05,6139.89,KGM,2021,2,16,Prepared Meat/Fish (Canned Food),export
Malaysia,5811891.07,184199661.86,3849.37,KGM,2021,2,16,Prepared Meat/Fish (Canned Food),export
"Korea, Republic of",10808033.47,362757922.62,7815.0,KGM,2021,2,16,Prepared Meat/Fish (Canned Food),export
France,5385541.57,186580592.2,5700.2,KGM,2021,2,16,Prepared Meat/Fish (Canned Food),export
Libya,2778765.67,97299318.99,2823.52,KGM,2021,2,16,Prepared Meat/Fish (Canned Food),export
Egypt,4735691.13,161818071.18,3047.62,KGM,2021,2,16,Prepared Meat/Fish (Canned Food),export
Japan,103588185.14,3618088392.39,75996.21,KGM,2021,3,16,Prepared Meat/Fish (Canned Food),export
United States of America,60203323.89,1930575276.0,50623.15,KGM,2021,3,16,Prepared Meat/Fish (Canned Food),export
United Kingdom,29712742.92,949472810.1,25425.85,KGM,2021,3,16,Prepared Meat/Fish (Canned Food),export
Australia,25842727.37,932375530.35,23077.82,KGM,2021,3,16,Prepared Meat/Fish (Canned Food),export
Canada,15011653.95,489532922.79,18687.74,KGM,2021,3,16,Prepared Meat/Fish (Canned Food),export
Germany,16562481.25,585429804.05,13767.68,KGM,2021,3,16,Prepared Meat/Fish (Canned Food),export
Netherlands,12604872.24,414947426.05,10581.6,KGM,2021,3,16,Prepared Meat/Fish (Canned Food),export
Saudi Arabia,10923822.14,359227252.27,10497.23,KGM,2021,3,16,Prepared Meat/Fish (Canned Food),export
United Arab Emirates,7596110.25,232687087.36,6699.65,KGM,2021,3,16,Prepared Meat/Fish (Canned Food),export
Singapore,7380047.13,236296452.3,6529.63,KGM,2021,3,16,Prepared Meat/Fish (Canned Food),export
Malaysia,6523298.42,216646005.73,5258.51,KGM,2021,3,16,Prepared Meat/Fish (Canned Food),export
"Korea, Republic of",11913407.28,433448778.83,9940.94,KGM,2021,3,16,Prepared Meat/Fish (Canned Food),export
France,7645770.3,234103278.61,6575.48,KGM,2021,3,16,Prepared Meat/Fish (Canned Food),export
Libya,3633061.03,114347063.22,2922.97,KGM,2021,3,16,Prepared Meat/Fish (Canned Food),export
Egypt,4288614.89,138277831.2,3578.44,KGM,2021,3,16,Prepared Meat/Fish (Canned Food),export
Japan,117817068.19,4241595198.94,79391.39,KGM,2021,4,16,Prepared Meat/Fish (Canned Food),export
United States of America,71631396.27,2367871839.91,46037.48,KGM,2021,4,16,Prepared Meat/Fish (Canned Food),export
United Kingdom,29808912.55,940034475.39,24447.07,KGM,2021,4,16,Prepared Meat/Fish (Canned Food),export
Australia,26064499.39,873152469.27,22755.94,KGM,2021,4,16,Prepared Meat/Fish (Canned Food),export
Canada,19971066.99,684830127.59,15470.42,KGM,2021,4,16,Prepared Meat/Fish (Canned Food),export
Germany,15181475.56,458914807.65,14547.18,KGM,2021,4,16,Prepared Meat/Fish (Canned Food),export
Netherlands,14944898.64,478059662.01,11876.53,KGM,2021,4,16,Prepared Meat/Fish (Canned Food),export
Saudi Arabia,11271359.26,387440608.44,9870.65,KGM,2021,4,16,Prepared Meat/Fish (Canned Food),export
United Arab Emirates,7713591.89,249253330.81,8043.23,KGM,2021,4,16,Prepared Meat/Fish (Canned Food),export
Singapore,8667713.26,317827263.09,4857.14,KGM,2021,4,16,Prepared Meat/Fish (Canned Food),export
Malaysia,6390547.54,210224877.43,6572.09,KGM,2021,4,16,Prepared Meat/Fish (Canned Food),export
"Korea, Republic of",10729765.12,370645660.33,9646.63,KGM,2021,4,16,Prepared Meat/Fish (Canned Food),export
France,6581287.69,217062268.46,6757.54,KGM,2021,4,16,Prepared Meat/Fish (Canned Food),export
Libya,4120287.52,132435092.18,3120.5,KGM,2021,4,16,Prepared Meat/Fish (Canned Food),export
Egypt,4154259.4,141248591.79,4041.54,KGM,2021,4,16,Prepared Meat/Fish (Canned Food),export
Japan,101718077.24,3500835978.24,80236.1,KGM,2021,5,16,Prepared Meat/Fish (Canned Food),export
United States of America,72542600.62,2139085705.39,39423.34,KGM,2021,5,16,Prepared Meat/Fish (Canned Food),export
United Kingdom,37263072.6,1168966252.25,21346.05,KGM,2021,5,16,Prepared Meat/Fish (Canned Food),export
Australia,27024713.18,876347128.28,17841.91,KGM,2021,5,16,Prepared Meat/Fish (Canned Food),export
Canada,17990640.63,601242927.27,15454.79,KGM,2021,5,16,Prepared Meat/Fish (Canned Food),export
Germany,15353774.22,512616363.13,12118.53,KGM,2021,5,16,Prepared Meat/Fish (Canned Food),export
Netherlands,15804381.56,516363798.65,13650.09,KGM,2021,5,16,Prepared Meat/Fish (Canned Food),export
Saudi Arabia,14101180.31,439279790.31,10543.65,KGM,2021,5,16,Prepared Meat/Fish (Canned Food),export
United Arab Emirates,8336807.32,293179719.3,7103.3,KGM,2021,5,16,Prepared Meat/Fish (Canned Food),export
Singapore,7551412.98,246604029.7,4915.75,KGM,2021,5,16,Prepared Meat/Fish (Canned Food),export
Malaysia,5737900.76,184298258.88,4999.35,KGM,2021,5,16,Prepared Meat/Fish (Canned Food),export
"Korea, Republic of",12103480.18,412017036.76,10712.46,KGM,2021,5,16,Prepared Meat/Fish (Canned Food),export
France,7012436.79,232213782.39,6076.31,KGM,2021,5,16,Prepared Meat/Fish (Canned Food),export
Libya,3870772.67,117732976.38,3077.24,KGM,2021,5,16,Prepared Meat/Fish (Canned Food),export
Egypt,4220145.81,119684016.67,3631.49,KGM,2021,5,16,Prepared Meat/Fish (Canned Food),export
Japan,103541981.75,3523560269.91,65023.42,KGM,2021,6,16,Prepared Meat/Fish (Canned Food),export
United States of America,68757287.9,2372182984.78,48511.64,KGM,2021,6,16,Prepared Meat/Fish (Canned Food),export
United Kingdom,34846634.91,1127893596.97,24986.74,KGM,2021,6,16,Prepared Meat/Fish (Canned Food),export
Australia,31495611.23,1088710234.41,23337.35,KGM,2021,6,16,Prepared Meat/Fish (Canned Food),export
Canada,15429452.31,472664088.74,16409.67,KGM,2021,6,16,Prepared Meat/Fish (Canned Food),export
Germany,16176176.2,576012770.7,14085.77,KGM,2021,6,16,Prepared Meat/Fish (Canned Food),export
Netherlands,13226833.08,434590094.91,10940.32,KGM,2021,6,16,Prepared Meat/Fish (Canned Food),export
Saudi Arabia,10978129.09,361123999.67,10873.46,KGM,2021,6,16,Prepared Meat/Fish (Canned Food),export
United Arab Emirates,9849473.94,323973158.96,8363.98,KGM,2021,6,16,Prepared Meat/Fish (Canned Food),export
Singapore,7446057.52,236157134.71,6438.14,KGM,2021,6,16,Prepared Meat/Fish (Canned Food),export
Malaysia,7376905.53,230436326.78,6536.95,KGM,2021,6,16,Prepared Meat/Fish (Canned Food),export
"Korea, Republic of",10299600.53,328024773.56,9788.31,KGM,2021,6,16,Prepared Meat/Fish (Canned Food),export
France,8134742.24,242288991.64,6736.62,KGM,2021,6,16,Prepared Meat/Fish (Canned Food),export
Libya,4334199.45,142883291.15,2788.33,KGM,2021,6,16,Prepared Meat/Fish (Canned Food),export
Egypt,4544584.12,161518777.44,3634.51,KGM,2021,6,16,Prepared Meat/Fish (Canned Food),export
Japan,98445812.15,3271001117.2,84605.5,KGM,2021,7,16,Prepared Meat/Fish (Canned Food),export
United States of America,67543286.33,2254708655.41,53428.35,KGM,2021,7,16,Prepared Meat/Fish (Canned Food),export
United Kingdom,35320755.79,1286654703.11,25917.78,KGM,2021,7,16,Prepared Meat/Fish (Canned Food),export
Australia,30497679.1,998346875.79,19216.06,KGM,2021,7,16,Prepared Meat/Fish (Canned Food),export
Canada,20664191.73,703208853.09,15984.9,KGM,2021,7,16,Prepared Meat/Fish (Canned Food),export
Germany,17167256.56,599508346.83,10644.73,KGM,2021,7,16,Prepared Meat/Fish (Canned Food),export
Netherlands,13599054.21,436547541.98,10629.37,KGM,2021,7,16,Prepared Meat/Fish (Canned Food),export
Saudi Arabia,12889227.36,412515501.0,9234.26,KGM,2021,7,16,Prepared Meat/Fish (Canned Food),export
United Arab Emirates,9135542.96,289932482.93,5988.35,KGM,2021,7,16,Prepared Meat/Fish (Canned Food),export
Singapore,6964531.08,236768217.61,6154.57,KGM,2021,7,16,Prepared Meat/Fish (Canned Food),export
Malaysia,7551298.21,260904630.44,6587.24,KGM,2021,7,16,Prepared Meat/Fish (Canned Food),export
"Korea, Republic of",11294648.42,372171833.32,9561.83,KGM,2021,7,16,Prepared Meat/Fish (Canned Food),export
France,6239913.12,204351351.37,5430.99,KGM,2021,7,16,Prepared Meat/Fish (Canned Food),export
Libya,3906273.67,131623697.64,3375.5,KGM,2021,7,16,Prepared Meat/Fish (Canned Food),export
Egypt,3925379.68,130589063.21,4053.48,KGM,2021,7,16,Prepared Meat/Fish (Canned Food),export
Japan,104387389.56,3422411084.58,88673.51,KGM,2021,8,16,Prepared Meat/Fish (Canned Food),export
United States of America,73667599.42,2326525395.44,46813.17,KGM,2021,8,16,Prepared Meat/Fish (Canned Food),export
United Kingdom,34158400.43,1140632639.1,25043.65,KGM,2021,8,16,Prepared Meat/Fish (Canned Food),export
Australia,34371586.93,1145201274.34,24010.44,KGM,2021,8,16,Prepared Meat/Fish (Canned Food),export
Canada,18691847.23,614796913.29,13036.13,KGM,2021,8,16,Prepared Meat/Fish (Canned Food),export
Germany,18124213.4,609013330.31,12593.88,KGM,2021,8,16,Prepared Meat/Fish (Canned Food),export
Netherlands,16841857.13,566614369.0,13774.55,KGM,2021,8,16,Prepared Meat/Fish (Canned Food),export
Saudi Arabia,12491687.54,400417396.79,8035.51,KGM,2021,8,16,Prepared Meat/Fish (Canned Food),export
United Arab Emirates,9550323.73,318719896.66,7056.94,KGM,2021,8,16,Prepared Meat/Fish (Canned Food),export
Singapore,9753853.12,325445305.32,7743.91,KGM,2021,8,16,Prepared Meat/Fish (Canned Food),export
Malaysia,7944065.63,279600398.66,5380.24,KGM,2021,8,16,Prepared Meat/Fish (Canned Food),export
"Korea, Republic of",10364225.48,349724046.07,10902.56,KGM,2021,8,16,Prepared Meat/Fish (Canned Food),export
France,7569564.54,236916931.29,6386.67,KGM,2021,8,16,Prepared Meat/Fish (Canned Food),export
Libya,3647305.27,124560110.28,2650.04,KGM,2021,8,16,Prepared Meat/Fish (Canned Food),export
Egypt,5505298.04,196855464.84,2910.85,KGM,2021,8,16,Prepared Meat/Fish (Canned Food),export
Japan,100049713.49,3080668821.77,82923.32,KGM,2021,9,16,Prepared Meat/Fish (Canned Food),export
United States of America,75600474.36,2623959359.78,54707.78,KGM,2021,9,16,Prepared Meat/Fish (Canned Food),export
United Kingdom,37466445.93,1199959550.82,30990.86,KGM,2021,9,16,Prepared Meat/Fish (Canned Food),export
Australia,28608663.0,982497148.54,21657.32,KGM,2021,9,16,Prepared Meat/Fish (Canned Food),export
Canada,21563448.21,747585519.27,18836.92,KGM,2021,9,16,Prepared Meat/Fish (Canned Food),export
Germany,13811340.28,475473225.61,15520.91,KGM,2021,9,16,Prepared Meat/Fish (Canned Food),export
Netherlands,14470721.15,474849416.18,12524.96,KGM,2021,9,16,Prepared Meat/Fish (Canned Food),export
Saudi Arabia,13292628.72,448206050.65,9570.57,KGM,2021,9,16,Prepared Meat/Fish (Canned Food),export
United Arab Emirates,10084419.72,335661971.43,7597.99,KGM,2021,9,16,Prepared Meat/Fish (Canned Food),export
Singapore,10606725.48,346045316.14,6128.64,KGM,2021,9,16,Prepared Meat/Fish (Canned Food),export
Malaysia,7010813.86,239935720.49,5603.99,KGM,2021,9,16,Prepared Meat/Fish (Canned Food),export
"Korea, Republic of",13417624.32,463437295.76,10009.95,KGM,2021,9,16,Prepared Meat/Fish (Canned Food),export
France,9009826.79,276594500.63,6547.91,KGM,2021,9,16,Prepared Meat/Fish (Canned Food),export
Libya,4520080.68,149313340.31,3406.98,KGM,2021,9,16,Prepared Meat/Fish (Canned Food),export
Egypt,4775079.85,160073781.17,4364.84,KGM,2021,9,16,Prepared Meat/Fish (Canned Food),export
Japan,100591913.31,3480670686.67,70304.54,KGM,2021,10,16,Prepared Meat/Fish (Canned Food),export
United States of America,72842973.0,2113527134.32,56634.54,KGM,2021,10,16,Prepared Meat/Fish (Canned Food),export
United Kingdom,34213855.96,1097315563.37,26679.95,KGM,2021,10,16,Prepared Meat/Fish (Canned Food),export
Australia,32317552.44,1087654888.93,26103.1,KGM,2021,10,16,Prepared Meat/Fish (Canned Food),export
Canada,23692832.85,765740959.39,15065.41,KGM,2021,10,16,Prepared Meat/Fish (Canned Food),export
Germany,17300433.27,589784811.95,12712.22,KGM,2021,10,16,Prepared Meat/Fish (Canned Food),export
Netherlands,14647749.03,462916634.26,14290.18,KGM,2021,10,16,Prepared Meat/Fish (Canned Food),export
Saudi Arabia,15624781.74,513397051.65,12812.19,KGM,2021,10,16,Prepared Meat/Fish (Canned Food),export
United Arab Emirates,11484122.34,396431096.35,7846.49,KGM,2021,10,16,Prepared Meat/Fish (Canned Food),export
Singapore,8434905.0,233653386.43,5809.27,KGM,2021,10,16,Prepared Meat/Fish (Canned Food),export
Malaysia,7519754.37,263157373.41,6388.94,KGM,2021,10,16,Prepared Meat/Fish (Canned Food),export
"Korea, Republic of",12926169.38,417762001.51,11543.18,KGM,2021,10,16,Prepared Meat/Fish (Canned Food),export
France,8296412.28,243109671.65,7737.6,KGM,2021,10,16,Prepared Meat/Fish (Canned Food),export
Libya,4298573.96,150625972.44,3269.56,KGM,2021,10,16,Prepared Meat/Fish (Canned Food),export
Egypt,4879468.64,167767234.8,4376.76,KGM,2021,10,16,Prepared Meat/Fish (Canned Food),export
Japan,86030272.27,2783298284.96,79546.21,KGM,2021,11,16,Prepared Meat/Fish (Canned Food),export
United States of America,73795530.55,2409438606.94,58301.89,KGM,2021,11,16,Prepared Meat/Fish (Canned Food),export
United Kingdom,30177396.94,992791722.1,30325.81,KGM,2021,11,16,Prepared Meat/Fish (Canned Food),export
Australia,24721179.24,832027136.57,19256.71,KGM,2021,11,16,Prepared Meat/Fish (Canned Food),export
Canada,18379695.3,580695345.56,20615.1,KGM,2021,11,16,Prepared Meat/Fish (Canned Food),export
Germany,16853392.03,537723203.64,13740.64,KGM,2021,11,16,Prepared Meat/Fish (Canned Food),export
Netherlands,11771095.97,375146476.7,12412.86,KGM,2021,11,16,Prepared Meat/Fish (Canned Food),export
Saudi Arabia,12787810.4,427048121.02,9963.95,KGM,2021,11,16,Prepared Meat/Fish (Canned Food),export
United Arab Emirates,11691825.54,377607767.99,7559.69,KGM,2021,11,16,Prepared Meat/Fish (Canned Food),export
Singapore,7023232.61,236084594.64,6583.7,KGM,2021,11,16,Prepared Meat/Fish (Canned Food),export
Malaysia,7217602.98,236259119.25,6370.64,KGM,2021,11,16,Prepared Meat/Fish (Canned Food),export
"Korea, Republic of",10994370.36,359419729.88,10490.99,KGM,2021,11,16,Prepared Meat/Fish (Canned Food),export
France,8530448.02,273118468.8,6282.94,KGM,2021,11,16,Prepared Meat/Fish (Canned Food),export
Libya,4279825.04,152303640.29,3277.52,KGM,2021,11,16,Prepared Meat/Fish (Canned Food),export
Egypt,5460054.12,178728203.84,4309.5,KGM,2021,11,16,Prepared Meat/Fish (Canned Food),export
Japan,69985997.4,2241585697.28,63409.82,KGM,2021,12,16,Prepared Meat/Fish (Canned Food),export
United States of America,56903011.36,1933798336.67,46622.21,KGM,2021,12,16,Prepared Meat/Fish (Canned Food),export
United Kingdom,30055114.65,977757409.2,26660.51,KGM,2021,12,16,Prepared Meat/Fish (Canned Food),export
Australia,26257311.42,876169444.24,21324.2,KGM,2021,12,16,Prepared Meat/Fish (Canned Food),export
Canada,20628936.32,639928071.02,16038.91,KGM,2021,12,16,Prepared Meat/Fish (Canned Food),export
Germany,14460756.47,523874330.48,11682.78,KGM,2021,12,16,Prepared Meat/Fish (Canned Food),export
Netherlands,12731023.31,428494266.26,9290.44,KGM,2021,12,16,Prepared Meat/Fish (Canned Food),export
Saudi Arabia,11516243.03,376231151.23,8699.1,KGM,2021,12,16,Prepared Meat/Fish (Canned Food),export
United Arab Emirates,9609634.02,312203267.53,6302.22,KGM,2021,12,16,Prepared Meat/Fish (Canned Food),export
Singapore,6932099.59,231727897.87,6619.27,KGM,2021,12,16,Prepared Meat/Fish (Canned Food),export
Malaysia,5881556.99,210619277.23,4656.58,KGM,2021,12,16,Prepared Meat/Fish (Canned Food),export
"Korea, Republic of",12159398.19,401483513.47,9663.13,KGM,2021,12,16,Prepared Meat/Fish (Canned Food),export
France,8417297.33,287277738.96,5076.45,KGM,2021,12,16,Prepared Meat/Fish (Canned Food),export
Libya,3494894.88,119136366.77,2838.22,KGM,2021,12,16,Prepared Meat/Fish (Canned Food),export
Egypt,4325401.22,139525607.11,3327.59,KGM,2021,12,16,Prepared Meat/Fish (Canned Food),export
Japan,76866971.61,2420545155.26,83763.82,KGM,2022,1,16,Prepared Meat/Fish (Canned Food),export
United States of America,75830575.35,2651352346.25,49391.71,KGM,2022,1,16,Prepared Meat/Fish (Canned Food),export
United Kingdom,26189258.11,903079829.53,27823.91,KGM,2022,1,16,Prepared Meat/Fish (Canned Food),export
Australia,31623603.19,1010245162.41,18277.39,KGM,2022,1,16,Prepared Meat/Fish (Canned Food),export
Canada,21135392.39,706768355.57,16271.44,KGM,2022,1,16,Prepared Meat/Fish (Canned Food),export
Germany,15410688.48,568850092.47,15169.37,KGM,2022,1,16,Prepared Meat/Fish (Canned Food),export
Netherlands,14537606.31,480967482.53,12136.69,KGM,2022,1,16,Prepared Meat/Fish (Canned Food),export
Saudi Arabia,13529580.03,424834618.94,10546.35,KGM,2022,1,16,Prepared Meat/Fish (Canned Food),export
United Arab Emirates,9004296.23,333539243.5,6744.21,KGM,2022,1,16,Prepared Meat/Fish (Canned Food),export
Singapore,8501159.22,271923791.04,5937.56,KGM,2022,1,16,Prepared Meat/Fish (Canned Food),export
Malaysia,7773283.38,265824227.6,6380.16,KGM,2022,1,16,Prepared Meat/Fish (Canned Food),export
"Korea, Republic of",11479756.73,380741889.5,9944.04,KGM,2022,1,16,Prepared Meat/Fish (Canned Food),export
France,7244949.21,243560322.63,5683.71,KGM,2022,1,16,Prepared Meat/Fish (Canned Food),export
Libya,4075181.62,139316337.12,3409.64,KGM,2022,1,16,Prepared Meat/Fish (Canned Food),export
Egypt,5515103.91,187212156.07,3479.56,KGM,2022,1,16,Prepared Meat/Fish (Canned Food),export
Japan,114530026.09,3800426351.37,82045.36,KGM,2022,2,16,Prepared Meat/Fish (Canned Food),export
United States of America,68996193.48,2287726039.57,71203.9,KGM,2022,2,16,Prepared Meat/Fish (Canned Food),export
United Kingdom,37119391.35,1198234299.87,27512.61,KGM,2022,2,16,Prepared Meat/Fish (Canned Food),export
Australia,27030204.58,923153285.37,28142.35,KGM,2022,2,16,Prepared Meat/Fish (Canned Food),export
Canada,21529040.14,716268211.36,15839.27,KGM,2022,2,16,Prepared Meat/Fish (Canned Food),export
Germany,16874110.83,524863481.43,13827.8,KGM,2022,2,16,Prepared Meat/Fish (Canned Food),export
Netherlands,16329048.32,565672268.77,13149.33,KGM,2022,2,16,Prepared Meat/Fish (Canned Food),export
Saudi Arabia,13117673.28,402251597.74,10228.27,KGM,2022,2,16,Prepared Meat/Fish (Canned Food),export
United Arab Emirates,11827796.37,390827148.74,9437.03,KGM,2022,2,16,Prepared Meat/Fish (Canned Food),export
Singapore,7698739.62,247740368.28,6067.93,KGM,2022,2,16,Prepared Meat/Fish (Canned Food),export
Malaysia,8762380.4,269530507.45,6615.58,KGM,2022,2,16,Prepared Meat/Fish (Canned Food),export
"Korea, Republic of",13856784.61,446419618.68,9581.84,KGM,2022,2,16,Prepared Meat/Fish (Canned Food),export
France,9741760.47,337451171.2,7755.67,KGM,2022,2,16,Prepared Meat/Fish (Canned Food),export
Libya,4429209.09,142269719.84,3927.92,KGM,2022,2,16,Prepared Meat/Fish (Canned Food),export
Egypt,5190159.97,171461073.83,4095.02,KGM,2022,2,16,Prepared Meat/Fish (Canned Food),export
Japan,103762642.52,3650108899.67,92693.76,KGM,2022,3,16,Prepared Meat/Fish (Canned Food),export
United States of America,70714934.34,2201141463.71,53379.54,KGM,2022,3,16,Prepared Meat/Fish (Canned Food),export
United Kingdom,50260195.91,1638211078.23,33526.72,KGM,2022,3,16,Prepared Meat/Fish (Canned Food),export
Australia,34969689.0,1120405232.17,28544.94,KGM,2022,3,16,Prepared Meat/Fish (Canned Food),export
Canada,23525698.68,750772501.63,19471.54,KGM,2022,3,16,Prepared Meat/Fish (Canned Food),export
Germany,19059283.91,600448830.73,16550.42,KGM,2022,3,16,Prepared Meat/Fish (Canned Food),export
Netherlands,22524364.53,700392252.0,15581.4,KGM,2022,3,16,Prepared Meat/Fish (Canned Food),export
Saudi Arabia,11196875.69,380990949.53,10925.81,KGM,2022,3,16,Prepared Meat/Fish (Canned Food),export
United Arab Emirates,12492313.81,400976243.85,9399.88,KGM,2022,3,16,Prepared Meat/Fish (Canned Food),export
Singapore,9026323.13,284161560.14,7555.31,KGM,2022,3,16,Prepared Meat/Fish (Canned Food),export
Malaysia,8574942.3,273053090.64,8286.1,KGM,2022,3,16,Prepared Meat/Fish (Canned Food),export
"Korea, Republic of",15794628.38,495644884.1,12999.17,KGM,2022,3,16,Prepared Meat/Fish (Canned Food),export
France,9086618.07,287240300.02,8957.17,KGM,2022,3,16,Prepared Meat/Fish (Canned Food),export
Libya,4933247.72,170047807.7,4941.12,KGM,2022,3,16,Prepared Meat/Fish (Canned Food),export
Egypt,6004872.28,197657077.65,5243.86,KGM,2022,3,16,Prepared Meat/Fish (Canned Food),export
Japan,135351265.31,4438317011.95,74142.94,KGM,2022,4,16,Prepared Meat/Fish (Canned Food),export
United States of America,64809183.12,2115743298.09,66784.83,KGM,2022,4,16,Prepared Meat/Fish (Canned Food),export
United Kingdom,46519537.89,1498434716.04,35556.31,KGM,2022,4,16,Prepared Meat/Fish (Canned Food),export
Australia,34373767.64,1104812735.12,29972.81,KGM,2022,4,16,Prepared Meat/Fish (Canned Food),export
Canada,25509442.29,810085622.64,23708.78,KGM,2022,4,16,Prepared Meat/Fish (Canned Food),export
Germany,19557272.3,738034938.72,15774.81,KGM,2022,4,16,Prepared Meat/Fish (Canned Food),export
Netherlands,19547225.3,667580524.45,16743.72,KGM,2022,4,16,Prepared Meat/Fish (Canned Food),export
Saudi Arabia,16638153.61,558175176.67,12982.4,KGM,2022,4,16,Prepared Meat/Fish (Canned Food),export
United Arab Emirates,10502161.74,344864574.66,10249.47,KGM,2022,4,16,Prepared Meat/Fish (Canned Food),export
Singapore,10795296.35,368602656.7,8119.9,KGM,2022,4,16,Prepared Meat/Fish (Canned Food),export
Malaysia,10079206.03,326053856.21,4794.86,KGM,2022,4,16,Prepared Meat/Fish (Canned Food),export
"Korea, Republic of",12503287.75,406968730.81,12636.53,KGM,2022,4,16,Prepared Meat/Fish (Canned Food),export
France,11624866.97,375154278.04,8393.2,KGM,2022,4,16,Prepared Meat/Fish (Canned Food),export
Libya,5598862.27,180580125.17,3938.41,KGM,2022,4,16,Prepared Meat/Fish (Canned Food),export
Egypt,6383920.63,218842892.38,5864.8,KGM,2022,4,16,Prepared Meat/Fish (Canned Food),export
Japan,132456479.65,4225545145.83,133383.81,KGM,2022,5,16,Prepared Meat/Fish (Canned Food),export
United States of America,77259741.28,2725147281.8,68021.15,KGM,2022,5,16,Prepared Meat/Fish (Canned Food),export
United Kingdom,37848655.43,1167302352.33,40464.61,KGM,2022,5,16,Prepared Meat/Fish (Canned Food),export
Australia,36117238.42,1144051526.9,29857.16,KGM,2022,5,16,Prepared Meat/Fish (Canned Food),export
Canada,24492255.67,861204864.97,22888.82,KGM,2022,5,16,Prepared Meat/Fish (Canned Food),export
Germany,16473893.18,540838516.92,17074.82,KGM,2022,5,16,Prepared Meat/Fish (Canned Food),export
Netherlands,19004432.0,590358798.14,14470.22,KGM,2022,5,16,Prepared Meat/Fish (Canned Food),export
Saudi Arabia,18085336.58,593995087.83,14278.86,KGM,2022,5,16,Prepared Meat/Fish (Canned Food),export
United Arab Emirates,11922899.39,347212954.93,9294.62,KGM,2022,5,16,Prepared Meat/Fish (Canned Food),export
Singapore,10815427.89,359146325.83,9139.18,KGM,2022,5,16,Prepared Meat/Fish (Canned Food),export
Malaysia,9320082.96,295634532.28,7641.38,KGM,2022,5,16,Prepared Meat/Fish (Canned Food),export
"Korea, Republic of",14886009.4,506794411.37,12284.8,KGM,2022,5,16,Prepared Meat/Fish (Canned Food),export
France,11886165.81,373615730.5,8126.88,KGM,2022,5,16,Prepared Meat/Fish (Canned Food),export
Libya,5241534.69,165440081.24,5186.89,KGM,2022,5,16,Prepared Meat/Fish (Canned Food),export
Egypt,6822700.69,221464712.26,5817.82,KGM,2022,5,16,Prepared Meat/Fish (Canned Food),export
Japan,118897745.77,3986620627.38,109342.77,KGM,2022,6,16,Prepared Meat/Fish (Canned Food),export
United States of America,91160116.08,3031125805.48,85159.25,KGM,2022,6,16,Prepared Meat/Fish (Canned Food),export
United Kingdom,37537856.92,1252350564.8,34367.85,KGM,2022,6,16,Prepared Meat/Fish (Canned Food),export
Australia,42017102.76,1360782623.36,29128.88,KGM,2022,6,16,Prepared Meat/Fish (Canned Food),export
Canada,22984442.69,873921623.11,22709.31,KGM,2022,6,16,Prepared Meat/Fish (Canned Food),export
Germany,20835169.74,670439315.77,17972.17,KGM,2022,6,16,Prepared Meat/Fish (Canned Food),export
Netherlands,16721231.31,552507647.43,16142.33,KGM,2022,6,16,Prepared Meat/Fish (Canned Food),export
Saudi Arabia,12169502.55,409186703.43,15255.94,KGM,2022,6,16,Prepared Meat/Fish (Canned Food),export
United Arab Emirates,12880180.63,432876352.93,9710.61,KGM,2022,6,16,Prepared Meat/Fish (Canned Food),export
Singapore,11135701.1,385317413.36,8934.29,KGM,2022,6,16,Prepared Meat/Fish (Canned Food),export
Malaysia,10831346.21,343838233.7,9517.71,KGM,2022,6,16,Prepared Meat/Fish (Canned Food),export
"Korea, Republic of",15065675.57,479560998.6,13339.86,KGM,2022,6,16,Prepared Meat/Fish (Canned Food),export
France,9996270.39,343384518.53,9009.89,KGM,2022,6,16,Prepared Meat/Fish (Canned Food),export
Libya,6007109.67,202407935.0,4163.39,KGM,2022,6,16,Prepared Meat/Fish (Canned Food),export
Egypt,6548041.38,208070472.84,5125.12,KGM,2022,6,16,Prepared Meat/Fish (Canned Food),export
Japan,113526849.0,3604564976.92,108302.5,KGM,2022,7,16,Prepared Meat/Fish (Canned Food),export
United States of America,68717548.35,2417679914.42,66598.53,KGM,2022,7,16,Prepared Meat/Fish (Canned Food),export
United Kingdom,30105516.58,1023973585.79,32270.12,KGM,2022,7,16,Prepared Meat/Fish (Canned Food),export
Australia,29893637.73,935396261.91,28499.58,KGM,2022,7,16,Prepared Meat/Fish (Canned Food),export
Canada,23484379.65,735419881.4,19882.8,KGM,2022,7,16,Prepared Meat/Fish (Canned Food),export
Germany,18371503.45,667633453.17,16594.54,KGM,2022,7,16,Prepared Meat/Fish (Canned Food),export
Netherlands,20227246.87,691688783.04,16866.05,KGM,2022,7,16,Prepared Meat/Fish (Canned Food),export
Saudi Arabia,14575833.36,505002213.76,13002.55,KGM,2022,7,16,Prepared Meat/Fish (Canned Food),export
United Arab Emirates,13573321.02,458507730.54,10262.11,KGM,2022,7,16,Prepared Meat/Fish (Canned Food),export
Singapore,13018510.43,423456486.1,9198.46,KGM,2022,7,16,Prepared Meat/Fish (Canned Food),export
Malaysia,9331645.96,340796879.44,6569.61,KGM,2022,7,16,Prepared Meat/Fish (Canned Food),export
"Korea, Republic of",18181813.38,659476738.02,12660.17,KGM,2022,7,16,Prepared Meat/Fish (Canned Food),export
France,11106427.88,381613294.7,7924.61,KGM,2022,7,16,Prepared Meat/Fish (Canned Food),export
Libya,5431124.83,168073556.2,4598.43,KGM,2022,7,16,Prepared Meat/Fish (Canned Food),export
Egypt,5759635.6,204695757.33,5909.58,KGM,2022,7,16,Prepared Meat/Fish (Canned Food),export
Japan,147381091.17,4991215763.43,130787.66,KGM,2022,8,16,Prepared Meat/Fish (Canned Food),export
United States of America,90438319.1,2905711098.79,61313.04,KGM,2022,8,16,Prepared Meat/Fish (Canned Food),export
United Kingdom,34479987.94,1031372669.93,33101.24,KGM,2022,8,16,Prepared Meat/Fish (Canned Food),export
Australia,41727848.25,1250197467.94,31529.88,KGM,2022,8,16,Prepared Meat/Fish (Canned Food),export
Canada,26387325.08,865807737.23,26599.32,KGM,2022,8,16,Prepared Meat/Fish (Canned Food),export
Germany,19370080.47,588202131.31,13526.3,KGM,2022,8,16,Prepared Meat/Fish (Canned Food),export
Netherlands,20403809.96,662583302.09,14686.61,KGM,2022,8,16,Prepared Meat/Fish (Canned Food),export
Saudi Arabia,15445252.42,481262566.37,12693.77,KGM,2022,8,16,Prepared Meat/Fish (Canned Food),export
United Arab Emirates,13319174.74,424431969.69,8565.45,KGM,2022,8,16,Prepared Meat/Fish (Canned Food),export
Singapore,11846778.91,403128385.96,8995.94,KGM,2022,8,16,Prepared Meat/Fish (Canned Food),export
Malaysia,11765570.4,388642561.65,7691.18,KGM,2022,8,16,Prepared Meat/Fish (Canned Food),export
"Korea, Republic of",15712229.87,494685632.49,12224.06,KGM,2022,8,16,Prepared Meat/Fish (Canned Food),export
France,10849655.42,364723703.65,8974.09,KGM,2022,8,16,Prepared Meat/Fish (Canned Food),export
Libya,5414229.36,178908634.3,4782.0,KGM,2022,8,16,Prepared Meat/Fish (Canned Food),export
Egypt,6191299.14,189927618.36,4589.94,KGM,2022,8,16,Prepared Meat/Fish (Canned Food),export
Japan,150839119.47,4768250717.23,96461.25,KGM,2022,9,16,Prepared Meat/Fish (Canned Food),export
United States of America,84081310.82,2981335667.01,67850.99,KGM,2022,9,16,Prepared Meat/Fish (Canned Food),export
United Kingdom,42432836.62,1404337888.14,46189.18,KGM,2022,9,16,Prepared Meat/Fish (Canned Food),export
Australia,46285047.54,1552472519.94,34005.14,KGM,2022,9,16,Prepared Meat/Fish (Canned Food),export
Canada,31746821.39,1077868671.13,24890.35,KGM,2022,9,16,Prepared Meat/Fish (Canned Food),export
Germany,27020182.16,851341888.13,16499.44,KGM,2022,9,16,Prepared Meat/Fish (Canned Food),export
Netherlands,18407568.01,647507189.79,19115.17,KGM,2022,9,16,Prepared Meat/Fish (Canned Food),export
Saudi Arabia,15588016.77,509591479.73,9442.79,KGM,2022,9,16,Prepared Meat/Fish (Canned Food),export
United Arab Emirates,11828116.85,371620345.87,9905.3,KGM,2022,9,16,Prepared Meat/Fish (Canned Food),export
Singapore,9202763.52,294253740.88,10757.4,KGM,2022,9,16,Prepared Meat/Fish (Canned Food),export
Malaysia,11265801.03,352662311.37,7687.27,KGM,2022,9,16,Prepared Meat/Fish (Canned Food),export
"Korea, Republic of",17289716.36,565189560.82,12544.11,KGM,2022,9,16,Prepared Meat/Fish (Canned Food),export
France,11127059.64,340135246.78,7919.29,KGM,2022,9,16,Prepared Meat/Fish (Canned Food),export
Libya,5455945.92,172667665.72,4894.72,KGM,2022,9,16,Prepared Meat/Fish (Canned Food),export
Egypt,6682195.64,219612716.41,6215.83,KGM,2022,9,16,Prepared Meat/Fish (Canned Food),export
Japan,136543528.39,4366181863.52,109019.96,KGM,2022,10,16,Prepared Meat/Fish (Canned Food),export
United States of America,81286776.8,2727356272.44,63630.44,KGM,2022,10,16,Prepared Meat/Fish (Canned Food),export
United Kingdom,48545974.82,1574452071.3,39588.49,KGM,2022,10,16,Prepared Meat/Fish (Canned Food),export
Australia,43802206.11,1450120799.59,32753.29,KGM,2022,10,16,Prepared Meat/Fish (Canned Food),export
Canada,18785511.95,577059990.2,20349.81,KGM,2022,10,16,Prepared Meat/Fish (Canned Food),export
Germany,23977865.95,752713657.67,18256.25,KGM,2022,10,16,Prepared Meat/Fish (Canned Food),export
Netherlands,20924759.92,657756338.89,13470.34,KGM,2022,10,16,Prepared Meat/Fish (Canned Food),export
Saudi Arabia,15720395.71,551772723.83,14415.27,KGM,2022,10,16,Prepared Meat/Fish (Canned Food),export
United Arab Emirates,12744473.48,421473824.87,12548.95,KGM,2022,10,16,Prepared Meat/Fish (Canned Food),export
Singapore,11547899.27,377662836.76,8956.1,KGM,2022,10,16,Prepared Meat/Fish (Canned Food),export
Malaysia,10599386.7,335715255.26,8844.29,KGM,2022,10,16,Prepared Meat/Fish (Canned Food),export
"Korea, Republic of",16601911.01,552275568.83,16249.6,KGM,2022,10,16,Prepared Meat/Fish (Canned Food),export
France,11604933.67,374237447.42,10289.38,KGM,2022,10,16,Prepared Meat/Fish (Canned Food),export
Libya,5621593.66,195959498.25,4954.93,KGM,2022,10,16,Prepared Meat/Fish (Canned Food),export
Egypt,5167958.16,162803353.96,4936.42,KGM,2022,10,16,Prepared Meat/Fish (Canned Food),export
Japan,131225723.47,4461170461.42,94527.54,KGM,2022,11,16,Prepared Meat/Fish (Canned Food),export
United States of America,90107888.96,3102370638.54,78425.98,KGM,2022,11,16,Prepared Meat/Fish (Canned Food),export
United Kingdom,47298027.95,1568233105.1,34004.53,KGM,2022,11,16,Prepared Meat/Fish (Canned Food),export
Australia,36967969.01,1272832376.82,25925.89,KGM,2022,11,16,Prepared Meat/Fish (Canned Food),export
Canada,27448755.19,927916817.11,18152.1,KGM,2022,11,16,Prepared Meat/Fish (Canned Food),export
Germany,21649228.06,669814258.39,13337.12,KGM,2022,11,16,Prepared Meat/Fish (Canned Food),export
Netherlands,18534286.42,633539534.06,16347.3,KGM,2022,11,16,Prepared Meat/Fish (Canned Food),export
Saudi Arabia,17860800.39,588485803.84,14248.34,KGM,2022,11,16,Prepared Meat/Fish (Canned Food),export
United Arab Emirates,15575447.29,519178846.39,11522.41,KGM,2022,11,16,Prepared Meat/Fish (Canned Food),export
Singapore,11699942.73,385093489.97,8433.91,KGM,2022,11,16,Prepared Meat/Fish (Canned Food),export
Malaysia,7890590.14,281219307.02,7602.27,KGM,2022,11,16,Prepared Meat/Fish (Canned Food),export
"Korea, Republic of",16855309.64,581472890.08,13457.29,KGM,2022,11,16,Prepared Meat/Fish (Canned Food),export
France,11468788.51,378877005.23,8022.06,KGM,2022,11,16,Prepared Meat/Fish (Canned Food),export
Libya,4907801.25,155790175.81,4526.62,KGM,2022,11,16,Prepared Meat/Fish (Canned Food),export
Egypt,7260267.17,230607460.44,4989.42,KGM,2022,11,16,Prepared Meat/Fish (Canned Food),export
Japan,114020798.94,3556194926.86,96302.82,KGM,2022,12,16,Prepared Meat/Fish (Canned Food),export
United States of America,72873766.23,2551132220.83,62281.23,KGM,2022,12,16,Prepared Meat/Fish (Canned Food),export
United Kingdom,28720114.69,931239714.19,33022.67,KGM,2022,12,16,Prepared Meat/Fish (Canned Food),export
Australia,31971932.58,1037622107.52,24709.1,KGM,2022,12,16,Prepared Meat/Fish (Canned Food),export
Canada,25516955.86,905542872.24,17982.27,KGM,2022,12,16,Prepared Meat/Fish (Canned Food),export
Germany,20419426.09,668754904.98,15741.56,KGM,2022,12,16,Prepared Meat/Fish (Canned Food),export
Netherlands,19356545.5,605045481.85,16057.28,KGM,2022,12,16,Prepared Meat/Fish (Canned Food),export
Saudi Arabia,13403446.33,461145858.17,12410.44,KGM,2022,12,16,Prepared Meat/Fish (Canned Food),export
United Arab Emirates,11185841.27,370451784.54,8403.81,KGM,2022,12,16,Prepared Meat/Fish (Canned Food),export
Singapore,11029293.67,343056130.06,7725.99,KGM,2022,12,16,Prepared Meat/Fish (Canned Food),export
Malaysia,8743930.18,287220041.65,7569.25,KGM,2022,12,16,Prepared Meat/Fish (Canned Food),export
"Korea, Republic of",16228928.91,534051232.4,12730.42,KGM,2022,12,16,Prepared Meat/Fish (Canned Food),export
France,9651628.79,336024738.67,5988.97,KGM,2022,12,16,Prepared Meat/Fish (Canned Food),export
Libya,4646747.5,149510121.24,3659.57,KGM,2022,12,16,Prepared Meat/Fish (Canned Food),export
Egypt,6029436.38,190070389.83,3988.1,KGM,2022,12,16,Prepared Meat/Fish (Canned Food),export
Japan,112748659.49,3777401467.1,83858.09,KGM,2023,1,16,Prepared Meat/Fish (Canned Food),export
United States of America,71105305.97,2420437859.24,72020.55,KGM,2023,1,16,Prepared Meat/Fish (Canned Food),export
United Kingdom,40353812.23,1477293322.34,28030.87,KGM,2023,1,16,Prepared Meat/Fish (Canned Food),export
Australia,31607354.79,1076550104.02,24181.56,KGM,2023,1,16,Prepared Meat/Fish (Canned Food),export
Canada,24074332.03,873748287.54,17035.49,KGM,2023,1,16,Prepared Meat/Fish (Canned Food),export
Germany,20733639.16,758885718.8,15119.8,KGM,2023,1,16,Prepared Meat/Fish (Canned Food),export
Netherlands,18380055.97,669441274.43,13581.86,KGM,2023,1,16,Prepared Meat/Fish (Canned Food),export
Saudi Arabia,15101649.57,489602706.11,12171.21,KGM,2023,1,16,Prepared Meat/Fish (Canned Food),export
United Arab Emirates,11390407.22,400482202.96,8620.64,KGM,2023,1,16,Prepared Meat/Fish (Canned Food),export
Singapore,7925188.03,251101548.16,8794.77,KGM,2023,1,16,Prepared Meat/Fish (Canned Food),export
Malaysia,8451562.34,272307405.59,6559.72,KGM,2023,1,16,Prepared Meat/Fish (Canned Food),export
"Korea, Republic of",15145286.18,484625710.77,11327.34,KGM,2023,1,16,Prepared Meat/Fish (Canned Food),export
France,9590787.24,308759443.48,6925.09,KGM,2023,1,16,Prepared Meat/Fish (Canned Food),export
Libya,4015559.22,135490215.52,3573.97,KGM,2023,1,16,Prepared Meat/Fish (Canned Food),export
Egypt,5688239.43,210005398.39,5521.25,KGM,2023,1,16,Prepared Meat/Fish (Canned Food),export
Japan,104397737.0,3622050756.9,78825.76,KGM,2023,2,16,Prepared Meat/Fish (Canned Food),export
United States of America,75433239.89,2534424557.68,66348.09,KGM,2023,2,16,Prepared Meat/Fish (Canned Food),export
United Kingdom,35784056.76,1204103636.45,28533.64,KGM,2023,2,16,Prepared Meat/Fish (Canned Food),export
Australia,31257544.81,970437181.86,29283.64,KGM,2023,2,16,Prepared Meat/Fish (Canned Food),export
Canada,25577592.61,849627606.88,14144.67,KGM,2023,2,16,Prepared Meat/Fish (Canned Food),export
Germany,17642624.03,527690370.92,11941.16,KGM,2023,2,16,Prepared Meat/Fish (Canned Food),export
Netherlands,14619661.41,469243234.39,13209.62,KGM,2023,2,16,Prepared Meat/Fish (Canned Food),export
Saudi Arabia,12260461.43,381934498.07,12724.57,KGM,2023,2,16,Prepared Meat/Fish (Canned Food),export
United Arab Emirates,11691497.65,366128498.2,7824.06,KGM,2023,2,16,Prepared Meat/Fish (Canned Food),export
Singapore,8572431.23,265255036.64,7841.61,KGM,2023,2,16,Prepared Meat/Fish (Canned Food),export
Malaysia,8447029.51,268859232.78,5811.48,KGM,2023,2,16,Prepared Meat/Fish (Canned Food),export
"Korea, Republic of",14233278.01,450248037.34,13803.43,KGM,2023,2,16,Prepared Meat/Fish (Canned Food),export
France,9780104.39,315778883.92,7024.78,KGM,2023,2,16,Prepared Meat/Fish (Canned Food),export
Libya,5050392.69,157919871.26,3279.94,KGM,2023,2,16,Prepared Meat/Fish (Canned Food),export
Egypt,5725900.23,195396299.88,5217.27,KGM,2023,2,16,Prepared Meat/Fish (Canned Food),export
Japan,105143735.33,3624241193.23,90659.95,KGM,2023,3,16,Prepared Meat/Fish (Canned Food),export
United States of America,94470976.42,3035469729.56,67049.71,KGM,2023,3,16,Prepared Meat/Fish (Canned Food),export
United Kingdom,47500228.84,1524343482.85,32337.26,KGM,2023,3,16,Prepared Meat/Fish (Canned Food),export
Australia,32922728.26,1226383830.3,24456.44,KGM,2023,3,16,Prepared Meat/Fish (Canned Food),export
Canada,29113925.09,1036389903.49,18787.25,KGM,2023,3,16,Prepared Meat/Fish (Canned Food),export
Germany,21480914.23,685737898.44,17242.86,KGM,2023,3,16,Prepared Meat/Fish (Canned Food),export
Netherlands,17410370.98,523210836.5,14608.45,KGM,2023,3,16,Prepared Meat/Fish (Canned Food),export
Saudi Arabia,14550408.59,508744536.21,12242.59,KGM,2023,3,16,Prepared Meat/Fish (Canned Food),export
United Arab Emirates,11481592.42,343405924.6,10742.78,KGM,2023,3,16,Prepared Meat/Fish (Canned Food),export
Singapore,11386648.44,377984457.12,7276.0,KGM,2023,3,16,Prepared Meat/Fish (Canned Food),export
Malaysia,9549901.08,313617131.46,7526.77,KGM,2023,3,16,Prepared Meat/Fish (Canned Food),export
"Korea, Republic of",13396100.84,462093781.96,10929.87,KGM,2023,3,16,Prepared Meat/Fish (Canned Food),export
France,9587540.78,294930689.12,8056.22,KGM,2023,3,16,Prepared Meat/Fish (Canned Food),export
Libya,5536062.65,190296308.76,3432.86,KGM,2023,3,16,Prepared Meat/Fish (Canned Food),export
Egypt,5467832.94,180522086.92,5490.25,KGM,2023,3,16,Prepared Meat/Fish (Canned Food),export
Japan,119171140.64,3920339349.04,120372.07,KGM,2023,4,16,Prepared Meat/Fish (Canned Food),export
United States of America,81104707.01,2496347270.81,74663.63,KGM,2023,4,16,Prepared Meat/Fish (Canned Food),export
United Kingdom,31441701.63,998134013.04,38337.01,KGM,2023,4,16,Prepared Meat/Fish (Canned Food),export
Australia,39998469.61,1250112801.42,29615.42,KGM,2023,4,16,Prepared Meat/Fish (Canned Food),export
Canada,27893617.0,875412983.01,20001.87,KGM,2023,4,16,Prepared Meat/Fish (Canned Food),export
Germany,18825686.11,632628471.58,13330.25,KGM,2023,4,16,Prepared Meat/Fish (Canned Food),export
Netherlands,17162549.65,561685906.33,15083.77,KGM,2023,4,16,Prepared Meat/Fish (Canned Food),export
Saudi Arabia,14292411.87,525968849.75,10315.68,KGM,2023,4,16,Prepared Meat/Fish (Canned Food),export
United Arab Emirates,12561140.3,436467031.62,12307.41,KGM,2023,4,16,Prepared Meat/Fish (Canned Food),export
Singapore,10180843.59,338287784.74,8597.67,KGM,2023,4,16,Prepared Meat/Fish (Canned Food),export
Malaysia,11212667.91,356440519.15,8327.6,KGM,2023,4,16,Prepared Meat/Fish (Canned Food),export
"Korea, Republic of",16332784.2,510187530.02,13840.69,KGM,2023,4,16,Prepared Meat/Fish (Canned Food),export
France,11038445.89,350070966.2,9773.6,KGM,2023,4,16,Prepared Meat/Fish (Canned Food),export
Libya,4881019.72,158480099.16,4793.38,KGM,2023,4,16,Prepared Meat/Fish (Canned Food),export
Egypt,5691434.85,192742042.51,5583.51,KGM,2023,4,16,Prepared Meat/Fish (Canned Food),export
Japan,130015793.53,4523698383.81,116945.24,KGM,2023,5,16,Prepared Meat/Fish (Canned Food),export
United States of America,85155493.96,3012382830.97,84968.1,KGM,2023,5,16,Prepared Meat/Fish (Canned Food),export
United Kingdom,34414078.66,1019243910.51,30100.93,KGM,2023,5,16,Prepared Meat/Fish (Canned Food),export
Australia,36346820.67,1155048254.89,25685.2,KGM,2023,5,16,Prepared Meat/Fish (Canned Food),export
Canada,29759691.19,987861152.78,16946.23,KGM,2023,5,16,Prepared Meat/Fish (Canned Food),export
Germany,21732158.76,721424393.8,17003.55,KGM,2023,5,16,Prepared Meat/Fish (Canned Food),export
Netherlands,15007231.74,529972904.6,13954.5,KGM,2023,5,16,Prepared Meat/Fish (Canned Food),export
Saudi Arabia,14173037.55,437801818.92,15455.91,KGM,2023,5,16,Prepared Meat/Fish (Canned Food),export
United Arab Emirates,10913171.67,378617479.35,9127.14,KGM,2023,5,16,Prepared Meat/Fish (Canned Food),export
Singapore,10147163.64,335977209.06,8942.57,KGM,2023,5,16,Prepared Meat/Fish (Canned Food),export
Malaysia,9607389.53,328162264.62,8909.57,KGM,2023,5,16,Prepared Meat/Fish (Canned Food),export
"Korea, Republic of",14259925.85,507869536.98,12454.08,KGM,2023,5,16,Prepared Meat/Fish (Canned Food),export
France,11076329.65,341643203.66,7032.98,KGM,2023,5,16,Prepared Meat/Fish (Canned Food),export
Libya,5844377.98,184787260.39,4655.23,KGM,2023,5,16,Prepared Meat/Fish (Canned Food),export
Egypt,6921473.84,243544434.28,6140.81,KGM,2023,5,16,Prepared Meat/Fish (Canned Food),export
Japan,152452363.14,4990300994.62,112106.68,KGM,2023,6,16,Prepared Meat/Fish (Canned Food),export
United States of America,84058918.46,2663487952.01,69921.01,KGM,2023,6,16,Prepared Meat/Fish (Canned Food),export
United Kingdom,42218559.03,1291313458.83,40394.24,KGM,2023,6,16,Prepared Meat/Fish (Canned Food),export
Australia,32414461.75,1052651237.28,33709.53,KGM,2023,6,16,Prepared Meat/Fish (Canned Food),export
Canada,22099515.04,722517514.33,21734.84,KGM,2023,6,16,Prepared Meat/Fish (Canned Food),export
Germany,20952097.43,649519350.02,18958.17,KGM,2023,6,16,Prepared Meat/Fish (Canned Food),export
Netherlands,19731989.58,652275206.58,15366.0,KGM,2023,6,16,Prepared Meat/Fish (Canned Food),export
Saudi Arabia,13577403.89,448456949.84,12313.64,KGM,2023,6,16,Prepared Meat/Fish (Canned Food),export
United Arab Emirates,13848553.88,473744107.7,12838.77,KGM,2023,6,16,Prepared Meat/Fish (Canned Food),export
Singapore,11452872.71,372725339.84,10094.73,KGM,2023,6,16,Prepared Meat/Fish (Canned Food),export
Malaysia,11384316.5,368068423.61,8941.29,KGM,2023,6,16,Prepared Meat/Fish (Canned Food),export
"Korea, Republic of",19581519.19,710602629.39,13842.2,KGM,2023,6,16,Prepared Meat/Fish (Canned Food),export
France,11279923.93,359250857.33,8167.81,KGM,2023,6,16,Prepared Meat/Fish (Canned Food),export
Libya,5279266.03,184283776.72,4078.98,KGM,2023,6,16,Prepared Meat/Fish (Canned Food),export
Egypt,6549767.4,218235017.23,4237.23,KGM,2023,6,16,Prepared Meat/Fish (Canned Food),export
Japan,130416608.0,4356095729.59,97245.76,KGM,2023,7,16,Prepared Meat/Fish (Canned Food),export
United States of America,85487913.67,2894831775.83,73917.59,KGM,2023,7,16,Prepared Meat/Fish (Canned Food),export
United Kingdom,44499982.93,1609943749.04,28993.3,KGM,2023,7,16,Prepared Meat/Fish (Canned Food),export
Australia,31721347.04,994729102.13,29589.16,KGM,2023,7,16,Prepared Meat/Fish (Canned Food),export
Canada,27896840.73,913533683.34,21823.2,KGM,2023,7,16,Prepared Meat/Fish (Canned Food),export
Germany,24724818.91,803787222.58,19457.72,KGM,2023,7,16,Prepared Meat/Fish (Canned Food),export
Netherlands,20873588.13,723311942.34,18358.04,KGM,2023,7,16,Prepared Meat/Fish (Canned Food),export
Saudi Arabia,15880688.08,531796154.72,10422.03,KGM,2023,7,16,Prepared Meat/Fish (Canned Food),export
United Arab Emirates,13741170.11,453923311.22,9352.38,KGM,2023,7,16,Prepared Meat/Fish (Canned Food),export
Singapore,10644367.09,380863163.64,10016.56,KGM,2023,7,16,Prepared Meat/Fish (Canned Food),export
Malaysia,10795257.18,374828324.96,7648.66,KGM,2023,7,16,Prepared Meat/Fish (Canned Food),export
"Korea, Republic of",17144549.01,619579749.17,12764.24,KGM,2023,7,16,Prepared Meat/Fish (Canned Food),export
France,9941193.54,340578739.16,9208.93,KGM,2023,7,16,Prepared Meat/Fish (Canned Food),export
Libya,5212375.62,179400825.78,4581.4,KGM,2023,7,16,Prepared Meat/Fish (Canned Food),export
Egypt,6597544.57,218762350.5,5444.12,KGM,2023,7,16,Prepared Meat/Fish (Canned Food),export
Japan,143244220.81,4660064440.85,103214.99,KGM,2023,8,16,Prepared Meat/Fish (Canned Food),export
United States of America,88624506.15,2692319908.78,80804.07,KGM,2023,8,16,Prepared Meat/Fish (Canned Food),export
United Kingdom,40199980.97,1343193225.54,45038.27,KGM,2023,8,16,Prepared Meat/Fish (Canned Food),export
Australia,37118694.95,1181208166.87,33907.48,KGM,2023,8,16,Prepared Meat/Fish (Canned Food),export
Canada,21826575.24,696351220.57,23052.05,KGM,2023,8,16,Prepared Meat/Fish (Canned Food),export
Germany,22334846.23,741811139.63,18387.73,KGM,2023,8,16,Prepared Meat/Fish (Canned Food),export
Netherlands,16498767.49,555462403.24,15969.89,KGM,2023,8,16,Prepared Meat/Fish (Canned Food),export
Saudi Arabia,14261281.72,447753805.7,10847.92,KGM,2023,8,16,Prepared Meat/Fish (Canned Food),export
United Arab Emirates,14257087.97,488229141.3,8068.12,KGM,2023,8,16,Prepared Meat/Fish (Canned Food),export
Singapore,11488764.03,353613305.83,8570.98,KGM,2023,8,16,Prepared Meat/Fish (Canned Food),export
Malaysia,9157330.72,319454286.28,8706.7,KGM,2023,8,16,Prepared Meat/Fish (Canned Food),export
"Korea, Republic of",14872691.04,506100019.95,15084.21,KGM,2023,8,16,Prepared Meat/Fish (Canned Food),export
France,11047774.58,354941962.4,8061.17,KGM,2023,8,16,Prepared Meat/Fish (Canned Food),export
Libya,6535317.52,228702146.14,4516.82,KGM,2023,8,16,Prepared Meat/Fish (Canned Food),export
Egypt,6793430.24,230135161.81,5018.29,KGM,2023,8,16,Prepared Meat/Fish (Canned Food),export
Japan,164422561.51,5651335528.98,99829.41,KGM,2023,9,16,Prepared Meat/Fish (Canned Food),export
United States of America,91877628.98,2829113338.22,59581.9,KGM,2023,9,16,Prepared Meat/Fish (Canned Food),export
United Kingdom,43042457.27,1477112086.39,37567.82,KGM,2023,9,16,Prepared Meat/Fish (Canned Food),export
Australia,33248533.46,1091297649.3,34027.58,KGM,2023,9,16,Prepared Meat/Fish (Canned Food),export
Canada,28184336.58,1003902337.19,24132.08,KGM,2023,9,16,Prepared Meat/Fish (Canned Food),export
Germany,23224408.62,759887814.94,15096.24,KGM,2023,9,16,Prepared Meat/Fish (Canned Food),export
Netherlands,22014639.08,748469914.55,17952.38,KGM,2023,9,16,Prepared Meat/Fish (Canned Food),export
Saudi Arabia,16042792.33,543598172.71,11304.18,KGM,2023,9,16,Prepared Meat/Fish (Canned Food),export
United Arab Emirates,11881866.07,404457937.31,11718.94,KGM,2023,9,16,Prepared Meat/Fish (Canned Food),export
Singapore,10742910.06,357717599.68,8894.32,KGM,2023,9,16,Prepared Meat/Fish (Canned Food),export
Malaysia,9519393.48,313579969.14,6769.02,KGM,2023,9,16,Prepared Meat/Fish (Canned Food),export
"Korea, Republic of",17014937.63,541534622.24,15732.82,KGM,2023,9,16,Prepared Meat/Fish (Canned Food),export
France,12474195.19,386489195.77,7774.96,KGM,2023,9,16,Prepared Meat/Fish (Canned Food),export
Libya,5465464.01,169222113.71,3999.01,KGM,2023,9,16,Prepared Meat/Fish (Canned Food),export
Egypt,8076756.16,294534706.49,5116.41,KGM,2023,9,16,Prepared Meat/Fish (Canned Food),export
Japan,108927699.97,3805599927.58,76928.08,KGM,2023,10,16,Prepared Meat/Fish (Canned Food),export
United States of America,74780240.92,2315686052.37,65587.02,KGM,2023,10,16,Prepared Meat/Fish (Canned Food),export
United Kingdom,40166327.81,1321035934.64,26946.82,KGM,2023,10,16,Prepared Meat/Fish (Canned Food),export
Australia,33607966.0,1140605199.51,29003.89,KGM,2023,10,16,Prepared Meat/Fish (Canned Food),export
Canada,25807521.6,847427418.05,21251.17,KGM,2023,10,16,Prepared Meat/Fish (Canned Food),export
Germany,19282397.5,633095645.79,17037.85,KGM,2023,10,16,Prepared Meat/Fish (Canned Food),export
Netherlands,18010986.73,566448713.49,15208.0,KGM,2023,10,16,Prepared Meat/Fish (Canned Food),export
Saudi Arabia,17281571.97,573510955.45,11734.05,KGM,2023,10,16,Prepared Meat/Fish (Canned Food),export
United Arab Emirates,12042149.28,403517640.57,10434.78,KGM,2023,10,16,Prepared Meat/Fish (Canned Food),export
Singapore,10029676.66,282786548.79,9465.93,KGM,2023,10,16,Prepared Meat/Fish (Canned Food),export
Malaysia,10199354.2,308492472.41,8059.03,KGM,2023,10,16,Prepared Meat/Fish (Canned Food),export
"Korea, Republic of",16525076.23,559252292.17,13632.39,KGM,2023,10,16,Prepared Meat/Fish (Canned Food),export
France,8508439.86,293633026.08,8724.59,KGM,2023,10,16,Prepared Meat/Fish (Canned Food),export
Libya,4751607.93,154285603.42,4245.44,KGM,2023,10,16,Prepared Meat/Fish (Canned Food),export
Egypt,6583476.0,211525924.03,4656.38,KGM,2023,10,16,Prepared Meat/Fish (Canned Food),export
Japan,118253471.45,3877782856.8,79685.03,KGM,2023,11,16,Prepared Meat/Fish (Canned Food),export
United States of America,82012509.99,2737039180.03,69927.35,KGM,2023,11,16,Prepared Meat/Fish (Canned Food),export
United Kingdom,33904051.12,1191871074.14,36796.0,KGM,2023,11,16,Prepared Meat/Fish (Canned Food),export
Australia,35016449.55,1127619776.15,25201.76,KGM,2023,11,16,Prepared Meat/Fish (Canned Food),export
Canada,24229954.6,788522005.08,20448.34,KGM,2023,11,16,Prepared Meat/Fish (Canned Food),export
Germany,18088203.87,603891486.98,17772.56,KGM,2023,11,16,Prepared Meat/Fish (Canned Food),export
Netherlands,15933935.9,529688743.9,14744.42,KGM,2023,11,16,Prepared Meat/Fish (Canned Food),export
Saudi Arabia,13774409.48,457342541.54,13574.52,KGM,2023,11,16,Prepared Meat/Fish (Canned Food),export
United Arab Emirates,11614826.79,391023308.99,9402.45,KGM,2023,11,16,Prepared Meat/Fish (Canned Food),export
Singapore,9821919.88,339828091.12,7838.17,KGM,2023,11,16,Prepared Meat/Fish (Canned Food),export
Malaysia,7641052.79,261059969.04,6053.39,KGM,2023,11,16,Prepared Meat/Fish (Canned Food),export
"Korea, Republic of",18425121.08,659551404.96,13120.69,KGM,2023,11,16,Prepared Meat/Fish (Canned Food),export
France,9463595.02,318779303.15,7309.59,KGM,2023,11,16,Prepared Meat/Fish (Canned Food),export
Libya,5418405.02,177074410.37,3334.5,KGM,2023,11,16,Prepared Meat/Fish (Canned Food),export
Egypt,5919962.61,190366267.82,4361.94,KGM,2023,11,16,Prepared Meat/Fish (Canned Food),export
Japan,111726986.08,3820803396.92,87078.04,KGM,2023,12,16,Prepared Meat/Fish (Canned Food),export
United States of America,71007437.87,2388310645.31,49195.92,KGM,2023,12,16,Prepared Meat/Fish (Canned Food),export
United Kingdom,31076544.91,977221440.28,26449.4,KGM,2023,12,16,Prepared Meat/Fish (Canned Food),export
Australia,28217411.89,911810791.1,24303.71,KGM,2023,12,16,Prepared Meat/Fish (Canned Food),export
Canada,19570811.36,642326014.46,19518.11,KGM,2023,12,16,Prepared Meat/Fish (Canned Food),export
Germany,16266704.9,491124479.19,11954.18,KGM,2023,12,16,Prepared Meat/Fish (Canned Food),export
Netherlands,15112804.14,514863837.8,10319.83,KGM,2023,12,16,Prepared Meat/Fish (Canned Food),export
Saudi Arabia,12917984.66,430615998.79,12230.88,KGM,2023,12,16,Prepared Meat/Fish (Canned Food),export
United Arab Emirates,9555251.81,326883404.15,6383.53,KGM,2023,12,16,Prepared Meat/Fish (Canned Food),export
Singapore,7471303.09,265314433.13,6532.89,KGM,2023,12,16,Prepared Meat/Fish (Canned Food),export
Malaysia,8200167.93,282220945.68,6471.64,KGM,2023,12,16,Prepared Meat/Fish (Canned Food),export
"Korea, Republic of",14048280.17,450903869.16,12258.81,KGM,2023,12,16,Prepared Meat/Fish (Canned Food),export
France,8263220.54,272280996.16,6108.99,KGM,2023,12,16,Prepared Meat/Fish (Canned Food),export
Libya,4236561.41,135651090.62,2711.35,KGM,2023,12,16,Prepared Meat/Fish (Canned Food),export
Egypt,5893432.84,200807514.23,4242.38,KGM,2023,12,16,Prepared Meat/Fish (Canned Food),export
Japan,99980087.96,3280051356.56,62626.51,KGM,2024,1,16,Prepared Meat/Fish (Canned Food),export
United States of America,74494646.11,2541798922.28,46293.9,KGM,2024,1,16,Prepared Meat/Fish (Canned Food),export
United Kingdom,27992487.84,946615737.71,27052.05,KGM,2024,1,16,Prepared Meat/Fish (Canned Food),export
Australia,28595414.53,922494202.09,30619.33,KGM,2024,1,16,Prepared Meat/Fish (Canned Food),export
Canada,19863839.1,633011692.92,17280.56,KGM,2024,1,16,Prepared Meat/Fish (Canned Food),export
Germany,14435610.59,492788152.07,11715.99,KGM,2024,1,16,Prepared Meat/Fish (Canned Food),export
Netherlands,14717101.75,475923779.67,14624.32,KGM,2024,1,16,Prepared Meat/Fish (Canned Food),export
Saudi Arabia,13548795.6,437839813.69,10740.37,KGM,2024,1,16,Prepared Meat/Fish (Canned Food),export
United Arab Emirates,9230645.36,312269789.64,6413.52,KGM,2024,1,16,Prepared Meat/Fish (Canned Food),export
Singapore,9443865.71,306399920.03,5459.46,KGM,2024,1,16,Prepared Meat/Fish (Canned Food),export
Malaysia,7083808.99,230273527.29,6473.75,KGM,2024,1,16,Prepared Meat/Fish (Canned Food),export
"Korea, Republic of",14323570.42,446113685.59,9653.19,KGM,2024,1,16,Prepared Meat/Fish (Canned Food),export
France,8037974.18,271596314.46,6456.33,KGM,2024,1,16,Prepared Meat/Fish (Canned Food),export
Libya,4059166.13,129139421.87,3551.48,KGM,2024,1,16,Prepared Meat/Fish (Canned Food),export
Egypt,4910893.6,155822838.65,3666.66,KGM,2024,1,16,Prepared Meat/Fish (Canned Food),export
Japan,110211498.02,3579514369.1,71489.22,KGM,2024,2,16,Prepared Meat/Fish (Canned Food),export
United States of America,71974005.73,2552328575.54,56825.34,KGM,2024,2,16,Prepared Meat/Fish (Canned Food),export
United Kingdom,34156462.74,1232560447.32,24188.62,KGM,2024,2,16,Prepared Meat/Fish (Canned Food),export
Australia,30169953.12,998209052.46,22384.93,KGM,2024,2,16,Prepared Meat/Fish (Canned Food),export
Canada,20729682.8,641297957.08,15828.7,KGM,2024,2,16,Prepared Meat/Fish (Canned Food),export
Germany,18941866.38,630295240.21,12999.18,KGM,2024,2,16,Prepared Meat/Fish (Canned Food),export
Netherlands,17709578.73,601828651.44,10768.21,KGM,2024,2,16,Prepared Meat/Fish (Canned Food),export
Saudi Arabia,11250660.05,374672390.49,10151.56,KGM,2024,2,16,Prepared Meat/Fish (Canned Food),export
United Arab Emirates,10547812.57,338908795.11,8953.75,KGM,2024,2,16,Prepared Meat/Fish (Canned Food),export
Singapore,9299833.05,303407257.05,7679.88,KGM,2024,2,16,Prepared Meat/Fish (Canned Food),export
Malaysia,7326424.15,238415308.96,5517.08,KGM,2024,2,16,Prepared Meat/Fish (Canned Food),export
"Korea, Republic of",10748253.18,321636738.28,10687.05,KGM,2024,2,16,Prepared Meat/Fish (Canned Food),export
France,7577991.49,264848498.7,6480.57,KGM,2024,2,16,Prepared Meat/Fish (Canned Food),export
Libya,3850843.1,126610036.53,3425.62,KGM,2024,2,16,Prepared Meat/Fish (Canned Food),export
Egypt,5349426.86,183192803.07,4086.22,KGM,2024,2,16,Prepared Meat/Fish (Canned Food),export
Japan,103234313.55,3463582707.22,76764.91,KGM,2024,3,16,Prepared Meat/Fish (Canned Food),export
United States of America,69281047.59,2319246280.98,58478.69,KGM,2024,3,16,Prepared Meat/Fish (Canned Food),export
United Kingdom,40939279.92,1309176169.06,31883.18,KGM,2024,3,16,Prepared Meat/Fish (Canned Food),export
Australia,28216017.68,864144053.57,30714.55,KGM,2024,3,16,Prepared Meat/Fish (Canned Food),export
Canada,21730501.33,770523199.11,19618.19,KGM,2024,3,16,Prepared Meat/Fish (Canned Food),export
Germany,17862991.31,566032802.27,14614.46,KGM,2024,3,16,Prepared Meat/Fish (Canned Food),export
Netherlands,16594992.15,528958281.71,11300.58,KGM,2024,3,16,Prepared Meat/Fish (Canned Food),export
Saudi Arabia,14699438.04,505306020.8,10356.58,KGM,2024,3,16,Prepared Meat/Fish (Canned Food),export
United Arab Emirates,10757293.46,373843356.53,7304.36,KGM,2024,3,16,Prepared Meat/Fish (Canned Food),export
Singapore,7906671.88,258551739.26,6757.37,KGM,2024,3,16,Prepared Meat/Fish (Canned Food),export
Malaysia,9017900.83,285055162.06,6140.87,KGM,2024,3,16,Prepared Meat/Fish (Canned Food),export
"Korea, Republic of",13878400.41,448257262.82,10644.49,KGM,2024,3,16,Prepared Meat/Fish (Canned Food),export
France,9301258.54,282918605.87,6231.39,KGM,2024,3,16,Prepared Meat/Fish (Canned Food),export
Libya,5525651.1,183790180.5,3687.2,KGM,2024,3,16,Prepared Meat/Fish (Canned Food),export
Egypt,5035338.3,162136745.78,4840.75,KGM,2024,3,16,Prepared Meat/Fish (Canned Food),export
Japan,81300115.56,2648585439.81,84025.15,KGM,2024,4,16,Prepared Meat/Fish (Canned Food),export
United States of America,73855438.52,2365783793.37,58671.24,KGM,2024,4,16,Prepared Meat/Fish (Canned Food),export
United Kingdom,34781019.22,1061926631.12,28978.7,KGM,2024,4,16,Prepared Meat/Fish (Canned Food),export
Australia,26436051.18,876939394.54,26606.09,KGM,2024,4,16,Prepared Meat/Fish (Canned Food),export
Canada,25543925.95,797214668.49,18207.29,KGM,2024,4,16,Prepared Meat/Fish (Canned Food),export
Germany,15140030.07,509216434.6,13421.47,KGM,2024,4,16,Prepared Meat/Fish (Canned Food),export
Netherlands,19341769.37,603068925.59,13611.77,KGM,2024,4,16,Prepared Meat/Fish (Canned Food),export
Saudi Arabia,12847911.85,416156932.44,10122.21,KGM,2024,4,16,Prepared Meat/Fish (Canned Food),export
United Arab Emirates,12533249.14,410358832.68,10313.12,KGM,2024,4,16,Prepared Meat/Fish (Canned Food),export
Singapore,9563600.01,291069479.76,6794.26,KGM,2024,4,16,Prepared Meat/Fish (Canned Food),export
Malaysia,9964092.99,301376343.31,4877.44,KGM,2024,4,16,Prepared Meat/Fish (Canned Food),export
"Korea, Republic of",16618186.75,520334166.42,11292.47,KGM,2024,4,16,Prepared Meat/Fish (Canned Food),export
France,10032839.16,311027761.19,8210.32,KGM,2024,4,16,Prepared Meat/Fish (Canned Food),export
Libya,4445618.03,141257918.47,4151.68,KGM,2024,4,16,Prepared Meat/Fish (Canned Food),export
Egypt,5793999.27,170408892.76,5278.77,KGM,2024,4,16,Prepared Meat/Fish (Canned Food),export
Japan,111075644.33,3366916702.5,94888.46,KGM,2024,5,16,Prepared Meat/Fish (Canned Food),export
United States of America,72606312.67,2319301729.4,69020.84,KGM,2024,5,16,Prepared Meat/Fish (Canned Food),export
United Kingdom,32643415.33,1098997785.96,34828.13,KGM,2024,5,16,Prepared Meat/Fish (Canned Food),export
Australia,33310711.19,1150632699.86,26516.51,KGM,2024,5,16,Prepared Meat/Fish (Canned Food),export
Canada,24663974.11,788288986.25,20651.57,KGM,2024,5,16,Prepared Meat/Fish (Canned Food),export
Germany,15491736.23,536810223.15,16477.65,KGM,2024,5,16,Prepared Meat/Fish (Canned Food),export
Netherlands,16862630.61,547987955.73,15270.12,KGM,2024,5,16,Prepared Meat/Fish (Canned Food),export
Saudi Arabia,14244619.96,463843569.97,13918.35,KGM,2024,5,16,Prepared Meat/Fish (Canned Food),export
United Arab Emirates,11096845.2,377682344.1,7135.54,KGM,2024,5,16,Prepared Meat/Fish (Canned Food),export
Singapore,8903068.69,289594044.86,7802.11,KGM,2024,5,16,Prepared Meat/Fish (Canned Food),export
Malaysia,8240503.78,271431659.05,6802.52,KGM,2024,5,16,Prepared Meat/Fish (Canned Food),export
"Korea, Republic of",16065613.65,545846456.54,13597.89,KGM,2024,5,16,Prepared Meat/Fish (Canned Food),export
France,10801907.75,364477119.62,8452.48,KGM,2024,5,16,Prepared Meat/Fish (Canned Food),export
Libya,5488922.66,175499007.54,3231.44,KGM,2024,5,16,Prepared Meat/Fish (Canned Food),export
Egypt,5277981.62,179603647.75,4433.63,KGM,2024,5,16,Prepared Meat/Fish (Canned Food),export
Japan,104219836.51,3347479515.29,99501.92,KGM,2024,6,16,Prepared Meat/Fish (Canned Food),export
United States of America,75485959.1,2681402592.84,64064.56,KGM,2024,6,16,Prepared Meat/Fish (Canned Food),export
United Kingdom,36314723.03,1139652684.21,30979.36,KGM,2024,6,16,Prepared Meat/Fish (Canned Food),export
Australia,31742536.38,1059158849.73,23798.74,KGM,2024,6,16,Prepared Meat/Fish (Canned Food),export
Canada,25476848.31,811935065.04,21161.82,KGM,2024,6,16,Prepared Meat/Fish (Canned Food),export
Germany,20543028.72,676140330.9,15852.27,KGM,2024,6,16,Prepared Meat/Fish (Canned Food),export
Netherlands,15410716.54,512829116.72,14334.86,KGM,2024,6,16,Prepared Meat/Fish (Canned Food),export
Saudi Arabia,14811659.33,504216929.36,12293.11,KGM,2024,6,16,Prepared Meat/Fish (Canned Food),export
United Arab Emirates,10442018.66,352665098.11,9139.98,KGM,2024,6,16,Prepared Meat/Fish (Canned Food),export
Singapore,9512644.06,315204007.98,8720.32,KGM,2024,6,16,Prepared Meat/Fish (Canned Food),export
Malaysia,7077656.81,232319449.94,7746.95,KGM,2024,6,16,Prepared Meat/Fish (Canned Food),export
"Korea, Republic of",12067661.49,375273541.25,11374.88,KGM,2024,6,16,Prepared Meat/Fish (Canned Food),export
France,10511185.83,332304643.66,7786.37,KGM,2024,6,16,Prepared Meat/Fish (Canned Food),export
Libya,5283801.99,172496864.32,4125.14,KGM,2024,6,16,Prepared Meat/Fish (Canned Food),export
Egypt,5134457.1,162833213.08,4217.65,KGM,2024,6,16,Prepared Meat/Fish (Canned Food),export
Japan,123584717.84,4069539436.42,73442.89,KGM,2024,7,16,Prepared Meat/Fish (Canned Food),export
United States of America,74747819.67,2492772874.5,68954.9,KGM,2024,7,16,Prepared Meat/Fish (Canned Food),export
United Kingdom,40384972.76,1258133358.67,28733.34,KGM,2024,7,16,Prepared Meat/Fish (Canned Food),export
Australia,32449966.0,1108566639.87,29335.8,KGM,2024,7,16,Prepared Meat/Fish (Canned Food),export
Canada,22926717.28,720242394.83,17186.96,KGM,2024,7,16,Prepared Meat/Fish (Canned Food),export
Germany,18904799.01,665633951.56,15584.59,KGM,2024,7,16,Prepared Meat/Fish (Canned Food),export
Netherlands,17462745.56,555826932.55,14816.4,KGM,2024,7,16,Prepared Meat/Fish (Canned Food),export
Saudi Arabia,14434945.19,473310365.72,11693.31,KGM,2024,7,16,Prepared Meat/Fish (Canned Food),export
United Arab Emirates,11474908.38,386951756.7,9339.35,KGM,2024,7,16,Prepared Meat/Fish (Canned Food),export
Singapore,10703738.12,371105090.16,5582.36,KGM,2024,7,16,Prepared Meat/Fish (Canned Food),export
Malaysia,7149428.0,261193223.55,7155.66,KGM,2024,7,16,Prepared Meat/Fish (Canned Food),export
"Korea, Republic of",14313848.34,465695479.33,11748.43,KGM,2024,7,16,Prepared Meat/Fish (Canned Food),export
France,10222793.08,326985535.09,7999.9,KGM,2024,7,16,Prepared Meat/Fish (Canned Food),export
Libya,4736872.49,155471676.79,3318.85,KGM,2024,7,16,Prepared Meat/Fish (Canned Food),export
Egypt,5508860.99,175926187.29,4675.37,KGM,2024,7,16,Prepared Meat/Fish (Canned Food),export
Japan,115910056.63,3838665968.54,94859.76,KGM,2024,8,16,Prepared Meat/Fish (Canned Food),export
United States of America,81132593.74,2581635847.93,61853.0,KGM,2024,8,16,Prepared Meat/Fish (Canned Food),export
United Kingdom,39807385.97,1374826433.9,30908.72,KGM,2024,8,16,Prepared Meat/Fish (Canned Food),export
Australia,38523488.81,1306937550.39,23087.69,KGM,2024,8,16,Prepared Meat/Fish (Canned Food),export
Canada,26695037.41,904139807.54,16553.39,KGM,2024,8,16,Prepared Meat/Fish (Canned Food),export
Germany,21510431.0,702218507.74,13993.56,KGM,2024,8,16,Prepared Meat/Fish (Canned Food),export
Netherlands,18098543.95,570417979.06,15187.02,KGM,2024,8,16,Prepared Meat/Fish (Canned Food),export
Saudi Arabia,16519343.04,577939430.62,8960.48,KGM,2024,8,16,Prepared Meat/Fish (Canned Food),export
United Arab Emirates,12496791.82,428597579.71,8768.97,KGM,2024,8,16,Prepared Meat/Fish (Canned Food),export
Singapore,8836568.36,294768102.84,8005.58,KGM,2024,8,16,Prepared Meat/Fish (Canned Food),export
Malaysia,9093526.27,293319730.56,6390.86,KGM,2024,8,16,Prepared Meat/Fish (Canned Food),export
"Korea, Republic of",14993911.62,500904292.18,10812.01,KGM,2024,8,16,Prepared Meat/Fish (Canned Food),export
France,9264639.83,327449684.08,8844.27,KGM,2024,8,16,Prepared Meat/Fish (Canned Food),export
Libya,4788605.7,156499024.06,4384.35,KGM,2024,8,16,Prepared Meat/Fish (Canned Food),export
Egypt,5367898.62,177829649.12,4495.95,KGM,2024,8,16,Prepared Meat/Fish (Canned Food),export
Japan,99172486.2,3285488396.85,103852.61,KGM,2024,9,16,Prepared Meat/Fish (Canned Food),export
United States of America,88554378.86,2938227425.38,69099.69,KGM,2024,9,16,Prepared Meat/Fish (Canned Food),export
United Kingdom,38817764.39,1407330634.77,38084.34,KGM,2024,9,16,Prepared Meat/Fish (Canned Food),export
Australia,34024308.19,1086732167.93,31698.99,KGM,2024,9,16,Prepared Meat/Fish (Canned Food),export
Canada,23677852.52,805686856.8,19192.22,KGM,2024,9,16,Prepared Meat/Fish (Canned Food),export
Germany,17961737.0,618006043.07,19094.53,KGM,2024,9,16,Prepared Meat/Fish (Canned Food),export
Netherlands,19310669.42,661279031.67,13979.12,KGM,2024,9,16,Prepared Meat/Fish (Canned Food),export
Saudi Arabia,10690355.43,355349371.95,12713.87,KGM,2024,9,16,Prepared Meat/Fish (Canned Food),export
United Arab Emirates,9797394.7,331997824.46,10130.93,KGM,2024,9,16,Prepared Meat/Fish (Canned Food),export
Singapore,8197181.43,295890245.66,6903.58,KGM,2024,9,16,Prepared Meat/Fish (Canned Food),export
Malaysia,8887483.57,308308608.19,8093.21,KGM,2024,9,16,Prepared Meat/Fish (Canned Food),export
"Korea, Republic of",15688348.38,467993903.52,13548.98,KGM,2024,9,16,Prepared Meat/Fish (Canned Food),export
France,9830529.78,298659944.07,5074.14,KGM,2024,9,16,Prepared Meat/Fish (Canned Food),export
Libya,4756536.46,157261157.38,3703.62,KGM,2024,9,16,Prepared Meat/Fish (Canned Food),export
Egypt,6025032.25,200405011.27,4907.52,KGM,2024,9,16,Prepared Meat/Fish (Canned Food),export
Japan,128334900.24,4095527482.91,87925.12,KGM,2024,10,16,Prepared Meat/Fish (Canned Food),export
United States of America,82494649.67,2588443610.63,66070.35,KGM,2024,10,16,Prepared Meat/Fish (Canned Food),export
United Kingdom,45877655.84,1454799963.32,36000.65,KGM,2024,10,16,Prepared Meat/Fish (Canned Food),export
Australia,35470194.12,1179059953.96,35968.38,KGM,2024,10,16,Prepared Meat/Fish (Canned Food),export
Canada,26898837.41,875028106.95,19187.4,KGM,2024,10,16,Prepared Meat/Fish (Canned Food),export
Germany,23828444.79,783803514.37,16785.14,KGM,2024,10,16,Prepared Meat/Fish (Canned Food),export
Netherlands,18644235.34,616373037.01,19456.37,KGM,2024,10,16,Prepared Meat/Fish (Canned Food),export
Saudi Arabia,14236305.92,486470717.46,11443.27,KGM,2024,10,16,Prepared Meat/Fish (Canned Food),export
United Arab Emirates,10645826.44,339753818.88,10473.24,KGM,2024,10,16,Prepared Meat/Fish (Canned Food),export
Singapore,8426173.51,278411732.79,7306.2,KGM,2024,10,16,Prepared Meat/Fish (Canned Food),export
Malaysia,10614598.43,345605642.37,8268.74,KGM,2024,10,16,Prepared Meat/Fish (Canned Food),export
"Korea, Republic of",17034320.43,524661031.69,11888.26,KGM,2024,10,16,Prepared Meat/Fish (Canned Food),export
France,10371825.7,354582771.73,6783.7,KGM,2024,10,16,Prepared Meat/Fish (Canned Food),export
Libya,5592042.95,185758698.49,3702.83,KGM,2024,10,16,Prepared Meat/Fish (Canned Food),export
Egypt,6294486.57,195962458.84,5487.83,KGM,2024,10,16,Prepared Meat/Fish (Canned Food),export
Japan,129207752.91,4414484061.68,82110.64,KGM,2024,11,16,Prepared Meat/Fish (Canned Food),export
United States of America,89902854.21,3131198936.23,59789.45,KGM,2024,11,16,Prepared Meat/Fish (Canned Food),export
United Kingdom,34237512.73,1203711665.63,36795.92,KGM,2024,11,16,Prepared Meat/Fish (Canned Food),export
Australia,36783683.77,1231099492.26,27775.96,KGM,2024,11,16,Prepared Meat/Fish (Canned Food),export
Canada,23862538.64,766469586.84,26715.51,KGM,2024,11,16,Prepared Meat/Fish (Canned Food),export
Germany,22993186.71,813848727.78,14807.64,KGM,2024,11,16,Prepared Meat/Fish (Canned Food),export
Netherlands,21964542.81,734274356.56,15305.55,KGM,2024,11,16,Prepared Meat/Fish (Canned Food),export
Saudi Arabia,13779912.71,460894975.34,10616.51,KGM,2024,11,16,Prepared Meat/Fish (Canned Food),export
United Arab Emirates,13967536.63,507187707.12,9110.47,KGM,2024,11,16,Prepared Meat/Fish (Canned Food),export
Singapore,9538526.75,318091025.65,8350.37,KGM,2024,11,16,Prepared Meat/Fish (Canned Food),export
Malaysia,9049672.2,290235569.58,5520.17,KGM,2024,11,16,Prepared Meat/Fish (Canned Food),export
"Korea, Republic of",15541700.37,527707618.93,12049.59,KGM,2024,11,16,Prepared Meat/Fish (Canned Food),export
France,10927152.48,344821096.71,7892.54,KGM,2024,11,16,Prepared Meat/Fish (Canned Food),export
Libya,5865583.03,188326504.21,3402.41,KGM,2024,11,16,Prepared Meat/Fish (Canned Food),export
Egypt,5576949.43,195056778.49,5312.77,KGM,2024,11,16,Prepared Meat/Fish (Canned Food),export
Japan,103962324.09,3497620867.39,86973.8,KGM,2024,12,16,Prepared Meat/Fish (Canned Food),export
United States of America,83257575.58,2840443160.5,44417.45,KGM,2024,12,16,Prepared Meat/Fish (Canned Food),export
United Kingdom,36594543.94,1225527128.09,26957.82,KGM,2024,12,16,Prepared Meat/Fish (Canned Food),export
Australia,33144408.08,1201078804.07,26414.23,KGM,2024,12,16,Prepared Meat/Fish (Canned Food),export
Canada,22322657.33,730577085.99,17690.26,KGM,2024,12,16,Prepared Meat/Fish (Canned Food),export
Germany,18608419.35,614446540.5,14052.4,KGM,2024,12,16,Prepared Meat/Fish (Canned Food),export
Netherlands,15898295.99,510128477.05,12490.92,KGM,2024,12,16,Prepared Meat/Fish (Canned Food),export
Saudi Arabia,13777945.9,467355079.07,10218.1,KGM,2024,12,16,Prepared Meat/Fish (Canned Food),export
United Arab Emirates,10697192.15,378116278.29,8071.36,KGM,2024,12,16,Prepared Meat/Fish (Canned Food),export
Singapore,8726461.07,278810654.95,7580.49,KGM,2024,12,16,Prepared Meat/Fish (Canned Food),export
Malaysia,6327734.54,188527427.83,5916.08,KGM,2024,12,16,Prepared Meat/Fish (Canned Food),export
"Korea, Republic of",12911748.86,408554493.06,12444.59,KGM,2024,12,16,Prepared Meat/Fish (Canned Food),export
France,6959838.0,224712065.75,8323.15,KGM,2024,12,16,Prepared Meat/Fish (Canned Food),export
Libya,4401395.33,148700081.13,3860.27,KGM,2024,12,16,Prepared Meat/Fish (Canned Food),export
Egypt,5687021.07,172776409.25,4689.27,KGM,2024,12,16,Prepared Meat/Fish (Canned Food),export
Japan,89153413.07,2837520562.09,94746.97,KGM,2025,1,16,Prepared Meat/Fish (Canned Food),export
United States of America,64570163.7,2091594074.75,46988.79,KGM,2025,1,16,Prepared Meat/Fish (Canned Food),export
United Kingdom,33404234.0,1049573588.3,24575.6,KGM,2025,1,16,Prepared Meat/Fish (Canned Food),export
Australia,31251790.95,1002886585.55,21881.02,KGM,2025,1,16,Prepared Meat/Fish (Canned Food),export
Canada,16903684.51,581702033.21,21331.92,KGM,2025,1,16,Prepared Meat/Fish (Canned Food),export
Germany,16450322.32,543129323.02,12351.56,KGM,2025,1,16,Prepared Meat/Fish (Canned Food),export
Netherlands,15550247.28,453665956.68,10552.85,KGM,2025,1,16,Prepared Meat/Fish (Canned Food),export
Saudi Arabia,12297153.47,408967292.84,8435.91,KGM,2025,1,16,Prepared Meat/Fish (Canned Food),export
United Arab Emirates,10568919.9,340299389.21,7337.04,KGM,2025,1,16,Prepared Meat/Fish (Canned Food),export
Singapore,10178952.08,329000229.64,7566.58,KGM,2025,1,16,Prepared Meat/Fish (Canned Food),export
Malaysia,9572977.92,304238408.5,5335.51,KGM,2025,1,16,Prepared Meat/Fish (Canned Food),export
"Korea, Republic of",12836552.61,458078332.67,8476.24,KGM,2025,1,16,Prepared Meat/Fish (Canned Food),export
France,8811820.9,296708817.24,6266.44,KGM,2025,1,16,Prepared Meat/Fish (Canned Food),export
Libya,4389860.16,136907566.52,3334.79,KGM,2025,1,16,Prepared Meat/Fish (Canned Food),export
Egypt,4446318.77,137706483.59,5243.57,KGM,2025,1,16,Prepared Meat/Fish (Canned Food),export
Japan,117330594.16,4010952093.08,72105.98,KGM,2025,2,16,Prepared Meat/Fish (Canned Food),export
United States of America,69978862.6,2386140754.92,57764.79,KGM,2025,2,16,Prepared Meat/Fish (Canned Food),export
United Kingdom,28045332.27,867944925.52,24575.87,KGM,2025,2,16,Prepared Meat/Fish (Canned Food),export
Australia,29807951.15,895085951.58,19686.85,KGM,2025,2,16,Prepared Meat/Fish (Canned Food),export
Canada,20399604.65,681104188.73,12285.25,KGM,2025,2,16,Prepared Meat/Fish (Canned Food),export
Germany,14614329.31,432282742.34,12024.37,KGM,2025,2,16,Prepared Meat/Fish (Canned Food),export
Netherlands,17527578.78,568840009.29,9923.08,KGM,2025,2,16,Prepared Meat/Fish (Canned Food),export
Saudi Arabia,10291107.74,366648835.44,9024.19,KGM,2025,2,16,Prepared Meat/Fish (Canned Food),export
United Arab Emirates,10328369.17,340306747.99,7327.23,KGM,2025,2,16,Prepared Meat/Fish (Canned Food),export
Singapore,7889799.39,269166842.27,6612.51,KGM,2025,2,16,Prepared Meat/Fish (Canned Food),export
Malaysia,7273431.54,242603441.44,6176.87,KGM,2025,2,16,Prepared Meat/Fish (Canned Food),export
"Korea, Republic of",12128594.89,390689027.26,9144.24,KGM,2025,2,16,Prepared Meat/Fish (Canned Food),export
France,8942735.67,279847786.27,7314.48,KGM,2025,2,16,Prepared Meat/Fish (Canned Food),export
Libya,4070094.87,139196954.27,3041.26,KGM,2025,2,16,Prepared Meat/Fish (Canned Food),export
Egypt,4778691.68,159258721.96,5071.61,KGM,2025,2,16,Prepared Meat/Fish (Canned Food),export
Japan,125350180.25,4138760008.56,78761.16,KGM,2025,3,16,Prepared Meat/Fish (Canned Food),export
United States of America,79338200.29,2620581540.74,52373.36,KGM,2025,3,16,Prepared Meat/Fish (Canned Food),export
United Kingdom,41297113.25,1310042357.8,28718.7,KGM,2025,3,16,Prepared Meat/Fish (Canned Food),export
Australia,38590759.52,1282518970.77,22478.79,KGM,2025,3,16,Prepared Meat/Fish (Canned Food),export
Canada,21700046.3,740242517.5,16582.95,KGM,2025,3,16,Prepared Meat/Fish (Canned Food),export
Germany,18299323.74,541976220.92,15674.66,KGM,2025,3,16,Prepared Meat/Fish (Canned Food),export
Netherlands,17660995.91,533039270.19,12288.79,KGM,2025,3,16,Prepared Meat/Fish (Canned Food),export
Saudi Arabia,16653491.3,555242656.56,12018.48,KGM,2025,3,16,Prepared Meat/Fish (Canned Food),export
United Arab Emirates,12610598.53,401043250.51,9234.42,KGM,2025,3,16,Prepared Meat/Fish (Canned Food),export
Singapore,9178217.76,295992664.28,6864.97,KGM,2025,3,16,Prepared Meat/Fish (Canned Food),export
Malaysia,7350085.64,252415746.64,5943.08,KGM,2025,3,16,Prepared Meat/Fish (Canned Food),export
"Korea, Republic of",14477820.71,455442591.86,10533.35,KGM,2025,3,16,Prepared Meat/Fish (Canned Food),export
France,8962958.32,297480101.81,5963.26,KGM,2025,3,16,Prepared Meat/Fish (Canned Food),export
Libya,5112447.3,160250232.93,4798.02,KGM,2025,3,16,Prepared Meat/Fish (Canned Food),export
Egypt,6111581.27,191337203.45,4103.46,KGM,2025,3,16,Prepared Meat/Fish (Canned Food),export
Japan,102585422.04,3242090142.18,94074.37,KGM,2025,4,16,Prepared Meat/Fish (Canned Food),export
United States of America,72414957.0,2309316472.05,58415.27,KGM,2025,4,16,Prepared Meat/Fish (Canned Food),export
United Kingdom,35414424.08,1173295095.59,21848.28,KGM,2025,4,16,Prepared Meat/Fish (Canned Food),export
Australia,33956577.99,1138923198.51,24400.93,KGM,2025,4,16,Prepared Meat/Fish (Canned Food),export
Canada,27457049.73,960870072.06,19327.87,KGM,2025,4,16,Prepared Meat/Fish (Canned Food),export
Germany,23586959.59,736329351.57,20100.74,KGM,2025,4,16,Prepared Meat/Fish (Canned Food),export
Netherlands,15293858.91,507650172.19,13136.73,KGM,2025,4,16,Prepared Meat/Fish (Canned Food),export
Saudi Arabia,16748505.47,522470788.77,12434.41,KGM,2025,4,16,Prepared Meat/Fish (Canned Food),export
United Arab Emirates,10856679.37,334019420.68,9204.57,KGM,2025,4,16,Prepared Meat/Fish (Canned Food),export
Singapore,9649838.5,294550882.09,6609.89,KGM,2025,4,16,Prepared Meat/Fish (Canned Food),export
Malaysia,7851679.67,263864909.68,7280.62,KGM,2025,4,16,Prepared Meat/Fish (Canned Food),export
"Korea, Republic of",14594713.24,501012786.83,12940.04,KGM,2025,4,16,Prepared Meat/Fish (Canned Food),export
France,9833622.15,326420401.08,7770.74,KGM,2025,4,16,Prepared Meat/Fish (Canned Food),export
Libya,4747192.96,164742916.32,2848.9,KGM,2025,4,16,Prepared Meat/Fish (Canned Food),export
Egypt,6011847.7,211266698.24,3950.45,KGM,2025,4,16,Prepared Meat/Fish (Canned Food),export
Japan,111038237.56,3834745884.52,93179.19,KGM,2025,5,16,Prepared Meat/Fish (Canned Food),export
United States of America,80398429.62,2610685566.05,73018.09,KGM,2025,5,16,Prepared Meat/Fish (Canned Food),export
United Kingdom,45985281.3,1608401133.01,28529.68,KGM,2025,5,16,Prepared Meat/Fish (Canned Food),export
Australia,26620915.77,890388417.68,23898.3,KGM,2025,5,16,Prepared Meat/Fish (Canned Food),export
Canada,23598904.99,780238238.97,19490.26,KGM,2025,5,16,Prepared Meat/Fish (Canned Food),export
Germany,17324558.2,577742538.65,13626.46,KGM,2025,5,16,Prepared Meat/Fish (Canned Food),export
Netherlands,16520590.68,540422871.7,16438.68,KGM,2025,5,16,Prepared Meat/Fish (Canned Food),export
Saudi Arabia,15810158.08,507478539.74,12427.08,KGM,2025,5,16,Prepared Meat/Fish (Canned Food),export
United Arab Emirates,9463212.03,298390560.81,10782.3,KGM,2025,5,16,Prepared Meat/Fish (Canned Food),export
Singapore,9436304.58,310676010.06,7724.27,KGM,2025,5,16,Prepared Meat/Fish (Canned Food),export
Malaysia,9701333.42,318290746.0,7084.95,KGM,2025,5,16,Prepared Meat/Fish (Canned Food),export
"Korea, Republic of",16252222.54,518391361.82,12650.52,KGM,2025,5,16,Prepared Meat/Fish (Canned Food),export
France,8705297.21,286632099.17,7089.09,KGM,2025,5,16,Prepared Meat/Fish (Canned Food),export
Libya,4304023.56,141198668.64,3976.17,KGM,2025,5,16,Prepared Meat/Fish (Canned Food),export
Egypt,4399913.77,126151576.09,3923.54,KGM,2025,5,16,Prepared Meat/Fish (Canned Food),export
Japan,110409743.62,3330400949.24,103262.87,KGM,2025,6,16,Prepared Meat/Fish (Canned Food),export
United States of America,66148472.03,2077351120.78,59784.18,KGM,2025,6,16,Prepared Meat/Fish (Canned Food),export
United Kingdom,34040860.62,1098078400.04,32472.86,KGM,2025,6,16,Prepared Meat/Fish (Canned Food),export
Australia,28391559.67,1030971680.53,19995.82,KGM,2025,6,16,Prepared Meat/Fish (Canned Food),export
Canada,26509023.21,878291310.92,18024.19,KGM,2025,6,16,Prepared Meat/Fish (Canned Food),export
Germany,18126006.35,574932967.13,16179.47,KGM,2025,6,16,Prepared Meat/Fish (Canned Food),export
Netherlands,16219687.32,570621391.73,14470.87,KGM,2025,6,16,Prepared Meat/Fish (Canned Food),export
Saudi Arabia,15352436.06,499435839.16,13127.26,KGM,2025,6,16,Prepared Meat/Fish (Canned Food),export
United Arab Emirates,10721837.44,354981784.1,7019.63,KGM,2025,6,16,Prepared Meat/Fish (Canned Food),export
Singapore,9889674.96,314837288.32,7348.37,KGM,2025,6,16,Prepared Meat/Fish (Canned Food),export
Malaysia,9641949.27,337171620.53,7380.66,KGM,2025,6,16,Prepared Meat/Fish (Canned Food),export
"Korea, Republic of",12929823.24,450019470.51,10462.43,KGM,2025,6,16,Prepared Meat/Fish (Canned Food),export
France,9483385.34,305846075.88,7102.22,KGM,2025,6,16,Prepared Meat/Fish (Canned Food),export
Libya,4758970.96,155900227.69,4270.12,KGM,2025,6,16,Prepared Meat/Fish (Canned Food),export
Egypt,6169055.52,195451048.84,4830.2,KGM,2025,6,16,Prepared Meat/Fish (Canned Food),export
Japan,107626273.46,3335848741.62,89299.38,KGM,2025,7,16,Prepared Meat/Fish (Canned Food),export
United States of America,74622107.67,2459015933.5,74362.78,KGM,2025,7,16,Prepared Meat/Fish (Canned Food),export
United Kingdom,36318619.51,1147816339.42,38700.52,KGM,2025,7,16,Prepared Meat/Fish (Canned Food),export
Australia,31106186.12,1057360766.02,31595.55,KGM,2025,7,16,Prepared Meat/Fish (Canned Food),export
Canada,24263605.32,811639435.27,21629.97,KGM,2025,7,16,Prepared Meat/Fish (Canned Food),export
Germany,17333821.58,557264722.77,11206.69,KGM,2025,7,16,Prepared Meat/Fish (Canned Food),export
Netherlands,19620316.96,661011338.96,13431.94,KGM,2025,7,16,Prepared Meat/Fish (Canned Food),export
Saudi Arabia,15022116.04,486572444.3,9402.0,KGM,2025,7,16,Prepared Meat/Fish (Canned Food),export
United Arab Emirates,12223477.61,396727545.56,8548.32,KGM,2025,7,16,Prepared Meat/Fish (Canned Food),export
Singapore,10218551.31,353259044.49,7935.23,KGM,2025,7,16,Prepared Meat/Fish (Canned Food),export
Malaysia,9189548.76,296672450.8,6267.91,KGM,2025,7,16,Prepared Meat/Fish (Canned Food),export
"Korea, Republic of",14779937.02,477239903.15,13695.2,KGM,2025,7,16,Prepared Meat/Fish (Canned Food),export
France,8129640.68,259064028.98,8282.56,KGM,2025,7,16,Prepared Meat/Fish (Canned Food),export
Libya,4284726.85,147648694.25,3942.21,KGM,2025,7,16,Prepared Meat/Fish (Canned Food),export
Egypt,5561410.48,189215148.58,5001.26,KGM,2025,7,16,Prepared Meat/Fish (Canned Food),export
Japan,131163494.58,4107827760.62,88687.96,KGM,2025,8,16,Prepared Meat/Fish (Canned Food),export
United States of America,73047540.51,2483695979.52,70973.98,KGM,2025,8,16,Prepared Meat/Fish (Canned Food),export
United Kingdom,36635597.2,1149824852.51,40705.12,KGM,2025,8,16,Prepared Meat/Fish (Canned Food),export
Australia,38992183.56,1293161590.5,33530.94,KGM,2025,8,16,Prepared Meat/Fish (Canned Food),export
Canada,23371828.42,762082047.0,18438.72,KGM,2025,8,16,Prepared Meat/Fish (Canned Food),export
Germany,22446150.57,678813140.05,13872.01,KGM,2025,8,16,Prepared Meat/Fish (Canned Food),export
Netherlands,18891062.45,679170611.55,15602.72,KGM,2025,8,16,Prepared Meat/Fish (Canned Food),export
Saudi Arabia,13092411.9,454866473.92,11957.39,KGM,2025,8,16,Prepared Meat/Fish (Canned Food),export
United Arab Emirates,12300895.88,420504381.9,9495.16,KGM,2025,8,16,Prepared Meat/Fish (Canned Food),export
Singapore,9521252.21,296298085.98,8930.51,KGM,2025,8,16,Prepared Meat/Fish (Canned Food),export
Malaysia,7730462.03,225382125.46,7052.99,KGM,2025,8,16,Prepared Meat/Fish (Canned Food),export
"Korea, Republic of",15321179.92,512089460.88,9627.09,KGM,2025,8,16,Prepared Meat/Fish (Canned Food),export
France,10316172.83,347186804.39,8036.59,KGM,2025,8,16,Prepared Meat/Fish (Canned Food),export
Libya,5167575.67,184722797.73,3908.89,KGM,2025,8,16,Prepared Meat/Fish (Canned Food),export
Egypt,6316014.91,218594873.47,5311.93,KGM,2025,8,16,Prepared Meat/Fish (Canned Food),export
Japan,132178370.81,4394800015.98,123656.16,KGM,2025,9,16,Prepared Meat/Fish (Canned Food),export
United States of America,82542499.28,2692172239.51,60929.15,KGM,2025,9,16,Prepared Meat/Fish (Canned Food),export
United Kingdom,38280042.53,1210856146.36,35725.01,KGM,2025,9,16,Prepared Meat/Fish (Canned Food),export
Australia,36404166.45,1209546116.67,30851.18,KGM,2025,9,16,Prepared Meat/Fish (Canned Food),export
Canada,23499919.73,772489136.56,22381.99,KGM,2025,9,16,Prepared Meat/Fish (Canned Food),export
Germany,14717849.27,516621505.61,14570.6,KGM,2025,9,16,Prepared Meat/Fish (Canned Food),export
Netherlands,21343612.14,729441496.91,15806.67,KGM,2025,9,16,Prepared Meat/Fish (Canned Food),export
Saudi Arabia,14282117.2,497775343.34,12003.22,KGM,2025,9,16,Prepared Meat/Fish (Canned Food),export
United Arab Emirates,12917708.99,422664688.93,9989.25,KGM,2025,9,16,Prepared Meat/Fish (Canned Food),export
Singapore,11537642.34,391985717.71,9372.16,KGM,2025,9,16,Prepared Meat/Fish (Canned Food),export
Malaysia,9354086.11,318408606.48,7115.74,KGM,2025,9,16,Prepared Meat/Fish (Canned Food),export
"Korea, Republic of",13780917.13,424774210.53,11059.95,KGM,2025,9,16,Prepared Meat/Fish (Canned Food),export
France,11600374.75,389842329.2,7545.68,KGM,2025,9,16,Prepared Meat/Fish (Canned Food),export
Libya,5097680.93,171602510.2,5566.02,KGM,2025,9,16,Prepared Meat/Fish (Canned Food),export
Egypt,5041403.8,163438648.88,5655.06,KGM,2025,9,16,Prepared Meat/Fish (Canned Food),export
Japan,124879376.09,4157661364.96,93724.32,KGM,2025,10,16,Prepared Meat/Fish (Canned Food),export
United States of America,86510631.62,2788910988.25,62703.38,KGM,2025,10,16,Prepared Meat/Fish (Canned Food),export
United Kingdom,42910263.49,1323256140.85,24430.15,KGM,2025,10,16,Prepared Meat/Fish (Canned Food),export
Australia,43377360.62,1397299150.88,30905.77,KGM,2025,10,16,Prepared Meat/Fish (Canned Food),export
Canada,22046900.08,760128350.13,21096.46,KGM,2025,10,16,Prepared Meat/Fish (Canned Food),export
Germany,26845673.77,850191561.18,20849.98,KGM,2025,10,16,Prepared Meat/Fish (Canned Food),export
Netherlands,18168229.62,576614503.56,12592.4,KGM,2025,10,16,Prepared Meat/Fish (Canned Food),export
Saudi Arabia,15590940.84,562550003.75,12182.54,KGM,2025,10,16,Prepared Meat/Fish (Canned Food),export
United Arab Emirates,11067709.11,330977742.09,10140.03,KGM,2025,10,16,Prepared Meat/Fish (Canned Food),export
Singapore,10971406.01,380202439.65,7128.1,KGM,2025,10,16,Prepared Meat/Fish (Canned Food),export
Malaysia,9279837.45,276965540.18,6359.98,KGM,2025,10,16,Prepared Meat/Fish (Canned Food),export
"Korea, Republic of",14371030.48,483330384.07,13110.08,KGM,2025,10,16,Prepared Meat/Fish (Canned Food),export
France,10090658.86,315801151.38,9439.87,KGM,2025,10,16,Prepared Meat/Fish (Canned Food),export
Libya,3755731.22,131207010.07,4392.03,KGM,2025,10,16,Prepared Meat/Fish (Canned Food),export
Egypt,7199935.42,231715235.1,4302.49,KGM,2025,10,16,Prepared Meat/Fish (Canned Food),export
Japan,134133540.76,4447610311.72,92533.91,KGM,2025,11,16,Prepared Meat/Fish (Canned Food),export
United States of America,77412513.19,2450527129.56,57988.65,KGM,2025,11,16,Prepared Meat/Fish (Canned Food),export
United Kingdom,45678070.24,1594521966.07,33409.83,KGM,2025,11,16,Prepared Meat/Fish (Canned Food),export
Australia,38380248.1,1313644677.57,34811.56,KGM,2025,11,16,Prepared Meat/Fish (Canned Food),export
Canada,28037048.98,1051776524.61,20545.25,KGM,2025,11,16,Prepared Meat/Fish (Canned Food),export
Germany,21081604.89,704168827.11,12727.96,KGM,2025,11,16,Prepared Meat/Fish (Canned Food),export
Netherlands,16919023.29,576747934.63,16841.41,KGM,2025,11,16,Prepared Meat/Fish (Canned Food),export
Saudi Arabia,15335568.41,509442040.1,11175.31,KGM,2025,11,16,Prepared Meat/Fish (Canned Food),export
United Arab Emirates,11705944.75,396059210.7,10952.37,KGM,2025,11,16,Prepared Meat/Fish (Canned Food),export
Singapore,13483589.18,438821543.1,7893.27,KGM,2025,11,16,Prepared Meat/Fish (Canned Food),export
Malaysia,9235804.94,319010414.12,7404.85,KGM,2025,11,16,Prepared Meat/Fish (Canned Food),export
"Korea, Republic of",15202933.58,514975243.0,15468.47,KGM,2025,11,16,Prepared Meat/Fish (Canned Food),export
France,9917034.46,342745685.27,7596.95,KGM,2025,11,16,Prepared Meat/Fish (Canned Food),export
Libya,5226530.42,167783541.17,4173.87,KGM,2025,11,16,Prepared Meat/Fish (Canned Food),export
Egypt,6215571.87,217809594.88,4619.58,KGM,2025,11,16,Prepared Meat/Fish (Canned Food),export
Japan,116344405.01,3806300038.34,85026.6,KGM,2025,12,16,Prepared Meat/Fish (Canned Food),export
United States of America,73040428.51,2305491598.05,57860.17,KGM,2025,12,16,Prepared Meat/Fish (Canned Food),export
United Kingdom,29308398.69,961527193.9,26178.19,KGM,2025,12,16,Prepared Meat/Fish (Canned Food),export
Australia,29327107.48,957713949.03,27821.19,KGM,2025,12,16,Prepared Meat/Fish (Canned Food),export
Canada,26854065.57,891852390.98,16874.22,KGM,2025,12,16,Prepared Meat/Fish (Canned Food),export
Germany,17570686.13,607921610.13,15238.54,KGM,2025,12,16,Prepared Meat/Fish (Canned Food),export
Netherlands,17274524.71,583011623.16,9852.53,KGM,2025,12,16,Prepared Meat/Fish (Canned Food),export
Saudi Arabia,12198238.36,415154768.51,10452.46,KGM,2025,12,16,Prepared Meat/Fish (Canned Food),export
United Arab Emirates,9640387.56,313022623.86,9889.5,KGM,2025,12,16,Prepared Meat/Fish (Canned Food),export
Singapore,11010641.34,391516540.29,7296.98,KGM,2025,12,16,Prepared Meat/Fish (Canned Food),export
Malaysia,9117150.42,283064398.76,6035.94,KGM,2025,12,16,Prepared Meat/Fish (Canned Food),export
"Korea, Republic of",13724192.33,485418893.41,10096.98,KGM,2025,12,16,Prepared Meat/Fish (Canned Food),export
France,8823341.4,272695533.27,6976.44,KGM,2025,12,16,Prepared Meat/Fish (Canned Food),export
Libya,4712959.16,158655433.01,3108.77,KGM,2025,12,16,Prepared Meat/Fish (Canned Food),export
Egypt,5742873.79,197755111.76,3951.75,KGM,2025,12,16,Prepared Meat/Fish (Canned Food),export
Japan,103553126.32,3657282171.37,70144.83,KGM,2026,1,16,Prepared Meat/Fish (Canned Food),export
United States of America,64431256.88,2167383186.91,60244.88,KGM,2026,1,16,Prepared Meat/Fish (Canned Food),export
United Kingdom,36874679.47,1163201385.3,29661.73,KGM,2026,1,16,Prepared Meat/Fish (Canned Food),export
Australia,36309434.75,1224084908.68,27696.33,KGM,2026,1,16,Prepared Meat/Fish (Canned Food),export
Canada,19226347.72,653430209.25,15663.13,KGM,2026,1,16,Prepared Meat/Fish (Canned Food),export
Germany,14190795.26,439960557.6,14774.38,KGM,2026,1,16,Prepared Meat/Fish (Canned Food),export
Netherlands,14585579.64,486708535.38,10613.99,KGM,2026,1,16,Prepared Meat/Fish (Canned Food),export
Saudi Arabia,14795877.09,498425006.33,11092.68,KGM,2026,1,16,Prepared Meat/Fish (Canned Food),export
United Arab Emirates,10826842.63,364871400.54,9216.25,KGM,2026,1,16,Prepared Meat/Fish (Canned Food),export
Singapore,6464136.2,221084627.78,7870.69,KGM,2026,1,16,Prepared Meat/Fish (Canned Food),export
Malaysia,7696656.97,256789039.22,4875.26,KGM,2026,1,16,Prepared Meat/Fish (Canned Food),export
"Korea, Republic of",13744785.53,457427144.0,10085.17,KGM,2026,1,16,Prepared Meat/Fish (Canned Food),export
France,9824412.92,326370489.95,9140.97,KGM,2026,1,16,Prepared Meat/Fish (Canned Food),export
Libya,4584813.04,147850647.03,3198.47,KGM,2026,1,16,Prepared Meat/Fish (Canned Food),export
Egypt,5251570.9,179753061.9,4861.14,KGM,2026,1,16,Prepared Meat/Fish (Canned Food),export
Japan,147232078.97,4566314228.46,81079.32,KGM,2026,2,16,Prepared Meat/Fish (Canned Food),export
United States of America,91347938.39,3019021245.33,77268.37,KGM,2026,2,16,Prepared Meat/Fish (Canned Food),export
United Kingdom,22768505.71,762818721.98,29975.48,KGM,2026,2,16,Prepared Meat/Fish (Canned Food),export
Australia,32759838.1,1174369211.05,29437.75,KGM,2026,2,16,Prepared Meat/Fish (Canned Food),export
Canada,29379444.01,966681426.44,22566.67,KGM,2026,2,16,Prepared Meat/Fish (Canned Food),export
Germany,19552467.8,645976229.75,17952.35,KGM,2026,2,16,Prepared Meat/Fish (Canned Food),export
Netherlands,18623530.83,594615899.44,12053.51,KGM,2026,2,16,Prepared Meat/Fish (Canned Food),export
Saudi Arabia,16587432.74,553996378.22,10711.28,KGM,2026,2,16,Prepared Meat/Fish (Canned Food),export
United Arab Emirates,12851111.94,434886721.15,10431.52,KGM,2026,2,16,Prepared Meat/Fish (Canned Food),export
Singapore,10930616.25,336646782.88,7612.09,KGM,2026,2,16,Prepared Meat/Fish (Canned Food),export
Malaysia,8447911.95,263564124.78,8053.83,KGM,2026,2,16,Prepared Meat/Fish (Canned Food),export
"Korea, Republic of",13822097.87,417856370.45,10792.62,KGM,2026,2,16,Prepared Meat/Fish (Canned Food),export
France,9105306.01,290685556.06,9215.75,KGM,2026,2,16,Prepared Meat/Fish (Canned Food),export
Libya,4243108.55,143272043.14,3861.41,KGM,2026,2,16,Prepared Meat/Fish (Canned Food),export
Egypt,5041230.13,155464120.34,5501.56,KGM,2026,2,16,Prepared Meat/Fish (Canned Food),export
Japan,132484698.68,4260421721.51,104945.66,KGM,2026,3,16,Prepared Meat/Fish (Canned Food),export
United States of America,91364083.58,3009423059.54,80441.26,KGM,2026,3,16,Prepared Meat/Fish (Canned Food),export
United Kingdom,43195112.51,1438867882.98,38802.77,KGM,2026,3,16,Prepared Meat/Fish (Canned Food),export
Australia,37538919.8,1196421166.15,32349.38,KGM,2026,3,16,Prepared Meat/Fish (Canned Food),export
Canada,26249583.33,883834973.52,25213.04,KGM,2026,3,16,Prepared Meat/Fish (Canned Food),export
Germany,24761102.78,784163600.89,19793.75,KGM,2026,3,16,Prepared Meat/Fish (Canned Food),export
Netherlands,22762752.44,782898163.48,15961.65,KGM,2026,3,16,Prepared Meat/Fish (Canned Food),export
Saudi Arabia,17026767.69,570649426.93,14312.37,KGM,2026,3,16,Prepared Meat/Fish (Canned Food),export
United Arab Emirates,14915728.61,456949363.48,8870.69,KGM,2026,3,16,Prepared Meat/Fish (Canned Food),export
Singapore,12267131.64,390542959.99,9589.25,KGM,2026,3,16,Prepared Meat/Fish (Canned Food),export
Malaysia,10722395.78,406340566.92,6878.06,KGM,2026,3,16,Prepared Meat/Fish (Canned Food),export
"Korea, Republic of",19503976.96,645843879.31,14824.09,KGM,2026,3,16,Prepared Meat/Fish (Canned Food),export
France,10783772.11,354023323.8,7750.18,KGM,2026,3,16,Prepared Meat/Fish (Canned Food),export
Libya,5253352.57,162196551.75,4155.8,KGM,2026,3,16,Prepared Meat/Fish (Canned Food),export
Egypt,7069192.61,238957142.06,5267.99,KGM,2026,3,16,Prepared Meat/Fish (Canned Food),export
China,268398869.04,9927848814.53,210987.34,KGM,2019,1,40,Rubber & Articles,export
Japan,95248608.52,3208745093.65,59750.74,KGM,2019,1,40,Rubber & Articles,export
United States of America,72937195.88,2251392590.43,49222.29,KGM,2019,1,40,Rubber & Articles,export
Malaysia,61325457.11,1927496783.27,50861.92,KGM,2019,1,40,Rubber & Articles,export
"Korea, Republic of",48268735.03,1679452169.3,36403.48,KGM,2019,1,40,Rubber & Articles,export
Germany,40661941.46,1441604058.92,28775.64,KGM,2019,1,40,Rubber & Articles,export
India,26035926.14,824865563.88,30197.74,KGM,2019,1,40,Rubber & Articles,export
Brazil,25543459.66,828497350.53,19135.78,KGM,2019,1,40,Rubber & Articles,export
Turkey,28431818.06,974547833.48,16622.73,KGM,2019,1,40,Rubber & Articles,export
Indonesia,17901761.33,576146003.13,16315.0,KGM,2019,1,40,Rubber & Articles,export
France,15042327.07,480110207.39,12618.54,KGM,2019,1,40,Rubber & Articles,export
Spain,14033498.52,458348706.47,9519.07,KGM,2019,1,40,Rubber & Articles,export
Italy,12279650.44,382830418.69,10676.23,KGM,2019,1,40,Rubber & Articles,export
Taiwan,17280699.72,567982399.55,12340.54,KGM,2019,1,40,Rubber & Articles,export
Vietnam,12150575.64,379900634.53,8038.08,KGM,2019,1,40,Rubber & Articles,export
United Kingdom,9409273.14,317994659.38,7743.39,KGM,2019,1,40,Rubber & Articles,export
China,211317276.66,5996086055.49,187472.99,KGM,2019,2,40,Rubber & Articles,export
Japan,74950032.05,2581394430.29,73836.53,KGM,2019,2,40,Rubber & Articles,export
United States of America,62744134.54,2072966393.93,54459.36,KGM,2019,2,40,Rubber & Articles,export
Malaysia,62775957.45,2086021423.67,53651.61,KGM,2019,2,40,Rubber & Articles,export
"Korea, Republic of",41392379.21,1372658378.16,28109.73,KGM,2019,2,40,Rubber & Articles,export
Germany,42765350.53,1422473381.86,32719.99,KGM,2019,2,40,Rubber & Articles,export
India,29192903.79,947727086.04,20793.9,KGM,2019,2,40,Rubber & Articles,export
Brazil,25157589.62,868342505.59,20191.84,KGM,2019,2,40,Rubber & Articles,export
Turkey,23294426.23,733804260.24,18061.96,KGM,2019,2,40,Rubber & Articles,export
Indonesia,16005827.04,533846837.69,12657.25,KGM,2019,2,40,Rubber & Articles,export
France,11296045.17,396637628.33,11324.8,KGM,2019,2,40,Rubber & Articles,export
Spain,11333502.66,362135068.46,8142.26,KGM,2019,2,40,Rubber & Articles,export
Italy,13777286.99,449557714.67,10574.61,KGM,2019,2,40,Rubber & Articles,export
Taiwan,13332206.25,433902583.45,11437.21,KGM,2019,2,40,Rubber & Articles,export
Vietnam,11458403.29,354627558.78,9765.99,KGM,2019,2,40,Rubber & Articles,export
United Kingdom,8079557.81,268635023.34,8558.35,KGM,2019,2,40,Rubber & Articles,export
China,245727180.27,8234938923.19,247821.16,KGM,2019,3,40,Rubber & Articles,export
Japan,115930834.74,4018517016.15,73854.05,KGM,2019,3,40,Rubber & Articles,export
United States of America,67696727.36,2329866821.84,73943.14,KGM,2019,3,40,Rubber & Articles,export
Malaysia,73494200.41,2414389412.83,57418.99,KGM,2019,3,40,Rubber & Articles,export
"Korea, Republic of",41937148.82,1273139472.26,35254.64,KGM,2019,3,40,Rubber & Articles,export
Germany,35938108.0,1183383341.88,33284.94,KGM,2019,3,40,Rubber & Articles,export
India,30958631.22,939328259.32,22922.3,KGM,2019,3,40,Rubber & Articles,export
Brazil,28212855.29,889061965.82,23175.23,KGM,2019,3,40,Rubber & Articles,export
Turkey,22483079.36,781045245.58,22516.06,KGM,2019,3,40,Rubber & Articles,export
Indonesia,16853743.05,592955694.65,15672.52,KGM,2019,3,40,Rubber & Articles,export
France,15490666.75,536582854.53,12257.87,KGM,2019,3,40,Rubber & Articles,export
Spain,13047144.73,425428546.6,10566.25,KGM,2019,3,40,Rubber & Articles,export
Italy,15194615.42,500285591.46,13444.81,KGM,2019,3,40,Rubber & Articles,export
Taiwan,15194601.43,548041311.13,14536.38,KGM,2019,3,40,Rubber & Articles,export
Vietnam,14386568.3,468843005.73,9073.06,KGM,2019,3,40,Rubber & Articles,export
United Kingdom,9232487.1,289796890.49,8349.97,KGM,2019,3,40,Rubber & Articles,export
China,270780394.12,9094150361.34,247905.67,KGM,2019,4,40,Rubber & Articles,export
Japan,80254931.21,2517557535.61,93173.31,KGM,2019,4,40,Rubber & Articles,export
United States of America,73819039.62,2362805356.06,55620.18,KGM,2019,4,40,Rubber & Articles,export
Malaysia,59474198.33,1742807637.66,46794.76,KGM,2019,4,40,Rubber & Articles,export
"Korea, Republic of",49636644.22,1805116487.4,40291.63,KGM,2019,4,40,Rubber & Articles,export
Germany,42819225.74,1335913920.87,30720.04,KGM,2019,4,40,Rubber & Articles,export
India,32352163.56,1043194772.34,27540.53,KGM,2019,4,40,Rubber & Articles,export
Brazil,28757737.48,932436129.39,28073.01,KGM,2019,4,40,Rubber & Articles,export
Turkey,19877399.89,665326036.0,21654.44,KGM,2019,4,40,Rubber & Articles,export
Indonesia,16927474.64,533269698.35,17171.51,KGM,2019,4,40,Rubber & Articles,export
France,17054159.92,558260182.49,16057.26,KGM,2019,4,40,Rubber & Articles,export
Spain,13577007.22,417097491.14,8355.3,KGM,2019,4,40,Rubber & Articles,export
Italy,17665534.59,599833313.92,12194.39,KGM,2019,4,40,Rubber & Articles,export
Taiwan,18214969.76,623638206.44,12239.05,KGM,2019,4,40,Rubber & Articles,export
Vietnam,13075091.6,461151655.06,8277.31,KGM,2019,4,40,Rubber & Articles,export
United Kingdom,12004116.91,399742250.97,7184.97,KGM,2019,4,40,Rubber & Articles,export
China,284926841.01,8799703919.04,273045.94,KGM,2019,5,40,Rubber & Articles,export
Japan,136024150.24,4639466522.33,78324.95,KGM,2019,5,40,Rubber & Articles,export
United States of America,94895819.43,3115200784.67,65098.67,KGM,2019,5,40,Rubber & Articles,export
Malaysia,63314460.71,2115196126.36,47666.35,KGM,2019,5,40,Rubber & Articles,export
"Korea, Republic of",49323666.6,1594316204.64,37555.0,KGM,2019,5,40,Rubber & Articles,export
Germany,44067639.39,1437907368.38,30143.08,KGM,2019,5,40,Rubber & Articles,export
India,36328891.31,1141659426.34,27457.79,KGM,2019,5,40,Rubber & Articles,export
Brazil,29097042.72,1003379752.44,24556.99,KGM,2019,5,40,Rubber & Articles,export
Turkey,23111553.33,738581919.26,18659.53,KGM,2019,5,40,Rubber & Articles,export
Indonesia,19488499.58,660499038.03,17476.68,KGM,2019,5,40,Rubber & Articles,export
France,18418172.49,568974471.23,13187.45,KGM,2019,5,40,Rubber & Articles,export
Spain,13336837.71,441315349.1,10190.97,KGM,2019,5,40,Rubber & Articles,export
Italy,13074894.77,408061161.25,11718.0,KGM,2019,5,40,Rubber & Articles,export
Taiwan,17469941.65,562893720.98,12645.5,KGM,2019,5,40,Rubber & Articles,export
Vietnam,10578555.65,344989475.81,11232.52,KGM,2019,5,40,Rubber & Articles,export
United Kingdom,10927562.5,333554419.34,7901.76,KGM,2019,5,40,Rubber & Articles,export
China,281684138.75,9419275360.34,227388.78,KGM,2019,6,40,Rubber & Articles,export
Japan,98378669.41,3024651296.15,74565.93,KGM,2019,6,40,Rubber & Articles,export
United States of America,85411854.71,2987810009.11,61500.07,KGM,2019,6,40,Rubber & Articles,export
Malaysia,69020997.3,2251935448.01,58069.41,KGM,2019,6,40,Rubber & Articles,export
"Korea, Republic of",52026529.48,1624927518.07,36439.06,KGM,2019,6,40,Rubber & Articles,export
Germany,42564307.08,1280388939.05,36327.2,KGM,2019,6,40,Rubber & Articles,export
India,32303048.13,1089221354.33,33212.69,KGM,2019,6,40,Rubber & Articles,export
Brazil,34324496.95,1109132321.81,21989.17,KGM,2019,6,40,Rubber & Articles,export
Turkey,27965169.97,918891387.84,21926.38,KGM,2019,6,40,Rubber & Articles,export
Indonesia,18567153.91,682627767.4,19359.98,KGM,2019,6,40,Rubber & Articles,export
France,14327827.48,462753699.87,15890.71,KGM,2019,6,40,Rubber & Articles,export
Spain,12324827.47,384432506.87,10530.04,KGM,2019,6,40,Rubber & Articles,export
Italy,15243178.18,513910395.24,9873.39,KGM,2019,6,40,Rubber & Articles,export
Taiwan,20797327.46,681047690.63,12556.28,KGM,2019,6,40,Rubber & Articles,export
Vietnam,12597665.33,423386853.2,11407.44,KGM,2019,6,40,Rubber & Articles,export
United Kingdom,12066982.34,406058221.55,8302.99,KGM,2019,6,40,Rubber & Articles,export
China,193438999.46,6030134077.35,252022.29,KGM,2019,7,40,Rubber & Articles,export
Japan,96724061.19,2969028748.67,87154.41,KGM,2019,7,40,Rubber & Articles,export
United States of America,92411939.99,3251021851.18,65672.23,KGM,2019,7,40,Rubber & Articles,export
Malaysia,60647705.61,1998740957.21,41731.49,KGM,2019,7,40,Rubber & Articles,export
"Korea, Republic of",52935380.34,1656706306.68,43220.5,KGM,2019,7,40,Rubber & Articles,export
Germany,34897362.21,1178646752.35,32084.04,KGM,2019,7,40,Rubber & Articles,export
India,34885955.94,1131694033.48,31697.47,KGM,2019,7,40,Rubber & Articles,export
Brazil,23785718.72,791893009.08,26684.0,KGM,2019,7,40,Rubber & Articles,export
Turkey,25705469.78,897004330.8,21841.02,KGM,2019,7,40,Rubber & Articles,export
Indonesia,20785375.03,703131915.07,19019.77,KGM,2019,7,40,Rubber & Articles,export
France,15574029.35,528350752.76,12960.15,KGM,2019,7,40,Rubber & Articles,export
Spain,11613969.04,386016685.9,11063.75,KGM,2019,7,40,Rubber & Articles,export
Italy,15572427.36,522219020.53,14074.33,KGM,2019,7,40,Rubber & Articles,export
Taiwan,16785686.42,550537187.71,13201.19,KGM,2019,7,40,Rubber & Articles,export
Vietnam,12890374.21,413553311.39,11635.99,KGM,2019,7,40,Rubber & Articles,export
United Kingdom,10088588.1,324355972.37,10003.11,KGM,2019,7,40,Rubber & Articles,export
China,306908516.61,9354808922.45,223265.89,KGM,2019,8,40,Rubber & Articles,export
Japan,105041719.49,3456599220.7,93426.78,KGM,2019,8,40,Rubber & Articles,export
United States of America,73115764.0,2329912266.97,69565.41,KGM,2019,8,40,Rubber & Articles,export
Malaysia,50679398.43,1711774033.42,54400.15,KGM,2019,8,40,Rubber & Articles,export
"Korea, Republic of",57565183.21,1955857893.3,49885.89,KGM,2019,8,40,Rubber & Articles,export
Germany,46923226.8,1662618434.11,29040.92,KGM,2019,8,40,Rubber & Articles,export
India,38684603.29,1316146535.86,26256.65,KGM,2019,8,40,Rubber & Articles,export
Brazil,31787292.33,1041775686.65,28273.43,KGM,2019,8,40,Rubber & Articles,export
Turkey,23828450.96,818392770.27,19388.72,KGM,2019,8,40,Rubber & Articles,export
Indonesia,17338611.41,595431730.64,10992.7,KGM,2019,8,40,Rubber & Articles,export
France,17638416.05,547526067.65,13763.76,KGM,2019,8,40,Rubber & Articles,export
Spain,10673516.93,358016896.78,9515.72,KGM,2019,8,40,Rubber & Articles,export
Italy,14545007.42,459170044.67,13695.03,KGM,2019,8,40,Rubber & Articles,export
Taiwan,16275124.29,527877593.49,14892.21,KGM,2019,8,40,Rubber & Articles,export
Vietnam,12453536.93,395481852.37,9504.65,KGM,2019,8,40,Rubber & Articles,export
United Kingdom,11553536.23,385203247.17,9444.81,KGM,2019,8,40,Rubber & Articles,export
China,287379377.08,10171477559.52,239076.14,KGM,2019,9,40,Rubber & Articles,export
Japan,90078624.54,2986068549.7,103009.78,KGM,2019,9,40,Rubber & Articles,export
United States of America,85923894.09,2569047178.74,78008.38,KGM,2019,9,40,Rubber & Articles,export
Malaysia,79662237.02,2758859350.39,68483.92,KGM,2019,9,40,Rubber & Articles,export
"Korea, Republic of",41463001.81,1470651121.63,45851.41,KGM,2019,9,40,Rubber & Articles,export
Germany,50499525.95,1743472663.51,29086.03,KGM,2019,9,40,Rubber & Articles,export
India,41284496.41,1272427323.9,28099.0,KGM,2019,9,40,Rubber & Articles,export
Brazil,33162748.57,1087445914.62,27598.34,KGM,2019,9,40,Rubber & Articles,export
Turkey,23124350.93,736436271.63,23474.32,KGM,2019,9,40,Rubber & Articles,export
Indonesia,22744195.96,693966423.35,20772.15,KGM,2019,9,40,Rubber & Articles,export
France,19088587.0,624750746.99,13652.94,KGM,2019,9,40,Rubber & Articles,export
Spain,13800040.32,431078363.37,9528.06,KGM,2019,9,40,Rubber & Articles,export
Italy,12939893.23,419802379.13,14462.43,KGM,2019,9,40,Rubber & Articles,export
Taiwan,18497395.72,578179743.17,13185.15,KGM,2019,9,40,Rubber & Articles,export
Vietnam,13981160.3,456410102.35,10913.23,KGM,2019,9,40,Rubber & Articles,export
United Kingdom,11718406.77,405350232.85,8051.15,KGM,2019,9,40,Rubber & Articles,export
China,355710431.11,11539965404.65,274961.37,KGM,2019,10,40,Rubber & Articles,export
Japan,108640945.38,3793931861.24,102665.7,KGM,2019,10,40,Rubber & Articles,export
United States of America,107944821.81,3421276754.98,65256.32,KGM,2019,10,40,Rubber & Articles,export
Malaysia,72967466.07,2392352660.59,60412.46,KGM,2019,10,40,Rubber & Articles,export
"Korea, Republic of",51895704.09,1705495326.38,49770.18,KGM,2019,10,40,Rubber & Articles,export
Germany,39531548.62,1319191357.51,31249.34,KGM,2019,10,40,Rubber & Articles,export
India,46809548.95,1522606445.51,25427.14,KGM,2019,10,40,Rubber & Articles,export
Brazil,39075135.04,1316175247.21,23735.54,KGM,2019,10,40,Rubber & Articles,export
Turkey,32064958.95,1043269020.9,19133.77,KGM,2019,10,40,Rubber & Articles,export
Indonesia,21410176.65,756936432.61,14721.35,KGM,2019,10,40,Rubber & Articles,export
France,16946272.19,547929735.84,12885.85,KGM,2019,10,40,Rubber & Articles,export
Spain,14753922.4,469359164.25,10946.31,KGM,2019,10,40,Rubber & Articles,export
Italy,16862822.75,555872043.66,14223.75,KGM,2019,10,40,Rubber & Articles,export
Taiwan,17577430.33,575330776.55,16155.43,KGM,2019,10,40,Rubber & Articles,export
Vietnam,15671058.53,498788320.66,9818.11,KGM,2019,10,40,Rubber & Articles,export
United Kingdom,10642557.77,351244380.75,9091.73,KGM,2019,10,40,Rubber & Articles,export
China,268182423.13,9077447047.07,250205.09,KGM,2019,11,40,Rubber & Articles,export
Japan,90465789.52,3062378120.85,79496.56,KGM,2019,11,40,Rubber & Articles,export
United States of America,78710129.82,2725910888.96,67987.17,KGM,2019,11,40,Rubber & Articles,export
Malaysia,83352624.86,2729475061.9,59517.72,KGM,2019,11,40,Rubber & Articles,export
"Korea, Republic of",50342590.49,1746893407.51,47033.92,KGM,2019,11,40,Rubber & Articles,export
Germany,39059075.23,1253383481.82,39193.54,KGM,2019,11,40,Rubber & Articles,export
India,32296236.27,1113813860.11,27745.51,KGM,2019,11,40,Rubber & Articles,export
Brazil,31873244.8,1068667266.94,25571.29,KGM,2019,11,40,Rubber & Articles,export
Turkey,27739293.75,941688915.85,20909.6,KGM,2019,11,40,Rubber & Articles,export
Indonesia,20626535.15,707190617.57,19046.8,KGM,2019,11,40,Rubber & Articles,export
France,18901807.98,636939865.07,15407.08,KGM,2019,11,40,Rubber & Articles,export
Spain,14804811.86,507518113.89,7710.51,KGM,2019,11,40,Rubber & Articles,export
Italy,19040977.47,607395855.9,11770.74,KGM,2019,11,40,Rubber & Articles,export
Taiwan,19939163.59,638051510.75,12561.58,KGM,2019,11,40,Rubber & Articles,export
Vietnam,13475181.79,462367670.37,9583.73,KGM,2019,11,40,Rubber & Articles,export
United Kingdom,10575228.9,353495254.32,9584.23,KGM,2019,11,40,Rubber & Articles,export
China,312980996.61,10079774801.63,244684.84,KGM,2019,12,40,Rubber & Articles,export
Japan,80366669.86,2573333837.14,81000.94,KGM,2019,12,40,Rubber & Articles,export
United States of America,74093145.01,2520538979.49,53533.0,KGM,2019,12,40,Rubber & Articles,export
Malaysia,57368175.55,1891471510.27,48860.34,KGM,2019,12,40,Rubber & Articles,export
"Korea, Republic of",46844378.85,1528802347.86,39721.8,KGM,2019,12,40,Rubber & Articles,export
Germany,35491194.27,1176673083.06,23823.54,KGM,2019,12,40,Rubber & Articles,export
India,30185202.94,998943935.24,22441.7,KGM,2019,12,40,Rubber & Articles,export
Brazil,29130220.17,894218929.17,24330.89,KGM,2019,12,40,Rubber & Articles,export
Turkey,22170019.01,784687017.36,20521.94,KGM,2019,12,40,Rubber & Articles,export
Indonesia,17600244.66,545165036.61,17869.45,KGM,2019,12,40,Rubber & Articles,export
France,17094036.33,604175635.41,11851.92,KGM,2019,12,40,Rubber & Articles,export
Spain,10966364.1,359695767.13,8857.88,KGM,2019,12,40,Rubber & Articles,export
Italy,11678870.79,394339773.31,8705.08,KGM,2019,12,40,Rubber & Articles,export
Taiwan,16848975.6,524323887.99,13161.02,KGM,2019,12,40,Rubber & Articles,export
Vietnam,12052217.06,405092841.26,8106.81,KGM,2019,12,40,Rubber & Articles,export
United Kingdom,11094194.81,390546730.69,8324.93,KGM,2019,12,40,Rubber & Articles,export
China,260401497.88,8619556998.36,205994.95,KGM,2020,1,40,Rubber & Articles,export
Japan,78470301.22,2552427048.01,69005.75,KGM,2020,1,40,Rubber & Articles,export
United States of America,73388187.1,2258852168.52,62372.1,KGM,2020,1,40,Rubber & Articles,export
Malaysia,53504103.23,1604541382.41,54908.42,KGM,2020,1,40,Rubber & Articles,export
"Korea, Republic of",48113393.68,1599298045.57,34630.75,KGM,2020,1,40,Rubber & Articles,export
Germany,43651086.41,1481434150.42,29737.72,KGM,2020,1,40,Rubber & Articles,export
India,30390283.67,992249965.78,23853.42,KGM,2020,1,40,Rubber & Articles,export
Brazil,28290031.25,885533574.31,19292.59,KGM,2020,1,40,Rubber & Articles,export
Turkey,22828760.29,690884185.33,18547.37,KGM,2020,1,40,Rubber & Articles,export
Indonesia,18863529.57,640233186.13,12882.58,KGM,2020,1,40,Rubber & Articles,export
France,12381900.08,402321394.06,14877.16,KGM,2020,1,40,Rubber & Articles,export
Spain,10349998.11,350186041.21,8756.22,KGM,2020,1,40,Rubber & Articles,export
Italy,14806683.13,456667193.75,10518.76,KGM,2020,1,40,Rubber & Articles,export
Taiwan,13275289.8,457745143.95,12500.66,KGM,2020,1,40,Rubber & Articles,export
Vietnam,12596099.46,433947584.5,9246.83,KGM,2020,1,40,Rubber & Articles,export
United Kingdom,11697132.78,402183181.21,8977.56,KGM,2020,1,40,Rubber & Articles,export
China,234758392.93,7909444259.64,227880.99,KGM,2020,2,40,Rubber & Articles,export
Japan,93246402.48,3127282625.88,80639.35,KGM,2020,2,40,Rubber & Articles,export
United States of America,72210172.4,2350818447.44,50873.33,KGM,2020,2,40,Rubber & Articles,export
Malaysia,59609014.4,1988903313.88,48248.89,KGM,2020,2,40,Rubber & Articles,export
"Korea, Republic of",47975254.41,1578715346.8,38656.61,KGM,2020,2,40,Rubber & Articles,export
Germany,33388425.1,1214320537.88,30525.85,KGM,2020,2,40,Rubber & Articles,export
India,30120826.83,1018197027.41,22517.61,KGM,2020,2,40,Rubber & Articles,export
Brazil,27056654.03,948587899.53,21861.55,KGM,2020,2,40,Rubber & Articles,export
Turkey,22732560.96,758025228.2,20294.96,KGM,2020,2,40,Rubber & Articles,export
Indonesia,20998317.15,721978820.62,16704.66,KGM,2020,2,40,Rubber & Articles,export
France,15743220.19,544950407.77,14897.3,KGM,2020,2,40,Rubber & Articles,export
Spain,10014278.7,326494775.96,9013.34,KGM,2020,2,40,Rubber & Articles,export
Italy,15843673.52,571131579.23,12083.71,KGM,2020,2,40,Rubber & Articles,export
Taiwan,13482707.98,417333044.76,13216.56,KGM,2020,2,40,Rubber & Articles,export
Vietnam,9201360.18,324518748.38,8337.96,KGM,2020,2,40,Rubber & Articles,export
United Kingdom,8543129.33,297157925.31,7572.36,KGM,2020,2,40,Rubber & Articles,export
China,232164084.21,7662589062.17,216776.81,KGM,2020,3,40,Rubber & Articles,export
Japan,70146491.18,2276113352.09,50999.16,KGM,2020,3,40,Rubber & Articles,export
United States of America,54407052.62,1955666341.52,38378.07,KGM,2020,3,40,Rubber & Articles,export
Malaysia,49164276.52,1560526611.84,51311.6,KGM,2020,3,40,Rubber & Articles,export
"Korea, Republic of",35120290.41,1125214274.95,26623.69,KGM,2020,3,40,Rubber & Articles,export
Germany,33249441.45,1140891879.47,26124.94,KGM,2020,3,40,Rubber & Articles,export
India,27746031.88,873646669.21,22170.51,KGM,2020,3,40,Rubber & Articles,export
Brazil,20283470.23,782774612.74,17373.38,KGM,2020,3,40,Rubber & Articles,export
Turkey,19763987.89,672171490.4,14865.41,KGM,2020,3,40,Rubber & Articles,export
Indonesia,14366957.65,494682989.31,12616.43,KGM,2020,3,40,Rubber & Articles,export
France,12195784.65,401036290.8,8896.66,KGM,2020,3,40,Rubber & Articles,export
Spain,8880275.9,285435793.24,6143.6,KGM,2020,3,40,Rubber & Articles,export
Italy,9474899.27,296456174.91,7499.48,KGM,2020,3,40,Rubber & Articles,export
Taiwan,13397440.12,411246220.69,11533.58,KGM,2020,3,40,Rubber & Articles,export
Vietnam,10623009.11,362460471.7,6346.61,KGM,2020,3,40,Rubber & Articles,export
United Kingdom,8155874.64,254882381.93,6845.55,KGM,2020,3,40,Rubber & Articles,export
China,180788268.48,6081772125.82,159625.43,KGM,2020,4,40,Rubber & Articles,export
Japan,90519743.06,2973731405.15,53080.3,KGM,2020,4,40,Rubber & Articles,export
United States of America,58361746.61,1756911629.02,50365.67,KGM,2020,4,40,Rubber & Articles,export
Malaysia,58030624.71,1994846160.22,40492.46,KGM,2020,4,40,Rubber & Articles,export
"Korea, Republic of",36973557.29,1282735038.28,30974.71,KGM,2020,4,40,Rubber & Articles,export
Germany,31959234.25,1016594108.73,25742.85,KGM,2020,4,40,Rubber & Articles,export
India,23886382.14,761807755.47,17734.39,KGM,2020,4,40,Rubber & Articles,export
Brazil,24843417.08,773352908.31,21498.28,KGM,2020,4,40,Rubber & Articles,export
Turkey,19674162.0,690473624.82,14563.78,KGM,2020,4,40,Rubber & Articles,export
Indonesia,15984574.85,509633738.84,12606.18,KGM,2020,4,40,Rubber & Articles,export
France,10684776.54,358254871.47,11015.71,KGM,2020,4,40,Rubber & Articles,export
Spain,9820305.11,321922832.66,7026.04,KGM,2020,4,40,Rubber & Articles,export
Italy,12254070.44,382722713.08,10155.25,KGM,2020,4,40,Rubber & Articles,export
Taiwan,11818373.07,393574238.25,8410.46,KGM,2020,4,40,Rubber & Articles,export
Vietnam,10299985.4,329658397.73,7317.3,KGM,2020,4,40,Rubber & Articles,export
United Kingdom,7926381.38,275742100.44,8376.93,KGM,2020,4,40,Rubber & Articles,export
China,241782780.05,7974210741.48,187173.07,KGM,2020,5,40,Rubber & Articles,export
Japan,70246266.53,2258286388.44,53926.5,KGM,2020,5,40,Rubber & Articles,export
United States of America,58235042.02,1912855542.68,47743.72,KGM,2020,5,40,Rubber & Articles,export
Malaysia,51369696.82,1733358142.05,38132.83,KGM,2020,5,40,Rubber & Articles,export
"Korea, Republic of",37894962.89,1208209437.78,31696.1,KGM,2020,5,40,Rubber & Articles,export
Germany,34417683.53,1218827622.65,24097.33,KGM,2020,5,40,Rubber & Articles,export
India,25170647.26,853042869.3,20365.94,KGM,2020,5,40,Rubber & Articles,export
Brazil,24360449.97,868776034.08,20014.08,KGM,2020,5,40,Rubber & Articles,export
Turkey,20590766.42,663136568.77,15325.81,KGM,2020,5,40,Rubber & Articles,export
Indonesia,15878370.11,490952067.09,15167.81,KGM,2020,5,40,Rubber & Articles,export
France,11820527.05,375319781.37,10029.33,KGM,2020,5,40,Rubber & Articles,export
Spain,9261529.55,301489278.98,9399.38,KGM,2020,5,40,Rubber & Articles,export
Italy,12064497.77,378177898.6,7425.42,KGM,2020,5,40,Rubber & Articles,export
Taiwan,14075830.15,469177201.8,12361.68,KGM,2020,5,40,Rubber & Articles,export
Vietnam,9360753.05,272433936.03,8184.94,KGM,2020,5,40,Rubber & Articles,export
United Kingdom,8560495.92,292693110.11,5854.55,KGM,2020,5,40,Rubber & Articles,export
China,179435610.53,5910346360.68,169991.39,KGM,2020,6,40,Rubber & Articles,export
Japan,72792466.37,2500905400.93,60195.72,KGM,2020,6,40,Rubber & Articles,export
United States of America,65501653.04,2253951188.74,46663.99,KGM,2020,6,40,Rubber & Articles,export
Malaysia,53848402.51,1704906843.28,43498.98,KGM,2020,6,40,Rubber & Articles,export
"Korea, Republic of",29360566.61,924511309.39,28090.87,KGM,2020,6,40,Rubber & Articles,export
Germany,30817719.43,1022194407.65,23611.64,KGM,2020,6,40,Rubber & Articles,export
India,28578624.68,978984159.58,23725.48,KGM,2020,6,40,Rubber & Articles,export
Brazil,20918964.5,739438301.75,18515.45,KGM,2020,6,40,Rubber & Articles,export
Turkey,16577021.46,522273068.47,18308.61,KGM,2020,6,40,Rubber & Articles,export
Indonesia,16897859.08,562443035.23,13783.01,KGM,2020,6,40,Rubber & Articles,export
France,16059042.03,490455479.9,10126.74,KGM,2020,6,40,Rubber & Articles,export
Spain,10200453.08,345103787.3,7718.72,KGM,2020,6,40,Rubber & Articles,export
Italy,12861820.42,432857693.43,9417.17,KGM,2020,6,40,Rubber & Articles,export
Taiwan,13321920.46,432218484.03,12765.07,KGM,2020,6,40,Rubber & Articles,export
Vietnam,9172653.8,289913008.15,8712.27,KGM,2020,6,40,Rubber & Articles,export
United Kingdom,8870875.8,291390696.75,6689.93,KGM,2020,6,40,Rubber & Articles,export
China,280228019.81,9676937468.27,206943.3,KGM,2020,7,40,Rubber & Articles,export
Japan,81348658.2,2716412497.06,56671.73,KGM,2020,7,40,Rubber & Articles,export
United States of America,68130150.19,2257977987.21,52729.73,KGM,2020,7,40,Rubber & Articles,export
Malaysia,49453136.11,1592966764.3,42551.98,KGM,2020,7,40,Rubber & Articles,export
"Korea, Republic of",41341972.03,1448544784.81,23425.52,KGM,2020,7,40,Rubber & Articles,export
Germany,27965575.38,940014751.31,22452.18,KGM,2020,7,40,Rubber & Articles,export
India,27140350.21,907693455.87,25737.5,KGM,2020,7,40,Rubber & Articles,export
Brazil,22440100.36,794059369.19,18438.78,KGM,2020,7,40,Rubber & Articles,export
Turkey,23994622.48,811357970.73,15107.38,KGM,2020,7,40,Rubber & Articles,export
Indonesia,15974029.91,572167003.2,12729.36,KGM,2020,7,40,Rubber & Articles,export
France,11683120.41,391106084.39,7414.83,KGM,2020,7,40,Rubber & Articles,export
Spain,10815971.93,365074802.94,7928.84,KGM,2020,7,40,Rubber & Articles,export
Italy,12459335.83,421554917.66,9393.38,KGM,2020,7,40,Rubber & Articles,export
Taiwan,13569750.32,450119478.52,7879.16,KGM,2020,7,40,Rubber & Articles,export
Vietnam,8137531.58,262492995.5,7689.62,KGM,2020,7,40,Rubber & Articles,export
United Kingdom,9234088.17,311279166.25,6891.36,KGM,2020,7,40,Rubber & Articles,export
China,227628842.29,6966355818.57,209098.94,KGM,2020,8,40,Rubber & Articles,export
Japan,72442210.86,2343253947.86,73479.43,KGM,2020,8,40,Rubber & Articles,export
United States of America,52078042.66,1802702491.8,62291.64,KGM,2020,8,40,Rubber & Articles,export
Malaysia,56816337.22,2016475472.1,42916.75,KGM,2020,8,40,Rubber & Articles,export
"Korea, Republic of",44791006.09,1524831450.45,37738.63,KGM,2020,8,40,Rubber & Articles,export
Germany,33560231.62,1043609576.39,25252.08,KGM,2020,8,40,Rubber & Articles,export
India,27854050.48,904569425.64,22708.41,KGM,2020,8,40,Rubber & Articles,export
Brazil,24631368.57,844884059.52,17825.69,KGM,2020,8,40,Rubber & Articles,export
Turkey,18137198.2,591982404.47,13898.64,KGM,2020,8,40,Rubber & Articles,export
Indonesia,17950403.79,620626783.86,11417.22,KGM,2020,8,40,Rubber & Articles,export
France,11082972.81,342246476.3,10294.87,KGM,2020,8,40,Rubber & Articles,export
Spain,7350147.9,240594473.92,8306.64,KGM,2020,8,40,Rubber & Articles,export
Italy,10267669.96,345637882.09,8956.18,KGM,2020,8,40,Rubber & Articles,export
Taiwan,12773037.52,413875987.17,10356.06,KGM,2020,8,40,Rubber & Articles,export
Vietnam,9366783.44,300326746.08,7388.32,KGM,2020,8,40,Rubber & Articles,export
United Kingdom,7970617.46,258490563.81,6054.04,KGM,2020,8,40,Rubber & Articles,export
China,221438831.86,7561919536.95,164922.62,KGM,2020,9,40,Rubber & Articles,export
Japan,91110718.53,3015738313.94,64889.2,KGM,2020,9,40,Rubber & Articles,export
United States of America,62912450.44,2240140714.52,60998.97,KGM,2020,9,40,Rubber & Articles,export
Malaysia,53189284.87,1782490638.49,40553.07,KGM,2020,9,40,Rubber & Articles,export
"Korea, Republic of",41079145.97,1384646300.47,30497.69,KGM,2020,9,40,Rubber & Articles,export
Germany,36967554.54,1360888469.45,24487.91,KGM,2020,9,40,Rubber & Articles,export
India,22892807.64,763496929.88,19419.35,KGM,2020,9,40,Rubber & Articles,export
Brazil,28973422.79,909805474.46,17648.52,KGM,2020,9,40,Rubber & Articles,export
Turkey,21391883.74,727278771.99,15738.56,KGM,2020,9,40,Rubber & Articles,export
Indonesia,16778829.43,612818455.08,12128.21,KGM,2020,9,40,Rubber & Articles,export
France,9524783.21,327651521.87,13177.31,KGM,2020,9,40,Rubber & Articles,export
Spain,9383104.86,290340205.07,9933.77,KGM,2020,9,40,Rubber & Articles,export
Italy,13393431.01,418962362.42,7300.93,KGM,2020,9,40,Rubber & Articles,export
Taiwan,11966308.36,395096050.58,9840.8,KGM,2020,9,40,Rubber & Articles,export
Vietnam,9301599.9,313419047.21,6129.11,KGM,2020,9,40,Rubber & Articles,export
United Kingdom,8830201.59,293673757.29,7374.71,KGM,2020,9,40,Rubber & Articles,export
China,266557622.79,9201244192.34,192906.7,KGM,2020,10,40,Rubber & Articles,export
Japan,76958362.86,2698472583.2,60987.97,KGM,2020,10,40,Rubber & Articles,export
United States of America,78950286.35,2500066462.96,59449.38,KGM,2020,10,40,Rubber & Articles,export
Malaysia,50226904.39,1753370874.5,51587.22,KGM,2020,10,40,Rubber & Articles,export
"Korea, Republic of",41449778.71,1396374657.06,42750.41,KGM,2020,10,40,Rubber & Articles,export
Germany,30913598.18,1020402412.68,26890.16,KGM,2020,10,40,Rubber & Articles,export
India,28050274.61,885422812.18,25585.21,KGM,2020,10,40,Rubber & Articles,export
Brazil,21093681.26,680050227.1,20874.05,KGM,2020,10,40,Rubber & Articles,export
Turkey,25912327.9,834685452.88,18574.63,KGM,2020,10,40,Rubber & Articles,export
Indonesia,19489341.4,661673776.44,15123.76,KGM,2020,10,40,Rubber & Articles,export
France,13735019.81,409929401.19,11685.25,KGM,2020,10,40,Rubber & Articles,export
Spain,11802309.61,381649106.75,4902.95,KGM,2020,10,40,Rubber & Articles,export
Italy,10517548.03,345909786.97,9409.88,KGM,2020,10,40,Rubber & Articles,export
Taiwan,12240858.59,407750326.88,7420.41,KGM,2020,10,40,Rubber & Articles,export
Vietnam,12604645.89,434091354.78,7991.31,KGM,2020,10,40,Rubber & Articles,export
United Kingdom,10397950.63,336000283.98,5581.99,KGM,2020,10,40,Rubber & Articles,export
China,208347172.89,7407370694.53,172578.84,KGM,2020,11,40,Rubber & Articles,export
Japan,83716599.47,2757135156.85,71708.91,KGM,2020,11,40,Rubber & Articles,export
United States of America,59976991.38,2091929269.05,59032.2,KGM,2020,11,40,Rubber & Articles,export
Malaysia,56322545.85,1754323276.38,46235.32,KGM,2020,11,40,Rubber & Articles,export
"Korea, Republic of",43836576.43,1473210485.29,38044.48,KGM,2020,11,40,Rubber & Articles,export
Germany,27988350.16,883949462.41,32652.34,KGM,2020,11,40,Rubber & Articles,export
India,28353464.14,981580695.83,24333.1,KGM,2020,11,40,Rubber & Articles,export
Brazil,19584026.82,647771697.81,19375.25,KGM,2020,11,40,Rubber & Articles,export
Turkey,23417120.58,823631097.92,17278.5,KGM,2020,11,40,Rubber & Articles,export
Indonesia,17980440.68,598583059.2,13526.04,KGM,2020,11,40,Rubber & Articles,export
France,15726828.89,540357040.8,9218.81,KGM,2020,11,40,Rubber & Articles,export
Spain,9593220.81,331303219.3,7360.66,KGM,2020,11,40,Rubber & Articles,export
Italy,11198076.0,361323703.25,10270.83,KGM,2020,11,40,Rubber & Articles,export
Taiwan,10430870.64,346195192.55,11543.88,KGM,2020,11,40,Rubber & Articles,export
Vietnam,8280538.21,250813460.13,7502.05,KGM,2020,11,40,Rubber & Articles,export
United Kingdom,9519947.95,326288941.97,8278.72,KGM,2020,11,40,Rubber & Articles,export
China,227790931.74,7703978609.21,155525.38,KGM,2020,12,40,Rubber & Articles,export
Japan,71005549.25,2445157545.18,58120.35,KGM,2020,12,40,Rubber & Articles,export
United States of America,66186824.25,2044413890.61,45164.0,KGM,2020,12,40,Rubber & Articles,export
Malaysia,46492077.31,1554085871.34,36906.64,KGM,2020,12,40,Rubber & Articles,export
"Korea, Republic of",38495051.0,1231596405.83,21896.67,KGM,2020,12,40,Rubber & Articles,export
Germany,26758186.1,874656700.57,27246.04,KGM,2020,12,40,Rubber & Articles,export
India,22474978.82,721682593.41,20176.23,KGM,2020,12,40,Rubber & Articles,export
Brazil,20697253.13,738466307.68,20192.93,KGM,2020,12,40,Rubber & Articles,export
Turkey,17043679.9,546615651.41,13902.95,KGM,2020,12,40,Rubber & Articles,export
Indonesia,11954765.73,437927135.62,13317.84,KGM,2020,12,40,Rubber & Articles,export
France,11319734.14,368918396.86,8547.21,KGM,2020,12,40,Rubber & Articles,export
Spain,8959302.78,289495520.8,6138.57,KGM,2020,12,40,Rubber & Articles,export
Italy,11742431.22,409876361.01,8658.76,KGM,2020,12,40,Rubber & Articles,export
Taiwan,12277067.52,394535584.49,8237.77,KGM,2020,12,40,Rubber & Articles,export
Vietnam,9104433.07,283343799.43,6149.61,KGM,2020,12,40,Rubber & Articles,export
United Kingdom,6781344.99,220058984.8,6540.65,KGM,2020,12,40,Rubber & Articles,export
China,273813265.78,8026534581.66,174816.24,KGM,2021,1,40,Rubber & Articles,export
Japan,82854704.39,2738501602.99,80439.89,KGM,2021,1,40,Rubber & Articles,export
United States of America,60360835.67,2100367118.01,45059.1,KGM,2021,1,40,Rubber & Articles,export
Malaysia,51448937.88,1748293569.78,53058.36,KGM,2021,1,40,Rubber & Articles,export
"Korea, Republic of",38745658.36,1224911220.83,38284.01,KGM,2021,1,40,Rubber & Articles,export
Germany,29917214.78,1021765777.04,25073.4,KGM,2021,1,40,Rubber & Articles,export
India,31168486.82,941211410.41,21323.29,KGM,2021,1,40,Rubber & Articles,export
Brazil,20674101.64,642117019.72,17079.13,KGM,2021,1,40,Rubber & Articles,export
Turkey,21545085.27,736705425.24,20695.41,KGM,2021,1,40,Rubber & Articles,export
Indonesia,15516724.25,500430866.63,12826.12,KGM,2021,1,40,Rubber & Articles,export
France,14536588.46,469515808.82,13304.16,KGM,2021,1,40,Rubber & Articles,export
Spain,12108792.89,393234740.68,10514.73,KGM,2021,1,40,Rubber & Articles,export
Italy,12119758.24,401088067.25,9638.28,KGM,2021,1,40,Rubber & Articles,export
Taiwan,13490835.81,413855038.91,12381.26,KGM,2021,1,40,Rubber & Articles,export
Vietnam,9932967.57,340751711.71,8726.82,KGM,2021,1,40,Rubber & Articles,export
United Kingdom,11091367.86,355167075.96,6150.39,KGM,2021,1,40,Rubber & Articles,export
China,182909151.53,5550673062.87,164010.2,KGM,2021,2,40,Rubber & Articles,export
Japan,76862799.42,2590597731.59,63094.26,KGM,2021,2,40,Rubber & Articles,export
United States of America,65557213.67,2174605628.06,57108.58,KGM,2021,2,40,Rubber & Articles,export
Malaysia,48473854.75,1642077181.47,34496.64,KGM,2021,2,40,Rubber & Articles,export
"Korea, Republic of",47220746.35,1624543933.4,42304.53,KGM,2021,2,40,Rubber & Articles,export
Germany,38712079.52,1295035741.26,28526.79,KGM,2021,2,40,Rubber & Articles,export
India,27330035.77,926778316.28,21349.44,KGM,2021,2,40,Rubber & Articles,export
Brazil,22419972.83,700244145.24,18586.23,KGM,2021,2,40,Rubber & Articles,export
Turkey,21235295.09,701839615.21,14351.44,KGM,2021,2,40,Rubber & Articles,export
Indonesia,17739267.14,605924809.74,14465.2,KGM,2021,2,40,Rubber & Articles,export
France,13226736.5,426827608.43,11442.64,KGM,2021,2,40,Rubber & Articles,export
Spain,8138523.13,272215141.92,8625.03,KGM,2021,2,40,Rubber & Articles,export
Italy,13396056.04,409855749.97,9701.27,KGM,2021,2,40,Rubber & Articles,export
Taiwan,13391160.99,451470300.98,11962.29,KGM,2021,2,40,Rubber & Articles,export
Vietnam,9987506.03,314216673.28,6490.22,KGM,2021,2,40,Rubber & Articles,export
United Kingdom,9203992.41,299338063.83,5623.51,KGM,2021,2,40,Rubber & Articles,export
China,265353142.27,9001239192.99,240651.27,KGM,2021,3,40,Rubber & Articles,export
Japan,99355958.2,3152751693.38,75130.27,KGM,2021,3,40,Rubber & Articles,export
United States of America,70890329.32,2402201840.09,53657.84,KGM,2021,3,40,Rubber & Articles,export
Malaysia,56227321.95,1857398557.59,46050.67,KGM,2021,3,40,Rubber & Articles,export
"Korea, Republic of",52752607.35,1679680992.73,39110.69,KGM,2021,3,40,Rubber & Articles,export
Germany,38335914.72,1300460379.02,36196.34,KGM,2021,3,40,Rubber & Articles,export
India,25381679.62,799829943.83,21513.66,KGM,2021,3,40,Rubber & Articles,export
Brazil,30242139.2,969636910.74,24334.99,KGM,2021,3,40,Rubber & Articles,export
Turkey,21192510.87,701726495.47,18223.21,KGM,2021,3,40,Rubber & Articles,export
Indonesia,17064258.35,525913533.09,14653.43,KGM,2021,3,40,Rubber & Articles,export
France,17026840.42,516642709.48,9531.38,KGM,2021,3,40,Rubber & Articles,export
Spain,11821595.32,381229338.12,7717.82,KGM,2021,3,40,Rubber & Articles,export
Italy,13680380.35,446915820.23,11756.92,KGM,2021,3,40,Rubber & Articles,export
Taiwan,17792439.0,618931200.31,12083.36,KGM,2021,3,40,Rubber & Articles,export
Vietnam,11644318.88,402748406.22,11380.82,KGM,2021,3,40,Rubber & Articles,export
United Kingdom,9860929.71,321552850.28,8447.31,KGM,2021,3,40,Rubber & Articles,export
China,265297967.76,8433187695.18,184027.62,KGM,2021,4,40,Rubber & Articles,export
Japan,112760433.67,3610223847.4,63987.14,KGM,2021,4,40,Rubber & Articles,export
United States of America,77179837.79,2591358491.78,61876.18,KGM,2021,4,40,Rubber & Articles,export
Malaysia,59404064.45,2062127634.43,52527.3,KGM,2021,4,40,Rubber & Articles,export
"Korea, Republic of",52666999.56,1786307421.47,36196.31,KGM,2021,4,40,Rubber & Articles,export
Germany,34490236.47,1077454289.95,28465.01,KGM,2021,4,40,Rubber & Articles,export
India,31021441.25,952946402.47,22360.64,KGM,2021,4,40,Rubber & Articles,export
Brazil,26215921.66,917315800.39,17289.75,KGM,2021,4,40,Rubber & Articles,export
Turkey,22069901.35,712016923.07,20909.26,KGM,2021,4,40,Rubber & Articles,export
Indonesia,17150059.85,568233882.67,17780.04,KGM,2021,4,40,Rubber & Articles,export
France,18522182.05,598870387.62,11767.74,KGM,2021,4,40,Rubber & Articles,export
Spain,12860748.82,427364555.48,10484.29,KGM,2021,4,40,Rubber & Articles,export
Italy,18701113.4,581526178.4,10841.33,KGM,2021,4,40,Rubber & Articles,export
Taiwan,14019818.74,494593443.7,12054.62,KGM,2021,4,40,Rubber & Articles,export
Vietnam,11468729.25,385941521.14,11106.16,KGM,2021,4,40,Rubber & Articles,export
United Kingdom,11225568.92,376829686.46,8479.09,KGM,2021,4,40,Rubber & Articles,export
China,299194172.48,9624008310.56,207462.08,KGM,2021,5,40,Rubber & Articles,export
Japan,98734678.25,3030055721.25,94097.48,KGM,2021,5,40,Rubber & Articles,export
United States of America,63367974.33,2189127189.74,61587.11,KGM,2021,5,40,Rubber & Articles,export
Malaysia,63926751.9,2117167098.39,43740.54,KGM,2021,5,40,Rubber & Articles,export
"Korea, Republic of",39433717.77,1283028769.14,41039.94,KGM,2021,5,40,Rubber & Articles,export
Germany,39423920.81,1313152982.26,33430.14,KGM,2021,5,40,Rubber & Articles,export
India,30078794.56,1028556376.66,28595.41,KGM,2021,5,40,Rubber & Articles,export
Brazil,22888054.24,718217295.67,21644.98,KGM,2021,5,40,Rubber & Articles,export
Turkey,20825681.43,674150384.5,20305.24,KGM,2021,5,40,Rubber & Articles,export
Indonesia,19591241.35,657389259.43,14622.24,KGM,2021,5,40,Rubber & Articles,export
France,16978571.55,555683834.33,16032.68,KGM,2021,5,40,Rubber & Articles,export
Spain,10197762.16,349483324.75,8963.14,KGM,2021,5,40,Rubber & Articles,export
Italy,13204344.73,420852486.33,9411.91,KGM,2021,5,40,Rubber & Articles,export
Taiwan,15051948.19,501624458.13,11067.41,KGM,2021,5,40,Rubber & Articles,export
Vietnam,11830765.93,382502980.66,10444.05,KGM,2021,5,40,Rubber & Articles,export
United Kingdom,10911759.94,341598989.59,7779.59,KGM,2021,5,40,Rubber & Articles,export
China,268403302.41,9577253454.43,182960.3,KGM,2021,6,40,Rubber & Articles,export
Japan,98694636.55,3201015826.0,70416.05,KGM,2021,6,40,Rubber & Articles,export
United States of America,61219187.56,2142966767.58,76037.92,KGM,2021,6,40,Rubber & Articles,export
Malaysia,65569645.84,2039116636.79,53887.12,KGM,2021,6,40,Rubber & Articles,export
"Korea, Republic of",42839993.47,1403369550.95,30995.5,KGM,2021,6,40,Rubber & Articles,export
Germany,44846968.05,1503339601.3,30944.41,KGM,2021,6,40,Rubber & Articles,export
India,35610945.62,1273744700.51,20891.58,KGM,2021,6,40,Rubber & Articles,export
Brazil,31666148.86,1088876684.74,24105.36,KGM,2021,6,40,Rubber & Articles,export
Turkey,26689337.32,937927819.77,20145.03,KGM,2021,6,40,Rubber & Articles,export
Indonesia,19354844.31,677080148.15,17116.76,KGM,2021,6,40,Rubber & Articles,export
France,11853412.24,404046166.05,13656.28,KGM,2021,6,40,Rubber & Articles,export
Spain,10085437.34,320812124.47,10059.88,KGM,2021,6,40,Rubber & Articles,export
Italy,15175386.38,479246407.28,11543.84,KGM,2021,6,40,Rubber & Articles,export
Taiwan,18017652.53,601878704.23,12323.04,KGM,2021,6,40,Rubber & Articles,export
Vietnam,13761841.83,454306939.0,8660.38,KGM,2021,6,40,Rubber & Articles,export
United Kingdom,10019540.98,363049328.61,8157.91,KGM,2021,6,40,Rubber & Articles,export
China,290959788.97,9830405546.28,230976.69,KGM,2021,7,40,Rubber & Articles,export
Japan,99504676.85,3626462000.82,59598.47,KGM,2021,7,40,Rubber & Articles,export
United States of America,67858262.28,2302228828.17,76823.16,KGM,2021,7,40,Rubber & Articles,export
Malaysia,64749754.56,2389767159.72,49014.83,KGM,2021,7,40,Rubber & Articles,export
"Korea, Republic of",50583415.2,1628639578.23,38241.0,KGM,2021,7,40,Rubber & Articles,export
Germany,37145785.63,1173958954.76,31993.13,KGM,2021,7,40,Rubber & Articles,export
India,33961290.33,1171916959.97,23468.98,KGM,2021,7,40,Rubber & Articles,export
Brazil,30559049.39,1035048856.57,22111.92,KGM,2021,7,40,Rubber & Articles,export
Turkey,25353417.92,902519295.59,15731.85,KGM,2021,7,40,Rubber & Articles,export
Indonesia,19366709.37,660122718.48,17227.15,KGM,2021,7,40,Rubber & Articles,export
France,11941636.02,409127056.68,11717.26,KGM,2021,7,40,Rubber & Articles,export
Spain,11999236.06,397637282.17,10328.73,KGM,2021,7,40,Rubber & Articles,export
Italy,16069245.35,564611152.09,11604.66,KGM,2021,7,40,Rubber & Articles,export
Taiwan,14341754.56,460512314.1,12525.17,KGM,2021,7,40,Rubber & Articles,export
Vietnam,12388448.51,404553813.68,9220.98,KGM,2021,7,40,Rubber & Articles,export
United Kingdom,9606623.96,316870498.97,7810.88,KGM,2021,7,40,Rubber & Articles,export
China,228666253.3,7566273380.55,165948.74,KGM,2021,8,40,Rubber & Articles,export
Japan,71051517.23,2304502982.53,76787.66,KGM,2021,8,40,Rubber & Articles,export
United States of America,86323477.1,3051903702.57,60225.29,KGM,2021,8,40,Rubber & Articles,export
Malaysia,71064145.35,2314806550.23,42895.93,KGM,2021,8,40,Rubber & Articles,export
"Korea, Republic of",56634213.33,1864435767.12,36014.37,KGM,2021,8,40,Rubber & Articles,export
Germany,46691349.33,1619464700.81,30629.2,KGM,2021,8,40,Rubber & Articles,export
India,29773387.3,1037387999.68,17123.43,KGM,2021,8,40,Rubber & Articles,export
Brazil,29917153.66,938218567.01,24316.03,KGM,2021,8,40,Rubber & Articles,export
Turkey,22076148.63,736566525.79,22365.46,KGM,2021,8,40,Rubber & Articles,export
Indonesia,20230802.77,713393908.14,16811.17,KGM,2021,8,40,Rubber & Articles,export
France,17562184.21,542579610.38,12355.37,KGM,2021,8,40,Rubber & Articles,export
Spain,13005041.73,406101085.1,8736.71,KGM,2021,8,40,Rubber & Articles,export
Italy,16678622.2,560043597.36,13025.87,KGM,2021,8,40,Rubber & Articles,export
Taiwan,14348877.13,495657602.95,15914.67,KGM,2021,8,40,Rubber & Articles,export
Vietnam,11909617.74,394419559.67,9218.61,KGM,2021,8,40,Rubber & Articles,export
United Kingdom,10135770.94,328618999.99,10776.39,KGM,2021,8,40,Rubber & Articles,export
China,260962967.05,8389021816.12,278281.25,KGM,2021,9,40,Rubber & Articles,export
Japan,108047670.39,3556081883.27,86630.74,KGM,2021,9,40,Rubber & Articles,export
United States of America,75352909.51,2354417356.65,66393.88,KGM,2021,9,40,Rubber & Articles,export
Malaysia,66621612.78,2370175139.42,58378.21,KGM,2021,9,40,Rubber & Articles,export
"Korea, Republic of",44636507.7,1437866153.19,38863.75,KGM,2021,9,40,Rubber & Articles,export
Germany,42880019.73,1355309040.11,27292.42,KGM,2021,9,40,Rubber & Articles,export
India,27740356.71,887950601.53,22101.6,KGM,2021,9,40,Rubber & Articles,export
Brazil,34097942.41,1128556437.98,24347.94,KGM,2021,9,40,Rubber & Articles,export
Turkey,28415439.28,958065298.58,20956.2,KGM,2021,9,40,Rubber & Articles,export
Indonesia,19881607.07,616992067.04,15418.18,KGM,2021,9,40,Rubber & Articles,export
France,15691480.97,525932598.2,12906.4,KGM,2021,9,40,Rubber & Articles,export
Spain,12475223.87,394622330.33,9578.17,KGM,2021,9,40,Rubber & Articles,export
Italy,15625207.99,523924079.55,11302.4,KGM,2021,9,40,Rubber & Articles,export
Taiwan,13500792.21,460651895.38,13895.19,KGM,2021,9,40,Rubber & Articles,export
Vietnam,13296980.08,457056796.66,9780.53,KGM,2021,9,40,Rubber & Articles,export
United Kingdom,9470366.84,309774812.08,8588.47,KGM,2021,9,40,Rubber & Articles,export
China,331654847.06,10418209178.18,182118.87,KGM,2021,10,40,Rubber & Articles,export
Japan,121034274.53,4141990881.4,58384.7,KGM,2021,10,40,Rubber & Articles,export
United States of America,79846990.98,2804280108.55,70787.4,KGM,2021,10,40,Rubber & Articles,export
Malaysia,70701979.36,2280950226.33,64409.78,KGM,2021,10,40,Rubber & Articles,export
"Korea, Republic of",49660516.0,1606063512.91,45104.16,KGM,2021,10,40,Rubber & Articles,export
Germany,45494408.01,1560572173.9,39222.79,KGM,2021,10,40,Rubber & Articles,export
India,28921386.12,966632221.09,26349.66,KGM,2021,10,40,Rubber & Articles,export
Brazil,29318075.52,980472851.84,24269.76,KGM,2021,10,40,Rubber & Articles,export
Turkey,24401665.83,762026150.39,20128.07,KGM,2021,10,40,Rubber & Articles,export
Indonesia,20439312.6,678068984.52,14026.07,KGM,2021,10,40,Rubber & Articles,export
France,16840198.83,600822756.63,12227.9,KGM,2021,10,40,Rubber & Articles,export
Spain,12562934.55,402542180.2,10657.49,KGM,2021,10,40,Rubber & Articles,export
Italy,14814433.42,481493136.31,12845.16,KGM,2021,10,40,Rubber & Articles,export
Taiwan,17177672.52,553515467.2,15067.66,KGM,2021,10,40,Rubber & Articles,export
Vietnam,11163309.61,392475827.68,8416.15,KGM,2021,10,40,Rubber & Articles,export
United Kingdom,12201127.32,394656697.99,9632.15,KGM,2021,10,40,Rubber & Articles,export
China,255626471.62,8399877790.51,227962.71,KGM,2021,11,40,Rubber & Articles,export
Japan,89681296.93,2726717780.59,66631.92,KGM,2021,11,40,Rubber & Articles,export
United States of America,89809852.39,3005407271.77,57664.75,KGM,2021,11,40,Rubber & Articles,export
Malaysia,64734192.51,2168837345.68,57748.9,KGM,2021,11,40,Rubber & Articles,export
"Korea, Republic of",49389278.03,1621672043.81,41082.81,KGM,2021,11,40,Rubber & Articles,export
Germany,39542234.78,1279799825.25,37672.4,KGM,2021,11,40,Rubber & Articles,export
India,33415245.53,1116439003.98,22387.1,KGM,2021,11,40,Rubber & Articles,export
Brazil,27693620.11,879013744.27,22245.42,KGM,2021,11,40,Rubber & Articles,export
Turkey,24967524.58,849483459.38,15355.14,KGM,2021,11,40,Rubber & Articles,export
Indonesia,20986042.99,643802565.58,15908.92,KGM,2021,11,40,Rubber & Articles,export
France,17583890.59,614717522.53,12456.87,KGM,2021,11,40,Rubber & Articles,export
Spain,13255231.48,440145993.38,11974.69,KGM,2021,11,40,Rubber & Articles,export
Italy,16803506.23,543148602.25,12808.76,KGM,2021,11,40,Rubber & Articles,export
Taiwan,17169523.77,619874220.71,12133.82,KGM,2021,11,40,Rubber & Articles,export
Vietnam,12513001.46,420248888.6,10144.21,KGM,2021,11,40,Rubber & Articles,export
United Kingdom,9764340.53,307205737.09,10153.75,KGM,2021,11,40,Rubber & Articles,export
China,223953605.07,6960714037.56,200699.67,KGM,2021,12,40,Rubber & Articles,export
Japan,101476839.7,2858424863.31,68270.56,KGM,2021,12,40,Rubber & Articles,export
United States of America,74602423.46,2414720173.65,62398.41,KGM,2021,12,40,Rubber & Articles,export
Malaysia,50578398.73,1632541321.23,46229.31,KGM,2021,12,40,Rubber & Articles,export
"Korea, Republic of",39602800.19,1316173465.89,30625.45,KGM,2021,12,40,Rubber & Articles,export
Germany,39872350.72,1212438568.89,30876.35,KGM,2021,12,40,Rubber & Articles,export
India,31056642.45,1089794513.37,25574.35,KGM,2021,12,40,Rubber & Articles,export
Brazil,23167382.33,784245693.93,20340.1,KGM,2021,12,40,Rubber & Articles,export
Turkey,20784441.68,685137514.63,18716.16,KGM,2021,12,40,Rubber & Articles,export
Indonesia,16737257.37,583694009.36,13291.75,KGM,2021,12,40,Rubber & Articles,export
France,13170438.78,441427910.89,10062.19,KGM,2021,12,40,Rubber & Articles,export
Spain,10937458.6,352414428.77,7395.38,KGM,2021,12,40,Rubber & Articles,export
Italy,12089890.85,444756322.73,9721.18,KGM,2021,12,40,Rubber & Articles,export
Taiwan,14185386.12,511137496.11,10464.87,KGM,2021,12,40,Rubber & Articles,export
Vietnam,11945504.34,379274045.93,9540.2,KGM,2021,12,40,Rubber & Articles,export
United Kingdom,10641086.21,353503634.18,8351.64,KGM,2021,12,40,Rubber & Articles,export
China,231750226.3,8249125219.61,223278.33,KGM,2022,1,40,Rubber & Articles,export
Japan,98033912.01,3201524245.63,73269.38,KGM,2022,1,40,Rubber & Articles,export
United States of America,78660376.56,2590925925.8,57810.75,KGM,2022,1,40,Rubber & Articles,export
Malaysia,73172473.07,2331896675.24,59318.7,KGM,2022,1,40,Rubber & Articles,export
"Korea, Republic of",54079203.86,1835989393.09,41872.42,KGM,2022,1,40,Rubber & Articles,export
Germany,41692874.49,1350500277.53,28403.67,KGM,2022,1,40,Rubber & Articles,export
India,34636451.11,1088929752.47,21874.25,KGM,2022,1,40,Rubber & Articles,export
Brazil,28833305.0,987132460.62,20260.84,KGM,2022,1,40,Rubber & Articles,export
Turkey,22171385.34,742566417.87,19746.58,KGM,2022,1,40,Rubber & Articles,export
Indonesia,19019947.47,608257592.52,15526.93,KGM,2022,1,40,Rubber & Articles,export
France,15956923.94,521228745.86,11313.41,KGM,2022,1,40,Rubber & Articles,export
Spain,12887440.72,415869926.45,8283.55,KGM,2022,1,40,Rubber & Articles,export
Italy,15133675.96,541534017.8,8640.66,KGM,2022,1,40,Rubber & Articles,export
Taiwan,17657685.65,526970784.53,10428.42,KGM,2022,1,40,Rubber & Articles,export
Vietnam,12025511.49,414185551.99,8302.55,KGM,2022,1,40,Rubber & Articles,export
United Kingdom,10800754.11,347186087.25,8436.15,KGM,2022,1,40,Rubber & Articles,export
China,344812643.76,11690786039.96,259302.33,KGM,2022,2,40,Rubber & Articles,export
Japan,114145370.36,3986767541.82,71563.63,KGM,2022,2,40,Rubber & Articles,export
United States of America,82681870.46,2709096743.61,70672.45,KGM,2022,2,40,Rubber & Articles,export
Malaysia,55184488.45,1670063350.51,60599.03,KGM,2022,2,40,Rubber & Articles,export
"Korea, Republic of",46032352.65,1384173357.89,38550.82,KGM,2022,2,40,Rubber & Articles,export
Germany,37790835.22,1227447205.33,34969.7,KGM,2022,2,40,Rubber & Articles,export
India,33074295.33,1093742867.97,24193.24,KGM,2022,2,40,Rubber & Articles,export
Brazil,28758401.8,940360109.74,19097.47,KGM,2022,2,40,Rubber & Articles,export
Turkey,22314513.9,723274535.12,22578.73,KGM,2022,2,40,Rubber & Articles,export
Indonesia,26586065.88,872145156.81,18956.67,KGM,2022,2,40,Rubber & Articles,export
France,17970126.42,618955291.32,10180.96,KGM,2022,2,40,Rubber & Articles,export
Spain,11694376.17,373150776.7,10301.24,KGM,2022,2,40,Rubber & Articles,export
Italy,14337425.07,474787403.44,11963.97,KGM,2022,2,40,Rubber & Articles,export
Taiwan,16940114.47,517714900.68,13585.43,KGM,2022,2,40,Rubber & Articles,export
Vietnam,15710260.44,528750040.05,10475.21,KGM,2022,2,40,Rubber & Articles,export
United Kingdom,10665414.56,354374968.65,7906.1,KGM,2022,2,40,Rubber & Articles,export
China,341833358.56,12345799378.48,307297.44,KGM,2022,3,40,Rubber & Articles,export
Japan,130729023.69,4223772760.8,71807.22,KGM,2022,3,40,Rubber & Articles,export
United States of America,98108437.42,3231128764.12,72289.1,KGM,2022,3,40,Rubber & Articles,export
Malaysia,59647217.07,1800559634.84,67413.87,KGM,2022,3,40,Rubber & Articles,export
"Korea, Republic of",47996779.04,1576871734.8,40014.35,KGM,2022,3,40,Rubber & Articles,export
Germany,39758894.52,1380564696.19,33136.97,KGM,2022,3,40,Rubber & Articles,export
India,37541719.8,1169260733.07,31954.93,KGM,2022,3,40,Rubber & Articles,export
Brazil,33043436.06,1051015686.41,26144.51,KGM,2022,3,40,Rubber & Articles,export
Turkey,28330801.56,953555657.47,17608.46,KGM,2022,3,40,Rubber & Articles,export
Indonesia,22782203.79,780920378.26,18398.2,KGM,2022,3,40,Rubber & Articles,export
France,19804346.22,620373540.83,14607.17,KGM,2022,3,40,Rubber & Articles,export
Spain,16129889.72,547513788.74,9558.74,KGM,2022,3,40,Rubber & Articles,export
Italy,14356482.64,495526937.58,15174.13,KGM,2022,3,40,Rubber & Articles,export
Taiwan,15353234.37,515097258.65,16006.24,KGM,2022,3,40,Rubber & Articles,export
Vietnam,15239135.39,480894179.12,11889.73,KGM,2022,3,40,Rubber & Articles,export
United Kingdom,12071649.19,378304719.72,11843.73,KGM,2022,3,40,Rubber & Articles,export
China,353778966.28,11148944630.45,312048.23,KGM,2022,4,40,Rubber & Articles,export
Japan,100854473.54,3387949569.89,79719.72,KGM,2022,4,40,Rubber & Articles,export
United States of America,85437625.62,2995178903.81,77062.26,KGM,2022,4,40,Rubber & Articles,export
Malaysia,77932746.18,2586440904.37,56818.48,KGM,2022,4,40,Rubber & Articles,export
"Korea, Republic of",58347540.12,2067178476.51,49553.83,KGM,2022,4,40,Rubber & Articles,export
Germany,50901713.94,1714520030.74,48726.27,KGM,2022,4,40,Rubber & Articles,export
India,36161901.28,1186572257.06,39938.03,KGM,2022,4,40,Rubber & Articles,export
Brazil,30656151.54,977941187.44,35062.33,KGM,2022,4,40,Rubber & Articles,export
Turkey,27106567.42,901210410.45,21945.23,KGM,2022,4,40,Rubber & Articles,export
Indonesia,26758293.25,920211034.72,13358.9,KGM,2022,4,40,Rubber & Articles,export
France,18497684.59,658014207.02,14890.68,KGM,2022,4,40,Rubber & Articles,export
Spain,15001051.69,493942026.66,12381.47,KGM,2022,4,40,Rubber & Articles,export
Italy,18971242.96,555618420.54,16837.96,KGM,2022,4,40,Rubber & Articles,export
Taiwan,21707746.39,732671061.59,18575.4,KGM,2022,4,40,Rubber & Articles,export
Vietnam,13692857.01,500374904.15,10125.47,KGM,2022,4,40,Rubber & Articles,export
United Kingdom,11577394.91,388835687.68,12038.1,KGM,2022,4,40,Rubber & Articles,export
China,421252741.48,12885543661.96,269082.04,KGM,2022,5,40,Rubber & Articles,export
Japan,119926028.46,4439132795.28,78810.39,KGM,2022,5,40,Rubber & Articles,export
United States of America,106206403.09,3628876887.82,87397.16,KGM,2022,5,40,Rubber & Articles,export
Malaysia,74389239.82,2467159825.59,62933.52,KGM,2022,5,40,Rubber & Articles,export
"Korea, Republic of",71603611.34,2284665317.66,41300.71,KGM,2022,5,40,Rubber & Articles,export
Germany,48145190.02,1483430833.44,36735.86,KGM,2022,5,40,Rubber & Articles,export
India,29156864.27,1010242920.66,24964.1,KGM,2022,5,40,Rubber & Articles,export
Brazil,34942091.15,1122557643.26,30781.74,KGM,2022,5,40,Rubber & Articles,export
Turkey,29680238.86,1048575649.05,28622.02,KGM,2022,5,40,Rubber & Articles,export
Indonesia,27332134.56,923196255.49,20468.73,KGM,2022,5,40,Rubber & Articles,export
France,20723992.2,671321507.44,15666.43,KGM,2022,5,40,Rubber & Articles,export
Spain,16669648.96,587289026.15,10125.85,KGM,2022,5,40,Rubber & Articles,export
Italy,17489616.11,562846325.88,12119.21,KGM,2022,5,40,Rubber & Articles,export
Taiwan,18235974.91,585540189.69,14882.29,KGM,2022,5,40,Rubber & Articles,export
Vietnam,14037749.96,461881840.97,11546.91,KGM,2022,5,40,Rubber & Articles,export
United Kingdom,13981356.68,468222090.14,10085.89,KGM,2022,5,40,Rubber & Articles,export
China,356971143.78,11805040368.93,303873.35,KGM,2022,6,40,Rubber & Articles,export
Japan,114387499.05,3810858925.72,87058.18,KGM,2022,6,40,Rubber & Articles,export
United States of America,114892636.88,3670670907.11,79290.28,KGM,2022,6,40,Rubber & Articles,export
Malaysia,79443389.25,2542151055.76,60831.52,KGM,2022,6,40,Rubber & Articles,export
"Korea, Republic of",52321563.49,1745115939.28,47484.45,KGM,2022,6,40,Rubber & Articles,export
Germany,45444386.89,1435038623.29,36469.23,KGM,2022,6,40,Rubber & Articles,export
India,35113068.6,1148310244.25,28873.06,KGM,2022,6,40,Rubber & Articles,export
Brazil,30883096.25,986554327.4,28065.21,KGM,2022,6,40,Rubber & Articles,export
Turkey,27734183.8,888598023.75,25566.77,KGM,2022,6,40,Rubber & Articles,export
Indonesia,24281213.42,767769942.09,23557.87,KGM,2022,6,40,Rubber & Articles,export
France,23574722.09,737789741.64,15625.85,KGM,2022,6,40,Rubber & Articles,export
Spain,14440415.32,503707040.78,12330.73,KGM,2022,6,40,Rubber & Articles,export
Italy,19810120.15,691173783.9,14788.31,KGM,2022,6,40,Rubber & Articles,export
Taiwan,16548882.19,553806846.15,16794.5,KGM,2022,6,40,Rubber & Articles,export
Vietnam,15779717.24,496660783.8,9866.78,KGM,2022,6,40,Rubber & Articles,export
United Kingdom,13028388.87,467366048.69,12017.06,KGM,2022,6,40,Rubber & Articles,export
China,326472478.89,11173077290.85,235792.49,KGM,2022,7,40,Rubber & Articles,export
Japan,151246296.44,4821285892.03,108661.33,KGM,2022,7,40,Rubber & Articles,export
United States of America,128504216.77,4088166353.25,86521.12,KGM,2022,7,40,Rubber & Articles,export
Malaysia,95394855.32,3059157251.37,57270.7,KGM,2022,7,40,Rubber & Articles,export
"Korea, Republic of",64306091.83,2125670706.43,47816.66,KGM,2022,7,40,Rubber & Articles,export
Germany,50151629.63,1480145809.98,45311.71,KGM,2022,7,40,Rubber & Articles,export
India,41103773.83,1310028896.32,30859.88,KGM,2022,7,40,Rubber & Articles,export
Brazil,32330058.35,1028172569.79,19123.36,KGM,2022,7,40,Rubber & Articles,export
Turkey,33843162.02,1107108900.61,26374.32,KGM,2022,7,40,Rubber & Articles,export
Indonesia,21453967.48,750133094.62,21954.18,KGM,2022,7,40,Rubber & Articles,export
France,22049999.02,699044106.47,14128.26,KGM,2022,7,40,Rubber & Articles,export
Spain,17469297.0,589017877.94,10250.1,KGM,2022,7,40,Rubber & Articles,export
Italy,14787741.54,500975050.13,13869.49,KGM,2022,7,40,Rubber & Articles,export
Taiwan,19923451.36,620828539.18,16991.74,KGM,2022,7,40,Rubber & Articles,export
Vietnam,13758522.06,468413454.15,12683.24,KGM,2022,7,40,Rubber & Articles,export
United Kingdom,13274685.25,405066242.43,11572.28,KGM,2022,7,40,Rubber & Articles,export
China,343407152.59,11993564599.36,351186.54,KGM,2022,8,40,Rubber & Articles,export
Japan,131322241.25,4537475422.52,96955.61,KGM,2022,8,40,Rubber & Articles,export
United States of America,107330640.85,3702224880.57,67339.39,KGM,2022,8,40,Rubber & Articles,export
Malaysia,75201082.43,2299351365.88,71869.5,KGM,2022,8,40,Rubber & Articles,export
"Korea, Republic of",71622204.52,2244353078.75,47769.25,KGM,2022,8,40,Rubber & Articles,export
Germany,47914236.22,1580755117.86,39501.67,KGM,2022,8,40,Rubber & Articles,export
India,46591901.06,1385812023.86,33209.73,KGM,2022,8,40,Rubber & Articles,export
Brazil,31590445.34,1048900184.62,38351.29,KGM,2022,8,40,Rubber & Articles,export
Turkey,33809743.17,1064773048.76,23785.48,KGM,2022,8,40,Rubber & Articles,export
Indonesia,24490272.7,791272028.85,20899.79,KGM,2022,8,40,Rubber & Articles,export
France,24531583.56,770727075.69,15248.58,KGM,2022,8,40,Rubber & Articles,export
Spain,16685683.93,551377852.86,13730.89,KGM,2022,8,40,Rubber & Articles,export
Italy,17409106.04,606378004.81,11439.59,KGM,2022,8,40,Rubber & Articles,export
Taiwan,22370577.78,740228072.82,15597.07,KGM,2022,8,40,Rubber & Articles,export
Vietnam,15087200.6,474388697.33,14763.42,KGM,2022,8,40,Rubber & Articles,export
United Kingdom,12549271.21,419964397.13,9782.53,KGM,2022,8,40,Rubber & Articles,export
China,369254788.46,11697655422.36,300807.52,KGM,2022,9,40,Rubber & Articles,export
Japan,144589108.65,5029009443.66,95228.45,KGM,2022,9,40,Rubber & Articles,export
United States of America,137845729.72,4619703525.45,75134.11,KGM,2022,9,40,Rubber & Articles,export
Malaysia,82825450.66,2698371939.88,83507.38,KGM,2022,9,40,Rubber & Articles,export
"Korea, Republic of",64512950.68,2119211841.04,51728.96,KGM,2022,9,40,Rubber & Articles,export
Germany,56419182.08,1902611530.18,42435.33,KGM,2022,9,40,Rubber & Articles,export
India,42861383.75,1397133534.7,31136.54,KGM,2022,9,40,Rubber & Articles,export
Brazil,38758853.0,1351424833.11,31319.08,KGM,2022,9,40,Rubber & Articles,export
Turkey,37325488.55,1239292487.92,23604.6,KGM,2022,9,40,Rubber & Articles,export
Indonesia,25720857.83,870569571.92,18194.41,KGM,2022,9,40,Rubber & Articles,export
France,22614596.83,733577968.02,14616.6,KGM,2022,9,40,Rubber & Articles,export
Spain,14993953.62,493982309.45,10310.66,KGM,2022,9,40,Rubber & Articles,export
Italy,16721546.99,558561242.91,15395.64,KGM,2022,9,40,Rubber & Articles,export
Taiwan,21807160.06,769714485.68,17674.96,KGM,2022,9,40,Rubber & Articles,export
Vietnam,14464318.68,491537265.41,11443.63,KGM,2022,9,40,Rubber & Articles,export
United Kingdom,13458620.35,455473805.76,12384.3,KGM,2022,9,40,Rubber & Articles,export
China,450129187.7,13853599291.16,298836.63,KGM,2022,10,40,Rubber & Articles,export
Japan,133903292.86,4526163116.02,102702.6,KGM,2022,10,40,Rubber & Articles,export
United States of America,115060194.15,3622841826.54,80790.42,KGM,2022,10,40,Rubber & Articles,export
Malaysia,85068100.25,2817540623.87,49328.3,KGM,2022,10,40,Rubber & Articles,export
"Korea, Republic of",62108001.44,1864558422.11,57152.64,KGM,2022,10,40,Rubber & Articles,export
Germany,53989236.12,1836341394.58,51328.34,KGM,2022,10,40,Rubber & Articles,export
India,47396972.6,1445972568.69,35938.97,KGM,2022,10,40,Rubber & Articles,export
Brazil,38397455.71,1205014419.58,31695.89,KGM,2022,10,40,Rubber & Articles,export
Turkey,31963307.24,1038770815.05,16882.43,KGM,2022,10,40,Rubber & Articles,export
Indonesia,25800266.8,828063828.93,25213.58,KGM,2022,10,40,Rubber & Articles,export
France,21007148.2,674634480.13,17101.45,KGM,2022,10,40,Rubber & Articles,export
Spain,17351590.38,602184602.82,9853.21,KGM,2022,10,40,Rubber & Articles,export
Italy,19400728.18,560276573.9,17966.2,KGM,2022,10,40,Rubber & Articles,export
Taiwan,16324129.88,551084228.8,16660.66,KGM,2022,10,40,Rubber & Articles,export
Vietnam,15288258.16,527016294.61,13856.44,KGM,2022,10,40,Rubber & Articles,export
United Kingdom,14962584.14,495910975.29,11361.71,KGM,2022,10,40,Rubber & Articles,export
China,347900943.04,10946234783.08,294582.1,KGM,2022,11,40,Rubber & Articles,export
Japan,117120559.31,3783659111.62,107950.97,KGM,2022,11,40,Rubber & Articles,export
United States of America,98100025.72,3293203097.88,89296.9,KGM,2022,11,40,Rubber & Articles,export
Malaysia,82905114.3,2787595082.9,66572.02,KGM,2022,11,40,Rubber & Articles,export
"Korea, Republic of",69704431.79,2175611179.4,52064.33,KGM,2022,11,40,Rubber & Articles,export
Germany,51783245.59,1627056547.34,40294.81,KGM,2022,11,40,Rubber & Articles,export
India,44474142.23,1516092938.56,36229.66,KGM,2022,11,40,Rubber & Articles,export
Brazil,33395859.85,1101749024.73,30215.58,KGM,2022,11,40,Rubber & Articles,export
Turkey,32750227.22,1080141174.39,25814.5,KGM,2022,11,40,Rubber & Articles,export
Indonesia,26126491.8,828399964.57,23995.79,KGM,2022,11,40,Rubber & Articles,export
France,20815517.02,661588239.15,19144.84,KGM,2022,11,40,Rubber & Articles,export
Spain,14679217.31,453061260.23,13828.75,KGM,2022,11,40,Rubber & Articles,export
Italy,20323533.78,683175606.75,14355.17,KGM,2022,11,40,Rubber & Articles,export
Taiwan,18596532.68,579730951.01,19355.72,KGM,2022,11,40,Rubber & Articles,export
Vietnam,17038460.5,608485191.05,10916.67,KGM,2022,11,40,Rubber & Articles,export
United Kingdom,13670234.54,434326163.84,13593.41,KGM,2022,11,40,Rubber & Articles,export
China,307490192.05,9489364404.62,294779.9,KGM,2022,12,40,Rubber & Articles,export
Japan,102594529.37,3228837498.59,93488.96,KGM,2022,12,40,Rubber & Articles,export
United States of America,96720053.02,2972161922.05,75042.42,KGM,2022,12,40,Rubber & Articles,export
Malaysia,80655509.3,2754943669.39,49918.52,KGM,2022,12,40,Rubber & Articles,export
"Korea, Republic of",55862593.21,1750839598.6,41714.01,KGM,2022,12,40,Rubber & Articles,export
Germany,47475043.36,1652697896.51,32919.47,KGM,2022,12,40,Rubber & Articles,export
India,41345095.26,1381808740.53,35211.61,KGM,2022,12,40,Rubber & Articles,export
Brazil,30872373.99,1001650118.3,24821.51,KGM,2022,12,40,Rubber & Articles,export
Turkey,28260924.87,984818242.85,23217.47,KGM,2022,12,40,Rubber & Articles,export
Indonesia,23027078.62,745821023.88,15288.92,KGM,2022,12,40,Rubber & Articles,export
France,21245048.3,724641508.9,11960.48,KGM,2022,12,40,Rubber & Articles,export
Spain,13249958.26,445111367.49,9861.36,KGM,2022,12,40,Rubber & Articles,export
Italy,19128984.1,623723169.12,13777.73,KGM,2022,12,40,Rubber & Articles,export
Taiwan,16001923.34,496088031.31,14533.27,KGM,2022,12,40,Rubber & Articles,export
Vietnam,13361160.99,393608950.27,10947.33,KGM,2022,12,40,Rubber & Articles,export
United Kingdom,13609083.0,445303637.55,8139.19,KGM,2022,12,40,Rubber & Articles,export
China,333093852.34,10596305182.53,292693.63,KGM,2023,1,40,Rubber & Articles,export
Japan,81212417.07,2527798013.69,97959.46,KGM,2023,1,40,Rubber & Articles,export
United States of America,93594116.56,2632049613.76,75933.9,KGM,2023,1,40,Rubber & Articles,export
Malaysia,60605723.77,1765069470.2,54624.47,KGM,2023,1,40,Rubber & Articles,export
"Korea, Republic of",46954691.64,1543272740.28,44005.86,KGM,2023,1,40,Rubber & Articles,export
Germany,46540524.28,1418427456.59,38086.78,KGM,2023,1,40,Rubber & Articles,export
India,31495396.36,1111362157.42,31552.35,KGM,2023,1,40,Rubber & Articles,export
Brazil,28562260.1,977132750.41,26083.01,KGM,2023,1,40,Rubber & Articles,export
Turkey,27747870.74,889014724.72,21035.91,KGM,2023,1,40,Rubber & Articles,export
Indonesia,27070728.04,909127441.37,18277.95,KGM,2023,1,40,Rubber & Articles,export
France,18655358.1,617048943.81,13046.2,KGM,2023,1,40,Rubber & Articles,export
Spain,13115296.71,439040311.18,10399.07,KGM,2023,1,40,Rubber & Articles,export
Italy,14773344.77,498660773.41,11129.02,KGM,2023,1,40,Rubber & Articles,export
Taiwan,17108748.43,515089755.8,13856.98,KGM,2023,1,40,Rubber & Articles,export
Vietnam,14857169.79,506066450.2,11523.34,KGM,2023,1,40,Rubber & Articles,export
United Kingdom,12199983.19,406790120.55,7686.77,KGM,2023,1,40,Rubber & Articles,export
China,286828365.73,9680478098.8,216114.16,KGM,2023,2,40,Rubber & Articles,export
Japan,122087905.38,4142835450.64,98788.72,KGM,2023,2,40,Rubber & Articles,export
United States of America,87002875.6,2753053275.13,68007.61,KGM,2023,2,40,Rubber & Articles,export
Malaysia,67930236.07,2427467197.64,61939.67,KGM,2023,2,40,Rubber & Articles,export
"Korea, Republic of",48084903.88,1548511290.32,31859.95,KGM,2023,2,40,Rubber & Articles,export
Germany,47577586.45,1663553250.85,43587.02,KGM,2023,2,40,Rubber & Articles,export
India,39393168.91,1251438878.68,25078.42,KGM,2023,2,40,Rubber & Articles,export
Brazil,26499977.43,910834611.18,22483.37,KGM,2023,2,40,Rubber & Articles,export
Turkey,30432907.46,992639837.18,21812.38,KGM,2023,2,40,Rubber & Articles,export
Indonesia,19489428.69,649089370.87,17217.68,KGM,2023,2,40,Rubber & Articles,export
France,14899784.88,482218559.87,15506.61,KGM,2023,2,40,Rubber & Articles,export
Spain,14217593.34,475519139.2,10458.28,KGM,2023,2,40,Rubber & Articles,export
Italy,14605378.18,496043382.0,12046.73,KGM,2023,2,40,Rubber & Articles,export
Taiwan,17223825.08,571268825.68,12111.26,KGM,2023,2,40,Rubber & Articles,export
Vietnam,13594848.6,472133184.48,12197.23,KGM,2023,2,40,Rubber & Articles,export
United Kingdom,11271339.79,368094319.23,8479.64,KGM,2023,2,40,Rubber & Articles,export
China,323488150.5,11180558452.54,289680.84,KGM,2023,3,40,Rubber & Articles,export
Japan,131551021.34,4240147310.56,89000.51,KGM,2023,3,40,Rubber & Articles,export
United States of America,93433086.38,2914718144.02,59936.62,KGM,2023,3,40,Rubber & Articles,export
Malaysia,77757061.08,2623271275.8,65262.29,KGM,2023,3,40,Rubber & Articles,export
"Korea, Republic of",53952546.64,1758623414.18,44056.98,KGM,2023,3,40,Rubber & Articles,export
Germany,46908042.7,1455919578.59,42234.36,KGM,2023,3,40,Rubber & Articles,export
India,34529548.08,1068744568.53,30092.94,KGM,2023,3,40,Rubber & Articles,export
Brazil,27649094.62,902353864.67,22415.03,KGM,2023,3,40,Rubber & Articles,export
Turkey,31104933.17,1100550799.67,25237.66,KGM,2023,3,40,Rubber & Articles,export
Indonesia,24631226.78,803578734.91,20059.56,KGM,2023,3,40,Rubber & Articles,export
France,19112970.51,638220830.22,19501.45,KGM,2023,3,40,Rubber & Articles,export
Spain,15139525.26,508924731.03,10095.71,KGM,2023,3,40,Rubber & Articles,export
Italy,18711767.62,635173324.37,15916.09,KGM,2023,3,40,Rubber & Articles,export
Taiwan,19259442.63,633479256.24,15288.06,KGM,2023,3,40,Rubber & Articles,export
Vietnam,14786814.64,511756266.57,13484.39,KGM,2023,3,40,Rubber & Articles,export
United Kingdom,13633974.23,395598521.21,12613.45,KGM,2023,3,40,Rubber & Articles,export
China,335945857.32,10747464231.29,281336.25,KGM,2023,4,40,Rubber & Articles,export
Japan,109510561.65,3562707877.73,76685.79,KGM,2023,4,40,Rubber & Articles,export
United States of America,109608437.53,3493418766.05,87966.02,KGM,2023,4,40,Rubber & Articles,export
Malaysia,82263433.99,2527124419.0,74882.85,KGM,2023,4,40,Rubber & Articles,export
"Korea, Republic of",59409138.95,1961394089.56,49954.74,KGM,2023,4,40,Rubber & Articles,export
Germany,54585919.73,1718980045.99,33011.67,KGM,2023,4,40,Rubber & Articles,export
India,42990231.45,1471024768.96,25619.64,KGM,2023,4,40,Rubber & Articles,export
Brazil,36798686.31,1188452784.15,30679.87,KGM,2023,4,40,Rubber & Articles,export
Turkey,31722896.34,1027131633.15,20750.3,KGM,2023,4,40,Rubber & Articles,export
Indonesia,25244737.88,841335426.15,17952.44,KGM,2023,4,40,Rubber & Articles,export
France,17820216.6,634627372.38,16617.11,KGM,2023,4,40,Rubber & Articles,export
Spain,13195440.22,403424964.58,12040.91,KGM,2023,4,40,Rubber & Articles,export
Italy,16601886.96,537138398.47,15708.73,KGM,2023,4,40,Rubber & Articles,export
Taiwan,21616593.84,711255598.88,16785.62,KGM,2023,4,40,Rubber & Articles,export
Vietnam,13538410.51,452943777.8,13066.76,KGM,2023,4,40,Rubber & Articles,export
United Kingdom,11081097.23,319650391.11,9252.68,KGM,2023,4,40,Rubber & Articles,export
China,310261810.09,9747252209.85,276656.44,KGM,2023,5,40,Rubber & Articles,export
Japan,112953867.54,3901790294.59,115006.55,KGM,2023,5,40,Rubber & Articles,export
United States of America,95534739.94,3326740261.08,89954.44,KGM,2023,5,40,Rubber & Articles,export
Malaysia,87213678.28,3021734576.48,68063.65,KGM,2023,5,40,Rubber & Articles,export
"Korea, Republic of",66340230.76,2170426900.98,42106.25,KGM,2023,5,40,Rubber & Articles,export
Germany,48499378.72,1558254334.38,46746.06,KGM,2023,5,40,Rubber & Articles,export
India,37977693.72,1268056452.15,36900.92,KGM,2023,5,40,Rubber & Articles,export
Brazil,43521671.25,1402344241.01,25772.28,KGM,2023,5,40,Rubber & Articles,export
Turkey,34255660.63,1198247201.16,20857.96,KGM,2023,5,40,Rubber & Articles,export
Indonesia,22567531.19,682338861.85,22036.92,KGM,2023,5,40,Rubber & Articles,export
France,20625999.94,740255027.34,13727.05,KGM,2023,5,40,Rubber & Articles,export
Spain,13749689.01,464782647.92,11094.62,KGM,2023,5,40,Rubber & Articles,export
Italy,17369430.3,554669563.84,16025.77,KGM,2023,5,40,Rubber & Articles,export
Taiwan,18915407.37,589680338.76,16372.34,KGM,2023,5,40,Rubber & Articles,export
Vietnam,16010404.2,541623888.25,13617.0,KGM,2023,5,40,Rubber & Articles,export
United Kingdom,14205232.2,458935942.56,8211.05,KGM,2023,5,40,Rubber & Articles,export
China,358197607.55,11508186675.48,344392.26,KGM,2023,6,40,Rubber & Articles,export
Japan,96739483.67,3096457725.42,88419.57,KGM,2023,6,40,Rubber & Articles,export
United States of America,82137319.09,2517149886.17,93514.48,KGM,2023,6,40,Rubber & Articles,export
Malaysia,87512590.12,3085735631.93,58235.2,KGM,2023,6,40,Rubber & Articles,export
"Korea, Republic of",61096871.09,2064608786.58,47375.66,KGM,2023,6,40,Rubber & Articles,export
Germany,47085774.66,1519810953.38,44781.02,KGM,2023,6,40,Rubber & Articles,export
India,39397331.78,1235716787.35,33158.26,KGM,2023,6,40,Rubber & Articles,export
Brazil,35952343.8,1061920348.56,30516.11,KGM,2023,6,40,Rubber & Articles,export
Turkey,34844451.73,1052934319.98,27593.74,KGM,2023,6,40,Rubber & Articles,export
Indonesia,20916688.25,714237517.75,23059.95,KGM,2023,6,40,Rubber & Articles,export
France,22248883.99,795241044.67,13886.19,KGM,2023,6,40,Rubber & Articles,export
Spain,14522044.64,484711992.36,12927.52,KGM,2023,6,40,Rubber & Articles,export
Italy,21852211.51,734753559.58,15306.18,KGM,2023,6,40,Rubber & Articles,export
Taiwan,20782467.56,613540196.6,14349.29,KGM,2023,6,40,Rubber & Articles,export
Vietnam,15759176.47,528330580.22,10436.6,KGM,2023,6,40,Rubber & Articles,export
United Kingdom,13816102.42,434110408.24,11053.5,KGM,2023,6,40,Rubber & Articles,export
China,396579817.14,12384176539.92,303844.37,KGM,2023,7,40,Rubber & Articles,export
Japan,148684506.23,4609007111.43,96066.93,KGM,2023,7,40,Rubber & Articles,export
United States of America,94880919.63,3324545861.91,67261.71,KGM,2023,7,40,Rubber & Articles,export
Malaysia,91007415.59,3078481714.67,71537.32,KGM,2023,7,40,Rubber & Articles,export
"Korea, Republic of",69289787.71,2330492249.74,47848.94,KGM,2023,7,40,Rubber & Articles,export
Germany,47165623.48,1588307830.48,40310.47,KGM,2023,7,40,Rubber & Articles,export
India,28413440.14,944675302.85,30410.19,KGM,2023,7,40,Rubber & Articles,export
Brazil,35654792.27,1208117279.89,27186.08,KGM,2023,7,40,Rubber & Articles,export
Turkey,28620245.89,995287629.95,21027.06,KGM,2023,7,40,Rubber & Articles,export
Indonesia,28342797.88,932391835.69,19057.03,KGM,2023,7,40,Rubber & Articles,export
France,22270432.16,752636190.02,16513.47,KGM,2023,7,40,Rubber & Articles,export
Spain,16132372.86,544852922.03,11848.14,KGM,2023,7,40,Rubber & Articles,export
Italy,16696784.18,549138089.04,15483.47,KGM,2023,7,40,Rubber & Articles,export
Taiwan,19792654.05,657066412.84,13969.1,KGM,2023,7,40,Rubber & Articles,export
Vietnam,15459336.63,473128240.18,11078.68,KGM,2023,7,40,Rubber & Articles,export
United Kingdom,11151840.57,373137757.88,10351.79,KGM,2023,7,40,Rubber & Articles,export
China,438583248.67,13403946563.76,294486.28,KGM,2023,8,40,Rubber & Articles,export
Japan,124270291.21,3973642796.34,116760.95,KGM,2023,8,40,Rubber & Articles,export
United States of America,117575526.63,3994078537.94,86381.23,KGM,2023,8,40,Rubber & Articles,export
Malaysia,100322759.38,3445560719.8,52756.81,KGM,2023,8,40,Rubber & Articles,export
"Korea, Republic of",62847140.35,2064468732.73,44976.93,KGM,2023,8,40,Rubber & Articles,export
Germany,61814060.37,1854355565.38,49074.64,KGM,2023,8,40,Rubber & Articles,export
India,39042347.36,1287124052.98,37667.72,KGM,2023,8,40,Rubber & Articles,export
Brazil,36944663.56,1177861810.81,24036.66,KGM,2023,8,40,Rubber & Articles,export
Turkey,27415228.09,852980766.37,20344.02,KGM,2023,8,40,Rubber & Articles,export
Indonesia,23983085.56,761146519.78,19217.69,KGM,2023,8,40,Rubber & Articles,export
France,23307529.9,819009750.17,15077.66,KGM,2023,8,40,Rubber & Articles,export
Spain,15094317.46,508779851.14,13358.39,KGM,2023,8,40,Rubber & Articles,export
Italy,17325408.92,558667932.87,14628.0,KGM,2023,8,40,Rubber & Articles,export
Taiwan,21937020.61,699295237.64,16657.87,KGM,2023,8,40,Rubber & Articles,export
Vietnam,16050850.26,574220243.65,13206.75,KGM,2023,8,40,Rubber & Articles,export
United Kingdom,13840720.56,465637796.66,11010.86,KGM,2023,8,40,Rubber & Articles,export
China,341479048.86,11108944124.13,239340.66,KGM,2023,9,40,Rubber & Articles,export
Japan,143228673.93,4322773570.92,118806.94,KGM,2023,9,40,Rubber & Articles,export
United States of America,114980336.8,3873546216.66,63629.96,KGM,2023,9,40,Rubber & Articles,export
Malaysia,89684074.71,3094106785.1,54719.1,KGM,2023,9,40,Rubber & Articles,export
"Korea, Republic of",75959130.61,2522716651.99,51356.04,KGM,2023,9,40,Rubber & Articles,export
Germany,61872436.33,1939600881.68,37291.91,KGM,2023,9,40,Rubber & Articles,export
India,39500578.33,1305558253.55,34649.5,KGM,2023,9,40,Rubber & Articles,export
Brazil,35642435.79,1147353091.86,29095.64,KGM,2023,9,40,Rubber & Articles,export
Turkey,30749518.76,979659385.18,23486.02,KGM,2023,9,40,Rubber & Articles,export
Indonesia,21557456.36,648160086.18,20981.31,KGM,2023,9,40,Rubber & Articles,export
France,23178205.46,760729230.55,16089.1,KGM,2023,9,40,Rubber & Articles,export
Spain,15566520.02,543194684.83,12557.06,KGM,2023,9,40,Rubber & Articles,export
Italy,16781556.36,556796240.1,12499.31,KGM,2023,9,40,Rubber & Articles,export
Taiwan,20490883.32,698224100.32,17992.34,KGM,2023,9,40,Rubber & Articles,export
Vietnam,14381042.95,452529497.71,13872.65,KGM,2023,9,40,Rubber & Articles,export
United Kingdom,14118509.67,468709328.57,9547.13,KGM,2023,9,40,Rubber & Articles,export
China,352063449.53,10900723360.39,244885.1,KGM,2023,10,40,Rubber & Articles,export
Japan,130039724.31,4488717243.32,91507.69,KGM,2023,10,40,Rubber & Articles,export
United States of America,95322591.2,3010041084.93,93240.93,KGM,2023,10,40,Rubber & Articles,export
Malaysia,92516228.24,3108517061.69,65861.89,KGM,2023,10,40,Rubber & Articles,export
"Korea, Republic of",54407659.14,1857798063.7,52617.88,KGM,2023,10,40,Rubber & Articles,export
Germany,48764848.32,1527803046.53,29994.88,KGM,2023,10,40,Rubber & Articles,export
India,35830445.97,1157411242.94,33995.32,KGM,2023,10,40,Rubber & Articles,export
Brazil,33707888.92,1186650344.61,26305.97,KGM,2023,10,40,Rubber & Articles,export
Turkey,30377144.33,974222836.0,24766.05,KGM,2023,10,40,Rubber & Articles,export
Indonesia,25125310.58,842089533.2,17799.61,KGM,2023,10,40,Rubber & Articles,export
France,17848547.99,569325337.2,17568.33,KGM,2023,10,40,Rubber & Articles,export
Spain,16553969.93,546308349.45,14864.48,KGM,2023,10,40,Rubber & Articles,export
Italy,20523794.48,633176031.61,15824.09,KGM,2023,10,40,Rubber & Articles,export
Taiwan,20383630.4,690935215.29,17098.0,KGM,2023,10,40,Rubber & Articles,export
Vietnam,15389448.69,507969244.2,12335.95,KGM,2023,10,40,Rubber & Articles,export
United Kingdom,13278513.94,433486167.9,8943.83,KGM,2023,10,40,Rubber & Articles,export
China,295954765.62,9504229687.88,260471.39,KGM,2023,11,40,Rubber & Articles,export
Japan,110947841.18,3706092357.14,82986.14,KGM,2023,11,40,Rubber & Articles,export
United States of America,95786557.78,2958716404.97,75153.63,KGM,2023,11,40,Rubber & Articles,export
Malaysia,76789194.62,2667749494.84,72021.18,KGM,2023,11,40,Rubber & Articles,export
"Korea, Republic of",61577170.67,2083677503.93,45806.05,KGM,2023,11,40,Rubber & Articles,export
Germany,46165490.92,1472042830.65,38152.24,KGM,2023,11,40,Rubber & Articles,export
India,43168042.07,1422299640.63,34621.94,KGM,2023,11,40,Rubber & Articles,export
Brazil,40621416.33,1362212440.08,29072.6,KGM,2023,11,40,Rubber & Articles,export
Turkey,30419388.89,963034664.47,20147.39,KGM,2023,11,40,Rubber & Articles,export
Indonesia,24598195.46,833501097.48,19676.53,KGM,2023,11,40,Rubber & Articles,export
France,18465180.28,611803867.43,15963.6,KGM,2023,11,40,Rubber & Articles,export
Spain,15030241.5,464347887.78,11895.38,KGM,2023,11,40,Rubber & Articles,export
Italy,13781222.16,443801044.72,12636.39,KGM,2023,11,40,Rubber & Articles,export
Taiwan,17454903.24,604553374.24,15723.58,KGM,2023,11,40,Rubber & Articles,export
Vietnam,15917433.22,548800723.0,12536.36,KGM,2023,11,40,Rubber & Articles,export
United Kingdom,11672144.82,395945651.34,9725.07,KGM,2023,11,40,Rubber & Articles,export
China,286272124.79,10246718137.02,228314.17,KGM,2023,12,40,Rubber & Articles,export
Japan,104023435.17,3148274986.76,99877.51,KGM,2023,12,40,Rubber & Articles,export
United States of America,80449628.0,2666148850.69,72063.29,KGM,2023,12,40,Rubber & Articles,export
Malaysia,54573100.87,2003352686.82,53440.69,KGM,2023,12,40,Rubber & Articles,export
"Korea, Republic of",52792094.6,1691146458.86,44205.49,KGM,2023,12,40,Rubber & Articles,export
Germany,43977833.27,1525073049.82,34295.85,KGM,2023,12,40,Rubber & Articles,export
India,38080152.38,1260698612.12,28821.03,KGM,2023,12,40,Rubber & Articles,export
Brazil,25007055.49,828305357.15,19097.7,KGM,2023,12,40,Rubber & Articles,export
Turkey,28013057.47,887044442.42,23901.35,KGM,2023,12,40,Rubber & Articles,export
Indonesia,18226834.49,579211660.03,19095.98,KGM,2023,12,40,Rubber & Articles,export
France,14464981.43,466254831.54,12924.77,KGM,2023,12,40,Rubber & Articles,export
Spain,14580380.35,465025474.8,11374.34,KGM,2023,12,40,Rubber & Articles,export
Italy,17616678.23,609382981.72,12550.31,KGM,2023,12,40,Rubber & Articles,export
Taiwan,19452541.22,658604286.76,13305.75,KGM,2023,12,40,Rubber & Articles,export
Vietnam,12356095.1,409424310.62,11454.05,KGM,2023,12,40,Rubber & Articles,export
United Kingdom,12234642.35,413785976.14,10564.09,KGM,2023,12,40,Rubber & Articles,export
China,292408043.26,8352475625.28,233956.34,KGM,2024,1,40,Rubber & Articles,export
Japan,93986521.48,3238288850.3,90020.14,KGM,2024,1,40,Rubber & Articles,export
United States of America,78138479.42,2556386335.11,68799.06,KGM,2024,1,40,Rubber & Articles,export
Malaysia,72119184.05,2456574337.25,68278.09,KGM,2024,1,40,Rubber & Articles,export
"Korea, Republic of",47208902.08,1657169009.07,40099.07,KGM,2024,1,40,Rubber & Articles,export
Germany,36226745.64,1234062130.13,31243.58,KGM,2024,1,40,Rubber & Articles,export
India,38099544.09,1222612755.6,28958.75,KGM,2024,1,40,Rubber & Articles,export
Brazil,31100340.03,1042677235.39,24787.27,KGM,2024,1,40,Rubber & Articles,export
Turkey,25054403.6,792690017.05,20368.71,KGM,2024,1,40,Rubber & Articles,export
Indonesia,26312430.57,889959245.93,17184.43,KGM,2024,1,40,Rubber & Articles,export
France,16499123.08,512336554.32,14862.06,KGM,2024,1,40,Rubber & Articles,export
Spain,10441809.0,376751776.2,10083.0,KGM,2024,1,40,Rubber & Articles,export
Italy,17014231.03,574640869.52,10965.87,KGM,2024,1,40,Rubber & Articles,export
Taiwan,15793964.41,533150394.06,14183.79,KGM,2024,1,40,Rubber & Articles,export
Vietnam,13821996.09,429886442.56,8218.66,KGM,2024,1,40,Rubber & Articles,export
United Kingdom,10880482.81,340944464.92,7684.06,KGM,2024,1,40,Rubber & Articles,export
China,292854933.82,10655961754.98,203011.44,KGM,2024,2,40,Rubber & Articles,export
Japan,92538302.47,3095064826.45,75664.14,KGM,2024,2,40,Rubber & Articles,export
United States of America,69174780.12,2318199168.5,69143.17,KGM,2024,2,40,Rubber & Articles,export
Malaysia,62890359.06,2115784110.43,53847.02,KGM,2024,2,40,Rubber & Articles,export
"Korea, Republic of",55889494.61,1755363191.43,50831.23,KGM,2024,2,40,Rubber & Articles,export
Germany,35445178.78,1059159443.86,32985.08,KGM,2024,2,40,Rubber & Articles,export
India,34699344.63,1164195279.23,26420.38,KGM,2024,2,40,Rubber & Articles,export
Brazil,27644920.43,931864912.54,23506.31,KGM,2024,2,40,Rubber & Articles,export
Turkey,24926307.2,828999342.65,16394.4,KGM,2024,2,40,Rubber & Articles,export
Indonesia,24140105.17,801586275.9,16762.61,KGM,2024,2,40,Rubber & Articles,export
France,18833228.02,646629777.37,11867.19,KGM,2024,2,40,Rubber & Articles,export
Spain,11570963.98,395693091.16,11049.56,KGM,2024,2,40,Rubber & Articles,export
Italy,14057996.12,484532978.13,11355.63,KGM,2024,2,40,Rubber & Articles,export
Taiwan,13268827.91,450219640.15,12342.16,KGM,2024,2,40,Rubber & Articles,export
Vietnam,11842282.04,354537479.5,9933.19,KGM,2024,2,40,Rubber & Articles,export
United Kingdom,9684726.63,308686027.18,9162.4,KGM,2024,2,40,Rubber & Articles,export
China,277143497.34,9360113135.61,287391.27,KGM,2024,3,40,Rubber & Articles,export
Japan,97357773.12,3058599424.24,88852.63,KGM,2024,3,40,Rubber & Articles,export
United States of America,89653654.0,2849843597.45,74371.47,KGM,2024,3,40,Rubber & Articles,export
Malaysia,78239991.53,2612851767.23,64540.95,KGM,2024,3,40,Rubber & Articles,export
"Korea, Republic of",56886377.5,1993485302.82,36081.37,KGM,2024,3,40,Rubber & Articles,export
Germany,45105114.38,1498335685.95,32329.6,KGM,2024,3,40,Rubber & Articles,export
India,39131419.89,1227668645.16,30924.51,KGM,2024,3,40,Rubber & Articles,export
Brazil,34278764.9,1156970232.2,25306.11,KGM,2024,3,40,Rubber & Articles,export
Turkey,25123262.46,835953276.5,24592.38,KGM,2024,3,40,Rubber & Articles,export
Indonesia,25466228.06,786852237.74,14854.65,KGM,2024,3,40,Rubber & Articles,export
France,17771282.63,638774827.58,17132.08,KGM,2024,3,40,Rubber & Articles,export
Spain,12442992.84,413514595.94,10994.54,KGM,2024,3,40,Rubber & Articles,export
Italy,17564380.79,550263994.7,14502.22,KGM,2024,3,40,Rubber & Articles,export
Taiwan,18325947.08,627044030.75,11055.78,KGM,2024,3,40,Rubber & Articles,export
Vietnam,13193822.24,441977479.24,9344.74,KGM,2024,3,40,Rubber & Articles,export
United Kingdom,11397661.01,360862790.31,10901.61,KGM,2024,3,40,Rubber & Articles,export
China,401778723.22,14034750192.17,289933.02,KGM,2024,4,40,Rubber & Articles,export
Japan,101105016.01,3152573584.96,109509.7,KGM,2024,4,40,Rubber & Articles,export
United States of America,91946185.15,3104117334.43,86896.12,KGM,2024,4,40,Rubber & Articles,export
Malaysia,65823096.79,2205727476.5,68296.15,KGM,2024,4,40,Rubber & Articles,export
"Korea, Republic of",54004711.67,1817373350.63,36738.35,KGM,2024,4,40,Rubber & Articles,export
Germany,46190903.61,1414466994.24,38271.31,KGM,2024,4,40,Rubber & Articles,export
India,35993911.65,1289111036.63,31785.5,KGM,2024,4,40,Rubber & Articles,export
Brazil,32196055.53,1100494102.78,30851.14,KGM,2024,4,40,Rubber & Articles,export
Turkey,28833689.14,909538026.73,19801.82,KGM,2024,4,40,Rubber & Articles,export
Indonesia,24929101.17,799649679.38,17596.61,KGM,2024,4,40,Rubber & Articles,export
France,18444086.91,633575632.4,14731.25,KGM,2024,4,40,Rubber & Articles,export
Spain,13375380.12,450209378.84,12353.6,KGM,2024,4,40,Rubber & Articles,export
Italy,14075109.78,408155133.59,14001.95,KGM,2024,4,40,Rubber & Articles,export
Taiwan,17101805.64,564086561.78,15861.69,KGM,2024,4,40,Rubber & Articles,export
Vietnam,11596982.0,337317128.25,9756.45,KGM,2024,4,40,Rubber & Articles,export
United Kingdom,10570008.81,339972184.13,10446.04,KGM,2024,4,40,Rubber & Articles,export
China,341116923.38,11273530426.64,268772.68,KGM,2024,5,40,Rubber & Articles,export
Japan,126766022.87,4356441466.28,89759.87,KGM,2024,5,40,Rubber & Articles,export
United States of America,72092125.82,2239533443.79,86891.79,KGM,2024,5,40,Rubber & Articles,export
Malaysia,68440795.46,2369816120.27,56147.35,KGM,2024,5,40,Rubber & Articles,export
"Korea, Republic of",52386525.87,1653186135.85,42379.49,KGM,2024,5,40,Rubber & Articles,export
Germany,49140433.42,1747261170.98,41753.93,KGM,2024,5,40,Rubber & Articles,export
India,47532633.75,1594647673.54,33059.33,KGM,2024,5,40,Rubber & Articles,export
Brazil,29458506.32,981648889.19,32981.29,KGM,2024,5,40,Rubber & Articles,export
Turkey,27918938.58,894675617.81,24069.59,KGM,2024,5,40,Rubber & Articles,export
Indonesia,18357661.88,642769863.53,20481.81,KGM,2024,5,40,Rubber & Articles,export
France,20234101.72,668128169.66,15320.31,KGM,2024,5,40,Rubber & Articles,export
Spain,14622652.14,481216099.16,11695.48,KGM,2024,5,40,Rubber & Articles,export
Italy,17293716.47,582943682.01,16375.1,KGM,2024,5,40,Rubber & Articles,export
Taiwan,19368198.39,658304697.1,16546.31,KGM,2024,5,40,Rubber & Articles,export
Vietnam,15734872.07,507909210.66,10455.46,KGM,2024,5,40,Rubber & Articles,export
United Kingdom,11444776.34,390001428.28,10883.67,KGM,2024,5,40,Rubber & Articles,export
China,298564178.22,10467167697.02,286536.68,KGM,2024,6,40,Rubber & Articles,export
Japan,114539548.15,3905309342.37,97375.59,KGM,2024,6,40,Rubber & Articles,export
United States of America,84841543.21,2961663376.95,79626.26,KGM,2024,6,40,Rubber & Articles,export
Malaysia,73561107.05,2430513589.58,68809.49,KGM,2024,6,40,Rubber & Articles,export
"Korea, Republic of",54694030.27,1761738914.13,46376.62,KGM,2024,6,40,Rubber & Articles,export
Germany,44533365.12,1474171929.92,37906.61,KGM,2024,6,40,Rubber & Articles,export
India,38450727.36,1281908562.14,30283.89,KGM,2024,6,40,Rubber & Articles,export
Brazil,36030572.69,1175367947.25,23612.33,KGM,2024,6,40,Rubber & Articles,export
Turkey,23537591.28,782055149.03,23003.42,KGM,2024,6,40,Rubber & Articles,export
Indonesia,25829899.9,873625679.88,19911.53,KGM,2024,6,40,Rubber & Articles,export
France,19677514.84,616419743.44,14372.19,KGM,2024,6,40,Rubber & Articles,export
Spain,14276872.28,468572963.49,10651.39,KGM,2024,6,40,Rubber & Articles,export
Italy,16729542.41,553303392.34,14783.88,KGM,2024,6,40,Rubber & Articles,export
Taiwan,20424851.43,668515404.27,16470.27,KGM,2024,6,40,Rubber & Articles,export
Vietnam,14488989.33,531295422.65,12436.06,KGM,2024,6,40,Rubber & Articles,export
United Kingdom,11450561.6,357331234.52,10216.93,KGM,2024,6,40,Rubber & Articles,export
China,334715231.61,10985400889.86,246628.57,KGM,2024,7,40,Rubber & Articles,export
Japan,116786068.84,3541463026.41,86597.12,KGM,2024,7,40,Rubber & Articles,export
United States of America,109494716.91,3591882339.19,84388.01,KGM,2024,7,40,Rubber & Articles,export
Malaysia,69807047.01,2341431897.27,61959.11,KGM,2024,7,40,Rubber & Articles,export
"Korea, Republic of",61927567.94,2141208484.46,50759.47,KGM,2024,7,40,Rubber & Articles,export
Germany,39575047.32,1364929579.55,36931.97,KGM,2024,7,40,Rubber & Articles,export
India,34792745.14,1242642600.07,35153.57,KGM,2024,7,40,Rubber & Articles,export
Brazil,37537332.2,1213534677.61,28963.65,KGM,2024,7,40,Rubber & Articles,export
Turkey,29559700.06,940836006.57,19284.78,KGM,2024,7,40,Rubber & Articles,export
Indonesia,22255366.66,721335026.41,19309.2,KGM,2024,7,40,Rubber & Articles,export
France,19668066.58,628107744.4,16948.53,KGM,2024,7,40,Rubber & Articles,export
Spain,14588614.07,485585575.19,10925.96,KGM,2024,7,40,Rubber & Articles,export
Italy,18433647.73,626844600.17,15325.57,KGM,2024,7,40,Rubber & Articles,export
Taiwan,19960139.12,626311263.46,12720.14,KGM,2024,7,40,Rubber & Articles,export
Vietnam,13190243.72,409735038.69,11994.9,KGM,2024,7,40,Rubber & Articles,export
United Kingdom,12878829.9,387607270.62,10282.97,KGM,2024,7,40,Rubber & Articles,export
China,307904755.01,10482960304.93,311004.51,KGM,2024,8,40,Rubber & Articles,export
Japan,108377083.1,3178101602.93,82992.39,KGM,2024,8,40,Rubber & Articles,export
United States of America,113231267.59,4056576524.43,79355.7,KGM,2024,8,40,Rubber & Articles,export
Malaysia,77453103.98,2659503181.23,65315.59,KGM,2024,8,40,Rubber & Articles,export
"Korea, Republic of",68931045.81,2274973409.77,50228.61,KGM,2024,8,40,Rubber & Articles,export
Germany,49492149.37,1604890623.48,34528.16,KGM,2024,8,40,Rubber & Articles,export
India,39685564.93,1284023882.13,36824.6,KGM,2024,8,40,Rubber & Articles,export
Brazil,38219167.08,1332524172.2,27366.91,KGM,2024,8,40,Rubber & Articles,export
Turkey,31616444.49,1089763196.15,25421.82,KGM,2024,8,40,Rubber & Articles,export
Indonesia,26733078.99,967674528.11,22261.84,KGM,2024,8,40,Rubber & Articles,export
France,22933686.31,741615322.38,16677.3,KGM,2024,8,40,Rubber & Articles,export
Spain,15348777.34,525595548.61,9107.11,KGM,2024,8,40,Rubber & Articles,export
Italy,15884086.02,571357460.75,16128.59,KGM,2024,8,40,Rubber & Articles,export
Taiwan,16877280.45,530003663.56,15698.0,KGM,2024,8,40,Rubber & Articles,export
Vietnam,12247271.06,415828539.28,11693.87,KGM,2024,8,40,Rubber & Articles,export
United Kingdom,13800136.25,420954552.58,10455.28,KGM,2024,8,40,Rubber & Articles,export
China,356532745.79,11002428548.29,231286.95,KGM,2024,9,40,Rubber & Articles,export
Japan,108713399.85,3676457038.65,108769.41,KGM,2024,9,40,Rubber & Articles,export
United States of America,103871068.9,3367327308.24,72167.15,KGM,2024,9,40,Rubber & Articles,export
Malaysia,69470513.83,2521493920.43,74943.32,KGM,2024,9,40,Rubber & Articles,export
"Korea, Republic of",63735462.92,2088073179.44,52541.25,KGM,2024,9,40,Rubber & Articles,export
Germany,42164630.3,1361998648.57,36173.65,KGM,2024,9,40,Rubber & Articles,export
India,38699344.56,1279850403.02,29822.12,KGM,2024,9,40,Rubber & Articles,export
Brazil,32224560.74,997412637.64,35504.08,KGM,2024,9,40,Rubber & Articles,export
Turkey,32866065.69,1107395696.54,23391.15,KGM,2024,9,40,Rubber & Articles,export
Indonesia,26434476.46,827397629.74,20504.26,KGM,2024,9,40,Rubber & Articles,export
France,19456770.0,645179698.06,16426.69,KGM,2024,9,40,Rubber & Articles,export
Spain,13549460.18,396452325.05,13945.97,KGM,2024,9,40,Rubber & Articles,export
Italy,17659461.3,587587637.48,12888.01,KGM,2024,9,40,Rubber & Articles,export
Taiwan,22171160.79,809921545.96,13381.74,KGM,2024,9,40,Rubber & Articles,export
Vietnam,15398415.29,474892801.7,12628.12,KGM,2024,9,40,Rubber & Articles,export
United Kingdom,13020334.3,433770905.36,11685.23,KGM,2024,9,40,Rubber & Articles,export
China,367328584.66,11362575058.73,287996.53,KGM,2024,10,40,Rubber & Articles,export
Japan,107014338.31,3673099156.13,113302.12,KGM,2024,10,40,Rubber & Articles,export
United States of America,114163306.64,3740406434.01,74624.46,KGM,2024,10,40,Rubber & Articles,export
Malaysia,92999305.54,3226594501.69,56473.66,KGM,2024,10,40,Rubber & Articles,export
"Korea, Republic of",58457713.33,1926305909.03,44581.44,KGM,2024,10,40,Rubber & Articles,export
Germany,45969515.12,1522236570.72,31976.23,KGM,2024,10,40,Rubber & Articles,export
India,43611860.29,1478898334.13,37950.05,KGM,2024,10,40,Rubber & Articles,export
Brazil,43344651.3,1478361142.16,33713.27,KGM,2024,10,40,Rubber & Articles,export
Turkey,32505061.45,964765398.35,28506.69,KGM,2024,10,40,Rubber & Articles,export
Indonesia,24632852.41,837385108.55,16083.53,KGM,2024,10,40,Rubber & Articles,export
France,19162478.77,617474686.36,22560.65,KGM,2024,10,40,Rubber & Articles,export
Spain,15690128.81,506269513.2,11820.46,KGM,2024,10,40,Rubber & Articles,export
Italy,16307729.73,484841206.86,12614.48,KGM,2024,10,40,Rubber & Articles,export
Taiwan,21829106.97,783674595.97,15716.14,KGM,2024,10,40,Rubber & Articles,export
Vietnam,13593472.36,480643283.76,14620.3,KGM,2024,10,40,Rubber & Articles,export
United Kingdom,15173261.58,493020106.25,11067.28,KGM,2024,10,40,Rubber & Articles,export
China,400911190.24,13392863834.42,257419.11,KGM,2024,11,40,Rubber & Articles,export
Japan,121366712.54,4055719984.19,87088.28,KGM,2024,11,40,Rubber & Articles,export
United States of America,109119173.57,3676244629.73,72189.23,KGM,2024,11,40,Rubber & Articles,export
Malaysia,63152097.6,2040695708.11,56828.24,KGM,2024,11,40,Rubber & Articles,export
"Korea, Republic of",63127970.46,2091065686.7,53846.53,KGM,2024,11,40,Rubber & Articles,export
Germany,53669500.83,1803677473.74,39850.34,KGM,2024,11,40,Rubber & Articles,export
India,42063257.17,1365664834.03,30521.08,KGM,2024,11,40,Rubber & Articles,export
Brazil,37687868.82,1311923301.54,34628.35,KGM,2024,11,40,Rubber & Articles,export
Turkey,27034018.82,870402219.08,21087.0,KGM,2024,11,40,Rubber & Articles,export
Indonesia,25647052.31,894067026.09,20434.32,KGM,2024,11,40,Rubber & Articles,export
France,22947905.2,749443132.42,16264.38,KGM,2024,11,40,Rubber & Articles,export
Spain,16024892.38,542100559.05,13745.25,KGM,2024,11,40,Rubber & Articles,export
Italy,17495918.5,548218762.24,13553.27,KGM,2024,11,40,Rubber & Articles,export
Taiwan,20709767.45,706250035.28,17468.67,KGM,2024,11,40,Rubber & Articles,export
Vietnam,16992494.86,525706185.43,14355.4,KGM,2024,11,40,Rubber & Articles,export
United Kingdom,13740355.86,451907668.33,11121.54,KGM,2024,11,40,Rubber & Articles,export
China,283022000.48,9089845674.63,289662.38,KGM,2024,12,40,Rubber & Articles,export
Japan,82602621.47,2696414264.76,84843.87,KGM,2024,12,40,Rubber & Articles,export
United States of America,104545364.29,3402126313.92,74678.1,KGM,2024,12,40,Rubber & Articles,export
Malaysia,69144848.76,2511735036.97,55015.52,KGM,2024,12,40,Rubber & Articles,export
"Korea, Republic of",56473309.66,1842912719.54,35173.88,KGM,2024,12,40,Rubber & Articles,export
Germany,43979153.63,1333692761.69,30579.44,KGM,2024,12,40,Rubber & Articles,export
India,37367020.19,1303105977.8,25489.17,KGM,2024,12,40,Rubber & Articles,export
Brazil,30883619.99,907203234.07,23281.69,KGM,2024,12,40,Rubber & Articles,export
Turkey,29683030.71,959584347.1,21905.32,KGM,2024,12,40,Rubber & Articles,export
Indonesia,20079316.07,630564224.59,21017.01,KGM,2024,12,40,Rubber & Articles,export
France,16983284.98,597406579.34,15071.13,KGM,2024,12,40,Rubber & Articles,export
Spain,12938917.19,424912632.52,9647.08,KGM,2024,12,40,Rubber & Articles,export
Italy,17305394.94,535381524.82,14416.66,KGM,2024,12,40,Rubber & Articles,export
Taiwan,17836011.08,612244726.49,11678.74,KGM,2024,12,40,Rubber & Articles,export
Vietnam,13783602.71,486577968.93,9410.46,KGM,2024,12,40,Rubber & Articles,export
United Kingdom,11845647.95,387723845.02,9417.12,KGM,2024,12,40,Rubber & Articles,export
China,302623224.43,9650106048.5,231201.65,KGM,2025,1,40,Rubber & Articles,export
Japan,116603292.02,3755837271.5,78160.03,KGM,2025,1,40,Rubber & Articles,export
United States of America,85414508.47,2963605747.83,81060.39,KGM,2025,1,40,Rubber & Articles,export
Malaysia,66493263.02,2205061574.06,63534.25,KGM,2025,1,40,Rubber & Articles,export
"Korea, Republic of",47540936.01,1666779549.77,39162.82,KGM,2025,1,40,Rubber & Articles,export
Germany,52278443.84,1680762124.95,35941.72,KGM,2025,1,40,Rubber & Articles,export
India,34180952.34,1096349087.68,25157.16,KGM,2025,1,40,Rubber & Articles,export
Brazil,28121025.24,933084344.51,23998.64,KGM,2025,1,40,Rubber & Articles,export
Turkey,25575373.68,873162117.58,20216.43,KGM,2025,1,40,Rubber & Articles,export
Indonesia,21137478.03,691938716.58,16963.96,KGM,2025,1,40,Rubber & Articles,export
France,19977583.3,677129081.73,13029.21,KGM,2025,1,40,Rubber & Articles,export
Spain,12008605.75,406123238.43,10820.06,KGM,2025,1,40,Rubber & Articles,export
Italy,17264842.27,540891212.79,11886.21,KGM,2025,1,40,Rubber & Articles,export
Taiwan,15949849.4,576150467.28,15447.86,KGM,2025,1,40,Rubber & Articles,export
Vietnam,14063120.53,480972494.4,8811.27,KGM,2025,1,40,Rubber & Articles,export
United Kingdom,10187631.28,339052993.85,8622.41,KGM,2025,1,40,Rubber & Articles,export
China,302937686.39,9723794366.33,235871.21,KGM,2025,2,40,Rubber & Articles,export
Japan,110931381.39,3869482833.75,75160.17,KGM,2025,2,40,Rubber & Articles,export
United States of America,72221183.08,2250467931.82,68596.08,KGM,2025,2,40,Rubber & Articles,export
Malaysia,61289434.13,2162346898.22,50200.21,KGM,2025,2,40,Rubber & Articles,export
"Korea, Republic of",56709743.7,1874252981.66,44328.98,KGM,2025,2,40,Rubber & Articles,export
Germany,42577596.36,1449850519.96,38514.45,KGM,2025,2,40,Rubber & Articles,export
India,33493541.5,1146209087.58,31518.29,KGM,2025,2,40,Rubber & Articles,export
Brazil,29963345.78,964104707.49,22114.34,KGM,2025,2,40,Rubber & Articles,export
Turkey,24232040.3,830036414.11,21160.07,KGM,2025,2,40,Rubber & Articles,export
Indonesia,17877865.16,564453640.72,12811.79,KGM,2025,2,40,Rubber & Articles,export
France,16035167.26,522415691.28,15292.59,KGM,2025,2,40,Rubber & Articles,export
Spain,12856922.09,404538472.65,10532.99,KGM,2025,2,40,Rubber & Articles,export
Italy,17241402.75,609305779.71,11075.81,KGM,2025,2,40,Rubber & Articles,export
Taiwan,16505742.45,517187900.61,12831.71,KGM,2025,2,40,Rubber & Articles,export
Vietnam,12784846.43,429831426.49,12743.37,KGM,2025,2,40,Rubber & Articles,export
United Kingdom,11159685.53,378179151.24,7997.32,KGM,2025,2,40,Rubber & Articles,export
China,332111778.89,11206179467.23,259594.42,KGM,2025,3,40,Rubber & Articles,export
Japan,91744366.58,2862833254.92,88598.2,KGM,2025,3,40,Rubber & Articles,export
United States of America,93686626.81,2999493549.58,68238.71,KGM,2025,3,40,Rubber & Articles,export
Malaysia,64768082.15,2071502199.53,67790.89,KGM,2025,3,40,Rubber & Articles,export
"Korea, Republic of",52551142.51,1778957920.97,53075.93,KGM,2025,3,40,Rubber & Articles,export
Germany,37204872.56,1319725136.42,43578.62,KGM,2025,3,40,Rubber & Articles,export
India,43174851.98,1353420881.72,32290.26,KGM,2025,3,40,Rubber & Articles,export
Brazil,32534886.43,1031387651.33,21610.29,KGM,2025,3,40,Rubber & Articles,export
Turkey,24911739.96,828213983.57,20733.04,KGM,2025,3,40,Rubber & Articles,export
Indonesia,22315111.89,726661679.1,17589.55,KGM,2025,3,40,Rubber & Articles,export
France,21484848.12,694475279.6,18827.58,KGM,2025,3,40,Rubber & Articles,export
Spain,14483423.98,494630320.19,10078.31,KGM,2025,3,40,Rubber & Articles,export
Italy,16013849.22,576536699.3,12304.11,KGM,2025,3,40,Rubber & Articles,export
Taiwan,16149743.96,550742531.32,10547.28,KGM,2025,3,40,Rubber & Articles,export
Vietnam,13497360.69,500718182.96,10341.01,KGM,2025,3,40,Rubber & Articles,export
United Kingdom,13030965.99,416184327.89,9647.12,KGM,2025,3,40,Rubber & Articles,export
China,352319014.49,11353778952.79,213718.28,KGM,2025,4,40,Rubber & Articles,export
Japan,115210987.51,3777348105.49,94882.07,KGM,2025,4,40,Rubber & Articles,export
United States of America,89686420.98,2737455547.07,85610.56,KGM,2025,4,40,Rubber & Articles,export
Malaysia,74950725.56,2587131505.32,57841.48,KGM,2025,4,40,Rubber & Articles,export
"Korea, Republic of",55166737.95,1848062010.3,48685.35,KGM,2025,4,40,Rubber & Articles,export
Germany,39341121.45,1195415235.57,38243.01,KGM,2025,4,40,Rubber & Articles,export
India,39900754.09,1387748401.38,28134.79,KGM,2025,4,40,Rubber & Articles,export
Brazil,33118632.66,1152521405.35,24489.29,KGM,2025,4,40,Rubber & Articles,export
Turkey,26389365.53,889355740.23,25611.1,KGM,2025,4,40,Rubber & Articles,export
Indonesia,23211280.98,809203139.64,16183.48,KGM,2025,4,40,Rubber & Articles,export
France,20237894.39,675275971.0,13990.38,KGM,2025,4,40,Rubber & Articles,export
Spain,15909407.02,530699607.91,11719.45,KGM,2025,4,40,Rubber & Articles,export
Italy,19136113.69,628058756.79,16436.67,KGM,2025,4,40,Rubber & Articles,export
Taiwan,16695635.12,533651113.07,13008.59,KGM,2025,4,40,Rubber & Articles,export
Vietnam,13103614.3,468739051.05,9229.27,KGM,2025,4,40,Rubber & Articles,export
United Kingdom,13189251.82,434602000.8,9392.19,KGM,2025,4,40,Rubber & Articles,export
China,282684764.74,8501909504.07,313571.25,KGM,2025,5,40,Rubber & Articles,export
Japan,124018327.82,4015587930.68,73574.35,KGM,2025,5,40,Rubber & Articles,export
United States of America,110553107.24,3623592192.56,63242.16,KGM,2025,5,40,Rubber & Articles,export
Malaysia,83605129.32,2767771131.8,66438.74,KGM,2025,5,40,Rubber & Articles,export
"Korea, Republic of",61925004.72,2223057744.56,43740.29,KGM,2025,5,40,Rubber & Articles,export
Germany,41247795.56,1372901601.24,44818.31,KGM,2025,5,40,Rubber & Articles,export
India,41760629.64,1412905878.72,34466.87,KGM,2025,5,40,Rubber & Articles,export
Brazil,31625400.11,974777547.53,26587.5,KGM,2025,5,40,Rubber & Articles,export
Turkey,28619437.61,970504945.77,24513.37,KGM,2025,5,40,Rubber & Articles,export
Indonesia,25545609.43,821463497.67,15524.65,KGM,2025,5,40,Rubber & Articles,export
France,18364242.67,582993082.39,13259.74,KGM,2025,5,40,Rubber & Articles,export
Spain,14751886.79,465723018.47,13801.92,KGM,2025,5,40,Rubber & Articles,export
Italy,15701909.95,526111328.58,13141.38,KGM,2025,5,40,Rubber & Articles,export
Taiwan,22073292.18,680545686.05,15570.0,KGM,2025,5,40,Rubber & Articles,export
Vietnam,12931202.83,446034448.0,12066.61,KGM,2025,5,40,Rubber & Articles,export
United Kingdom,15104456.76,501613897.25,8775.62,KGM,2025,5,40,Rubber & Articles,export
China,299152425.47,9430789905.93,238027.78,KGM,2025,6,40,Rubber & Articles,export
Japan,110519990.99,4058102768.48,81788.97,KGM,2025,6,40,Rubber & Articles,export
United States of America,90904979.3,2909932792.45,85263.56,KGM,2025,6,40,Rubber & Articles,export
Malaysia,93251545.91,3194368781.47,63463.64,KGM,2025,6,40,Rubber & Articles,export
"Korea, Republic of",53791750.77,1802149175.92,51095.91,KGM,2025,6,40,Rubber & Articles,export
Germany,45836956.23,1496287148.22,33174.92,KGM,2025,6,40,Rubber & Articles,export
India,36882370.95,1204269407.99,33670.93,KGM,2025,6,40,Rubber & Articles,export
Brazil,26941449.79,941327516.81,28748.59,KGM,2025,6,40,Rubber & Articles,export
Turkey,23822962.79,836066348.0,27820.96,KGM,2025,6,40,Rubber & Articles,export
Indonesia,22318413.4,771758821.32,16502.23,KGM,2025,6,40,Rubber & Articles,export
France,16446859.56,510301734.19,14022.89,KGM,2025,6,40,Rubber & Articles,export
Spain,14301193.88,479982035.69,13444.59,KGM,2025,6,40,Rubber & Articles,export
Italy,18897430.11,626373353.92,13141.79,KGM,2025,6,40,Rubber & Articles,export
Taiwan,16719777.55,533043977.77,15068.35,KGM,2025,6,40,Rubber & Articles,export
Vietnam,14063679.67,457468156.51,11119.97,KGM,2025,6,40,Rubber & Articles,export
United Kingdom,14997691.39,526782115.6,12011.53,KGM,2025,6,40,Rubber & Articles,export
China,405946612.8,13382612217.86,322227.09,KGM,2025,7,40,Rubber & Articles,export
Japan,116526066.66,3808534772.47,97066.61,KGM,2025,7,40,Rubber & Articles,export
United States of America,88106220.42,2700527759.65,81466.62,KGM,2025,7,40,Rubber & Articles,export
Malaysia,79749447.57,2622037562.15,55420.81,KGM,2025,7,40,Rubber & Articles,export
"Korea, Republic of",60128100.31,1836266107.68,45201.44,KGM,2025,7,40,Rubber & Articles,export
Germany,43325574.07,1393516689.68,41496.24,KGM,2025,7,40,Rubber & Articles,export
India,41539342.36,1358471587.93,31503.3,KGM,2025,7,40,Rubber & Articles,export
Brazil,35613140.02,1196622600.94,25303.47,KGM,2025,7,40,Rubber & Articles,export
Turkey,28262454.11,884589280.51,30782.76,KGM,2025,7,40,Rubber & Articles,export
Indonesia,23705097.12,734199048.26,18918.77,KGM,2025,7,40,Rubber & Articles,export
France,21094098.09,620806324.17,14923.9,KGM,2025,7,40,Rubber & Articles,export
Spain,15775314.64,518103103.79,10899.19,KGM,2025,7,40,Rubber & Articles,export
Italy,18897975.97,613062719.3,13540.29,KGM,2025,7,40,Rubber & Articles,export
Taiwan,24513913.9,761673087.95,11667.06,KGM,2025,7,40,Rubber & Articles,export
Vietnam,13139210.12,420889369.48,14333.26,KGM,2025,7,40,Rubber & Articles,export
United Kingdom,13090400.35,443827412.34,9644.88,KGM,2025,7,40,Rubber & Articles,export
China,354040981.99,12366959359.88,292206.6,KGM,2025,8,40,Rubber & Articles,export
Japan,126891037.29,4246801997.84,88655.35,KGM,2025,8,40,Rubber & Articles,export
United States of America,125780254.59,4179409253.96,86519.99,KGM,2025,8,40,Rubber & Articles,export
Malaysia,69921532.94,2398891747.87,70456.27,KGM,2025,8,40,Rubber & Articles,export
"Korea, Republic of",62670418.56,2334398483.7,49281.62,KGM,2025,8,40,Rubber & Articles,export
Germany,54973695.36,1819647085.64,46541.85,KGM,2025,8,40,Rubber & Articles,export
India,39980200.48,1311397980.57,34869.08,KGM,2025,8,40,Rubber & Articles,export
Brazil,35270382.39,1136792119.97,29935.68,KGM,2025,8,40,Rubber & Articles,export
Turkey,31054713.4,1069851598.23,24541.6,KGM,2025,8,40,Rubber & Articles,export
Indonesia,23772934.49,773429782.64,15395.23,KGM,2025,8,40,Rubber & Articles,export
France,21061435.72,673138976.21,18080.18,KGM,2025,8,40,Rubber & Articles,export
Spain,16016085.21,546578953.94,13809.6,KGM,2025,8,40,Rubber & Articles,export
Italy,16789593.14,565011870.12,13389.03,KGM,2025,8,40,Rubber & Articles,export
Taiwan,23549064.36,771279154.19,16232.88,KGM,2025,8,40,Rubber & Articles,export
Vietnam,13111708.67,418619394.53,11622.69,KGM,2025,8,40,Rubber & Articles,export
United Kingdom,13202646.3,429179932.45,8621.23,KGM,2025,8,40,Rubber & Articles,export
China,324914635.08,10303446447.95,321718.44,KGM,2025,9,40,Rubber & Articles,export
Japan,116808592.95,3775186749.89,102475.73,KGM,2025,9,40,Rubber & Articles,export
United States of America,127611348.33,4214468126.78,91823.27,KGM,2025,9,40,Rubber & Articles,export
Malaysia,85640517.44,2984365447.48,47402.44,KGM,2025,9,40,Rubber & Articles,export
"Korea, Republic of",65121199.87,2204272811.11,49124.92,KGM,2025,9,40,Rubber & Articles,export
Germany,55176021.72,1852272460.37,39236.46,KGM,2025,9,40,Rubber & Articles,export
India,45631232.36,1488540584.01,34843.58,KGM,2025,9,40,Rubber & Articles,export
Brazil,37209521.69,1271671270.44,33705.26,KGM,2025,9,40,Rubber & Articles,export
Turkey,27372399.49,921936270.58,26524.56,KGM,2025,9,40,Rubber & Articles,export
Indonesia,28817368.03,935008022.43,20731.33,KGM,2025,9,40,Rubber & Articles,export
France,17824739.66,620513381.67,15143.04,KGM,2025,9,40,Rubber & Articles,export
Spain,15794085.11,551899597.03,12241.64,KGM,2025,9,40,Rubber & Articles,export
Italy,20610026.19,717259712.95,13555.31,KGM,2025,9,40,Rubber & Articles,export
Taiwan,17225030.17,577244566.83,17431.0,KGM,2025,9,40,Rubber & Articles,export
Vietnam,17268224.74,563516735.62,12956.49,KGM,2025,9,40,Rubber & Articles,export
United Kingdom,13200273.41,437245337.32,14208.41,KGM,2025,9,40,Rubber & Articles,export
China,393893303.47,12509643501.86,225238.48,KGM,2025,10,40,Rubber & Articles,export
Japan,134051179.96,4534160281.59,82199.54,KGM,2025,10,40,Rubber & Articles,export
United States of America,98499168.74,3142787920.6,74419.68,KGM,2025,10,40,Rubber & Articles,export
Malaysia,97937970.14,3098203578.41,70687.41,KGM,2025,10,40,Rubber & Articles,export
"Korea, Republic of",68660465.54,2226524175.21,56051.61,KGM,2025,10,40,Rubber & Articles,export
Germany,58193211.95,1994688606.75,47612.01,KGM,2025,10,40,Rubber & Articles,export
India,39617901.36,1206788968.97,29175.73,KGM,2025,10,40,Rubber & Articles,export
Brazil,34733452.09,1131280547.74,28423.53,KGM,2025,10,40,Rubber & Articles,export
Turkey,31709609.58,1030265326.86,30788.45,KGM,2025,10,40,Rubber & Articles,export
Indonesia,26420504.72,960172851.67,16607.32,KGM,2025,10,40,Rubber & Articles,export
France,18445012.68,627934321.44,15550.69,KGM,2025,10,40,Rubber & Articles,export
Spain,16322184.55,556260383.94,15256.89,KGM,2025,10,40,Rubber & Articles,export
Italy,18960617.41,658729047.93,17208.84,KGM,2025,10,40,Rubber & Articles,export
Taiwan,19837822.79,648034385.76,18955.66,KGM,2025,10,40,Rubber & Articles,export
Vietnam,15765159.69,511245662.99,12962.59,KGM,2025,10,40,Rubber & Articles,export
United Kingdom,13206003.46,405511355.51,12349.93,KGM,2025,10,40,Rubber & Articles,export
China,326086746.32,10725205307.33,315484.14,KGM,2025,11,40,Rubber & Articles,export
Japan,137481840.25,4261860471.98,104361.94,KGM,2025,11,40,Rubber & Articles,export
United States of America,104888277.43,3498135180.15,88735.57,KGM,2025,11,40,Rubber & Articles,export
Malaysia,79481884.42,2556127250.57,64516.41,KGM,2025,11,40,Rubber & Articles,export
"Korea, Republic of",54252217.45,1822062428.49,41249.95,KGM,2025,11,40,Rubber & Articles,export
Germany,47574916.15,1527506804.27,44573.17,KGM,2025,11,40,Rubber & Articles,export
India,36218379.16,1308988812.53,31721.85,KGM,2025,11,40,Rubber & Articles,export
Brazil,36132862.61,1201533513.41,31447.31,KGM,2025,11,40,Rubber & Articles,export
Turkey,26875945.74,876915541.18,29365.67,KGM,2025,11,40,Rubber & Articles,export
Indonesia,22643356.01,740225660.58,19565.26,KGM,2025,11,40,Rubber & Articles,export
France,22409081.65,827579002.08,15314.94,KGM,2025,11,40,Rubber & Articles,export
Spain,14169736.3,425645287.96,13426.58,KGM,2025,11,40,Rubber & Articles,export
Italy,18529916.56,580368570.14,15671.04,KGM,2025,11,40,Rubber & Articles,export
Taiwan,23971676.81,779643772.97,17546.84,KGM,2025,11,40,Rubber & Articles,export
Vietnam,16297419.77,568406247.88,11617.46,KGM,2025,11,40,Rubber & Articles,export
United Kingdom,14926096.78,506256455.86,11325.98,KGM,2025,11,40,Rubber & Articles,export
China,269860377.33,8865173343.32,297897.1,KGM,2025,12,40,Rubber & Articles,export
Japan,119687895.57,4130976507.3,94662.68,KGM,2025,12,40,Rubber & Articles,export
United States of America,80987904.51,2945725442.26,64378.98,KGM,2025,12,40,Rubber & Articles,export
Malaysia,61377348.3,2029433796.67,50272.65,KGM,2025,12,40,Rubber & Articles,export
"Korea, Republic of",54524149.96,1849683713.88,40610.03,KGM,2025,12,40,Rubber & Articles,export
Germany,49313757.42,1607493629.02,36107.78,KGM,2025,12,40,Rubber & Articles,export
India,36106107.22,1099526450.68,27221.54,KGM,2025,12,40,Rubber & Articles,export
Brazil,32616160.41,1068802518.3,27658.56,KGM,2025,12,40,Rubber & Articles,export
Turkey,20992577.81,721275229.48,20222.43,KGM,2025,12,40,Rubber & Articles,export
Indonesia,19363827.95,626068880.35,19604.24,KGM,2025,12,40,Rubber & Articles,export
France,18059362.83,565197128.46,13283.29,KGM,2025,12,40,Rubber & Articles,export
Spain,15516272.46,527042491.82,11918.81,KGM,2025,12,40,Rubber & Articles,export
Italy,17763491.75,611351829.31,13813.08,KGM,2025,12,40,Rubber & Articles,export
Taiwan,16892115.58,590086303.83,16867.65,KGM,2025,12,40,Rubber & Articles,export
Vietnam,14086314.03,438995837.79,10480.82,KGM,2025,12,40,Rubber & Articles,export
United Kingdom,12029583.45,376029672.47,11310.84,KGM,2025,12,40,Rubber & Articles,export
China,342184687.2,11093919552.88,234397.67,KGM,2026,1,40,Rubber & Articles,export
Japan,93963712.66,3191963586.88,77491.96,KGM,2026,1,40,Rubber & Articles,export
United States of America,95575805.29,3082203185.41,72995.8,KGM,2026,1,40,Rubber & Articles,export
Malaysia,63152881.94,2049473229.9,57210.2,KGM,2026,1,40,Rubber & Articles,export
"Korea, Republic of",54364329.89,1769912459.47,40950.14,KGM,2026,1,40,Rubber & Articles,export
Germany,45071922.24,1570120161.88,36993.39,KGM,2026,1,40,Rubber & Articles,export
India,34297249.41,1224598143.8,30253.36,KGM,2026,1,40,Rubber & Articles,export
Brazil,32833345.04,1052934478.89,28316.48,KGM,2026,1,40,Rubber & Articles,export
Turkey,24702413.29,813218024.03,20888.72,KGM,2026,1,40,Rubber & Articles,export
Indonesia,24558779.05,807174818.88,16192.73,KGM,2026,1,40,Rubber & Articles,export
France,19654123.21,648267168.67,14564.55,KGM,2026,1,40,Rubber & Articles,export
Spain,13627440.33,426325890.05,9207.26,KGM,2026,1,40,Rubber & Articles,export
Italy,13435305.0,461882705.58,13094.51,KGM,2026,1,40,Rubber & Articles,export
Taiwan,19105327.48,672150894.47,16145.71,KGM,2026,1,40,Rubber & Articles,export
Vietnam,13502525.67,475477223.84,10565.45,KGM,2026,1,40,Rubber & Articles,export
United Kingdom,10726688.94,348528153.2,7923.17,KGM,2026,1,40,Rubber & Articles,export
China,329253989.38,10445573087.99,277581.3,KGM,2026,2,40,Rubber & Articles,export
Japan,122650611.2,4273430094.67,88159.94,KGM,2026,2,40,Rubber & Articles,export
United States of America,86790398.22,2820482124.23,77531.95,KGM,2026,2,40,Rubber & Articles,export
Malaysia,80672272.19,2694398740.27,70096.26,KGM,2026,2,40,Rubber & Articles,export
"Korea, Republic of",58378277.73,2000304666.17,51235.48,KGM,2026,2,40,Rubber & Articles,export
Germany,50608969.96,1719184346.97,41259.57,KGM,2026,2,40,Rubber & Articles,export
India,32944515.22,1105761269.06,30212.91,KGM,2026,2,40,Rubber & Articles,export
Brazil,33491628.21,1124057825.63,26643.81,KGM,2026,2,40,Rubber & Articles,export
Turkey,30745186.34,978055562.14,24981.32,KGM,2026,2,40,Rubber & Articles,export
Indonesia,21147515.9,674317658.96,21615.73,KGM,2026,2,40,Rubber & Articles,export
France,18113163.49,629007591.03,14063.82,KGM,2026,2,40,Rubber & Articles,export
Spain,15098162.52,513855796.76,12313.9,KGM,2026,2,40,Rubber & Articles,export
Italy,17666452.79,551278042.51,15918.11,KGM,2026,2,40,Rubber & Articles,export
Taiwan,17572868.62,591019552.22,13611.5,KGM,2026,2,40,Rubber & Articles,export
Vietnam,15533410.24,507186697.52,11157.0,KGM,2026,2,40,Rubber & Articles,export
United Kingdom,14438224.89,482859708.94,9396.5,KGM,2026,2,40,Rubber & Articles,export
China,359122897.21,12189578955.9,349015.45,KGM,2026,3,40,Rubber & Articles,export
Japan,113699807.94,3397519652.72,102444.31,KGM,2026,3,40,Rubber & Articles,export
United States of America,120079872.87,3569895165.86,109779.44,KGM,2026,3,40,Rubber & Articles,export
Malaysia,75551550.42,2491109276.25,71918.25,KGM,2026,3,40,Rubber & Articles,export
"Korea, Republic of",63380717.48,2122314115.11,41851.38,KGM,2026,3,40,Rubber & Articles,export
Germany,59968653.12,2096559996.85,59118.17,KGM,2026,3,40,Rubber & Articles,export
India,38341482.87,1299320641.58,35201.03,KGM,2026,3,40,Rubber & Articles,export
Brazil,35902474.96,1222661178.89,33732.05,KGM,2026,3,40,Rubber & Articles,export
Turkey,37137366.86,1241417332.74,28983.71,KGM,2026,3,40,Rubber & Articles,export
Indonesia,25783233.49,859317121.52,18613.38,KGM,2026,3,40,Rubber & Articles,export
France,21142352.7,733273574.32,16975.92,KGM,2026,3,40,Rubber & Articles,export
Spain,18786081.1,614010926.53,11259.58,KGM,2026,3,40,Rubber & Articles,export
Italy,18969877.88,561519453.62,16462.55,KGM,2026,3,40,Rubber & Articles,export
Taiwan,18813552.91,643031676.05,17377.16,KGM,2026,3,40,Rubber & Articles,export
Vietnam,16648473.39,554326946.62,14284.47,KGM,2026,3,40,Rubber & Articles,export
United Kingdom,16148609.85,514483497.43,13499.48,KGM,2026,3,40,Rubber & Articles,export
Indonesia,63850719.33,2346961031.89,49795.06,KGM,2019,1,17,Sugars,export
Cambodia,26993017.28,848973300.13,23137.94,KGM,2019,1,17,Sugars,export
China,23169463.67,771735797.36,21483.36,KGM,2019,1,17,Sugars,export
"Korea, Republic of",19325993.67,630926861.61,15581.43,KGM,2019,1,17,Sugars,export
Japan,14310942.7,457209840.47,10366.45,KGM,2019,1,17,Sugars,export
Taiwan,10937518.05,372599478.6,9008.06,KGM,2019,1,17,Sugars,export
Philippines,9335797.38,294460085.14,8355.42,KGM,2019,1,17,Sugars,export
Singapore,7162770.7,250094804.65,5243.41,KGM,2019,1,17,Sugars,export
Malaysia,5571881.99,196014234.86,5343.84,KGM,2019,1,17,Sugars,export
India,4581912.26,151468707.71,3643.79,KGM,2019,1,17,Sugars,export
Vietnam,3550394.45,116377935.69,2779.37,KGM,2019,1,17,Sugars,export
Laos,3468484.33,115524508.65,2053.28,KGM,2019,1,17,Sugars,export
Myanmar,2356487.31,79234820.54,1699.94,KGM,2019,1,17,Sugars,export
Indonesia,48140589.73,1670320710.09,52541.57,KGM,2019,2,17,Sugars,export
Cambodia,28054459.95,959163672.4,20273.51,KGM,2019,2,17,Sugars,export
China,21945287.16,722429762.65,17442.33,KGM,2019,2,17,Sugars,export
"Korea, Republic of",20396531.94,653290867.59,15255.66,KGM,2019,2,17,Sugars,export
Japan,11783694.58,393305937.54,11389.8,KGM,2019,2,17,Sugars,export
Taiwan,10547671.16,345985866.22,10342.52,KGM,2019,2,17,Sugars,export
Philippines,6560197.68,220960360.97,6467.77,KGM,2019,2,17,Sugars,export
Singapore,7357385.59,239016977.86,5546.53,KGM,2019,2,17,Sugars,export
Malaysia,4533547.03,147304308.63,4579.99,KGM,2019,2,17,Sugars,export
India,4355931.2,151854742.26,3600.45,KGM,2019,2,17,Sugars,export
Vietnam,3203237.36,102949005.36,2393.38,KGM,2019,2,17,Sugars,export
Laos,2624915.25,92311338.58,2042.16,KGM,2019,2,17,Sugars,export
Myanmar,2156538.37,71155834.07,2102.37,KGM,2019,2,17,Sugars,export
Indonesia,55911449.16,1930995996.72,45752.97,KGM,2019,3,17,Sugars,export
Cambodia,28076136.17,911488144.61,27029.28,KGM,2019,3,17,Sugars,export
China,25131941.64,807166363.28,25854.81,KGM,2019,3,17,Sugars,export
"Korea, Republic of",18153765.68,585234625.48,15683.44,KGM,2019,3,17,Sugars,export
Japan,19340394.34,621096676.73,14278.41,KGM,2019,3,17,Sugars,export
Taiwan,11310537.18,375578890.61,7197.83,KGM,2019,3,17,Sugars,export
Philippines,8790293.62,264153499.64,7680.27,KGM,2019,3,17,Sugars,export
Singapore,7895484.57,261192196.78,7624.32,KGM,2019,3,17,Sugars,export
Malaysia,5842701.28,192246063.03,5054.22,KGM,2019,3,17,Sugars,export
India,5791120.74,180654359.27,3648.22,KGM,2019,3,17,Sugars,export
Vietnam,3966827.19,134251093.8,3240.97,KGM,2019,3,17,Sugars,export
Laos,3405991.25,109354473.3,3127.81,KGM,2019,3,17,Sugars,export
Myanmar,2211944.44,75189478.43,1477.26,KGM,2019,3,17,Sugars,export
Indonesia,59536212.81,1920789901.55,57859.81,KGM,2019,4,17,Sugars,export
Cambodia,38304796.04,1322832698.51,21637.86,KGM,2019,4,17,Sugars,export
China,31166816.66,976272620.44,24311.59,KGM,2019,4,17,Sugars,export
"Korea, Republic of",21501099.59,650507504.93,16582.01,KGM,2019,4,17,Sugars,export
Japan,18878512.55,664935694.44,12524.75,KGM,2019,4,17,Sugars,export
Taiwan,12167114.72,385827874.92,10955.22,KGM,2019,4,17,Sugars,export
Philippines,10010146.26,325475886.0,7975.42,KGM,2019,4,17,Sugars,export
Singapore,7456801.37,236614455.29,4128.96,KGM,2019,4,17,Sugars,export
Malaysia,6990999.29,218243614.34,4351.58,KGM,2019,4,17,Sugars,export
India,4196917.22,132873938.16,4018.26,KGM,2019,4,17,Sugars,export
Vietnam,4581640.05,152569466.26,3554.64,KGM,2019,4,17,Sugars,export
Laos,3365956.89,107225791.66,2374.07,KGM,2019,4,17,Sugars,export
Myanmar,2624201.5,89362966.59,2174.83,KGM,2019,4,17,Sugars,export
Indonesia,63529448.96,2007680823.22,50828.87,KGM,2019,5,17,Sugars,export
Cambodia,35894179.46,1065829041.86,20390.01,KGM,2019,5,17,Sugars,export
China,23319160.16,817003364.47,17333.8,KGM,2019,5,17,Sugars,export
"Korea, Republic of",22472511.17,738022001.1,14269.47,KGM,2019,5,17,Sugars,export
Japan,19109650.62,691225958.21,14133.65,KGM,2019,5,17,Sugars,export
Taiwan,12357167.33,387747351.65,9213.81,KGM,2019,5,17,Sugars,export
Philippines,10023644.66,332270664.81,8898.62,KGM,2019,5,17,Sugars,export
Singapore,8034837.5,271523980.58,7671.88,KGM,2019,5,17,Sugars,export
Malaysia,6591042.34,214988832.26,4842.71,KGM,2019,5,17,Sugars,export
India,5236373.61,163110527.63,3625.43,KGM,2019,5,17,Sugars,export
Vietnam,3966603.64,139009367.83,3313.65,KGM,2019,5,17,Sugars,export
Laos,2946654.21,96012728.21,2739.23,KGM,2019,5,17,Sugars,export
Myanmar,2443014.8,80917092.2,2369.45,KGM,2019,5,17,Sugars,export
Indonesia,61787826.6,2114556202.78,60201.74,KGM,2019,6,17,Sugars,export
Cambodia,30596018.22,1028509004.71,23306.25,KGM,2019,6,17,Sugars,export
China,29651917.47,1025495190.67,22456.02,KGM,2019,6,17,Sugars,export
"Korea, Republic of",19991403.52,694940500.52,17859.99,KGM,2019,6,17,Sugars,export
Japan,16423477.54,532045096.72,10614.91,KGM,2019,6,17,Sugars,export
Taiwan,12991336.77,418558252.37,11427.68,KGM,2019,6,17,Sugars,export
Philippines,11957555.32,397543460.83,6888.19,KGM,2019,6,17,Sugars,export
Singapore,8296711.42,255451838.81,7899.23,KGM,2019,6,17,Sugars,export
Malaysia,7089431.64,250212354.31,5280.57,KGM,2019,6,17,Sugars,export
India,4677435.07,148474477.63,4283.34,KGM,2019,6,17,Sugars,export
Vietnam,4329926.43,140385547.29,3249.3,KGM,2019,6,17,Sugars,export
Laos,2724272.0,85478505.22,2855.32,KGM,2019,6,17,Sugars,export
Myanmar,2265246.7,71164822.56,1659.27,KGM,2019,6,17,Sugars,export
Indonesia,70003198.44,2379798383.71,56220.84,KGM,2019,7,17,Sugars,export
Cambodia,29910063.69,959422860.79,27353.97,KGM,2019,7,17,Sugars,export
China,31951294.92,1022927816.48,24526.17,KGM,2019,7,17,Sugars,export
"Korea, Republic of",23001199.03,711185475.93,17681.36,KGM,2019,7,17,Sugars,export
Japan,13880796.36,492404213.39,11177.04,KGM,2019,7,17,Sugars,export
Taiwan,11230671.72,352632109.74,12251.37,KGM,2019,7,17,Sugars,export
Philippines,8826134.94,303515643.63,8844.75,KGM,2019,7,17,Sugars,export
Singapore,8796520.98,279707968.13,7207.55,KGM,2019,7,17,Sugars,export
Malaysia,7222002.13,234369040.84,5486.93,KGM,2019,7,17,Sugars,export
India,5047309.95,169527915.48,4509.11,KGM,2019,7,17,Sugars,export
Vietnam,3267582.46,111823069.98,3689.82,KGM,2019,7,17,Sugars,export
Laos,3206978.44,106372619.45,2704.03,KGM,2019,7,17,Sugars,export
Myanmar,2005135.11,65077731.38,1903.6,KGM,2019,7,17,Sugars,export
Indonesia,67576742.17,2297221522.52,51466.94,KGM,2019,8,17,Sugars,export
Cambodia,31555324.11,1070470607.31,30466.28,KGM,2019,8,17,Sugars,export
China,34128590.24,1215342228.49,29033.61,KGM,2019,8,17,Sugars,export
"Korea, Republic of",18914194.78,603803904.3,17875.69,KGM,2019,8,17,Sugars,export
Japan,22797847.63,800762269.16,14745.32,KGM,2019,8,17,Sugars,export
Taiwan,13435538.24,427581334.87,7042.59,KGM,2019,8,17,Sugars,export
Philippines,9593849.57,321771502.12,7854.23,KGM,2019,8,17,Sugars,export
Singapore,9013643.92,294246986.53,4701.74,KGM,2019,8,17,Sugars,export
Malaysia,6533031.73,221393776.27,6403.71,KGM,2019,8,17,Sugars,export
India,5055715.08,154044935.8,4230.59,KGM,2019,8,17,Sugars,export
Vietnam,4575496.92,145450159.7,3270.37,KGM,2019,8,17,Sugars,export
Laos,3884552.93,124312894.24,2836.84,KGM,2019,8,17,Sugars,export
Myanmar,2419368.76,80884958.19,2150.45,KGM,2019,8,17,Sugars,export
Indonesia,70205975.36,2205647365.4,47913.45,KGM,2019,9,17,Sugars,export
Cambodia,32380901.08,1066563201.35,27340.95,KGM,2019,9,17,Sugars,export
China,30135088.73,1079495182.75,24164.12,KGM,2019,9,17,Sugars,export
"Korea, Republic of",23732734.56,799707621.75,19995.26,KGM,2019,9,17,Sugars,export
Japan,17626704.68,587651952.57,14688.73,KGM,2019,9,17,Sugars,export
Taiwan,14185471.4,483541874.93,9271.32,KGM,2019,9,17,Sugars,export
Philippines,10675411.6,353661254.31,6578.46,KGM,2019,9,17,Sugars,export
Singapore,7607059.42,249216501.79,6550.6,KGM,2019,9,17,Sugars,export
Malaysia,5945028.69,196796513.85,5563.89,KGM,2019,9,17,Sugars,export
India,5646413.71,188656351.54,3971.3,KGM,2019,9,17,Sugars,export
Vietnam,4333256.92,132138917.49,3324.33,KGM,2019,9,17,Sugars,export
Laos,3460939.89,109363709.92,3050.16,KGM,2019,9,17,Sugars,export
Myanmar,2567831.74,88984770.36,2082.24,KGM,2019,9,17,Sugars,export
Indonesia,72216776.33,2382215951.23,59591.26,KGM,2019,10,17,Sugars,export
Cambodia,34227699.03,1114878025.07,24879.26,KGM,2019,10,17,Sugars,export
China,32739081.81,1153046738.4,25572.18,KGM,2019,10,17,Sugars,export
"Korea, Republic of",24628167.08,737652641.87,20679.61,KGM,2019,10,17,Sugars,export
Japan,20842801.65,700597183.05,14861.05,KGM,2019,10,17,Sugars,export
Taiwan,14709636.92,461800654.42,10827.63,KGM,2019,10,17,Sugars,export
Philippines,12363200.24,389705676.03,7843.51,KGM,2019,10,17,Sugars,export
Singapore,8789129.18,290091450.96,6866.49,KGM,2019,10,17,Sugars,export
Malaysia,7129290.04,240178537.32,6691.14,KGM,2019,10,17,Sugars,export
India,4936789.63,160039449.3,3946.49,KGM,2019,10,17,Sugars,export
Vietnam,4327109.55,135643577.47,3377.63,KGM,2019,10,17,Sugars,export
Laos,3704544.77,116960990.72,2722.54,KGM,2019,10,17,Sugars,export
Myanmar,2831078.3,92382457.2,2379.76,KGM,2019,10,17,Sugars,export
Indonesia,83255836.98,2809496128.61,71563.43,KGM,2019,11,17,Sugars,export
Cambodia,33676868.79,1049483557.46,29178.96,KGM,2019,11,17,Sugars,export
China,28221155.01,904694103.9,19739.11,KGM,2019,11,17,Sugars,export
"Korea, Republic of",19361517.78,617172817.6,18989.67,KGM,2019,11,17,Sugars,export
Japan,18155364.28,631026243.56,15401.78,KGM,2019,11,17,Sugars,export
Taiwan,12781712.48,428363145.49,10995.13,KGM,2019,11,17,Sugars,export
Philippines,11948416.86,417657120.39,9277.35,KGM,2019,11,17,Sugars,export
Singapore,7362891.21,254371142.64,6503.36,KGM,2019,11,17,Sugars,export
Malaysia,7477029.3,241425239.54,5568.5,KGM,2019,11,17,Sugars,export
India,5718002.81,195488719.82,3232.79,KGM,2019,11,17,Sugars,export
Vietnam,4456720.65,150430639.59,3326.07,KGM,2019,11,17,Sugars,export
Laos,3396929.32,111863027.12,2836.51,KGM,2019,11,17,Sugars,export
Myanmar,2847300.43,85807158.38,2160.5,KGM,2019,11,17,Sugars,export
Indonesia,52795158.01,1778395236.11,42683.1,KGM,2019,12,17,Sugars,export
Cambodia,32374347.43,1019091181.21,29450.86,KGM,2019,12,17,Sugars,export
China,30346495.47,1002242688.15,16474.69,KGM,2019,12,17,Sugars,export
"Korea, Republic of",19636639.85,638889991.53,15777.86,KGM,2019,12,17,Sugars,export
Japan,15514106.57,532098828.21,10448.42,KGM,2019,12,17,Sugars,export
Taiwan,11787259.0,384046288.0,9599.91,KGM,2019,12,17,Sugars,export
Philippines,8898258.75,314864536.67,7823.44,KGM,2019,12,17,Sugars,export
Singapore,6598216.16,220375853.7,5070.5,KGM,2019,12,17,Sugars,export
Malaysia,5929583.95,195464679.15,4979.74,KGM,2019,12,17,Sugars,export
India,4886124.31,152386892.71,3553.63,KGM,2019,12,17,Sugars,export
Vietnam,3530555.98,109862232.15,3007.62,KGM,2019,12,17,Sugars,export
Laos,3055364.8,99187207.68,2471.22,KGM,2019,12,17,Sugars,export
Myanmar,2348121.09,74130707.62,1483.57,KGM,2019,12,17,Sugars,export
Indonesia,53521718.2,1951361490.27,53445.35,KGM,2020,1,17,Sugars,export
Cambodia,27552083.78,880560633.72,23488.35,KGM,2020,1,17,Sugars,export
China,27021512.46,903171621.18,19605.24,KGM,2020,1,17,Sugars,export
"Korea, Republic of",20139125.26,672793224.84,12888.12,KGM,2020,1,17,Sugars,export
Japan,12396446.03,403063988.74,11713.3,KGM,2020,1,17,Sugars,export
Taiwan,11070387.72,357104242.14,8724.58,KGM,2020,1,17,Sugars,export
Philippines,8823095.03,294685955.07,7458.41,KGM,2020,1,17,Sugars,export
Singapore,7640347.24,264512679.56,5626.74,KGM,2020,1,17,Sugars,export
Malaysia,6964387.9,231540851.83,4086.73,KGM,2020,1,17,Sugars,export
India,4319838.08,142473049.15,4028.3,KGM,2020,1,17,Sugars,export
Vietnam,3796750.2,123598235.11,3200.79,KGM,2020,1,17,Sugars,export
Laos,3528156.28,121359442.59,2564.92,KGM,2020,1,17,Sugars,export
Myanmar,2216022.1,75826597.31,1786.07,KGM,2020,1,17,Sugars,export
Indonesia,62517600.51,2075049742.21,39696.79,KGM,2020,2,17,Sugars,export
Cambodia,30566150.4,1026056498.8,22981.62,KGM,2020,2,17,Sugars,export
China,25310719.69,785484341.05,14920.65,KGM,2020,2,17,Sugars,export
"Korea, Republic of",20017914.32,666286999.59,14163.76,KGM,2020,2,17,Sugars,export
Japan,14586330.78,471129474.16,10517.26,KGM,2020,2,17,Sugars,export
Taiwan,11303744.08,410129385.67,9207.8,KGM,2020,2,17,Sugars,export
Philippines,8336736.72,264352733.32,8408.14,KGM,2020,2,17,Sugars,export
Singapore,7652307.89,251081417.49,5961.25,KGM,2020,2,17,Sugars,export
Malaysia,5833364.02,200410219.02,4320.47,KGM,2020,2,17,Sugars,export
India,4008645.27,136830245.67,3635.44,KGM,2020,2,17,Sugars,export
Vietnam,4152862.42,140610290.97,3258.65,KGM,2020,2,17,Sugars,export
Laos,2732221.89,85497047.1,2114.52,KGM,2020,2,17,Sugars,export
Myanmar,1918600.12,61220371.41,1750.7,KGM,2020,2,17,Sugars,export
Indonesia,54792211.42,1815889705.41,36420.73,KGM,2020,3,17,Sugars,export
Cambodia,23815115.18,824816539.32,16273.18,KGM,2020,3,17,Sugars,export
China,22893345.17,775910869.43,18789.25,KGM,2020,3,17,Sugars,export
"Korea, Republic of",14127881.08,475798517.21,11145.04,KGM,2020,3,17,Sugars,export
Japan,14118433.49,486629930.36,10238.22,KGM,2020,3,17,Sugars,export
Taiwan,8691031.8,281335629.78,8305.57,KGM,2020,3,17,Sugars,export
Philippines,7514996.89,258017906.02,5613.03,KGM,2020,3,17,Sugars,export
Singapore,6667720.38,233289845.58,4025.48,KGM,2020,3,17,Sugars,export
Malaysia,6055158.2,198668515.16,3747.11,KGM,2020,3,17,Sugars,export
India,4124168.27,136072966.83,2959.02,KGM,2020,3,17,Sugars,export
Vietnam,3637869.97,115744491.11,2048.7,KGM,2020,3,17,Sugars,export
Laos,2548459.95,82673279.9,1576.67,KGM,2020,3,17,Sugars,export
Myanmar,1764572.05,60064761.28,1637.15,KGM,2020,3,17,Sugars,export
Indonesia,41974752.08,1341719406.32,37017.73,KGM,2020,4,17,Sugars,export
Cambodia,24688470.78,831445281.1,17529.13,KGM,2020,4,17,Sugars,export
China,20547816.56,677989973.9,18912.23,KGM,2020,4,17,Sugars,export
"Korea, Republic of",14237153.05,500102637.41,14719.49,KGM,2020,4,17,Sugars,export
Japan,12983843.2,407894715.25,9804.25,KGM,2020,4,17,Sugars,export
Taiwan,10476732.97,332940160.8,8317.84,KGM,2020,4,17,Sugars,export
Philippines,7050548.42,220236813.28,6388.48,KGM,2020,4,17,Sugars,export
Singapore,5914020.08,186217701.19,4416.79,KGM,2020,4,17,Sugars,export
Malaysia,4683583.45,142231906.56,4476.57,KGM,2020,4,17,Sugars,export
India,3949334.64,136064513.38,3121.93,KGM,2020,4,17,Sugars,export
Vietnam,3235457.89,102813259.94,2408.78,KGM,2020,4,17,Sugars,export
Laos,2773430.39,89471686.6,2139.19,KGM,2020,4,17,Sugars,export
Myanmar,2064647.91,68130463.94,1433.09,KGM,2020,4,17,Sugars,export
Indonesia,48386908.9,1524609224.3,43839.31,KGM,2020,5,17,Sugars,export
Cambodia,24981134.13,834259162.06,18981.94,KGM,2020,5,17,Sugars,export
China,23406561.84,786686282.9,15636.7,KGM,2020,5,17,Sugars,export
"Korea, Republic of",13717148.3,442141966.13,16261.6,KGM,2020,5,17,Sugars,export
Japan,14225923.11,474615108.81,10548.64,KGM,2020,5,17,Sugars,export
Taiwan,8530259.87,282121034.57,8506.87,KGM,2020,5,17,Sugars,export
Philippines,8088182.91,268487754.13,6112.73,KGM,2020,5,17,Sugars,export
Singapore,5866383.29,189895801.89,5055.51,KGM,2020,5,17,Sugars,export
Malaysia,4786630.83,160567916.3,4186.51,KGM,2020,5,17,Sugars,export
India,3959360.69,133100496.28,3052.08,KGM,2020,5,17,Sugars,export
Vietnam,3296696.61,109612612.24,2605.14,KGM,2020,5,17,Sugars,export
Laos,2879623.27,93651412.49,1762.11,KGM,2020,5,17,Sugars,export
Myanmar,1996559.97,70027098.31,1251.56,KGM,2020,5,17,Sugars,export
Indonesia,53868558.3,1868142361.0,46849.54,KGM,2020,6,17,Sugars,export
Cambodia,27348307.62,908552931.9,15382.65,KGM,2020,6,17,Sugars,export
China,23468830.86,711469102.78,15987.59,KGM,2020,6,17,Sugars,export
"Korea, Republic of",17173484.01,619827545.72,11163.9,KGM,2020,6,17,Sugars,export
Japan,13478065.04,445406179.65,12209.88,KGM,2020,6,17,Sugars,export
Taiwan,10589593.77,365429507.82,7929.86,KGM,2020,6,17,Sugars,export
Philippines,6273396.38,213315214.48,6975.42,KGM,2020,6,17,Sugars,export
Singapore,6465030.17,210445437.92,4995.08,KGM,2020,6,17,Sugars,export
Malaysia,5401537.49,173922572.57,4814.63,KGM,2020,6,17,Sugars,export
India,3269296.31,111180142.61,4091.51,KGM,2020,6,17,Sugars,export
Vietnam,3154685.34,108522881.81,3001.2,KGM,2020,6,17,Sugars,export
Laos,2755797.97,93699841.92,1980.91,KGM,2020,6,17,Sugars,export
Myanmar,2184504.47,72824262.91,1250.62,KGM,2020,6,17,Sugars,export
Indonesia,53035604.87,1753849024.74,42515.48,KGM,2020,7,17,Sugars,export
Cambodia,28804138.17,950416210.88,20077.62,KGM,2020,7,17,Sugars,export
China,23242483.42,718680786.01,17639.84,KGM,2020,7,17,Sugars,export
"Korea, Republic of",16438365.54,533461987.15,13223.33,KGM,2020,7,17,Sugars,export
Japan,12704644.54,442281823.97,6369.68,KGM,2020,7,17,Sugars,export
Taiwan,10526307.26,336702876.05,6484.83,KGM,2020,7,17,Sugars,export
Philippines,8843982.75,298198651.39,5323.56,KGM,2020,7,17,Sugars,export
Singapore,6120764.23,202445544.12,5403.47,KGM,2020,7,17,Sugars,export
Malaysia,5004135.61,161435562.59,4312.09,KGM,2020,7,17,Sugars,export
India,3173340.05,99732404.13,2746.0,KGM,2020,7,17,Sugars,export
Vietnam,2702424.15,88479663.5,2689.14,KGM,2020,7,17,Sugars,export
Laos,2666139.82,91007891.74,2188.73,KGM,2020,7,17,Sugars,export
Myanmar,2009836.76,68071740.68,1363.38,KGM,2020,7,17,Sugars,export
Indonesia,54221563.24,1789955604.04,53588.71,KGM,2020,8,17,Sugars,export
Cambodia,27538045.96,910775260.85,20976.56,KGM,2020,8,17,Sugars,export
China,23163991.14,770574035.46,17597.46,KGM,2020,8,17,Sugars,export
"Korea, Republic of",17607227.58,603106703.81,12593.67,KGM,2020,8,17,Sugars,export
Japan,14208514.79,448342088.36,9488.36,KGM,2020,8,17,Sugars,export
Taiwan,10391668.07,326625029.42,7395.76,KGM,2020,8,17,Sugars,export
Philippines,9322842.38,286347438.08,5627.27,KGM,2020,8,17,Sugars,export
Singapore,6110987.3,202336794.7,5451.95,KGM,2020,8,17,Sugars,export
Malaysia,6305572.36,210317539.98,3852.31,KGM,2020,8,17,Sugars,export
India,4427330.2,150775325.69,2931.01,KGM,2020,8,17,Sugars,export
Vietnam,2707890.52,93400929.99,3212.01,KGM,2020,8,17,Sugars,export
Laos,2471717.97,86435419.8,2333.08,KGM,2020,8,17,Sugars,export
Myanmar,1732847.16,60682791.38,1476.8,KGM,2020,8,17,Sugars,export
Indonesia,54439859.65,1802247659.35,45524.23,KGM,2020,9,17,Sugars,export
Cambodia,29447862.96,976471284.86,22961.37,KGM,2020,9,17,Sugars,export
China,18685667.44,637066557.1,20379.81,KGM,2020,9,17,Sugars,export
"Korea, Republic of",14803810.48,500019393.21,11618.12,KGM,2020,9,17,Sugars,export
Japan,13781453.2,437794975.18,8252.11,KGM,2020,9,17,Sugars,export
Taiwan,10457269.98,335924333.57,8769.89,KGM,2020,9,17,Sugars,export
Philippines,7991644.36,279594754.48,5804.27,KGM,2020,9,17,Sugars,export
Singapore,6877385.76,215025233.69,4974.24,KGM,2020,9,17,Sugars,export
Malaysia,4722430.66,154611115.15,5266.41,KGM,2020,9,17,Sugars,export
India,3893594.23,124807937.74,3161.48,KGM,2020,9,17,Sugars,export
Vietnam,3343521.3,110411449.76,2715.08,KGM,2020,9,17,Sugars,export
Laos,2362375.12,75998932.56,2394.64,KGM,2020,9,17,Sugars,export
Myanmar,1894247.92,59519717.98,1485.24,KGM,2020,9,17,Sugars,export
Indonesia,57109490.61,1822678871.28,49274.77,KGM,2020,10,17,Sugars,export
Cambodia,22684267.19,733327259.92,19505.85,KGM,2020,10,17,Sugars,export
China,21337206.1,686475738.99,18068.34,KGM,2020,10,17,Sugars,export
"Korea, Republic of",17354326.41,587793986.62,11477.26,KGM,2020,10,17,Sugars,export
Japan,16214535.43,520874662.33,13031.7,KGM,2020,10,17,Sugars,export
Taiwan,11126073.75,366434037.53,8893.89,KGM,2020,10,17,Sugars,export
Philippines,8490675.81,291442987.97,7221.47,KGM,2020,10,17,Sugars,export
Singapore,6388184.86,226778606.33,6061.04,KGM,2020,10,17,Sugars,export
Malaysia,6052669.43,176282308.22,5270.0,KGM,2020,10,17,Sugars,export
India,4420000.04,152669572.77,3443.02,KGM,2020,10,17,Sugars,export
Vietnam,3084954.21,105970660.7,2612.09,KGM,2020,10,17,Sugars,export
Laos,2486306.17,81984931.99,2289.49,KGM,2020,10,17,Sugars,export
Myanmar,2044883.76,64059559.95,1783.27,KGM,2020,10,17,Sugars,export
Indonesia,50331342.49,1570248620.62,42942.25,KGM,2020,11,17,Sugars,export
Cambodia,30654801.06,1047765601.15,19742.97,KGM,2020,11,17,Sugars,export
China,21792149.51,666550527.5,20721.07,KGM,2020,11,17,Sugars,export
"Korea, Republic of",19462384.84,626126810.25,15506.51,KGM,2020,11,17,Sugars,export
Japan,12520706.95,384521436.1,11517.79,KGM,2020,11,17,Sugars,export
Taiwan,10271195.93,335031362.25,7394.95,KGM,2020,11,17,Sugars,export
Philippines,7661284.43,272413755.73,5923.21,KGM,2020,11,17,Sugars,export
Singapore,7356373.36,233096105.26,4489.57,KGM,2020,11,17,Sugars,export
Malaysia,5927081.43,183279440.15,4874.85,KGM,2020,11,17,Sugars,export
India,4380276.29,131791541.21,3379.57,KGM,2020,11,17,Sugars,export
Vietnam,3274308.98,108290362.02,2684.9,KGM,2020,11,17,Sugars,export
Laos,2369046.93,75964874.2,1983.67,KGM,2020,11,17,Sugars,export
Myanmar,1937465.48,63550903.47,1535.7,KGM,2020,11,17,Sugars,export
Indonesia,48847058.28,1675763453.87,45974.03,KGM,2020,12,17,Sugars,export
Cambodia,26809649.37,844346187.72,17858.65,KGM,2020,12,17,Sugars,export
China,22390004.42,763397873.95,16550.74,KGM,2020,12,17,Sugars,export
"Korea, Republic of",13499894.23,441947735.29,12766.89,KGM,2020,12,17,Sugars,export
Japan,11299062.78,381181228.83,9058.95,KGM,2020,12,17,Sugars,export
Taiwan,9571477.79,320802097.95,6794.51,KGM,2020,12,17,Sugars,export
Philippines,7349218.21,253403783.65,6189.35,KGM,2020,12,17,Sugars,export
Singapore,6995195.87,246161046.42,4473.52,KGM,2020,12,17,Sugars,export
Malaysia,4793469.84,153507388.04,3292.43,KGM,2020,12,17,Sugars,export
India,3719078.93,117060234.09,3089.7,KGM,2020,12,17,Sugars,export
Vietnam,2735044.77,86714452.26,2217.45,KGM,2020,12,17,Sugars,export
Laos,1923607.87,62377388.82,1390.47,KGM,2020,12,17,Sugars,export
Myanmar,1821538.19,56388444.89,1533.22,KGM,2020,12,17,Sugars,export
Indonesia,48438406.03,1598710253.55,41937.88,KGM,2021,1,17,Sugars,export
Cambodia,30806974.43,999632646.61,24315.33,KGM,2021,1,17,Sugars,export
China,25367876.28,839968908.1,17605.93,KGM,2021,1,17,Sugars,export
"Korea, Republic of",17380821.66,586434704.13,16349.88,KGM,2021,1,17,Sugars,export
Japan,12913517.56,419694004.56,10172.0,KGM,2021,1,17,Sugars,export
Taiwan,8852249.37,290216668.65,8163.47,KGM,2021,1,17,Sugars,export
Philippines,8786858.65,291270082.06,7209.5,KGM,2021,1,17,Sugars,export
Singapore,5855657.12,187921754.41,4776.73,KGM,2021,1,17,Sugars,export
Malaysia,5961874.48,194511178.26,4809.77,KGM,2021,1,17,Sugars,export
India,5188120.44,180857251.17,3987.34,KGM,2021,1,17,Sugars,export
Vietnam,3743090.22,125686846.18,2952.38,KGM,2021,1,17,Sugars,export
Laos,2293280.65,74914128.42,1956.3,KGM,2021,1,17,Sugars,export
Myanmar,2125637.88,71014192.78,1653.96,KGM,2021,1,17,Sugars,export
Indonesia,42689557.23,1412734325.64,45872.28,KGM,2021,2,17,Sugars,export
Cambodia,26523322.76,833673122.05,24030.26,KGM,2021,2,17,Sugars,export
China,23090964.06,732456533.83,19566.78,KGM,2021,2,17,Sugars,export
"Korea, Republic of",13509350.77,444497075.64,11645.0,KGM,2021,2,17,Sugars,export
Japan,13178449.82,421856473.73,10788.3,KGM,2021,2,17,Sugars,export
Taiwan,8806106.57,288401888.05,8242.32,KGM,2021,2,17,Sugars,export
Philippines,8626220.31,258516798.39,5905.15,KGM,2021,2,17,Sugars,export
Singapore,4997536.17,165877539.59,5145.56,KGM,2021,2,17,Sugars,export
Malaysia,5280411.85,161648859.24,4031.5,KGM,2021,2,17,Sugars,export
India,3288458.09,107396431.45,3386.56,KGM,2021,2,17,Sugars,export
Vietnam,3255926.25,102726475.89,2202.92,KGM,2021,2,17,Sugars,export
Laos,2715191.71,88932411.12,2236.25,KGM,2021,2,17,Sugars,export
Myanmar,2306858.34,80579272.05,1509.8,KGM,2021,2,17,Sugars,export
Indonesia,61730308.97,2123447569.18,48963.21,KGM,2021,3,17,Sugars,export
Cambodia,28324511.28,882724547.01,23213.26,KGM,2021,3,17,Sugars,export
China,28905867.4,1001492627.76,21998.39,KGM,2021,3,17,Sugars,export
"Korea, Republic of",19268057.71,614247689.57,17104.37,KGM,2021,3,17,Sugars,export
Japan,16596225.5,547738472.44,11507.14,KGM,2021,3,17,Sugars,export
Taiwan,12153885.75,416028473.23,11594.67,KGM,2021,3,17,Sugars,export
Philippines,9891671.9,328754631.69,6775.9,KGM,2021,3,17,Sugars,export
Singapore,7480096.25,245205773.39,7062.61,KGM,2021,3,17,Sugars,export
Malaysia,6844704.99,240236591.78,4078.6,KGM,2021,3,17,Sugars,export
India,4141156.21,131289163.62,3996.66,KGM,2021,3,17,Sugars,export
Vietnam,4009753.38,138555911.08,2672.04,KGM,2021,3,17,Sugars,export
Laos,3276348.66,110960515.23,2242.59,KGM,2021,3,17,Sugars,export
Myanmar,2480414.55,78006546.67,1611.77,KGM,2021,3,17,Sugars,export
Indonesia,55650771.87,1746647375.57,42604.41,KGM,2021,4,17,Sugars,export
Cambodia,34046009.98,1036905168.1,26600.14,KGM,2021,4,17,Sugars,export
China,25877351.16,887393767.28,18783.84,KGM,2021,4,17,Sugars,export
"Korea, Republic of",18601702.52,618604223.03,12694.17,KGM,2021,4,17,Sugars,export
Japan,16527036.0,538824775.76,11038.99,KGM,2021,4,17,Sugars,export
Taiwan,10631915.52,343973967.15,10744.9,KGM,2021,4,17,Sugars,export
Philippines,8674339.03,283552658.2,7433.29,KGM,2021,4,17,Sugars,export
Singapore,8327405.2,290088781.65,7142.33,KGM,2021,4,17,Sugars,export
Malaysia,5994764.78,211212048.01,5168.8,KGM,2021,4,17,Sugars,export
India,5388410.86,182604449.32,3346.61,KGM,2021,4,17,Sugars,export
Vietnam,4060359.73,141566173.16,3462.84,KGM,2021,4,17,Sugars,export
Laos,2791990.24,95936729.98,2286.49,KGM,2021,4,17,Sugars,export
Myanmar,2371899.23,72344293.48,1370.09,KGM,2021,4,17,Sugars,export
Indonesia,67813965.18,2100589682.62,56003.28,KGM,2021,5,17,Sugars,export
Cambodia,35295352.85,1110613766.19,24838.15,KGM,2021,5,17,Sugars,export
China,26265976.69,842510975.34,18993.81,KGM,2021,5,17,Sugars,export
"Korea, Republic of",16160565.28,547530909.16,15759.13,KGM,2021,5,17,Sugars,export
Japan,13757594.3,437395497.72,12745.98,KGM,2021,5,17,Sugars,export
Taiwan,12722545.0,433429541.73,6890.47,KGM,2021,5,17,Sugars,export
Philippines,7805860.21,249292813.23,7439.73,KGM,2021,5,17,Sugars,export
Singapore,7663241.17,271970011.4,5192.77,KGM,2021,5,17,Sugars,export
Malaysia,5541745.88,197797273.51,4350.66,KGM,2021,5,17,Sugars,export
India,4923928.68,161538434.46,3241.65,KGM,2021,5,17,Sugars,export
Vietnam,3881297.54,123668254.58,2535.99,KGM,2021,5,17,Sugars,export
Laos,3171610.93,103764818.62,2930.61,KGM,2021,5,17,Sugars,export
Myanmar,2357895.62,81686549.5,1721.36,KGM,2021,5,17,Sugars,export
Indonesia,70725541.67,2345807671.46,56813.35,KGM,2021,6,17,Sugars,export
Cambodia,27250866.79,901622032.21,29332.53,KGM,2021,6,17,Sugars,export
China,27505670.97,916936874.46,23927.08,KGM,2021,6,17,Sugars,export
"Korea, Republic of",18104968.37,545753646.47,15593.68,KGM,2021,6,17,Sugars,export
Japan,16357518.0,495740383.48,15045.31,KGM,2021,6,17,Sugars,export
Taiwan,12319956.75,421644796.94,10511.38,KGM,2021,6,17,Sugars,export
Philippines,9004697.67,289225684.84,6754.98,KGM,2021,6,17,Sugars,export
Singapore,9074677.32,282912589.34,5156.37,KGM,2021,6,17,Sugars,export
Malaysia,6189587.06,203869467.44,4582.14,KGM,2021,6,17,Sugars,export
India,5553623.45,182050279.92,3330.04,KGM,2021,6,17,Sugars,export
Vietnam,4051154.64,124096437.76,3113.37,KGM,2021,6,17,Sugars,export
Laos,3036714.91,103097248.51,2397.2,KGM,2021,6,17,Sugars,export
Myanmar,2534771.06,82175491.79,1583.73,KGM,2021,6,17,Sugars,export
Indonesia,60418376.88,2020298068.75,62814.59,KGM,2021,7,17,Sugars,export
Cambodia,28373745.83,920222485.9,23068.59,KGM,2021,7,17,Sugars,export
China,28833287.78,960169357.29,23555.32,KGM,2021,7,17,Sugars,export
"Korea, Republic of",19458091.57,638352779.43,15640.51,KGM,2021,7,17,Sugars,export
Japan,13065173.26,419837831.31,12626.44,KGM,2021,7,17,Sugars,export
Taiwan,9953999.96,333130072.86,12307.99,KGM,2021,7,17,Sugars,export
Philippines,9552500.51,325695692.39,7292.11,KGM,2021,7,17,Sugars,export
Singapore,7025971.29,221822164.77,6121.34,KGM,2021,7,17,Sugars,export
Malaysia,6818913.97,236288950.58,4583.22,KGM,2021,7,17,Sugars,export
India,4722645.64,158679893.85,4170.65,KGM,2021,7,17,Sugars,export
Vietnam,4396049.82,151041391.07,2823.14,KGM,2021,7,17,Sugars,export
Laos,2587696.81,83274974.01,2557.17,KGM,2021,7,17,Sugars,export
Myanmar,2050016.88,65680524.46,1703.42,KGM,2021,7,17,Sugars,export
Indonesia,64220429.24,2126983118.51,49105.74,KGM,2021,8,17,Sugars,export
Cambodia,30034899.45,978128576.65,24703.78,KGM,2021,8,17,Sugars,export
China,29181633.22,1000360817.44,25263.26,KGM,2021,8,17,Sugars,export
"Korea, Republic of",20957409.42,701398394.71,17222.55,KGM,2021,8,17,Sugars,export
Japan,15861710.51,501678595.25,14517.49,KGM,2021,8,17,Sugars,export
Taiwan,9767064.12,342869672.59,8598.13,KGM,2021,8,17,Sugars,export
Philippines,9535901.49,310766208.6,8119.55,KGM,2021,8,17,Sugars,export
Singapore,8648419.65,284508029.88,6606.39,KGM,2021,8,17,Sugars,export
Malaysia,6952873.91,233325353.95,4947.79,KGM,2021,8,17,Sugars,export
India,4827257.5,153372126.14,3879.81,KGM,2021,8,17,Sugars,export
Vietnam,4005832.36,138981874.04,3062.67,KGM,2021,8,17,Sugars,export
Laos,2723799.17,82758861.09,2899.94,KGM,2021,8,17,Sugars,export
Myanmar,2588519.71,87620054.86,1767.68,KGM,2021,8,17,Sugars,export
Indonesia,65969564.54,2311436840.15,44241.35,KGM,2021,9,17,Sugars,export
Cambodia,35983222.03,1152882476.9,28324.9,KGM,2021,9,17,Sugars,export
China,31585935.08,936792429.04,19773.79,KGM,2021,9,17,Sugars,export
"Korea, Republic of",17608371.2,561139077.58,14847.89,KGM,2021,9,17,Sugars,export
Japan,15969028.66,511412016.61,12730.24,KGM,2021,9,17,Sugars,export
Taiwan,9871359.37,321835809.67,10247.94,KGM,2021,9,17,Sugars,export
Philippines,9319472.63,304157316.6,9357.98,KGM,2021,9,17,Sugars,export
Singapore,8396359.36,258315748.45,7315.76,KGM,2021,9,17,Sugars,export
Malaysia,6662901.01,218962960.05,5850.49,KGM,2021,9,17,Sugars,export
India,4355720.87,144973548.17,3774.82,KGM,2021,9,17,Sugars,export
Vietnam,3294391.84,118467336.51,2797.02,KGM,2021,9,17,Sugars,export
Laos,3500804.68,120075767.93,3146.72,KGM,2021,9,17,Sugars,export
Myanmar,2602913.35,87384540.7,1929.09,KGM,2021,9,17,Sugars,export
Indonesia,78647514.03,2615046786.82,60394.04,KGM,2021,10,17,Sugars,export
Cambodia,33752091.23,1086882684.52,29118.18,KGM,2021,10,17,Sugars,export
China,31548965.45,1024367103.1,22027.27,KGM,2021,10,17,Sugars,export
"Korea, Republic of",19259030.22,615796099.7,16265.81,KGM,2021,10,17,Sugars,export
Japan,20077357.11,674142498.1,12263.01,KGM,2021,10,17,Sugars,export
Taiwan,11659510.26,389834246.02,10361.18,KGM,2021,10,17,Sugars,export
Philippines,8395970.86,265043926.02,6860.08,KGM,2021,10,17,Sugars,export
Singapore,7467040.82,249129381.54,6938.11,KGM,2021,10,17,Sugars,export
Malaysia,6138597.14,198668833.82,5576.94,KGM,2021,10,17,Sugars,export
India,5100353.93,172042512.47,3810.49,KGM,2021,10,17,Sugars,export
Vietnam,4994875.13,175270599.23,3753.52,KGM,2021,10,17,Sugars,export
Laos,2952613.86,99939641.99,2524.74,KGM,2021,10,17,Sugars,export
Myanmar,2964306.41,93259047.69,2221.48,KGM,2021,10,17,Sugars,export
Indonesia,64485714.11,2112101285.43,56090.57,KGM,2021,11,17,Sugars,export
Cambodia,31015497.8,1022839816.92,26027.15,KGM,2021,11,17,Sugars,export
China,26294578.86,850381872.31,26383.21,KGM,2021,11,17,Sugars,export
"Korea, Republic of",20914600.04,686260355.5,18947.37,KGM,2021,11,17,Sugars,export
Japan,18506296.77,622726409.36,11817.97,KGM,2021,11,17,Sugars,export
Taiwan,13701445.42,448481817.13,9105.37,KGM,2021,11,17,Sugars,export
Philippines,9952952.14,335535937.34,8293.44,KGM,2021,11,17,Sugars,export
Singapore,7659126.54,271033336.58,6693.02,KGM,2021,11,17,Sugars,export
Malaysia,7452081.58,243763778.13,5907.05,KGM,2021,11,17,Sugars,export
India,6132579.44,202719332.84,4544.83,KGM,2021,11,17,Sugars,export
Vietnam,4306370.06,144651217.92,3185.2,KGM,2021,11,17,Sugars,export
Laos,3570713.73,116865797.49,2924.0,KGM,2021,11,17,Sugars,export
Myanmar,2155534.07,73417900.55,2081.16,KGM,2021,11,17,Sugars,export
Indonesia,52786288.69,1848164030.42,46299.38,KGM,2021,12,17,Sugars,export
Cambodia,25735113.37,906666283.07,22607.91,KGM,2021,12,17,Sugars,export
China,26002735.53,857816011.67,19186.52,KGM,2021,12,17,Sugars,export
"Korea, Republic of",19795189.48,670985129.51,14270.77,KGM,2021,12,17,Sugars,export
Japan,14971743.6,508924183.77,12147.67,KGM,2021,12,17,Sugars,export
Taiwan,10647544.11,358945677.84,7782.03,KGM,2021,12,17,Sugars,export
Philippines,8660591.56,292637733.41,6643.87,KGM,2021,12,17,Sugars,export
Singapore,8248251.66,272296845.5,5742.66,KGM,2021,12,17,Sugars,export
Malaysia,5159724.36,171983600.6,4555.87,KGM,2021,12,17,Sugars,export
India,4379428.31,149289291.63,3358.15,KGM,2021,12,17,Sugars,export
Vietnam,3678213.41,122527096.14,3834.46,KGM,2021,12,17,Sugars,export
Laos,2122083.13,71722545.15,2028.16,KGM,2021,12,17,Sugars,export
Myanmar,2053044.96,63934191.92,1632.93,KGM,2021,12,17,Sugars,export
Indonesia,60898121.43,2044883012.39,52347.83,KGM,2022,1,17,Sugars,export
Cambodia,28712386.97,896198194.52,28050.81,KGM,2022,1,17,Sugars,export
China,29201921.87,922735839.77,23286.56,KGM,2022,1,17,Sugars,export
"Korea, Republic of",17878457.81,574974353.65,16720.05,KGM,2022,1,17,Sugars,export
Japan,15682121.71,528780847.46,13844.2,KGM,2022,1,17,Sugars,export
Taiwan,10891782.53,344157751.32,9530.33,KGM,2022,1,17,Sugars,export
Philippines,10426445.44,330855689.25,9088.47,KGM,2022,1,17,Sugars,export
Singapore,7968420.43,263247259.37,7098.69,KGM,2022,1,17,Sugars,export
Malaysia,6753730.58,212167057.9,5147.41,KGM,2022,1,17,Sugars,export
India,4853036.44,162438108.76,4355.82,KGM,2022,1,17,Sugars,export
Vietnam,4645595.16,155945991.62,2517.64,KGM,2022,1,17,Sugars,export
Laos,2990143.58,104659893.0,2289.1,KGM,2022,1,17,Sugars,export
Myanmar,2336849.81,78320371.47,1837.47,KGM,2022,1,17,Sugars,export
Indonesia,55741969.34,1998720032.55,66064.22,KGM,2022,2,17,Sugars,export
Cambodia,38765934.99,1266682231.37,29817.35,KGM,2022,2,17,Sugars,export
China,27734986.28,953376630.91,28423.37,KGM,2022,2,17,Sugars,export
"Korea, Republic of",23196536.7,775944765.59,18468.86,KGM,2022,2,17,Sugars,export
Japan,16823962.62,547982786.89,18470.23,KGM,2022,2,17,Sugars,export
Taiwan,12750134.19,420195861.89,12087.52,KGM,2022,2,17,Sugars,export
Philippines,10634511.82,361764002.8,9970.7,KGM,2022,2,17,Sugars,export
Singapore,9526606.02,320101681.43,5894.74,KGM,2022,2,17,Sugars,export
Malaysia,6388866.59,212515820.42,5372.27,KGM,2022,2,17,Sugars,export
India,5308084.68,181303202.98,4596.49,KGM,2022,2,17,Sugars,export
Vietnam,4814896.55,175955518.74,2978.7,KGM,2022,2,17,Sugars,export
Laos,3542853.94,103552415.35,3254.82,KGM,2022,2,17,Sugars,export
Myanmar,2593012.2,82219106.21,1757.43,KGM,2022,2,17,Sugars,export
Indonesia,79789687.02,2790327180.24,60959.45,KGM,2022,3,17,Sugars,export
Cambodia,46716032.98,1507449408.1,28071.08,KGM,2022,3,17,Sugars,export
China,31151179.35,1035420512.35,31640.05,KGM,2022,3,17,Sugars,export
"Korea, Republic of",24889064.09,809721986.75,20591.27,KGM,2022,3,17,Sugars,export
Japan,18147240.14,591590727.1,15974.94,KGM,2022,3,17,Sugars,export
Taiwan,15401868.68,512567072.18,9576.17,KGM,2022,3,17,Sugars,export
Philippines,11087478.63,380939537.18,9699.57,KGM,2022,3,17,Sugars,export
Singapore,9371546.89,284790590.18,9078.9,KGM,2022,3,17,Sugars,export
Malaysia,9164453.31,290239295.29,7294.96,KGM,2022,3,17,Sugars,export
India,5431218.61,186736528.66,3908.79,KGM,2022,3,17,Sugars,export
Vietnam,4797828.56,150247731.94,3777.09,KGM,2022,3,17,Sugars,export
Laos,4688664.6,154895892.32,2804.85,KGM,2022,3,17,Sugars,export
Myanmar,3041358.03,97623529.36,2267.71,KGM,2022,3,17,Sugars,export
Indonesia,78871254.43,2561692146.3,69960.89,KGM,2022,4,17,Sugars,export
Cambodia,47603896.96,1624776229.98,29703.61,KGM,2022,4,17,Sugars,export
China,29536170.8,938528419.05,25991.05,KGM,2022,4,17,Sugars,export
"Korea, Republic of",22767123.96,747552122.28,21170.29,KGM,2022,4,17,Sugars,export
Japan,15808199.44,525844330.32,20301.27,KGM,2022,4,17,Sugars,export
Taiwan,15357182.87,529566211.05,14215.57,KGM,2022,4,17,Sugars,export
Philippines,11918014.98,403384029.22,7524.86,KGM,2022,4,17,Sugars,export
Singapore,9251259.06,294520812.35,9407.41,KGM,2022,4,17,Sugars,export
Malaysia,7819475.43,243236957.95,5495.62,KGM,2022,4,17,Sugars,export
India,6075154.27,196143500.31,4794.46,KGM,2022,4,17,Sugars,export
Vietnam,6169283.78,203681155.65,4391.38,KGM,2022,4,17,Sugars,export
Laos,2965706.11,111189673.51,3600.42,KGM,2022,4,17,Sugars,export
Myanmar,3013354.07,100178916.73,2217.9,KGM,2022,4,17,Sugars,export
Indonesia,71604861.02,2524094869.42,70560.17,KGM,2022,5,17,Sugars,export
Cambodia,38979959.55,1281678854.93,30864.95,KGM,2022,5,17,Sugars,export
China,34727938.27,1125954196.72,23940.4,KGM,2022,5,17,Sugars,export
"Korea, Republic of",24581633.22,853795392.47,24317.62,KGM,2022,5,17,Sugars,export
Japan,23810886.36,793109060.08,18321.27,KGM,2022,5,17,Sugars,export
Taiwan,14298661.92,479315228.79,14529.74,KGM,2022,5,17,Sugars,export
Philippines,10970593.96,341233547.76,8928.29,KGM,2022,5,17,Sugars,export
Singapore,8302318.08,258560644.07,8746.28,KGM,2022,5,17,Sugars,export
Malaysia,7724948.39,252746102.28,6716.49,KGM,2022,5,17,Sugars,export
India,5820350.33,178743064.8,5927.91,KGM,2022,5,17,Sugars,export
Vietnam,4448166.89,142611791.45,4407.9,KGM,2022,5,17,Sugars,export
Laos,3900370.64,130690896.0,2909.84,KGM,2022,5,17,Sugars,export
Myanmar,3204457.39,102945002.91,2542.84,KGM,2022,5,17,Sugars,export
Indonesia,78836373.87,2715898078.23,66855.83,KGM,2022,6,17,Sugars,export
Cambodia,49302338.54,1664378222.25,38642.23,KGM,2022,6,17,Sugars,export
China,40954319.55,1307644581.35,25601.97,KGM,2022,6,17,Sugars,export
"Korea, Republic of",28033708.74,939304721.89,21007.35,KGM,2022,6,17,Sugars,export
Japan,23396691.35,733803409.73,18733.32,KGM,2022,6,17,Sugars,export
Taiwan,16001054.72,509377942.99,11372.9,KGM,2022,6,17,Sugars,export
Philippines,10598234.22,321368540.77,10392.54,KGM,2022,6,17,Sugars,export
Singapore,11074689.11,374274702.18,9913.3,KGM,2022,6,17,Sugars,export
Malaysia,8568028.6,286953289.9,8074.66,KGM,2022,6,17,Sugars,export
India,5841311.14,209934019.21,5191.06,KGM,2022,6,17,Sugars,export
Vietnam,4745285.32,160971290.99,3556.07,KGM,2022,6,17,Sugars,export
Laos,4166410.78,129622167.69,3191.86,KGM,2022,6,17,Sugars,export
Myanmar,2573086.25,91144860.21,2110.22,KGM,2022,6,17,Sugars,export
Indonesia,83492507.57,2903546206.23,51110.46,KGM,2022,7,17,Sugars,export
Cambodia,46942881.26,1519362825.91,38357.37,KGM,2022,7,17,Sugars,export
China,35577633.87,1248830797.24,29731.38,KGM,2022,7,17,Sugars,export
"Korea, Republic of",24665482.44,839699728.99,19000.35,KGM,2022,7,17,Sugars,export
Japan,23418001.35,796344588.49,16607.46,KGM,2022,7,17,Sugars,export
Taiwan,15844940.02,503173225.8,12157.08,KGM,2022,7,17,Sugars,export
Philippines,11088636.61,349690259.81,9288.22,KGM,2022,7,17,Sugars,export
Singapore,10741954.46,357771686.01,9577.62,KGM,2022,7,17,Sugars,export
Malaysia,7587265.58,253758542.13,7371.55,KGM,2022,7,17,Sugars,export
India,6577632.21,228244264.25,4701.51,KGM,2022,7,17,Sugars,export
Vietnam,5812200.44,198066293.68,4086.04,KGM,2022,7,17,Sugars,export
Laos,4638572.22,152507636.17,3156.0,KGM,2022,7,17,Sugars,export
Myanmar,3158754.62,106331557.59,2176.73,KGM,2022,7,17,Sugars,export
Indonesia,94874895.47,3179236407.93,67669.99,KGM,2022,8,17,Sugars,export
Cambodia,49055882.2,1645353788.36,32755.57,KGM,2022,8,17,Sugars,export
China,35511474.3,1190090352.57,27967.19,KGM,2022,8,17,Sugars,export
"Korea, Republic of",27547257.2,912206434.54,22951.72,KGM,2022,8,17,Sugars,export
Japan,22519330.36,778940610.8,20655.31,KGM,2022,8,17,Sugars,export
Taiwan,16684920.38,543121638.06,13693.32,KGM,2022,8,17,Sugars,export
Philippines,12705520.17,420952628.11,10939.23,KGM,2022,8,17,Sugars,export
Singapore,11612433.65,381437684.69,9916.11,KGM,2022,8,17,Sugars,export
Malaysia,6877960.32,220240944.34,8566.76,KGM,2022,8,17,Sugars,export
India,6581512.13,231099664.78,5615.27,KGM,2022,8,17,Sugars,export
Vietnam,6351179.08,220922808.85,4115.76,KGM,2022,8,17,Sugars,export
Laos,4388887.62,152077883.75,4576.31,KGM,2022,8,17,Sugars,export
Myanmar,3170478.08,92134458.9,2336.46,KGM,2022,8,17,Sugars,export
Indonesia,93664943.95,3195678416.35,78690.69,KGM,2022,9,17,Sugars,export
Cambodia,33547482.47,1131262547.16,29799.56,KGM,2022,9,17,Sugars,export
China,45242784.13,1567086863.66,30506.02,KGM,2022,9,17,Sugars,export
"Korea, Republic of",24583936.66,801141569.05,22481.48,KGM,2022,9,17,Sugars,export
Japan,24541375.96,871599704.81,16412.17,KGM,2022,9,17,Sugars,export
Taiwan,15945933.15,501428463.21,11472.0,KGM,2022,9,17,Sugars,export
Philippines,12342526.97,396010348.54,10997.62,KGM,2022,9,17,Sugars,export
Singapore,10068215.16,283754240.39,9711.41,KGM,2022,9,17,Sugars,export
Malaysia,8397300.36,266170643.07,5895.7,KGM,2022,9,17,Sugars,export
India,6741283.78,219473623.61,5135.04,KGM,2022,9,17,Sugars,export
Vietnam,6136396.6,219125109.82,4380.08,KGM,2022,9,17,Sugars,export
Laos,4699706.34,168724805.58,3102.65,KGM,2022,9,17,Sugars,export
Myanmar,3381946.33,110254347.47,3223.6,KGM,2022,9,17,Sugars,export
Indonesia,92708945.97,3036016740.69,75945.52,KGM,2022,10,17,Sugars,export
Cambodia,50865666.17,1503582000.46,44472.93,KGM,2022,10,17,Sugars,export
China,42702580.72,1243105745.44,28197.51,KGM,2022,10,17,Sugars,export
"Korea, Republic of",29661935.37,1009104699.51,23968.96,KGM,2022,10,17,Sugars,export
Japan,23400150.2,751037807.84,19945.75,KGM,2022,10,17,Sugars,export
Taiwan,17367871.04,608386695.39,14672.0,KGM,2022,10,17,Sugars,export
Philippines,13597157.12,447579547.2,10552.39,KGM,2022,10,17,Sugars,export
Singapore,9934947.94,306135730.56,9858.72,KGM,2022,10,17,Sugars,export
Malaysia,9378052.92,287658092.24,7293.44,KGM,2022,10,17,Sugars,export
India,5757662.82,187032420.26,4860.38,KGM,2022,10,17,Sugars,export
Vietnam,6475851.35,219011546.82,4452.64,KGM,2022,10,17,Sugars,export
Laos,5084168.34,167723716.15,4074.99,KGM,2022,10,17,Sugars,export
Myanmar,3145668.5,100572187.93,2869.64,KGM,2022,10,17,Sugars,export
Indonesia,104656327.27,3486420882.82,78244.07,KGM,2022,11,17,Sugars,export
Cambodia,46560973.67,1510787451.95,36190.32,KGM,2022,11,17,Sugars,export
China,40686356.66,1460844964.24,30099.58,KGM,2022,11,17,Sugars,export
"Korea, Republic of",25763954.3,819961297.57,23497.26,KGM,2022,11,17,Sugars,export
Japan,20388691.47,685410977.07,13919.02,KGM,2022,11,17,Sugars,export
Taiwan,15724509.02,528657098.49,15014.51,KGM,2022,11,17,Sugars,export
Philippines,13484047.59,456803906.76,8830.5,KGM,2022,11,17,Sugars,export
Singapore,10339416.49,347877631.38,7335.0,KGM,2022,11,17,Sugars,export
Malaysia,7743462.67,270600736.62,5308.21,KGM,2022,11,17,Sugars,export
India,6271024.89,197889165.57,4202.24,KGM,2022,11,17,Sugars,export
Vietnam,5137096.47,156709944.85,5037.17,KGM,2022,11,17,Sugars,export
Laos,3836027.28,124001119.27,3960.08,KGM,2022,11,17,Sugars,export
Myanmar,3397495.77,122414678.27,2500.87,KGM,2022,11,17,Sugars,export
Indonesia,66965985.02,2360847957.95,63587.25,KGM,2022,12,17,Sugars,export
Cambodia,36999195.44,1263546742.1,27970.88,KGM,2022,12,17,Sugars,export
China,37012813.89,1302602874.08,24325.56,KGM,2022,12,17,Sugars,export
"Korea, Republic of",24148477.47,850809343.88,20393.76,KGM,2022,12,17,Sugars,export
Japan,20697954.55,662181625.91,15375.81,KGM,2022,12,17,Sugars,export
Taiwan,18319628.61,613289754.34,10440.31,KGM,2022,12,17,Sugars,export
Philippines,12120329.96,438659289.79,9842.75,KGM,2022,12,17,Sugars,export
Singapore,9655882.61,341127048.15,7600.43,KGM,2022,12,17,Sugars,export
Malaysia,7583663.79,252472185.84,6797.07,KGM,2022,12,17,Sugars,export
India,6297143.35,203998048.42,5014.45,KGM,2022,12,17,Sugars,export
Vietnam,3919019.9,118508936.27,3071.91,KGM,2022,12,17,Sugars,export
Laos,3809010.07,124783225.12,2207.06,KGM,2022,12,17,Sugars,export
Myanmar,2921615.79,98623726.66,2543.42,KGM,2022,12,17,Sugars,export
Indonesia,82377550.74,2678480335.12,63452.61,KGM,2023,1,17,Sugars,export
Cambodia,37380915.64,1246359341.04,27136.15,KGM,2023,1,17,Sugars,export
China,27821527.4,878189549.76,29830.14,KGM,2023,1,17,Sugars,export
"Korea, Republic of",23976613.42,833045479.78,19619.42,KGM,2023,1,17,Sugars,export
Japan,15714837.01,531550774.86,14522.31,KGM,2023,1,17,Sugars,export
Taiwan,16649076.8,534576573.43,11281.59,KGM,2023,1,17,Sugars,export
Philippines,13631870.14,477939500.05,9940.79,KGM,2023,1,17,Sugars,export
Singapore,8302881.8,260503016.95,8028.8,KGM,2023,1,17,Sugars,export
Malaysia,6570140.62,223238733.96,6467.11,KGM,2023,1,17,Sugars,export
India,5394034.21,175017370.8,5312.86,KGM,2023,1,17,Sugars,export
Vietnam,4595163.63,149965857.18,3761.79,KGM,2023,1,17,Sugars,export
Laos,4260700.0,135782054.8,2644.68,KGM,2023,1,17,Sugars,export
Myanmar,2496002.76,81153089.32,2779.24,KGM,2023,1,17,Sugars,export
Indonesia,67377520.42,2309269115.94,56376.25,KGM,2023,2,17,Sugars,export
Cambodia,38915634.8,1260890723.87,27179.61,KGM,2023,2,17,Sugars,export
China,27284106.94,952855858.03,25970.58,KGM,2023,2,17,Sugars,export
"Korea, Republic of",21481396.59,690129187.32,19638.84,KGM,2023,2,17,Sugars,export
Japan,16247472.37,593381641.0,15788.97,KGM,2023,2,17,Sugars,export
Taiwan,14428675.21,468584949.96,10404.29,KGM,2023,2,17,Sugars,export
Philippines,13038176.16,415280591.42,9081.04,KGM,2023,2,17,Sugars,export
Singapore,9066563.33,305577823.63,7487.1,KGM,2023,2,17,Sugars,export
Malaysia,8402253.4,279772840.71,6732.92,KGM,2023,2,17,Sugars,export
India,5451285.52,174918940.54,4587.29,KGM,2023,2,17,Sugars,export
Vietnam,5008714.26,168975747.24,3560.23,KGM,2023,2,17,Sugars,export
Laos,4274556.67,142539600.73,3113.13,KGM,2023,2,17,Sugars,export
Myanmar,2595391.05,81225161.41,2169.09,KGM,2023,2,17,Sugars,export
Indonesia,85922824.66,2960265555.2,48544.4,KGM,2023,3,17,Sugars,export
Cambodia,43770960.01,1409445688.61,33013.77,KGM,2023,3,17,Sugars,export
China,35630304.38,1219828443.92,22472.7,KGM,2023,3,17,Sugars,export
"Korea, Republic of",25074050.61,842186846.57,24101.41,KGM,2023,3,17,Sugars,export
Japan,20865303.94,658023542.56,17099.63,KGM,2023,3,17,Sugars,export
Taiwan,14605204.88,475343241.39,12431.21,KGM,2023,3,17,Sugars,export
Philippines,11530579.34,381272383.43,9457.08,KGM,2023,3,17,Sugars,export
Singapore,12561010.86,401749559.98,7838.81,KGM,2023,3,17,Sugars,export
Malaysia,8032747.2,284035029.89,7701.77,KGM,2023,3,17,Sugars,export
India,7310458.2,248280620.89,4930.21,KGM,2023,3,17,Sugars,export
Vietnam,4562995.86,142946672.4,3905.68,KGM,2023,3,17,Sugars,export
Laos,4271693.14,142415192.79,3277.97,KGM,2023,3,17,Sugars,export
Myanmar,2800144.11,82294715.23,2697.02,KGM,2023,3,17,Sugars,export
Indonesia,82028532.98,2458197956.97,66457.96,KGM,2023,4,17,Sugars,export
Cambodia,43690874.1,1478572376.73,32959.89,KGM,2023,4,17,Sugars,export
China,44177768.97,1522321385.56,30599.58,KGM,2023,4,17,Sugars,export
"Korea, Republic of",29928112.98,948756694.81,22279.45,KGM,2023,4,17,Sugars,export
Japan,17586858.65,569807418.71,17585.95,KGM,2023,4,17,Sugars,export
Taiwan,17803265.76,587125701.61,11902.74,KGM,2023,4,17,Sugars,export
Philippines,11159450.34,352479580.62,9681.28,KGM,2023,4,17,Sugars,export
Singapore,9622973.75,308797600.27,8361.6,KGM,2023,4,17,Sugars,export
Malaysia,10627419.75,367995237.27,7407.21,KGM,2023,4,17,Sugars,export
India,6241213.21,201938264.23,5113.03,KGM,2023,4,17,Sugars,export
Vietnam,6639582.73,213093247.97,4152.5,KGM,2023,4,17,Sugars,export
Laos,3890221.9,136669459.45,3501.43,KGM,2023,4,17,Sugars,export
Myanmar,3498600.94,111355517.37,2295.36,KGM,2023,4,17,Sugars,export
Indonesia,96567958.93,3165738750.39,86015.44,KGM,2023,5,17,Sugars,export
Cambodia,48113769.83,1526876688.96,28304.04,KGM,2023,5,17,Sugars,export
China,33773942.6,1105473017.02,31539.94,KGM,2023,5,17,Sugars,export
"Korea, Republic of",27472215.26,879667220.68,24607.11,KGM,2023,5,17,Sugars,export
Japan,21668438.54,752884600.55,14416.12,KGM,2023,5,17,Sugars,export
Taiwan,17865226.08,592766488.98,13439.33,KGM,2023,5,17,Sugars,export
Philippines,12224217.46,409001692.89,8578.43,KGM,2023,5,17,Sugars,export
Singapore,11544988.87,374169345.54,10667.43,KGM,2023,5,17,Sugars,export
Malaysia,8818662.62,306155740.3,7787.96,KGM,2023,5,17,Sugars,export
India,6039128.7,194534068.66,4979.41,KGM,2023,5,17,Sugars,export
Vietnam,4882676.75,161587649.58,5051.54,KGM,2023,5,17,Sugars,export
Laos,4261457.28,140971746.76,3536.76,KGM,2023,5,17,Sugars,export
Myanmar,3148845.29,111305133.41,2340.59,KGM,2023,5,17,Sugars,export
Indonesia,82589327.41,2715468249.07,62243.39,KGM,2023,6,17,Sugars,export
Cambodia,53240190.64,1813596365.42,31579.68,KGM,2023,6,17,Sugars,export
China,37374106.56,1285044046.35,31554.93,KGM,2023,6,17,Sugars,export
"Korea, Republic of",22663211.73,778753716.5,19540.85,KGM,2023,6,17,Sugars,export
Japan,22109378.89,753201878.38,17962.16,KGM,2023,6,17,Sugars,export
Taiwan,14961096.43,512113477.28,14800.93,KGM,2023,6,17,Sugars,export
Philippines,13450691.61,467377377.8,11100.49,KGM,2023,6,17,Sugars,export
Singapore,10297865.0,366774277.93,9453.49,KGM,2023,6,17,Sugars,export
Malaysia,9319486.09,339949769.66,6819.73,KGM,2023,6,17,Sugars,export
India,6720417.43,217524474.61,6137.0,KGM,2023,6,17,Sugars,export
Vietnam,6058515.09,202869840.31,4092.05,KGM,2023,6,17,Sugars,export
Laos,4113496.37,134380945.86,4302.61,KGM,2023,6,17,Sugars,export
Myanmar,2920510.77,98729742.17,2657.51,KGM,2023,6,17,Sugars,export
Indonesia,85638252.94,2959313345.74,61988.97,KGM,2023,7,17,Sugars,export
Cambodia,48339412.93,1531608174.44,27554.45,KGM,2023,7,17,Sugars,export
China,36967750.14,1249100791.07,28138.6,KGM,2023,7,17,Sugars,export
"Korea, Republic of",31769263.84,1123522662.1,20485.43,KGM,2023,7,17,Sugars,export
Japan,18314645.47,588045405.41,18112.68,KGM,2023,7,17,Sugars,export
Taiwan,16868597.79,524139624.52,10164.67,KGM,2023,7,17,Sugars,export
Philippines,13492202.52,438703330.85,9525.02,KGM,2023,7,17,Sugars,export
Singapore,12704279.42,436420897.44,8728.42,KGM,2023,7,17,Sugars,export
Malaysia,7934704.98,260884347.94,5763.75,KGM,2023,7,17,Sugars,export
India,5480137.7,182798933.03,4720.1,KGM,2023,7,17,Sugars,export
Vietnam,5306956.65,179908365.07,4465.68,KGM,2023,7,17,Sugars,export
Laos,3779968.86,112386501.62,3046.44,KGM,2023,7,17,Sugars,export
Myanmar,3100691.49,109258803.56,2803.75,KGM,2023,7,17,Sugars,export
Indonesia,90127339.11,3026092153.19,82413.53,KGM,2023,8,17,Sugars,export
Cambodia,44696489.0,1315071717.48,32781.99,KGM,2023,8,17,Sugars,export
China,43426635.3,1523512535.05,30757.22,KGM,2023,8,17,Sugars,export
"Korea, Republic of",25013705.67,816117650.2,28555.01,KGM,2023,8,17,Sugars,export
Japan,20580190.66,684408330.14,17233.18,KGM,2023,8,17,Sugars,export
Taiwan,16467081.5,498867536.27,12446.01,KGM,2023,8,17,Sugars,export
Philippines,12199346.86,386480382.85,11981.49,KGM,2023,8,17,Sugars,export
Singapore,9157189.38,300969623.38,7724.05,KGM,2023,8,17,Sugars,export
Malaysia,8172791.22,259913723.26,6837.82,KGM,2023,8,17,Sugars,export
India,7302983.32,265295032.19,5619.13,KGM,2023,8,17,Sugars,export
Vietnam,5316663.86,184888330.96,4270.96,KGM,2023,8,17,Sugars,export
Laos,4595042.45,155471570.38,3138.01,KGM,2023,8,17,Sugars,export
Myanmar,3448112.77,110419032.43,2082.15,KGM,2023,8,17,Sugars,export
Indonesia,91875926.83,3128099466.5,84646.07,KGM,2023,9,17,Sugars,export
Cambodia,42537286.88,1454630578.8,32999.13,KGM,2023,9,17,Sugars,export
China,29874355.53,1049006984.97,28497.92,KGM,2023,9,17,Sugars,export
"Korea, Republic of",29011283.25,905061373.06,20487.97,KGM,2023,9,17,Sugars,export
Japan,24432761.94,798265593.18,18200.37,KGM,2023,9,17,Sugars,export
Taiwan,17537214.13,581040500.81,13791.12,KGM,2023,9,17,Sugars,export
Philippines,11733169.48,400364144.45,9486.59,KGM,2023,9,17,Sugars,export
Singapore,11900163.67,382236005.95,9429.42,KGM,2023,9,17,Sugars,export
Malaysia,9705895.24,339243364.05,6891.91,KGM,2023,9,17,Sugars,export
India,6256998.29,205059521.41,5068.61,KGM,2023,9,17,Sugars,export
Vietnam,6112453.82,202056473.51,4489.02,KGM,2023,9,17,Sugars,export
Laos,4331470.68,142478981.83,3722.42,KGM,2023,9,17,Sugars,export
Myanmar,3115827.36,103527144.14,2746.12,KGM,2023,9,17,Sugars,export
Indonesia,99588792.43,3161041525.35,59781.78,KGM,2023,10,17,Sugars,export
Cambodia,41445066.14,1300978231.05,28413.01,KGM,2023,10,17,Sugars,export
China,30210621.42,962968644.73,25600.61,KGM,2023,10,17,Sugars,export
"Korea, Republic of",21966179.32,646926568.39,19554.51,KGM,2023,10,17,Sugars,export
Japan,21151399.82,684994946.3,15050.4,KGM,2023,10,17,Sugars,export
Taiwan,16007355.02,513118021.04,12635.59,KGM,2023,10,17,Sugars,export
Philippines,12642486.1,398007265.96,11475.4,KGM,2023,10,17,Sugars,export
Singapore,10839804.91,376825645.8,6986.87,KGM,2023,10,17,Sugars,export
Malaysia,7489902.02,260077973.74,5870.5,KGM,2023,10,17,Sugars,export
India,6484408.53,215224347.8,4444.11,KGM,2023,10,17,Sugars,export
Vietnam,4682184.24,155841481.69,3261.37,KGM,2023,10,17,Sugars,export
Laos,3888290.58,135923256.24,2859.49,KGM,2023,10,17,Sugars,export
Myanmar,2748205.1,95142495.96,2461.0,KGM,2023,10,17,Sugars,export
Indonesia,77120073.93,2579405996.73,57739.01,KGM,2023,11,17,Sugars,export
Cambodia,41376689.04,1481567415.71,34988.76,KGM,2023,11,17,Sugars,export
China,33043220.31,1027516589.2,28352.38,KGM,2023,11,17,Sugars,export
"Korea, Republic of",26381505.78,863518547.59,20222.88,KGM,2023,11,17,Sugars,export
Japan,18563730.93,619183954.38,15167.49,KGM,2023,11,17,Sugars,export
Taiwan,13406203.14,442740087.63,11434.47,KGM,2023,11,17,Sugars,export
Philippines,10044162.99,321513588.85,8299.42,KGM,2023,11,17,Sugars,export
Singapore,11444837.26,376721840.59,7125.68,KGM,2023,11,17,Sugars,export
Malaysia,7091095.15,218678648.63,5741.82,KGM,2023,11,17,Sugars,export
India,6333891.48,217635782.75,3993.43,KGM,2023,11,17,Sugars,export
Vietnam,5178119.81,178179303.9,3921.53,KGM,2023,11,17,Sugars,export
Laos,5185373.52,162405427.07,3347.28,KGM,2023,11,17,Sugars,export
Myanmar,3409940.44,123326242.16,2427.43,KGM,2023,11,17,Sugars,export
Indonesia,65217105.68,2152149151.1,63408.52,KGM,2023,12,17,Sugars,export
Cambodia,43471642.97,1630295419.05,26548.82,KGM,2023,12,17,Sugars,export
China,31375157.23,1115402485.28,26486.26,KGM,2023,12,17,Sugars,export
"Korea, Republic of",19775620.79,643911417.51,19170.45,KGM,2023,12,17,Sugars,export
Japan,17432854.82,590252339.03,13875.6,KGM,2023,12,17,Sugars,export
Taiwan,13562877.41,450115027.37,9592.78,KGM,2023,12,17,Sugars,export
Philippines,7898700.37,280727019.21,9222.66,KGM,2023,12,17,Sugars,export
Singapore,8750352.62,298513217.08,5545.46,KGM,2023,12,17,Sugars,export
Malaysia,6344674.59,215898260.1,5615.7,KGM,2023,12,17,Sugars,export
India,5433531.24,180499576.44,4656.18,KGM,2023,12,17,Sugars,export
Vietnam,4367763.25,143668448.53,3738.34,KGM,2023,12,17,Sugars,export
Laos,3198395.12,100131214.07,2896.78,KGM,2023,12,17,Sugars,export
Myanmar,2555162.7,82193914.22,1720.08,KGM,2023,12,17,Sugars,export
Indonesia,64003326.88,2217766340.41,47598.76,KGM,2024,1,17,Sugars,export
Cambodia,37167358.33,1216050314.58,31241.97,KGM,2024,1,17,Sugars,export
China,28236800.42,937253367.81,25890.37,KGM,2024,1,17,Sugars,export
"Korea, Republic of",21343749.32,728564014.51,11718.01,KGM,2024,1,17,Sugars,export
Japan,17919104.47,613259339.78,13484.56,KGM,2024,1,17,Sugars,export
Taiwan,13411153.02,438146668.99,9273.95,KGM,2024,1,17,Sugars,export
Philippines,9100121.38,313642697.08,9516.59,KGM,2024,1,17,Sugars,export
Singapore,7746929.71,258886033.31,7247.71,KGM,2024,1,17,Sugars,export
Malaysia,6283877.09,215458919.97,5477.86,KGM,2024,1,17,Sugars,export
India,5535599.28,183457696.72,5180.78,KGM,2024,1,17,Sugars,export
Vietnam,4116399.0,134711446.76,3600.89,KGM,2024,1,17,Sugars,export
Laos,3176025.57,88479361.37,2398.86,KGM,2024,1,17,Sugars,export
Myanmar,2715914.38,86040764.48,1626.17,KGM,2024,1,17,Sugars,export
Indonesia,67072424.07,2429627859.11,50121.99,KGM,2024,2,17,Sugars,export
Cambodia,27665726.42,970261286.04,33069.39,KGM,2024,2,17,Sugars,export
China,31102288.34,1045252053.78,26747.73,KGM,2024,2,17,Sugars,export
"Korea, Republic of",16895979.57,520041134.16,17298.2,KGM,2024,2,17,Sugars,export
Japan,15430876.45,488131183.24,12911.21,KGM,2024,2,17,Sugars,export
Taiwan,13374698.09,449576597.9,9524.26,KGM,2024,2,17,Sugars,export
Philippines,9765798.63,309279903.94,7938.41,KGM,2024,2,17,Sugars,export
Singapore,7189478.74,226834011.32,6396.42,KGM,2024,2,17,Sugars,export
Malaysia,7424800.47,271046079.21,4352.24,KGM,2024,2,17,Sugars,export
India,5035114.78,162078333.91,3942.53,KGM,2024,2,17,Sugars,export
Vietnam,4340475.13,145191980.4,3178.46,KGM,2024,2,17,Sugars,export
Laos,3532627.38,123146655.05,2816.03,KGM,2024,2,17,Sugars,export
Myanmar,2575184.91,76947338.93,1731.83,KGM,2024,2,17,Sugars,export
Indonesia,74370362.33,2669070104.09,59843.11,KGM,2024,3,17,Sugars,export
Cambodia,35994813.75,1229790333.83,30442.56,KGM,2024,3,17,Sugars,export
China,33500536.92,1064402041.62,28073.29,KGM,2024,3,17,Sugars,export
"Korea, Republic of",20538166.21,610782479.61,17595.31,KGM,2024,3,17,Sugars,export
Japan,18136265.5,607262381.22,13413.72,KGM,2024,3,17,Sugars,export
Taiwan,13294265.44,464851077.98,9593.77,KGM,2024,3,17,Sugars,export
Philippines,11015152.12,366532179.56,9644.97,KGM,2024,3,17,Sugars,export
Singapore,9526595.57,332641616.49,6093.82,KGM,2024,3,17,Sugars,export
Malaysia,7923306.47,264892006.75,5813.49,KGM,2024,3,17,Sugars,export
India,6010173.45,184063842.07,4174.92,KGM,2024,3,17,Sugars,export
Vietnam,4391274.63,144698384.68,3708.26,KGM,2024,3,17,Sugars,export
Laos,4121480.34,130857264.87,2577.75,KGM,2024,3,17,Sugars,export
Myanmar,2442271.05,75004462.54,2297.42,KGM,2024,3,17,Sugars,export
Indonesia,80721423.07,2570198077.34,53377.96,KGM,2024,4,17,Sugars,export
Cambodia,44216812.89,1467061674.93,34498.51,KGM,2024,4,17,Sugars,export
China,28561341.68,934113465.01,32653.38,KGM,2024,4,17,Sugars,export
"Korea, Republic of",24060466.17,723153122.97,20838.83,KGM,2024,4,17,Sugars,export
Japan,17581129.88,583624586.33,14903.91,KGM,2024,4,17,Sugars,export
Taiwan,12251043.86,404904480.17,11711.34,KGM,2024,4,17,Sugars,export
Philippines,13149066.99,428608517.11,10098.23,KGM,2024,4,17,Sugars,export
Singapore,9207524.74,307765532.91,8428.0,KGM,2024,4,17,Sugars,export
Malaysia,6483155.1,204317909.82,7520.88,KGM,2024,4,17,Sugars,export
India,7031899.34,225350139.37,4739.51,KGM,2024,4,17,Sugars,export
Vietnam,3584314.24,109947169.32,4106.83,KGM,2024,4,17,Sugars,export
Laos,3890890.32,121759505.11,3702.68,KGM,2024,4,17,Sugars,export
Myanmar,3025447.11,104982180.7,2034.48,KGM,2024,4,17,Sugars,export
Indonesia,77171307.21,2686405163.8,61193.03,KGM,2024,5,17,Sugars,export
Cambodia,40730287.69,1453283959.51,27705.41,KGM,2024,5,17,Sugars,export
China,28390248.67,901836206.26,27721.08,KGM,2024,5,17,Sugars,export
"Korea, Republic of",20395190.8,671534922.46,16558.05,KGM,2024,5,17,Sugars,export
Japan,19836976.3,698540369.71,17281.77,KGM,2024,5,17,Sugars,export
Taiwan,14774175.27,510573719.75,10888.39,KGM,2024,5,17,Sugars,export
Philippines,10793162.29,371376711.15,7438.44,KGM,2024,5,17,Sugars,export
Singapore,10852082.19,390037233.51,6910.6,KGM,2024,5,17,Sugars,export
Malaysia,8113673.44,261462890.25,6452.73,KGM,2024,5,17,Sugars,export
India,6334941.04,205824225.72,3758.54,KGM,2024,5,17,Sugars,export
Vietnam,4440359.28,152279817.87,3231.22,KGM,2024,5,17,Sugars,export
Laos,3964103.08,129160586.84,3362.79,KGM,2024,5,17,Sugars,export
Myanmar,3158210.37,101984236.08,2321.29,KGM,2024,5,17,Sugars,export
Indonesia,73203889.85,2543583128.12,47673.94,KGM,2024,6,17,Sugars,export
Cambodia,43209039.21,1404210400.04,42268.17,KGM,2024,6,17,Sugars,export
China,31931232.39,1099710031.42,21781.81,KGM,2024,6,17,Sugars,export
"Korea, Republic of",26221013.35,829240516.59,23190.48,KGM,2024,6,17,Sugars,export
Japan,20950494.68,733593602.85,14660.23,KGM,2024,6,17,Sugars,export
Taiwan,15448725.42,506767698.36,9540.21,KGM,2024,6,17,Sugars,export
Philippines,9444862.04,296056792.18,8074.05,KGM,2024,6,17,Sugars,export
Singapore,9148479.73,304158358.86,7573.5,KGM,2024,6,17,Sugars,export
Malaysia,7909574.74,264959507.43,6238.09,KGM,2024,6,17,Sugars,export
India,5131995.44,180398305.39,4733.2,KGM,2024,6,17,Sugars,export
Vietnam,4806463.87,161508899.65,4142.1,KGM,2024,6,17,Sugars,export
Laos,4247146.96,145541435.1,3235.78,KGM,2024,6,17,Sugars,export
Myanmar,3081263.2,103725152.95,2531.04,KGM,2024,6,17,Sugars,export
Indonesia,68947948.33,2238750832.16,52716.51,KGM,2024,7,17,Sugars,export
Cambodia,44281288.69,1481844066.18,30034.98,KGM,2024,7,17,Sugars,export
China,26942993.38,892590710.18,27457.18,KGM,2024,7,17,Sugars,export
"Korea, Republic of",17553506.66,535794972.59,19835.71,KGM,2024,7,17,Sugars,export
Japan,17776414.1,590820050.63,17163.16,KGM,2024,7,17,Sugars,export
Taiwan,13730352.99,444492877.43,10762.98,KGM,2024,7,17,Sugars,export
Philippines,11685022.3,405314000.6,7874.49,KGM,2024,7,17,Sugars,export
Singapore,8483584.81,292571096.13,6077.77,KGM,2024,7,17,Sugars,export
Malaysia,7331693.65,249145221.61,6185.19,KGM,2024,7,17,Sugars,export
India,5336323.75,181287311.42,4675.7,KGM,2024,7,17,Sugars,export
Vietnam,5579050.05,180234443.23,3598.25,KGM,2024,7,17,Sugars,export
Laos,4049275.2,132793738.48,3143.43,KGM,2024,7,17,Sugars,export
Myanmar,3332898.37,102877846.57,1835.65,KGM,2024,7,17,Sugars,export
Indonesia,65772268.95,2221266656.4,72283.03,KGM,2024,8,17,Sugars,export
Cambodia,34071174.83,1122934359.33,31120.32,KGM,2024,8,17,Sugars,export
China,26915523.14,840670861.08,28262.77,KGM,2024,8,17,Sugars,export
"Korea, Republic of",26420935.2,880576472.57,17024.56,KGM,2024,8,17,Sugars,export
Japan,22297364.07,752775674.32,17640.32,KGM,2024,8,17,Sugars,export
Taiwan,14685822.51,474959417.54,9712.75,KGM,2024,8,17,Sugars,export
Philippines,11577295.69,355419697.18,9137.34,KGM,2024,8,17,Sugars,export
Singapore,10299656.63,363775255.62,6777.63,KGM,2024,8,17,Sugars,export
Malaysia,8013554.06,275969891.0,7059.69,KGM,2024,8,17,Sugars,export
India,7153155.01,231868862.61,4841.41,KGM,2024,8,17,Sugars,export
Vietnam,4752418.73,147418350.67,4657.19,KGM,2024,8,17,Sugars,export
Laos,3601620.48,118027998.15,3248.5,KGM,2024,8,17,Sugars,export
Myanmar,3247793.72,106851052.36,1988.44,KGM,2024,8,17,Sugars,export
Indonesia,78994555.47,2710934379.06,56113.7,KGM,2024,9,17,Sugars,export
Cambodia,39880568.23,1266724287.98,31681.94,KGM,2024,9,17,Sugars,export
China,33916129.65,1163175697.54,24720.88,KGM,2024,9,17,Sugars,export
"Korea, Republic of",27754427.74,933966470.11,24182.35,KGM,2024,9,17,Sugars,export
Japan,19442322.58,655905651.48,15193.96,KGM,2024,9,17,Sugars,export
Taiwan,15396928.43,502045830.48,11822.57,KGM,2024,9,17,Sugars,export
Philippines,13489212.43,472392406.78,9159.4,KGM,2024,9,17,Sugars,export
Singapore,10245774.55,326042022.52,7694.63,KGM,2024,9,17,Sugars,export
Malaysia,7925607.59,257062965.4,6829.0,KGM,2024,9,17,Sugars,export
India,6550890.09,214953197.85,4582.53,KGM,2024,9,17,Sugars,export
Vietnam,4383881.88,142911201.98,4295.23,KGM,2024,9,17,Sugars,export
Laos,4660495.38,154387063.72,3492.34,KGM,2024,9,17,Sugars,export
Myanmar,3388600.01,116948685.76,2532.4,KGM,2024,9,17,Sugars,export
Indonesia,75659563.98,2553819186.6,69905.9,KGM,2024,10,17,Sugars,export
Cambodia,35004771.99,1094231726.5,39107.93,KGM,2024,10,17,Sugars,export
China,31519508.83,1062547351.25,19073.41,KGM,2024,10,17,Sugars,export
"Korea, Republic of",21623568.21,740754307.2,19415.97,KGM,2024,10,17,Sugars,export
Japan,21097549.52,645879974.63,15320.59,KGM,2024,10,17,Sugars,export
Taiwan,15357931.0,522956819.53,13694.7,KGM,2024,10,17,Sugars,export
Philippines,14639181.8,454172555.83,9156.87,KGM,2024,10,17,Sugars,export
Singapore,10670799.26,352058591.75,8490.07,KGM,2024,10,17,Sugars,export
Malaysia,7661982.45,241276441.06,4514.88,KGM,2024,10,17,Sugars,export
India,6555939.52,225838322.69,5137.29,KGM,2024,10,17,Sugars,export
Vietnam,5353631.64,182810984.36,4505.65,KGM,2024,10,17,Sugars,export
Laos,4148476.72,118798709.65,3322.93,KGM,2024,10,17,Sugars,export
Myanmar,2901130.64,95263830.45,2301.16,KGM,2024,10,17,Sugars,export
Indonesia,73706113.07,2334842721.63,72327.83,KGM,2024,11,17,Sugars,export
Cambodia,45112884.63,1447867820.49,28757.39,KGM,2024,11,17,Sugars,export
China,33137150.5,1152111020.88,26749.59,KGM,2024,11,17,Sugars,export
"Korea, Republic of",24565174.66,783317218.3,19581.23,KGM,2024,11,17,Sugars,export
Japan,19788852.93,646645466.22,16675.49,KGM,2024,11,17,Sugars,export
Taiwan,15008493.05,501440869.67,13676.25,KGM,2024,11,17,Sugars,export
Philippines,10787071.4,347262523.55,9652.22,KGM,2024,11,17,Sugars,export
Singapore,10687608.87,370811572.42,8227.05,KGM,2024,11,17,Sugars,export
Malaysia,7525259.78,236321969.7,6351.21,KGM,2024,11,17,Sugars,export
India,6069521.11,203221082.74,3976.92,KGM,2024,11,17,Sugars,export
Vietnam,5050997.82,172654227.57,4139.0,KGM,2024,11,17,Sugars,export
Laos,4154678.08,133640167.93,2752.62,KGM,2024,11,17,Sugars,export
Myanmar,3023064.67,98827197.27,2342.01,KGM,2024,11,17,Sugars,export
Indonesia,81969978.36,2752010004.54,57106.19,KGM,2024,12,17,Sugars,export
Cambodia,28182293.39,1050577921.6,30739.01,KGM,2024,12,17,Sugars,export
China,35010797.72,1275148784.91,23382.65,KGM,2024,12,17,Sugars,export
"Korea, Republic of",22102273.24,720508594.49,18281.99,KGM,2024,12,17,Sugars,export
Japan,17116114.4,585050031.96,10301.09,KGM,2024,12,17,Sugars,export
Taiwan,12832219.87,428724548.85,10341.24,KGM,2024,12,17,Sugars,export
Philippines,10141376.23,352966449.4,8731.96,KGM,2024,12,17,Sugars,export
Singapore,9173577.11,301028706.74,6923.41,KGM,2024,12,17,Sugars,export
Malaysia,7194818.67,239672285.44,5079.2,KGM,2024,12,17,Sugars,export
India,5652138.0,182924667.56,4276.44,KGM,2024,12,17,Sugars,export
Vietnam,4281768.53,134232311.77,3802.66,KGM,2024,12,17,Sugars,export
Laos,3238729.45,107043240.64,2277.3,KGM,2024,12,17,Sugars,export
Myanmar,2872969.29,101481890.69,2454.09,KGM,2024,12,17,Sugars,export
Indonesia,64446744.34,2087850982.27,57042.98,KGM,2025,1,17,Sugars,export
Cambodia,40316378.27,1340604530.36,32021.86,KGM,2025,1,17,Sugars,export
China,28410844.56,876463198.22,14204.08,KGM,2025,1,17,Sugars,export
"Korea, Republic of",17626206.67,631340254.58,14303.13,KGM,2025,1,17,Sugars,export
Japan,15065381.66,476355523.73,12082.64,KGM,2025,1,17,Sugars,export
Taiwan,16352911.06,564033265.83,10306.18,KGM,2025,1,17,Sugars,export
Philippines,10566130.6,372973412.8,6329.01,KGM,2025,1,17,Sugars,export
Singapore,9000415.72,320776537.19,6821.56,KGM,2025,1,17,Sugars,export
Malaysia,6682762.39,217071799.61,5442.16,KGM,2025,1,17,Sugars,export
India,5750810.44,192180170.75,4559.24,KGM,2025,1,17,Sugars,export
Vietnam,3871601.91,121652985.77,3307.55,KGM,2025,1,17,Sugars,export
Laos,3862975.32,136716710.22,2245.8,KGM,2025,1,17,Sugars,export
Myanmar,2930274.69,94868444.73,1847.89,KGM,2025,1,17,Sugars,export
Indonesia,62102882.03,2180970765.35,56255.09,KGM,2025,2,17,Sugars,export
Cambodia,37397253.91,1304498886.96,25357.13,KGM,2025,2,17,Sugars,export
China,32682234.38,1078050048.14,22873.01,KGM,2025,2,17,Sugars,export
"Korea, Republic of",24117373.39,840181180.86,18839.74,KGM,2025,2,17,Sugars,export
Japan,21038567.11,704549993.17,14251.59,KGM,2025,2,17,Sugars,export
Taiwan,14240014.09,456861077.76,12422.54,KGM,2025,2,17,Sugars,export
Philippines,9827535.9,329361266.33,7043.24,KGM,2025,2,17,Sugars,export
Singapore,9101605.32,315832014.44,5925.29,KGM,2025,2,17,Sugars,export
Malaysia,6383542.07,221476400.91,5006.04,KGM,2025,2,17,Sugars,export
India,4701492.01,160393683.27,3336.3,KGM,2025,2,17,Sugars,export
Vietnam,4124126.08,141249198.52,3823.99,KGM,2025,2,17,Sugars,export
Laos,2758818.91,98902623.34,3096.9,KGM,2025,2,17,Sugars,export
Myanmar,2766676.08,90272468.01,2264.5,KGM,2025,2,17,Sugars,export
Indonesia,71170830.06,2446843033.74,61310.83,KGM,2025,3,17,Sugars,export
Cambodia,40709987.92,1310505860.64,28322.92,KGM,2025,3,17,Sugars,export
China,27823652.46,901912823.15,28187.22,KGM,2025,3,17,Sugars,export
"Korea, Republic of",22651101.63,767817605.71,22557.23,KGM,2025,3,17,Sugars,export
Japan,19286615.71,677556573.15,16435.71,KGM,2025,3,17,Sugars,export
Taiwan,11746005.08,383528183.01,10449.12,KGM,2025,3,17,Sugars,export
Philippines,10113278.69,310207607.57,8682.58,KGM,2025,3,17,Sugars,export
Singapore,10203135.79,339779059.27,7009.24,KGM,2025,3,17,Sugars,export
Malaysia,7511677.98,220157258.15,6378.58,KGM,2025,3,17,Sugars,export
India,5857372.82,196868033.48,4335.98,KGM,2025,3,17,Sugars,export
Vietnam,4119930.4,143982370.84,3922.16,KGM,2025,3,17,Sugars,export
Laos,3807575.99,121803224.81,2732.04,KGM,2025,3,17,Sugars,export
Myanmar,2963991.62,99396904.79,2395.26,KGM,2025,3,17,Sugars,export
Indonesia,76804040.37,2527055412.4,63176.77,KGM,2025,4,17,Sugars,export
Cambodia,37078497.22,1240838407.93,33640.36,KGM,2025,4,17,Sugars,export
China,38081115.27,1272526956.07,30598.99,KGM,2025,4,17,Sugars,export
"Korea, Republic of",25526037.84,839388420.86,17059.55,KGM,2025,4,17,Sugars,export
Japan,19933758.83,670654035.0,12490.23,KGM,2025,4,17,Sugars,export
Taiwan,13068437.41,420879111.18,10385.05,KGM,2025,4,17,Sugars,export
Philippines,11528722.09,395261835.83,7776.9,KGM,2025,4,17,Sugars,export
Singapore,9807638.71,328066698.47,9490.17,KGM,2025,4,17,Sugars,export
Malaysia,8149386.07,254483197.88,5535.53,KGM,2025,4,17,Sugars,export
India,6139996.07,208531300.29,4018.75,KGM,2025,4,17,Sugars,export
Vietnam,5640593.71,190966078.76,4292.14,KGM,2025,4,17,Sugars,export
Laos,3958548.82,129951867.24,2941.65,KGM,2025,4,17,Sugars,export
Myanmar,2727534.57,90153584.78,1947.73,KGM,2025,4,17,Sugars,export
Indonesia,87382060.62,3066913250.48,53200.33,KGM,2025,5,17,Sugars,export
Cambodia,44120924.65,1482796976.36,32965.73,KGM,2025,5,17,Sugars,export
China,33775668.64,1091110201.16,27672.16,KGM,2025,5,17,Sugars,export
"Korea, Republic of",24661110.27,883406987.66,19996.66,KGM,2025,5,17,Sugars,export
Japan,20779044.89,682625701.55,15337.98,KGM,2025,5,17,Sugars,export
Taiwan,13697944.05,470744141.74,11023.42,KGM,2025,5,17,Sugars,export
Philippines,11217118.82,360195494.8,8740.46,KGM,2025,5,17,Sugars,export
Singapore,9116307.27,302789527.39,8930.73,KGM,2025,5,17,Sugars,export
Malaysia,7644579.16,254762754.1,6315.45,KGM,2025,5,17,Sugars,export
India,5459096.82,191110719.05,3932.93,KGM,2025,5,17,Sugars,export
Vietnam,5402445.01,185729527.27,4111.66,KGM,2025,5,17,Sugars,export
Laos,4686316.53,146775194.18,2944.5,KGM,2025,5,17,Sugars,export
Myanmar,3145147.4,103969008.7,1944.59,KGM,2025,5,17,Sugars,export
Indonesia,73953117.0,2386954274.16,65913.84,KGM,2025,6,17,Sugars,export
Cambodia,42686802.53,1453857043.7,27758.4,KGM,2025,6,17,Sugars,export
China,31127276.94,979825398.27,28435.72,KGM,2025,6,17,Sugars,export
"Korea, Republic of",23763807.81,788305099.98,22080.41,KGM,2025,6,17,Sugars,export
Japan,21311590.18,687137371.79,15197.53,KGM,2025,6,17,Sugars,export
Taiwan,14538560.28,438216779.45,12282.7,KGM,2025,6,17,Sugars,export
Philippines,12031391.17,375588068.7,8115.72,KGM,2025,6,17,Sugars,export
Singapore,10041682.78,334635155.03,8847.18,KGM,2025,6,17,Sugars,export
Malaysia,6589600.08,213322482.65,5607.53,KGM,2025,6,17,Sugars,export
India,5829210.58,196694147.41,4534.23,KGM,2025,6,17,Sugars,export
Vietnam,5240662.06,180001653.96,3969.08,KGM,2025,6,17,Sugars,export
Laos,3708602.61,125461176.69,4255.07,KGM,2025,6,17,Sugars,export
Myanmar,3054088.72,101188886.64,2769.18,KGM,2025,6,17,Sugars,export
Indonesia,73588667.95,2579114621.07,72799.52,KGM,2025,7,17,Sugars,export
Cambodia,39937124.8,1312935824.76,38111.02,KGM,2025,7,17,Sugars,export
China,37625273.82,1247183520.14,32540.65,KGM,2025,7,17,Sugars,export
"Korea, Republic of",25706295.35,834187860.55,22088.06,KGM,2025,7,17,Sugars,export
Japan,18065501.63,604474371.69,18250.0,KGM,2025,7,17,Sugars,export
Taiwan,14004255.43,472822853.39,11933.27,KGM,2025,7,17,Sugars,export
Philippines,9948226.78,334386456.96,10251.08,KGM,2025,7,17,Sugars,export
Singapore,11460847.43,401882364.38,7659.94,KGM,2025,7,17,Sugars,export
Malaysia,7831545.51,261741425.48,6398.44,KGM,2025,7,17,Sugars,export
India,7135019.46,240754198.8,4017.95,KGM,2025,7,17,Sugars,export
Vietnam,4937430.46,167253067.69,3919.86,KGM,2025,7,17,Sugars,export
Laos,4368360.42,152249622.9,3347.41,KGM,2025,7,17,Sugars,export
Myanmar,2875966.45,90589185.01,2346.25,KGM,2025,7,17,Sugars,export
Indonesia,97093490.5,3160798741.97,63368.98,KGM,2025,8,17,Sugars,export
Cambodia,42971126.25,1373437901.24,36716.41,KGM,2025,8,17,Sugars,export
China,39655874.88,1393742576.2,27327.16,KGM,2025,8,17,Sugars,export
"Korea, Republic of",23951206.66,791924247.37,22044.39,KGM,2025,8,17,Sugars,export
Japan,17975000.61,573143153.09,13451.79,KGM,2025,8,17,Sugars,export
Taiwan,16700442.06,559480155.98,9319.95,KGM,2025,8,17,Sugars,export
Philippines,12454070.74,396097451.71,7760.32,KGM,2025,8,17,Sugars,export
Singapore,9319297.41,328034643.26,8153.9,KGM,2025,8,17,Sugars,export
Malaysia,8973672.48,284966810.63,6201.87,KGM,2025,8,17,Sugars,export
India,5129976.22,162373079.73,4640.72,KGM,2025,8,17,Sugars,export
Vietnam,5045860.73,162913793.4,4052.18,KGM,2025,8,17,Sugars,export
Laos,3867141.82,124642933.75,2971.23,KGM,2025,8,17,Sugars,export
Myanmar,3474802.88,117438001.22,2581.84,KGM,2025,8,17,Sugars,export
Indonesia,90958648.42,3196027362.98,73403.16,KGM,2025,9,17,Sugars,export
Cambodia,43730166.79,1404343713.06,33853.36,KGM,2025,9,17,Sugars,export
China,33159220.74,1088730539.64,31970.73,KGM,2025,9,17,Sugars,export
"Korea, Republic of",22302310.39,807821836.29,15463.47,KGM,2025,9,17,Sugars,export
Japan,18614041.7,648552616.54,15159.6,KGM,2025,9,17,Sugars,export
Taiwan,13615720.04,486530050.9,13180.1,KGM,2025,9,17,Sugars,export
Philippines,15009035.73,495027185.74,9379.79,KGM,2025,9,17,Sugars,export
Singapore,9915733.65,346529183.08,8242.21,KGM,2025,9,17,Sugars,export
Malaysia,7104167.9,232354268.56,7121.8,KGM,2025,9,17,Sugars,export
India,7042786.42,228110941.54,5738.31,KGM,2025,9,17,Sugars,export
Vietnam,5105309.28,176005443.0,4572.45,KGM,2025,9,17,Sugars,export
Laos,3108861.92,110270470.47,3656.69,KGM,2025,9,17,Sugars,export
Myanmar,3176675.0,110923563.97,2760.54,KGM,2025,9,17,Sugars,export
Indonesia,86842660.15,2867460378.88,74609.0,KGM,2025,10,17,Sugars,export
Cambodia,42258389.69,1405494334.82,31286.18,KGM,2025,10,17,Sugars,export
China,44183446.86,1498937104.37,26515.61,KGM,2025,10,17,Sugars,export
"Korea, Republic of",27402135.73,972620721.4,24999.04,KGM,2025,10,17,Sugars,export
Japan,19276834.58,621111573.57,15821.15,KGM,2025,10,17,Sugars,export
Taiwan,15158670.38,508127677.36,12134.66,KGM,2025,10,17,Sugars,export
Philippines,11658992.44,370920520.82,9325.6,KGM,2025,10,17,Sugars,export
Singapore,11143167.21,363691224.28,8430.99,KGM,2025,10,17,Sugars,export
Malaysia,7780739.01,275806194.46,5488.51,KGM,2025,10,17,Sugars,export
India,6188022.72,211377825.7,6755.64,KGM,2025,10,17,Sugars,export
Vietnam,6281333.25,208777536.61,4754.44,KGM,2025,10,17,Sugars,export
Laos,3994115.07,138513819.79,3000.04,KGM,2025,10,17,Sugars,export
Myanmar,3270439.85,111920780.74,2737.36,KGM,2025,10,17,Sugars,export
Indonesia,86355018.43,2980893518.94,62932.06,KGM,2025,11,17,Sugars,export
Cambodia,40867026.3,1392588299.24,33717.18,KGM,2025,11,17,Sugars,export
China,36266558.33,1253404216.08,22818.79,KGM,2025,11,17,Sugars,export
"Korea, Republic of",29328468.71,921942267.19,16265.95,KGM,2025,11,17,Sugars,export
Japan,25065781.04,827304297.56,17141.7,KGM,2025,11,17,Sugars,export
Taiwan,14968349.54,489590368.08,10960.96,KGM,2025,11,17,Sugars,export
Philippines,13726807.96,465550541.43,9987.57,KGM,2025,11,17,Sugars,export
Singapore,12263788.75,410276619.49,7757.82,KGM,2025,11,17,Sugars,export
Malaysia,9176196.98,305265271.99,5924.13,KGM,2025,11,17,Sugars,export
India,7424951.76,256922040.26,4798.92,KGM,2025,11,17,Sugars,export
Vietnam,5138110.83,156875762.85,5069.7,KGM,2025,11,17,Sugars,export
Laos,4196415.73,134069963.49,2743.55,KGM,2025,11,17,Sugars,export
Myanmar,2905977.77,90717543.91,2421.46,KGM,2025,11,17,Sugars,export
Indonesia,71854130.24,2206075947.17,61097.91,KGM,2025,12,17,Sugars,export
Cambodia,33889057.63,1135075206.33,37776.54,KGM,2025,12,17,Sugars,export
China,25907758.77,863735048.36,21073.7,KGM,2025,12,17,Sugars,export
"Korea, Republic of",22844339.69,829020457.67,16817.88,KGM,2025,12,17,Sugars,export
Japan,22831486.68,783335415.02,14015.44,KGM,2025,12,17,Sugars,export
Taiwan,14822736.49,474918580.23,12231.51,KGM,2025,12,17,Sugars,export
Philippines,12961466.07,435932834.38,8613.31,KGM,2025,12,17,Sugars,export
Singapore,9048515.36,302379727.5,7116.02,KGM,2025,12,17,Sugars,export
Malaysia,6379068.41,208467504.68,4420.34,KGM,2025,12,17,Sugars,export
India,4950103.88,166574387.52,4627.7,KGM,2025,12,17,Sugars,export
Vietnam,4529430.8,149428904.49,4262.03,KGM,2025,12,17,Sugars,export
Laos,3091010.48,107432556.36,2817.24,KGM,2025,12,17,Sugars,export
Myanmar,2202613.28,74587518.78,2146.7,KGM,2025,12,17,Sugars,export
Indonesia,89814050.92,2981729902.23,65023.27,KGM,2026,1,17,Sugars,export
Cambodia,37341681.41,1173477899.5,21928.54,KGM,2026,1,17,Sugars,export
China,33078318.0,1105911103.05,25325.84,KGM,2026,1,17,Sugars,export
"Korea, Republic of",22259011.01,737984064.88,17735.83,KGM,2026,1,17,Sugars,export
Japan,15872556.23,494173674.4,13807.32,KGM,2026,1,17,Sugars,export
Taiwan,12485317.12,408630339.96,12176.08,KGM,2026,1,17,Sugars,export
Philippines,11282449.87,365807064.41,8636.26,KGM,2026,1,17,Sugars,export
Singapore,7978396.7,265479296.6,6757.88,KGM,2026,1,17,Sugars,export
Malaysia,7510498.26,255163323.72,5762.3,KGM,2026,1,17,Sugars,export
India,4514661.44,141343284.34,4702.15,KGM,2026,1,17,Sugars,export
Vietnam,4873014.88,147139298.75,3763.32,KGM,2026,1,17,Sugars,export
Laos,3810906.01,132950383.03,3178.53,KGM,2026,1,17,Sugars,export
Myanmar,2457399.14,83653980.49,2175.45,KGM,2026,1,17,Sugars,export
Indonesia,88338497.47,2858637809.28,69058.76,KGM,2026,2,17,Sugars,export
Cambodia,45204400.6,1481284132.42,36837.03,KGM,2026,2,17,Sugars,export
China,33176898.59,1162758282.02,26282.54,KGM,2026,2,17,Sugars,export
"Korea, Republic of",28156931.8,920766589.68,20520.53,KGM,2026,2,17,Sugars,export
Japan,16932839.83,528530271.28,16289.33,KGM,2026,2,17,Sugars,export
Taiwan,15672796.44,494152656.18,14097.4,KGM,2026,2,17,Sugars,export
Philippines,12636463.78,421178936.9,11055.8,KGM,2026,2,17,Sugars,export
Singapore,9746083.52,335614895.14,8238.26,KGM,2026,2,17,Sugars,export
Malaysia,8444049.06,293297413.01,6579.74,KGM,2026,2,17,Sugars,export
India,6488755.82,220274565.85,4224.18,KGM,2026,2,17,Sugars,export
Vietnam,5630810.59,166654485.89,3503.16,KGM,2026,2,17,Sugars,export
Laos,3685348.9,127198647.25,3250.72,KGM,2026,2,17,Sugars,export
Myanmar,2810596.75,80555717.22,2632.83,KGM,2026,2,17,Sugars,export
Indonesia,93618100.6,3384097567.6,69977.23,KGM,2026,3,17,Sugars,export
Cambodia,37280187.25,1124097108.14,36719.99,KGM,2026,3,17,Sugars,export
China,38020888.36,1385906363.71,25615.6,KGM,2026,3,17,Sugars,export
"Korea, Republic of",27715744.31,912842966.87,22407.81,KGM,2026,3,17,Sugars,export
Japan,20386895.65,692344913.42,20720.95,KGM,2026,3,17,Sugars,export
Taiwan,18825255.22,653292320.35,11777.93,KGM,2026,3,17,Sugars,export
Philippines,15200769.06,522032892.01,10727.46,KGM,2026,3,17,Sugars,export
Singapore,11808436.03,386440411.32,7436.99,KGM,2026,3,17,Sugars,export
Malaysia,8753203.37,302262900.28,7432.21,KGM,2026,3,17,Sugars,export
India,5764966.88,183137108.7,5223.9,KGM,2026,3,17,Sugars,export
Vietnam,5299832.22,175436400.5,4143.84,KGM,2026,3,17,Sugars,export
Laos,4838556.07,161019899.47,3832.15,KGM,2026,3,17,Sugars,export
Myanmar,3662908.59,121622620.1,3546.82,KGM,2026,3,17,Sugars,export
