country_eng,value_usd,value_baht,quantity,quantity_unit,year,month,hs_code,hs_description,data_type
Saudi Arabia,604616321.43,20474934540.43,542323.92,KGM,2019,1,27,"Mineral Fuels (Oil, Gas, Coal)",import
United Arab Emirates,329689014.33,11033666817.43,232682.11,KGM,2019,1,27,"Mineral Fuels (Oil, Gas, Coal)",import
Kuwait,277832104.06,8640198762.96,207061.03,KGM,2019,1,27,"Mineral Fuels (Oil, Gas, Coal)",import
Qatar,260798371.1,8446474623.34,242483.25,KGM,2019,1,27,"Mineral Fuels (Oil, Gas, Coal)",import
Oman,155323964.56,4825282923.69,115893.42,KGM,2019,1,27,"Mineral Fuels (Oil, Gas, Coal)",import
Iran,94466339.82,3120453697.11,61152.04,KGM,2019,1,27,"Mineral Fuels (Oil, Gas, Coal)",import
Iraq,177072125.72,5562326580.56,162384.83,KGM,2019,1,27,"Mineral Fuels (Oil, Gas, Coal)",import
Bahrain,38099856.33,1228085706.11,26377.25,KGM,2019,1,27,"Mineral Fuels (Oil, Gas, Coal)",import
Russian Federation,70012797.5,2368241363.98,110092.56,KGM,2019,1,27,"Mineral Fuels (Oil, Gas, Coal)",import
Malaysia,81247342.12,2620757074.39,60898.91,KGM,2019,1,27,"Mineral Fuels (Oil, Gas, Coal)",import
Indonesia,62872359.94,2061435258.08,36277.11,KGM,2019,1,27,"Mineral Fuels (Oil, Gas, Coal)",import
Australia,129477060.6,4288355027.51,76025.53,KGM,2019,1,27,"Mineral Fuels (Oil, Gas, Coal)",import
India,53694563.19,1782062721.98,37870.21,KGM,2019,1,27,"Mineral Fuels (Oil, Gas, Coal)",import
United States of America,30819466.93,1077123323.97,22337.83,KGM,2019,1,27,"Mineral Fuels (Oil, Gas, Coal)",import
Nigeria,21121473.95,684611292.86,13462.21,KGM,2019,1,27,"Mineral Fuels (Oil, Gas, Coal)",import
Angola,13248789.36,432061223.57,11337.41,KGM,2019,1,27,"Mineral Fuels (Oil, Gas, Coal)",import
Brazil,20528609.2,685550815.05,15890.38,KGM,2019,1,27,"Mineral Fuels (Oil, Gas, Coal)",import
Saudi Arabia,566499760.02,16841039207.74,395731.46,KGM,2019,2,27,"Mineral Fuels (Oil, Gas, Coal)",import
United Arab Emirates,358174417.07,11761552125.1,310351.13,KGM,2019,2,27,"Mineral Fuels (Oil, Gas, Coal)",import
Kuwait,268179127.52,8816389272.91,239301.13,KGM,2019,2,27,"Mineral Fuels (Oil, Gas, Coal)",import
Qatar,289709074.76,9977366754.2,227672.27,KGM,2019,2,27,"Mineral Fuels (Oil, Gas, Coal)",import
Oman,152401233.28,5180802285.17,95787.06,KGM,2019,2,27,"Mineral Fuels (Oil, Gas, Coal)",import
Iran,88198770.64,2975730757.83,72948.43,KGM,2019,2,27,"Mineral Fuels (Oil, Gas, Coal)",import
Iraq,185101004.16,6087180071.26,187581.4,KGM,2019,2,27,"Mineral Fuels (Oil, Gas, Coal)",import
Bahrain,38732861.56,1324120147.9,26731.97,KGM,2019,2,27,"Mineral Fuels (Oil, Gas, Coal)",import
Russian Federation,116230273.83,4126624580.33,88717.15,KGM,2019,2,27,"Mineral Fuels (Oil, Gas, Coal)",import
Malaysia,77483653.69,2581644549.36,64024.28,KGM,2019,2,27,"Mineral Fuels (Oil, Gas, Coal)",import
Indonesia,61657905.5,2153626695.36,46309.43,KGM,2019,2,27,"Mineral Fuels (Oil, Gas, Coal)",import
Australia,99219545.12,3320103519.08,73366.1,KGM,2019,2,27,"Mineral Fuels (Oil, Gas, Coal)",import
India,42171983.83,1389942052.82,36214.88,KGM,2019,2,27,"Mineral Fuels (Oil, Gas, Coal)",import
United States of America,27369943.93,904392538.53,22462.84,KGM,2019,2,27,"Mineral Fuels (Oil, Gas, Coal)",import
Nigeria,20601914.74,667390993.07,16585.61,KGM,2019,2,27,"Mineral Fuels (Oil, Gas, Coal)",import
Angola,15380275.59,559613306.78,11597.2,KGM,2019,2,27,"Mineral Fuels (Oil, Gas, Coal)",import
Brazil,17992914.31,665846021.97,13230.21,KGM,2019,2,27,"Mineral Fuels (Oil, Gas, Coal)",import
Saudi Arabia,659529670.59,22350243357.62,566866.25,KGM,2019,3,27,"Mineral Fuels (Oil, Gas, Coal)",import
United Arab Emirates,420494186.58,13181177928.11,337021.52,KGM,2019,3,27,"Mineral Fuels (Oil, Gas, Coal)",import
Kuwait,328305086.51,10748201545.56,213057.55,KGM,2019,3,27,"Mineral Fuels (Oil, Gas, Coal)",import
Qatar,256977682.97,8609058021.45,231175.37,KGM,2019,3,27,"Mineral Fuels (Oil, Gas, Coal)",import
Oman,165951476.6,5325343385.66,131033.57,KGM,2019,3,27,"Mineral Fuels (Oil, Gas, Coal)",import
Iran,92520466.85,3201373303.56,84394.01,KGM,2019,3,27,"Mineral Fuels (Oil, Gas, Coal)",import
Iraq,175219917.84,5591209041.7,129245.71,KGM,2019,3,27,"Mineral Fuels (Oil, Gas, Coal)",import
Bahrain,43720613.35,1382136784.53,36283.23,KGM,2019,3,27,"Mineral Fuels (Oil, Gas, Coal)",import
Russian Federation,122399298.58,4115427603.25,115912.52,KGM,2019,3,27,"Mineral Fuels (Oil, Gas, Coal)",import
Malaysia,108504281.21,3432500595.35,85108.39,KGM,2019,3,27,"Mineral Fuels (Oil, Gas, Coal)",import
Indonesia,62130117.65,2059998611.96,50877.97,KGM,2019,3,27,"Mineral Fuels (Oil, Gas, Coal)",import
Australia,129631406.32,3706900622.25,99659.01,KGM,2019,3,27,"Mineral Fuels (Oil, Gas, Coal)",import
India,41264008.7,1372566696.42,28025.54,KGM,2019,3,27,"Mineral Fuels (Oil, Gas, Coal)",import
United States of America,32428210.89,1023486467.23,26194.34,KGM,2019,3,27,"Mineral Fuels (Oil, Gas, Coal)",import
Nigeria,25351092.01,788856937.16,20633.08,KGM,2019,3,27,"Mineral Fuels (Oil, Gas, Coal)",import
Angola,13512106.18,482215632.48,12666.47,KGM,2019,3,27,"Mineral Fuels (Oil, Gas, Coal)",import
Brazil,23155740.84,738784027.23,16903.8,KGM,2019,3,27,"Mineral Fuels (Oil, Gas, Coal)",import
Saudi Arabia,711273720.42,22653171395.72,494290.62,KGM,2019,4,27,"Mineral Fuels (Oil, Gas, Coal)",import
United Arab Emirates,320788021.04,10282923843.72,330680.05,KGM,2019,4,27,"Mineral Fuels (Oil, Gas, Coal)",import
Kuwait,329816725.73,10967969464.77,189225.48,KGM,2019,4,27,"Mineral Fuels (Oil, Gas, Coal)",import
Qatar,216343786.73,7308706850.86,258519.75,KGM,2019,4,27,"Mineral Fuels (Oil, Gas, Coal)",import
Oman,158781808.73,5006849087.45,139490.11,KGM,2019,4,27,"Mineral Fuels (Oil, Gas, Coal)",import
Iran,98709280.05,2799253645.67,85877.23,KGM,2019,4,27,"Mineral Fuels (Oil, Gas, Coal)",import
Iraq,195035835.99,6378756152.91,162889.51,KGM,2019,4,27,"Mineral Fuels (Oil, Gas, Coal)",import
Bahrain,46783165.79,1500254777.28,28260.97,KGM,2019,4,27,"Mineral Fuels (Oil, Gas, Coal)",import
Russian Federation,99030604.43,3231424553.58,115760.97,KGM,2019,4,27,"Mineral Fuels (Oil, Gas, Coal)",import
Malaysia,93703592.9,3181644940.19,77906.24,KGM,2019,4,27,"Mineral Fuels (Oil, Gas, Coal)",import
Indonesia,67602774.24,2276922537.87,68874.2,KGM,2019,4,27,"Mineral Fuels (Oil, Gas, Coal)",import
Australia,116800743.49,3785612728.77,91398.44,KGM,2019,4,27,"Mineral Fuels (Oil, Gas, Coal)",import
India,41640999.07,1423089561.31,39387.52,KGM,2019,4,27,"Mineral Fuels (Oil, Gas, Coal)",import
United States of America,30663012.24,1081604570.71,23601.39,KGM,2019,4,27,"Mineral Fuels (Oil, Gas, Coal)",import
Nigeria,21005116.27,656843577.73,14736.49,KGM,2019,4,27,"Mineral Fuels (Oil, Gas, Coal)",import
Angola,13817293.23,448494736.77,13672.27,KGM,2019,4,27,"Mineral Fuels (Oil, Gas, Coal)",import
Brazil,19968138.95,638241579.49,18593.08,KGM,2019,4,27,"Mineral Fuels (Oil, Gas, Coal)",import
Saudi Arabia,718339294.12,23214216290.07,630057.99,KGM,2019,5,27,"Mineral Fuels (Oil, Gas, Coal)",import
United Arab Emirates,447375952.31,15383535347.02,323660.62,KGM,2019,5,27,"Mineral Fuels (Oil, Gas, Coal)",import
Kuwait,280950360.41,9106471685.38,214010.27,KGM,2019,5,27,"Mineral Fuels (Oil, Gas, Coal)",import
Qatar,265739693.07,8681904481.32,218865.48,KGM,2019,5,27,"Mineral Fuels (Oil, Gas, Coal)",import
Oman,178666892.2,5675212332.55,126810.76,KGM,2019,5,27,"Mineral Fuels (Oil, Gas, Coal)",import
Iran,96484866.23,3048824491.78,72616.21,KGM,2019,5,27,"Mineral Fuels (Oil, Gas, Coal)",import
Iraq,174728816.38,5616997028.19,168056.23,KGM,2019,5,27,"Mineral Fuels (Oil, Gas, Coal)",import
Bahrain,45692828.08,1470709330.62,27543.75,KGM,2019,5,27,"Mineral Fuels (Oil, Gas, Coal)",import
Russian Federation,147661340.26,4820434002.99,88724.69,KGM,2019,5,27,"Mineral Fuels (Oil, Gas, Coal)",import
Malaysia,87841560.17,3102648801.91,67055.1,KGM,2019,5,27,"Mineral Fuels (Oil, Gas, Coal)",import
Indonesia,67806929.95,2065095694.19,54188.88,KGM,2019,5,27,"Mineral Fuels (Oil, Gas, Coal)",import
Australia,129484267.35,4496239615.18,113889.06,KGM,2019,5,27,"Mineral Fuels (Oil, Gas, Coal)",import
India,53341666.15,1785328770.06,34578.47,KGM,2019,5,27,"Mineral Fuels (Oil, Gas, Coal)",import
United States of America,35558616.53,1113627619.12,20924.45,KGM,2019,5,27,"Mineral Fuels (Oil, Gas, Coal)",import
Nigeria,27220393.3,835043420.18,22102.51,KGM,2019,5,27,"Mineral Fuels (Oil, Gas, Coal)",import
Angola,17991702.43,614803701.32,13485.82,KGM,2019,5,27,"Mineral Fuels (Oil, Gas, Coal)",import
Brazil,19511413.91,668573097.75,17957.03,KGM,2019,5,27,"Mineral Fuels (Oil, Gas, Coal)",import
Saudi Arabia,656109224.39,21013352869.84,545158.89,KGM,2019,6,27,"Mineral Fuels (Oil, Gas, Coal)",import
United Arab Emirates,495194655.32,15656551348.68,335092.9,KGM,2019,6,27,"Mineral Fuels (Oil, Gas, Coal)",import
Kuwait,315661918.93,10773540269.54,276137.79,KGM,2019,6,27,"Mineral Fuels (Oil, Gas, Coal)",import
Qatar,257759151.36,8625397817.53,290769.17,KGM,2019,6,27,"Mineral Fuels (Oil, Gas, Coal)",import
Oman,177929751.54,5876821915.75,134413.87,KGM,2019,6,27,"Mineral Fuels (Oil, Gas, Coal)",import
Iran,100487511.99,3314892809.73,91566.26,KGM,2019,6,27,"Mineral Fuels (Oil, Gas, Coal)",import
Iraq,228799817.14,7617537741.37,161149.51,KGM,2019,6,27,"Mineral Fuels (Oil, Gas, Coal)",import
Bahrain,39083338.54,1240871733.23,38963.44,KGM,2019,6,27,"Mineral Fuels (Oil, Gas, Coal)",import
Russian Federation,123356512.09,4005271585.88,98144.88,KGM,2019,6,27,"Mineral Fuels (Oil, Gas, Coal)",import
Malaysia,109369456.85,3837871229.18,78499.29,KGM,2019,6,27,"Mineral Fuels (Oil, Gas, Coal)",import
Indonesia,62434369.41,1987680627.11,55505.7,KGM,2019,6,27,"Mineral Fuels (Oil, Gas, Coal)",import
Australia,132867402.98,4353720261.48,101804.78,KGM,2019,6,27,"Mineral Fuels (Oil, Gas, Coal)",import
India,57061222.33,1933221244.57,37596.34,KGM,2019,6,27,"Mineral Fuels (Oil, Gas, Coal)",import
United States of America,31385536.3,979437038.51,27567.8,KGM,2019,6,27,"Mineral Fuels (Oil, Gas, Coal)",import
Nigeria,23810581.28,850560959.37,20198.91,KGM,2019,6,27,"Mineral Fuels (Oil, Gas, Coal)",import
Angola,17171366.58,572329975.14,16300.42,KGM,2019,6,27,"Mineral Fuels (Oil, Gas, Coal)",import
Brazil,20427445.98,687496448.16,20140.29,KGM,2019,6,27,"Mineral Fuels (Oil, Gas, Coal)",import
Saudi Arabia,623818560.41,20312223439.95,563449.91,KGM,2019,7,27,"Mineral Fuels (Oil, Gas, Coal)",import
United Arab Emirates,333790241.83,11563295435.09,370772.26,KGM,2019,7,27,"Mineral Fuels (Oil, Gas, Coal)",import
Kuwait,394598067.67,12874517559.2,280175.26,KGM,2019,7,27,"Mineral Fuels (Oil, Gas, Coal)",import
Qatar,316020524.97,11205273043.15,257128.3,KGM,2019,7,27,"Mineral Fuels (Oil, Gas, Coal)",import
Oman,165922872.95,5297367028.54,130684.07,KGM,2019,7,27,"Mineral Fuels (Oil, Gas, Coal)",import
Iran,105374620.87,3600032357.63,65136.69,KGM,2019,7,27,"Mineral Fuels (Oil, Gas, Coal)",import
Iraq,220579898.37,7324871209.21,178368.07,KGM,2019,7,27,"Mineral Fuels (Oil, Gas, Coal)",import
Bahrain,48054076.03,1542025708.77,36821.31,KGM,2019,7,27,"Mineral Fuels (Oil, Gas, Coal)",import
Russian Federation,117635261.88,3979239180.83,89443.91,KGM,2019,7,27,"Mineral Fuels (Oil, Gas, Coal)",import
Malaysia,89998610.79,3148552795.78,90400.56,KGM,2019,7,27,"Mineral Fuels (Oil, Gas, Coal)",import
Indonesia,60806558.21,2008132417.84,52145.82,KGM,2019,7,27,"Mineral Fuels (Oil, Gas, Coal)",import
Australia,136049789.51,4145676725.8,119312.12,KGM,2019,7,27,"Mineral Fuels (Oil, Gas, Coal)",import
India,48409096.41,1495792438.54,38723.12,KGM,2019,7,27,"Mineral Fuels (Oil, Gas, Coal)",import
United States of America,31716299.94,1033379902.37,28035.53,KGM,2019,7,27,"Mineral Fuels (Oil, Gas, Coal)",import
Nigeria,21138447.08,706008633.67,26897.8,KGM,2019,7,27,"Mineral Fuels (Oil, Gas, Coal)",import
Angola,16852823.55,562733629.58,11576.65,KGM,2019,7,27,"Mineral Fuels (Oil, Gas, Coal)",import
Brazil,20491221.28,643314040.77,12889.62,KGM,2019,7,27,"Mineral Fuels (Oil, Gas, Coal)",import
Saudi Arabia,741251586.55,24869545264.57,677482.98,KGM,2019,8,27,"Mineral Fuels (Oil, Gas, Coal)",import
United Arab Emirates,476507324.03,15662881873.74,336916.21,KGM,2019,8,27,"Mineral Fuels (Oil, Gas, Coal)",import
Kuwait,380790279.95,13309246699.51,329471.81,KGM,2019,8,27,"Mineral Fuels (Oil, Gas, Coal)",import
Qatar,268381342.61,8968307977.28,238402.24,KGM,2019,8,27,"Mineral Fuels (Oil, Gas, Coal)",import
Oman,167208861.63,5723704005.51,143725.23,KGM,2019,8,27,"Mineral Fuels (Oil, Gas, Coal)",import
Iran,113328940.45,3683852217.68,99069.88,KGM,2019,8,27,"Mineral Fuels (Oil, Gas, Coal)",import
Iraq,185313455.0,6638987311.29,179046.3,KGM,2019,8,27,"Mineral Fuels (Oil, Gas, Coal)",import
Bahrain,40869645.27,1391350619.44,37163.14,KGM,2019,8,27,"Mineral Fuels (Oil, Gas, Coal)",import
Russian Federation,131214816.36,4148337549.39,103085.59,KGM,2019,8,27,"Mineral Fuels (Oil, Gas, Coal)",import
Malaysia,79498880.65,2576919947.13,71406.02,KGM,2019,8,27,"Mineral Fuels (Oil, Gas, Coal)",import
Indonesia,76202302.45,2455349548.75,54253.51,KGM,2019,8,27,"Mineral Fuels (Oil, Gas, Coal)",import
Australia,117278562.43,4109151823.98,111118.12,KGM,2019,8,27,"Mineral Fuels (Oil, Gas, Coal)",import
India,56976693.97,1754117597.13,44196.8,KGM,2019,8,27,"Mineral Fuels (Oil, Gas, Coal)",import
United States of America,33125918.43,1148903769.01,33884.98,KGM,2019,8,27,"Mineral Fuels (Oil, Gas, Coal)",import
Nigeria,21790929.21,730969042.4,20462.58,KGM,2019,8,27,"Mineral Fuels (Oil, Gas, Coal)",import
Angola,15858294.64,525674494.3,9927.77,KGM,2019,8,27,"Mineral Fuels (Oil, Gas, Coal)",import
Brazil,19767935.41,641824920.72,15551.95,KGM,2019,8,27,"Mineral Fuels (Oil, Gas, Coal)",import
Saudi Arabia,690642685.97,21875426899.9,559389.64,KGM,2019,9,27,"Mineral Fuels (Oil, Gas, Coal)",import
United Arab Emirates,427865833.08,14319196974.83,276188.22,KGM,2019,9,27,"Mineral Fuels (Oil, Gas, Coal)",import
Kuwait,250030360.53,8595738565.69,270273.13,KGM,2019,9,27,"Mineral Fuels (Oil, Gas, Coal)",import
Qatar,273807691.45,9510326576.69,266063.05,KGM,2019,9,27,"Mineral Fuels (Oil, Gas, Coal)",import
Oman,117111750.83,3359507485.78,137457.1,KGM,2019,9,27,"Mineral Fuels (Oil, Gas, Coal)",import
Iran,103758811.32,3037662054.06,83927.71,KGM,2019,9,27,"Mineral Fuels (Oil, Gas, Coal)",import
Iraq,260855839.17,8276033612.85,181006.33,KGM,2019,9,27,"Mineral Fuels (Oil, Gas, Coal)",import
Bahrain,50161035.0,1562829418.0,27458.42,KGM,2019,9,27,"Mineral Fuels (Oil, Gas, Coal)",import
Russian Federation,101069646.25,3385683521.61,127693.17,KGM,2019,9,27,"Mineral Fuels (Oil, Gas, Coal)",import
Malaysia,111923718.79,3789810052.51,87034.09,KGM,2019,9,27,"Mineral Fuels (Oil, Gas, Coal)",import
Indonesia,70546544.0,2339422527.73,57820.59,KGM,2019,9,27,"Mineral Fuels (Oil, Gas, Coal)",import
Australia,123262232.55,4118239491.08,104412.53,KGM,2019,9,27,"Mineral Fuels (Oil, Gas, Coal)",import
India,53080382.88,1644564023.96,34552.03,KGM,2019,9,27,"Mineral Fuels (Oil, Gas, Coal)",import
United States of America,38789945.02,1314090381.71,26968.5,KGM,2019,9,27,"Mineral Fuels (Oil, Gas, Coal)",import
Nigeria,23383185.24,742056149.04,17287.67,KGM,2019,9,27,"Mineral Fuels (Oil, Gas, Coal)",import
Angola,17110511.13,597856663.08,12882.56,KGM,2019,9,27,"Mineral Fuels (Oil, Gas, Coal)",import
Brazil,22267707.22,748342201.89,21382.77,KGM,2019,9,27,"Mineral Fuels (Oil, Gas, Coal)",import
Saudi Arabia,546296341.11,16790785464.52,648993.6,KGM,2019,10,27,"Mineral Fuels (Oil, Gas, Coal)",import
United Arab Emirates,460374015.02,16672015218.77,326533.65,KGM,2019,10,27,"Mineral Fuels (Oil, Gas, Coal)",import
Kuwait,411825525.39,13511568629.91,262362.68,KGM,2019,10,27,"Mineral Fuels (Oil, Gas, Coal)",import
Qatar,322704839.19,10663370888.17,278109.64,KGM,2019,10,27,"Mineral Fuels (Oil, Gas, Coal)",import
Oman,161551891.81,5330126365.74,131600.59,KGM,2019,10,27,"Mineral Fuels (Oil, Gas, Coal)",import
Iran,121332135.37,3863200340.37,90835.82,KGM,2019,10,27,"Mineral Fuels (Oil, Gas, Coal)",import
Iraq,239588387.5,8226413914.72,171641.13,KGM,2019,10,27,"Mineral Fuels (Oil, Gas, Coal)",import
Bahrain,56371546.88,1928042631.39,34449.87,KGM,2019,10,27,"Mineral Fuels (Oil, Gas, Coal)",import
Russian Federation,124937190.02,4128467414.16,106545.06,KGM,2019,10,27,"Mineral Fuels (Oil, Gas, Coal)",import
Malaysia,105908216.47,3446265054.98,111936.53,KGM,2019,10,27,"Mineral Fuels (Oil, Gas, Coal)",import
Indonesia,76225331.08,2564829547.22,44259.24,KGM,2019,10,27,"Mineral Fuels (Oil, Gas, Coal)",import
Australia,150417737.0,4397412420.17,101162.34,KGM,2019,10,27,"Mineral Fuels (Oil, Gas, Coal)",import
India,53791280.45,1833535640.98,43289.08,KGM,2019,10,27,"Mineral Fuels (Oil, Gas, Coal)",import
United States of America,43239250.93,1371357395.04,27486.53,KGM,2019,10,27,"Mineral Fuels (Oil, Gas, Coal)",import
Nigeria,23849321.94,804176034.96,22113.42,KGM,2019,10,27,"Mineral Fuels (Oil, Gas, Coal)",import
Angola,17017820.29,573467803.45,15745.56,KGM,2019,10,27,"Mineral Fuels (Oil, Gas, Coal)",import
Brazil,22597271.3,729376724.95,16050.78,KGM,2019,10,27,"Mineral Fuels (Oil, Gas, Coal)",import
Saudi Arabia,534963958.96,17674948105.97,581329.13,KGM,2019,11,27,"Mineral Fuels (Oil, Gas, Coal)",import
United Arab Emirates,449991155.44,15110132514.22,374716.46,KGM,2019,11,27,"Mineral Fuels (Oil, Gas, Coal)",import
Kuwait,349433127.62,10795221194.89,284317.49,KGM,2019,11,27,"Mineral Fuels (Oil, Gas, Coal)",import
Qatar,291119970.04,9285626504.78,248831.31,KGM,2019,11,27,"Mineral Fuels (Oil, Gas, Coal)",import
Oman,191862664.06,6393719312.67,130162.93,KGM,2019,11,27,"Mineral Fuels (Oil, Gas, Coal)",import
Iran,107235595.96,3683669984.33,92394.12,KGM,2019,11,27,"Mineral Fuels (Oil, Gas, Coal)",import
Iraq,236159886.83,8216291102.47,132019.34,KGM,2019,11,27,"Mineral Fuels (Oil, Gas, Coal)",import
Bahrain,50912277.99,1698177523.78,33289.13,KGM,2019,11,27,"Mineral Fuels (Oil, Gas, Coal)",import
Russian Federation,120696480.24,3849243349.19,81216.63,KGM,2019,11,27,"Mineral Fuels (Oil, Gas, Coal)",import
Malaysia,100274526.18,3164827379.96,81189.04,KGM,2019,11,27,"Mineral Fuels (Oil, Gas, Coal)",import
Indonesia,65483795.49,2085309171.74,56458.67,KGM,2019,11,27,"Mineral Fuels (Oil, Gas, Coal)",import
Australia,139701697.41,5108972327.34,114670.72,KGM,2019,11,27,"Mineral Fuels (Oil, Gas, Coal)",import
India,58966103.64,1891019566.93,43636.91,KGM,2019,11,27,"Mineral Fuels (Oil, Gas, Coal)",import
United States of America,36371240.64,1172246190.38,29374.48,KGM,2019,11,27,"Mineral Fuels (Oil, Gas, Coal)",import
Nigeria,28576888.2,932561030.48,17643.24,KGM,2019,11,27,"Mineral Fuels (Oil, Gas, Coal)",import
Angola,18648683.28,609623002.1,13645.59,KGM,2019,11,27,"Mineral Fuels (Oil, Gas, Coal)",import
Brazil,21779056.22,757058536.95,15895.19,KGM,2019,11,27,"Mineral Fuels (Oil, Gas, Coal)",import
Saudi Arabia,550893689.46,18521305777.26,509399.89,KGM,2019,12,27,"Mineral Fuels (Oil, Gas, Coal)",import
United Arab Emirates,346969493.79,10976571373.21,309356.9,KGM,2019,12,27,"Mineral Fuels (Oil, Gas, Coal)",import
Kuwait,349325302.57,11185100784.32,211807.56,KGM,2019,12,27,"Mineral Fuels (Oil, Gas, Coal)",import
Qatar,235483295.61,8333005686.18,179692.35,KGM,2019,12,27,"Mineral Fuels (Oil, Gas, Coal)",import
Oman,161655878.33,5175434696.44,124731.79,KGM,2019,12,27,"Mineral Fuels (Oil, Gas, Coal)",import
Iran,100350028.66,3431013534.73,66320.47,KGM,2019,12,27,"Mineral Fuels (Oil, Gas, Coal)",import
Iraq,174943533.87,5972121517.99,141474.39,KGM,2019,12,27,"Mineral Fuels (Oil, Gas, Coal)",import
Bahrain,41644671.49,1308704158.46,32865.37,KGM,2019,12,27,"Mineral Fuels (Oil, Gas, Coal)",import
Russian Federation,109862641.04,3485510780.26,93732.16,KGM,2019,12,27,"Mineral Fuels (Oil, Gas, Coal)",import
Malaysia,104612857.39,3330025045.17,52386.0,KGM,2019,12,27,"Mineral Fuels (Oil, Gas, Coal)",import
Indonesia,58207992.12,1798956198.51,32321.53,KGM,2019,12,27,"Mineral Fuels (Oil, Gas, Coal)",import
Australia,122190829.39,4320631562.93,92334.33,KGM,2019,12,27,"Mineral Fuels (Oil, Gas, Coal)",import
India,53108041.65,1777518579.45,38712.33,KGM,2019,12,27,"Mineral Fuels (Oil, Gas, Coal)",import
United States of America,30868855.4,954099544.24,16716.77,KGM,2019,12,27,"Mineral Fuels (Oil, Gas, Coal)",import
Nigeria,23231553.66,776735490.36,19760.18,KGM,2019,12,27,"Mineral Fuels (Oil, Gas, Coal)",import
Angola,13964887.05,491894517.76,13646.53,KGM,2019,12,27,"Mineral Fuels (Oil, Gas, Coal)",import
Brazil,20964480.07,674242025.08,17154.2,KGM,2019,12,27,"Mineral Fuels (Oil, Gas, Coal)",import
Saudi Arabia,669281779.25,22599860906.87,491868.73,KGM,2020,1,27,"Mineral Fuels (Oil, Gas, Coal)",import
United Arab Emirates,391467809.26,12413442778.37,297728.7,KGM,2020,1,27,"Mineral Fuels (Oil, Gas, Coal)",import
Kuwait,299651710.94,9690072990.37,270327.49,KGM,2020,1,27,"Mineral Fuels (Oil, Gas, Coal)",import
Qatar,287983790.47,9374331398.31,230199.6,KGM,2020,1,27,"Mineral Fuels (Oil, Gas, Coal)",import
Oman,172046806.9,6067113704.02,115697.05,KGM,2020,1,27,"Mineral Fuels (Oil, Gas, Coal)",import
Iran,94574926.96,2995026963.65,72373.94,KGM,2020,1,27,"Mineral Fuels (Oil, Gas, Coal)",import
Iraq,187166685.99,5823233890.96,147372.91,KGM,2020,1,27,"Mineral Fuels (Oil, Gas, Coal)",import
Bahrain,36944805.75,1251652617.98,27299.06,KGM,2020,1,27,"Mineral Fuels (Oil, Gas, Coal)",import
Russian Federation,128100157.79,4556325542.35,77295.08,KGM,2020,1,27,"Mineral Fuels (Oil, Gas, Coal)",import
Malaysia,89474813.42,3054368794.37,64027.91,KGM,2020,1,27,"Mineral Fuels (Oil, Gas, Coal)",import
Indonesia,57728891.07,1870045603.32,47867.18,KGM,2020,1,27,"Mineral Fuels (Oil, Gas, Coal)",import
Australia,104046359.23,3388846926.73,98514.77,KGM,2020,1,27,"Mineral Fuels (Oil, Gas, Coal)",import
India,38809094.08,1210518766.25,38653.51,KGM,2020,1,27,"Mineral Fuels (Oil, Gas, Coal)",import
United States of America,26728949.93,834089983.84,27629.8,KGM,2020,1,27,"Mineral Fuels (Oil, Gas, Coal)",import
Nigeria,17410935.95,566625066.42,19482.95,KGM,2020,1,27,"Mineral Fuels (Oil, Gas, Coal)",import
Angola,14777862.33,492804836.6,11629.23,KGM,2020,1,27,"Mineral Fuels (Oil, Gas, Coal)",import
Brazil,17461948.5,537577509.51,17782.57,KGM,2020,1,27,"Mineral Fuels (Oil, Gas, Coal)",import
Saudi Arabia,609632532.64,19423210936.69,502912.66,KGM,2020,2,27,"Mineral Fuels (Oil, Gas, Coal)",import
United Arab Emirates,327446687.21,10319059571.0,327454.77,KGM,2020,2,27,"Mineral Fuels (Oil, Gas, Coal)",import
Kuwait,274128857.33,9060537653.84,258325.51,KGM,2020,2,27,"Mineral Fuels (Oil, Gas, Coal)",import
Qatar,209463354.3,6745763945.0,247110.74,KGM,2020,2,27,"Mineral Fuels (Oil, Gas, Coal)",import
Oman,140039766.54,4752615709.07,120316.36,KGM,2020,2,27,"Mineral Fuels (Oil, Gas, Coal)",import
Iran,104719468.07,3585482360.27,56087.46,KGM,2020,2,27,"Mineral Fuels (Oil, Gas, Coal)",import
Iraq,195948020.57,6697681761.87,143514.91,KGM,2020,2,27,"Mineral Fuels (Oil, Gas, Coal)",import
Bahrain,39887320.43,1420971820.02,24343.7,KGM,2020,2,27,"Mineral Fuels (Oil, Gas, Coal)",import
Russian Federation,92378795.59,3012224809.56,75622.37,KGM,2020,2,27,"Mineral Fuels (Oil, Gas, Coal)",import
Malaysia,104402854.19,3440293204.47,67449.16,KGM,2020,2,27,"Mineral Fuels (Oil, Gas, Coal)",import
Indonesia,66725232.12,2083985465.09,45010.59,KGM,2020,2,27,"Mineral Fuels (Oil, Gas, Coal)",import
Australia,104871386.27,3471903312.69,101951.54,KGM,2020,2,27,"Mineral Fuels (Oil, Gas, Coal)",import
India,52226456.53,1672958936.63,38121.1,KGM,2020,2,27,"Mineral Fuels (Oil, Gas, Coal)",import
United States of America,29332391.02,938558794.97,20956.29,KGM,2020,2,27,"Mineral Fuels (Oil, Gas, Coal)",import
Nigeria,31691095.65,1086739864.7,19650.33,KGM,2020,2,27,"Mineral Fuels (Oil, Gas, Coal)",import
Angola,13682342.72,474081181.46,13872.01,KGM,2020,2,27,"Mineral Fuels (Oil, Gas, Coal)",import
Brazil,21671582.16,667080903.87,17801.45,KGM,2020,2,27,"Mineral Fuels (Oil, Gas, Coal)",import
Saudi Arabia,463947843.19,14653369986.8,367204.37,KGM,2020,3,27,"Mineral Fuels (Oil, Gas, Coal)",import
United Arab Emirates,336716604.61,12158465467.33,243185.58,KGM,2020,3,27,"Mineral Fuels (Oil, Gas, Coal)",import
Kuwait,310632780.39,11161964381.5,208584.81,KGM,2020,3,27,"Mineral Fuels (Oil, Gas, Coal)",import
Qatar,262293260.43,7865172128.98,172774.57,KGM,2020,3,27,"Mineral Fuels (Oil, Gas, Coal)",import
Oman,127622905.8,4251088163.46,96299.57,KGM,2020,3,27,"Mineral Fuels (Oil, Gas, Coal)",import
Iran,78978479.03,2668329544.53,63097.57,KGM,2020,3,27,"Mineral Fuels (Oil, Gas, Coal)",import
Iraq,143309121.25,4634699494.27,136906.92,KGM,2020,3,27,"Mineral Fuels (Oil, Gas, Coal)",import
Bahrain,33268941.94,1036773356.63,29091.18,KGM,2020,3,27,"Mineral Fuels (Oil, Gas, Coal)",import
Russian Federation,95097541.61,3064860300.7,77166.54,KGM,2020,3,27,"Mineral Fuels (Oil, Gas, Coal)",import
Malaysia,85323865.3,2744604191.46,57210.37,KGM,2020,3,27,"Mineral Fuels (Oil, Gas, Coal)",import
Indonesia,48481835.35,1564088675.03,47220.44,KGM,2020,3,27,"Mineral Fuels (Oil, Gas, Coal)",import
Australia,102351544.15,3366114285.66,96838.98,KGM,2020,3,27,"Mineral Fuels (Oil, Gas, Coal)",import
India,43492605.5,1502268837.5,37592.01,KGM,2020,3,27,"Mineral Fuels (Oil, Gas, Coal)",import
United States of America,26049493.1,809329932.62,22483.12,KGM,2020,3,27,"Mineral Fuels (Oil, Gas, Coal)",import
Nigeria,18043455.54,656076610.56,14519.98,KGM,2020,3,27,"Mineral Fuels (Oil, Gas, Coal)",import
Angola,11986514.74,376785525.0,9400.94,KGM,2020,3,27,"Mineral Fuels (Oil, Gas, Coal)",import
Brazil,17221293.02,596375761.67,13269.95,KGM,2020,3,27,"Mineral Fuels (Oil, Gas, Coal)",import
Saudi Arabia,574483707.04,18262310443.33,359337.02,KGM,2020,4,27,"Mineral Fuels (Oil, Gas, Coal)",import
United Arab Emirates,382405427.95,13300591458.46,262606.64,KGM,2020,4,27,"Mineral Fuels (Oil, Gas, Coal)",import
Kuwait,265144321.36,8629150795.4,190333.81,KGM,2020,4,27,"Mineral Fuels (Oil, Gas, Coal)",import
Qatar,212726512.52,7084088250.26,175633.87,KGM,2020,4,27,"Mineral Fuels (Oil, Gas, Coal)",import
Oman,141472189.04,4664896603.35,87123.55,KGM,2020,4,27,"Mineral Fuels (Oil, Gas, Coal)",import
Iran,76014960.61,2523622724.35,59574.96,KGM,2020,4,27,"Mineral Fuels (Oil, Gas, Coal)",import
Iraq,158972898.0,5529410093.04,156908.75,KGM,2020,4,27,"Mineral Fuels (Oil, Gas, Coal)",import
Bahrain,37623124.93,1187244801.92,25318.73,KGM,2020,4,27,"Mineral Fuels (Oil, Gas, Coal)",import
Russian Federation,101768010.11,3265406250.92,79295.09,KGM,2020,4,27,"Mineral Fuels (Oil, Gas, Coal)",import
Malaysia,71257709.2,2308314808.41,64279.74,KGM,2020,4,27,"Mineral Fuels (Oil, Gas, Coal)",import
Indonesia,57540360.0,1993842505.49,46505.09,KGM,2020,4,27,"Mineral Fuels (Oil, Gas, Coal)",import
Australia,88228670.7,2815271134.72,84638.35,KGM,2020,4,27,"Mineral Fuels (Oil, Gas, Coal)",import
India,35448455.58,1226624945.75,30639.5,KGM,2020,4,27,"Mineral Fuels (Oil, Gas, Coal)",import
United States of America,25915151.61,876536408.06,25579.1,KGM,2020,4,27,"Mineral Fuels (Oil, Gas, Coal)",import
Nigeria,19392410.14,652905509.97,18398.63,KGM,2020,4,27,"Mineral Fuels (Oil, Gas, Coal)",import
Angola,12203566.07,407467530.79,13168.57,KGM,2020,4,27,"Mineral Fuels (Oil, Gas, Coal)",import
Brazil,16854954.79,586035104.46,12076.95,KGM,2020,4,27,"Mineral Fuels (Oil, Gas, Coal)",import
Saudi Arabia,577748996.81,18625878307.86,472650.17,KGM,2020,5,27,"Mineral Fuels (Oil, Gas, Coal)",import
United Arab Emirates,371970786.3,11901886996.96,304720.04,KGM,2020,5,27,"Mineral Fuels (Oil, Gas, Coal)",import
Kuwait,235746670.83,7223273179.25,235062.98,KGM,2020,5,27,"Mineral Fuels (Oil, Gas, Coal)",import
Qatar,243986779.19,8497571012.95,181947.83,KGM,2020,5,27,"Mineral Fuels (Oil, Gas, Coal)",import
Oman,131938277.23,4252197286.36,124464.95,KGM,2020,5,27,"Mineral Fuels (Oil, Gas, Coal)",import
Iran,90639925.88,2845905983.91,82218.13,KGM,2020,5,27,"Mineral Fuels (Oil, Gas, Coal)",import
Iraq,176679946.56,5848085601.93,182633.27,KGM,2020,5,27,"Mineral Fuels (Oil, Gas, Coal)",import
Bahrain,34545473.06,1142129347.84,30065.56,KGM,2020,5,27,"Mineral Fuels (Oil, Gas, Coal)",import
Russian Federation,85415572.26,2562089406.99,93596.06,KGM,2020,5,27,"Mineral Fuels (Oil, Gas, Coal)",import
Malaysia,78965636.79,2563634114.34,75471.22,KGM,2020,5,27,"Mineral Fuels (Oil, Gas, Coal)",import
Indonesia,51122627.27,1621779863.83,48583.55,KGM,2020,5,27,"Mineral Fuels (Oil, Gas, Coal)",import
Australia,90411075.09,2958758039.81,85114.39,KGM,2020,5,27,"Mineral Fuels (Oil, Gas, Coal)",import
India,36076066.77,1215645532.2,35479.27,KGM,2020,5,27,"Mineral Fuels (Oil, Gas, Coal)",import
United States of America,26478539.55,892474774.53,21205.15,KGM,2020,5,27,"Mineral Fuels (Oil, Gas, Coal)",import
Nigeria,23052144.52,783358729.95,15920.75,KGM,2020,5,27,"Mineral Fuels (Oil, Gas, Coal)",import
Angola,14509541.63,479670411.52,12145.95,KGM,2020,5,27,"Mineral Fuels (Oil, Gas, Coal)",import
Brazil,15600507.87,522839791.91,12971.13,KGM,2020,5,27,"Mineral Fuels (Oil, Gas, Coal)",import
Saudi Arabia,662212196.05,22652412560.13,422220.24,KGM,2020,6,27,"Mineral Fuels (Oil, Gas, Coal)",import
United Arab Emirates,338711463.1,11947401657.38,283873.87,KGM,2020,6,27,"Mineral Fuels (Oil, Gas, Coal)",import
Kuwait,301572420.96,9692925873.41,190742.81,KGM,2020,6,27,"Mineral Fuels (Oil, Gas, Coal)",import
Qatar,275935010.04,8630347516.34,199450.88,KGM,2020,6,27,"Mineral Fuels (Oil, Gas, Coal)",import
Oman,128608114.15,4435901613.42,121524.36,KGM,2020,6,27,"Mineral Fuels (Oil, Gas, Coal)",import
Iran,84198070.24,2882624375.73,87210.74,KGM,2020,6,27,"Mineral Fuels (Oil, Gas, Coal)",import
Iraq,170836646.47,5387790385.58,126368.31,KGM,2020,6,27,"Mineral Fuels (Oil, Gas, Coal)",import
Bahrain,36194645.46,1285294142.98,26372.77,KGM,2020,6,27,"Mineral Fuels (Oil, Gas, Coal)",import
Russian Federation,120465071.8,3762305581.5,90432.96,KGM,2020,6,27,"Mineral Fuels (Oil, Gas, Coal)",import
Malaysia,78398134.82,2520923439.29,77369.97,KGM,2020,6,27,"Mineral Fuels (Oil, Gas, Coal)",import
Indonesia,62319584.56,2061380846.24,47378.53,KGM,2020,6,27,"Mineral Fuels (Oil, Gas, Coal)",import
Australia,97676038.47,3251095360.82,83097.48,KGM,2020,6,27,"Mineral Fuels (Oil, Gas, Coal)",import
India,46363141.47,1511706146.71,30045.87,KGM,2020,6,27,"Mineral Fuels (Oil, Gas, Coal)",import
United States of America,28141576.49,890323596.09,24195.1,KGM,2020,6,27,"Mineral Fuels (Oil, Gas, Coal)",import
Nigeria,18245623.55,560561685.01,18169.09,KGM,2020,6,27,"Mineral Fuels (Oil, Gas, Coal)",import
Angola,15807999.58,484968930.23,10996.72,KGM,2020,6,27,"Mineral Fuels (Oil, Gas, Coal)",import
Brazil,16668784.2,536750659.26,14645.29,KGM,2020,6,27,"Mineral Fuels (Oil, Gas, Coal)",import
Saudi Arabia,550433634.2,17997371387.01,478495.44,KGM,2020,7,27,"Mineral Fuels (Oil, Gas, Coal)",import
United Arab Emirates,311161019.77,10928678302.08,264812.15,KGM,2020,7,27,"Mineral Fuels (Oil, Gas, Coal)",import
Kuwait,320949767.35,11116590053.05,166471.92,KGM,2020,7,27,"Mineral Fuels (Oil, Gas, Coal)",import
Qatar,246345216.78,7925976928.88,213584.8,KGM,2020,7,27,"Mineral Fuels (Oil, Gas, Coal)",import
Oman,113049181.14,3571057914.21,117572.57,KGM,2020,7,27,"Mineral Fuels (Oil, Gas, Coal)",import
Iran,70960470.36,2405657209.0,55490.92,KGM,2020,7,27,"Mineral Fuels (Oil, Gas, Coal)",import
Iraq,174060600.67,5918689283.04,150228.37,KGM,2020,7,27,"Mineral Fuels (Oil, Gas, Coal)",import
Bahrain,32888128.09,1060077892.69,27234.39,KGM,2020,7,27,"Mineral Fuels (Oil, Gas, Coal)",import
Russian Federation,100833623.94,3386570509.67,72835.79,KGM,2020,7,27,"Mineral Fuels (Oil, Gas, Coal)",import
Malaysia,91258994.97,3186937904.25,59460.26,KGM,2020,7,27,"Mineral Fuels (Oil, Gas, Coal)",import
Indonesia,55556944.75,1691756508.98,45218.02,KGM,2020,7,27,"Mineral Fuels (Oil, Gas, Coal)",import
Australia,84385198.21,2884674093.79,83825.02,KGM,2020,7,27,"Mineral Fuels (Oil, Gas, Coal)",import
India,38433912.57,1310688812.35,39565.56,KGM,2020,7,27,"Mineral Fuels (Oil, Gas, Coal)",import
United States of America,24971756.03,916847853.99,22054.68,KGM,2020,7,27,"Mineral Fuels (Oil, Gas, Coal)",import
Nigeria,18040318.15,586596877.47,17524.71,KGM,2020,7,27,"Mineral Fuels (Oil, Gas, Coal)",import
Angola,14704137.57,476717614.97,12657.44,KGM,2020,7,27,"Mineral Fuels (Oil, Gas, Coal)",import
Brazil,19087466.07,631783905.39,17393.88,KGM,2020,7,27,"Mineral Fuels (Oil, Gas, Coal)",import
Saudi Arabia,610223381.79,20155000320.1,420579.06,KGM,2020,8,27,"Mineral Fuels (Oil, Gas, Coal)",import
United Arab Emirates,347385513.14,12091452385.72,309961.69,KGM,2020,8,27,"Mineral Fuels (Oil, Gas, Coal)",import
Kuwait,279804457.88,9875718252.48,267977.06,KGM,2020,8,27,"Mineral Fuels (Oil, Gas, Coal)",import
Qatar,268506633.18,8614298751.33,185771.73,KGM,2020,8,27,"Mineral Fuels (Oil, Gas, Coal)",import
Oman,129961928.28,4052518033.85,126051.89,KGM,2020,8,27,"Mineral Fuels (Oil, Gas, Coal)",import
Iran,90616456.54,3102283312.52,59089.03,KGM,2020,8,27,"Mineral Fuels (Oil, Gas, Coal)",import
Iraq,177121137.59,6148261140.55,164091.05,KGM,2020,8,27,"Mineral Fuels (Oil, Gas, Coal)",import
Bahrain,40438202.99,1343172957.74,33249.97,KGM,2020,8,27,"Mineral Fuels (Oil, Gas, Coal)",import
Russian Federation,93796364.36,2801671816.3,74152.43,KGM,2020,8,27,"Mineral Fuels (Oil, Gas, Coal)",import
Malaysia,75674711.34,2433737971.3,68458.36,KGM,2020,8,27,"Mineral Fuels (Oil, Gas, Coal)",import
Indonesia,55562102.07,1808207610.81,47941.4,KGM,2020,8,27,"Mineral Fuels (Oil, Gas, Coal)",import
Australia,94188518.26,2981279871.04,84329.83,KGM,2020,8,27,"Mineral Fuels (Oil, Gas, Coal)",import
India,41286890.42,1345714899.63,39419.08,KGM,2020,8,27,"Mineral Fuels (Oil, Gas, Coal)",import
United States of America,33300823.65,1069990164.53,26520.72,KGM,2020,8,27,"Mineral Fuels (Oil, Gas, Coal)",import
Nigeria,18860417.59,655022145.41,16867.35,KGM,2020,8,27,"Mineral Fuels (Oil, Gas, Coal)",import
Angola,13451941.96,468297881.46,12549.41,KGM,2020,8,27,"Mineral Fuels (Oil, Gas, Coal)",import
Brazil,16313060.31,555769538.38,12997.78,KGM,2020,8,27,"Mineral Fuels (Oil, Gas, Coal)",import
Saudi Arabia,585558566.66,19014099282.28,423450.85,KGM,2020,9,27,"Mineral Fuels (Oil, Gas, Coal)",import
United Arab Emirates,357957770.12,12223708262.76,234243.52,KGM,2020,9,27,"Mineral Fuels (Oil, Gas, Coal)",import
Kuwait,274594517.27,9051786814.41,153648.92,KGM,2020,9,27,"Mineral Fuels (Oil, Gas, Coal)",import
Qatar,233636449.28,7504830882.39,242792.73,KGM,2020,9,27,"Mineral Fuels (Oil, Gas, Coal)",import
Oman,128371982.7,4109101021.86,122391.41,KGM,2020,9,27,"Mineral Fuels (Oil, Gas, Coal)",import
Iran,79776144.95,2508106077.09,73447.88,KGM,2020,9,27,"Mineral Fuels (Oil, Gas, Coal)",import
Iraq,153982642.31,5215276316.51,174066.67,KGM,2020,9,27,"Mineral Fuels (Oil, Gas, Coal)",import
Bahrain,35097525.53,1184850223.24,28827.97,KGM,2020,9,27,"Mineral Fuels (Oil, Gas, Coal)",import
Russian Federation,118676644.52,3981508830.73,78671.16,KGM,2020,9,27,"Mineral Fuels (Oil, Gas, Coal)",import
Malaysia,82135995.47,2730285853.38,67646.34,KGM,2020,9,27,"Mineral Fuels (Oil, Gas, Coal)",import
Indonesia,57641477.99,1944283357.46,50217.04,KGM,2020,9,27,"Mineral Fuels (Oil, Gas, Coal)",import
Australia,91839150.0,2979760250.92,72422.54,KGM,2020,9,27,"Mineral Fuels (Oil, Gas, Coal)",import
India,51170632.89,1672648553.47,31071.37,KGM,2020,9,27,"Mineral Fuels (Oil, Gas, Coal)",import
United States of America,27293178.06,907971969.52,21538.05,KGM,2020,9,27,"Mineral Fuels (Oil, Gas, Coal)",import
Nigeria,24659881.25,784053614.07,18250.81,KGM,2020,9,27,"Mineral Fuels (Oil, Gas, Coal)",import
Angola,18390156.95,590952403.52,11644.77,KGM,2020,9,27,"Mineral Fuels (Oil, Gas, Coal)",import
Brazil,20570303.72,730129981.01,13608.32,KGM,2020,9,27,"Mineral Fuels (Oil, Gas, Coal)",import
Saudi Arabia,541626504.5,18037013763.88,556071.21,KGM,2020,10,27,"Mineral Fuels (Oil, Gas, Coal)",import
United Arab Emirates,418672216.79,13104896346.41,364336.77,KGM,2020,10,27,"Mineral Fuels (Oil, Gas, Coal)",import
Kuwait,334484495.29,10512587948.79,197190.02,KGM,2020,10,27,"Mineral Fuels (Oil, Gas, Coal)",import
Qatar,238706704.06,7889142900.78,220197.5,KGM,2020,10,27,"Mineral Fuels (Oil, Gas, Coal)",import
Oman,145841037.6,4942105671.63,120738.2,KGM,2020,10,27,"Mineral Fuels (Oil, Gas, Coal)",import
Iran,94938873.7,3392170915.09,80541.32,KGM,2020,10,27,"Mineral Fuels (Oil, Gas, Coal)",import
Iraq,185003941.61,6275389976.63,139045.45,KGM,2020,10,27,"Mineral Fuels (Oil, Gas, Coal)",import
Bahrain,32837103.14,1132849566.48,27248.03,KGM,2020,10,27,"Mineral Fuels (Oil, Gas, Coal)",import
Russian Federation,109859195.96,3379850616.29,76089.66,KGM,2020,10,27,"Mineral Fuels (Oil, Gas, Coal)",import
Malaysia,89425539.47,3102424025.08,80949.09,KGM,2020,10,27,"Mineral Fuels (Oil, Gas, Coal)",import
Indonesia,59985831.85,1970100845.7,58904.12,KGM,2020,10,27,"Mineral Fuels (Oil, Gas, Coal)",import
Australia,109698573.76,3546440317.78,61574.25,KGM,2020,10,27,"Mineral Fuels (Oil, Gas, Coal)",import
India,48287126.1,1533340694.61,42277.44,KGM,2020,10,27,"Mineral Fuels (Oil, Gas, Coal)",import
United States of America,31035225.31,1024684206.56,26712.44,KGM,2020,10,27,"Mineral Fuels (Oil, Gas, Coal)",import
Nigeria,17168157.64,586157743.53,18326.56,KGM,2020,10,27,"Mineral Fuels (Oil, Gas, Coal)",import
Angola,13426782.36,419811927.13,11503.72,KGM,2020,10,27,"Mineral Fuels (Oil, Gas, Coal)",import
Brazil,13774946.44,454495778.9,16659.9,KGM,2020,10,27,"Mineral Fuels (Oil, Gas, Coal)",import
Saudi Arabia,675324883.27,21926911149.14,513759.11,KGM,2020,11,27,"Mineral Fuels (Oil, Gas, Coal)",import
United Arab Emirates,360906111.84,12433332892.65,310927.55,KGM,2020,11,27,"Mineral Fuels (Oil, Gas, Coal)",import
Kuwait,300541114.52,9784115050.14,263818.75,KGM,2020,11,27,"Mineral Fuels (Oil, Gas, Coal)",import
Qatar,229350769.1,7639164348.97,202217.67,KGM,2020,11,27,"Mineral Fuels (Oil, Gas, Coal)",import
Oman,128082182.08,4312665328.28,97777.92,KGM,2020,11,27,"Mineral Fuels (Oil, Gas, Coal)",import
Iran,83794716.72,2720015134.13,68484.62,KGM,2020,11,27,"Mineral Fuels (Oil, Gas, Coal)",import
Iraq,209636534.41,6528913826.37,167614.79,KGM,2020,11,27,"Mineral Fuels (Oil, Gas, Coal)",import
Bahrain,34454321.23,1168101557.41,32084.38,KGM,2020,11,27,"Mineral Fuels (Oil, Gas, Coal)",import
Russian Federation,108727361.97,3476686776.94,75420.49,KGM,2020,11,27,"Mineral Fuels (Oil, Gas, Coal)",import
Malaysia,82830345.36,2945081859.74,72197.8,KGM,2020,11,27,"Mineral Fuels (Oil, Gas, Coal)",import
Indonesia,54229675.52,1780746377.99,40847.91,KGM,2020,11,27,"Mineral Fuels (Oil, Gas, Coal)",import
Australia,120444526.19,4237292779.08,72178.81,KGM,2020,11,27,"Mineral Fuels (Oil, Gas, Coal)",import
India,42920704.64,1313361375.36,31858.95,KGM,2020,11,27,"Mineral Fuels (Oil, Gas, Coal)",import
United States of America,31171678.35,1036647150.08,22813.31,KGM,2020,11,27,"Mineral Fuels (Oil, Gas, Coal)",import
Nigeria,19868987.48,641174771.88,16799.89,KGM,2020,11,27,"Mineral Fuels (Oil, Gas, Coal)",import
Angola,14410896.6,442396202.91,10710.16,KGM,2020,11,27,"Mineral Fuels (Oil, Gas, Coal)",import
Brazil,23161626.7,770638009.88,12175.63,KGM,2020,11,27,"Mineral Fuels (Oil, Gas, Coal)",import
Saudi Arabia,415830742.92,13783433410.6,307418.34,KGM,2020,12,27,"Mineral Fuels (Oil, Gas, Coal)",import
United Arab Emirates,321374357.54,10797959962.79,290946.02,KGM,2020,12,27,"Mineral Fuels (Oil, Gas, Coal)",import
Kuwait,248907716.34,8773628145.38,179118.73,KGM,2020,12,27,"Mineral Fuels (Oil, Gas, Coal)",import
Qatar,241644186.95,7988018740.74,150430.44,KGM,2020,12,27,"Mineral Fuels (Oil, Gas, Coal)",import
Oman,128166718.59,4377890029.64,96884.8,KGM,2020,12,27,"Mineral Fuels (Oil, Gas, Coal)",import
Iran,82113202.58,2675141075.07,59260.13,KGM,2020,12,27,"Mineral Fuels (Oil, Gas, Coal)",import
Iraq,181606883.99,6012738888.98,140490.0,KGM,2020,12,27,"Mineral Fuels (Oil, Gas, Coal)",import
Bahrain,26440538.38,900224320.57,26312.45,KGM,2020,12,27,"Mineral Fuels (Oil, Gas, Coal)",import
Russian Federation,68658153.05,2222805097.32,78099.25,KGM,2020,12,27,"Mineral Fuels (Oil, Gas, Coal)",import
Malaysia,74133747.87,2429934938.58,54042.87,KGM,2020,12,27,"Mineral Fuels (Oil, Gas, Coal)",import
Indonesia,57573606.49,1983316342.47,38265.14,KGM,2020,12,27,"Mineral Fuels (Oil, Gas, Coal)",import
Australia,87119205.37,2875150162.45,82710.37,KGM,2020,12,27,"Mineral Fuels (Oil, Gas, Coal)",import
India,39238314.91,1332628831.45,30349.23,KGM,2020,12,27,"Mineral Fuels (Oil, Gas, Coal)",import
United States of America,18781216.91,631530077.07,16771.17,KGM,2020,12,27,"Mineral Fuels (Oil, Gas, Coal)",import
Nigeria,15079086.11,496380726.35,14196.27,KGM,2020,12,27,"Mineral Fuels (Oil, Gas, Coal)",import
Angola,11588339.21,387135973.83,9268.92,KGM,2020,12,27,"Mineral Fuels (Oil, Gas, Coal)",import
Brazil,17387346.5,558784330.33,11181.5,KGM,2020,12,27,"Mineral Fuels (Oil, Gas, Coal)",import
Saudi Arabia,518752785.84,17229112011.9,317645.01,KGM,2021,1,27,"Mineral Fuels (Oil, Gas, Coal)",import
United Arab Emirates,382496426.75,12122784541.44,313979.69,KGM,2021,1,27,"Mineral Fuels (Oil, Gas, Coal)",import
Kuwait,244812481.81,8383336723.7,224452.43,KGM,2021,1,27,"Mineral Fuels (Oil, Gas, Coal)",import
Qatar,248651668.08,8631382293.82,202688.56,KGM,2021,1,27,"Mineral Fuels (Oil, Gas, Coal)",import
Oman,129578001.26,4593787414.29,108981.29,KGM,2021,1,27,"Mineral Fuels (Oil, Gas, Coal)",import
Iran,82299731.26,2633259391.3,56947.63,KGM,2021,1,27,"Mineral Fuels (Oil, Gas, Coal)",import
Iraq,158491234.4,5017211115.43,145916.9,KGM,2021,1,27,"Mineral Fuels (Oil, Gas, Coal)",import
Bahrain,35928077.82,1071193203.9,25512.23,KGM,2021,1,27,"Mineral Fuels (Oil, Gas, Coal)",import
Russian Federation,108157668.04,3653202262.41,85447.66,KGM,2021,1,27,"Mineral Fuels (Oil, Gas, Coal)",import
Malaysia,78302137.7,2631124113.87,60878.95,KGM,2021,1,27,"Mineral Fuels (Oil, Gas, Coal)",import
Indonesia,64469648.74,2168557686.54,44834.4,KGM,2021,1,27,"Mineral Fuels (Oil, Gas, Coal)",import
Australia,101565258.84,3499039370.76,68401.1,KGM,2021,1,27,"Mineral Fuels (Oil, Gas, Coal)",import
India,45789159.61,1498545574.05,36445.0,KGM,2021,1,27,"Mineral Fuels (Oil, Gas, Coal)",import
United States of America,29654801.79,1050676686.06,24788.26,KGM,2021,1,27,"Mineral Fuels (Oil, Gas, Coal)",import
Nigeria,23062718.59,715811898.41,16918.99,KGM,2021,1,27,"Mineral Fuels (Oil, Gas, Coal)",import
Angola,14209797.09,484036057.83,11538.24,KGM,2021,1,27,"Mineral Fuels (Oil, Gas, Coal)",import
Brazil,19857956.86,717894545.92,13832.24,KGM,2021,1,27,"Mineral Fuels (Oil, Gas, Coal)",import
Saudi Arabia,445492943.7,14167664341.81,454242.84,KGM,2021,2,27,"Mineral Fuels (Oil, Gas, Coal)",import
United Arab Emirates,273434736.69,8425683860.97,263755.25,KGM,2021,2,27,"Mineral Fuels (Oil, Gas, Coal)",import
Kuwait,265936603.92,9222099584.84,217142.22,KGM,2021,2,27,"Mineral Fuels (Oil, Gas, Coal)",import
Qatar,200856227.08,6657805597.48,209836.43,KGM,2021,2,27,"Mineral Fuels (Oil, Gas, Coal)",import
Oman,149054896.31,4620945210.15,102518.29,KGM,2021,2,27,"Mineral Fuels (Oil, Gas, Coal)",import
Iran,71217297.96,2401213782.15,54815.74,KGM,2021,2,27,"Mineral Fuels (Oil, Gas, Coal)",import
Iraq,193888251.41,6581285210.94,125987.62,KGM,2021,2,27,"Mineral Fuels (Oil, Gas, Coal)",import
Bahrain,28640170.15,973847235.45,27614.89,KGM,2021,2,27,"Mineral Fuels (Oil, Gas, Coal)",import
Russian Federation,86683945.25,2953657976.45,79106.05,KGM,2021,2,27,"Mineral Fuels (Oil, Gas, Coal)",import
Malaysia,57300053.82,1921300547.02,75268.02,KGM,2021,2,27,"Mineral Fuels (Oil, Gas, Coal)",import
Indonesia,57934629.66,1762134845.42,41106.09,KGM,2021,2,27,"Mineral Fuels (Oil, Gas, Coal)",import
Australia,106775895.64,3528748290.93,80286.33,KGM,2021,2,27,"Mineral Fuels (Oil, Gas, Coal)",import
India,44954702.52,1613058168.05,35402.2,KGM,2021,2,27,"Mineral Fuels (Oil, Gas, Coal)",import
United States of America,27445867.98,897956747.5,19830.39,KGM,2021,2,27,"Mineral Fuels (Oil, Gas, Coal)",import
Nigeria,21115153.57,650335097.11,18195.02,KGM,2021,2,27,"Mineral Fuels (Oil, Gas, Coal)",import
Angola,13526538.59,441501981.52,12900.28,KGM,2021,2,27,"Mineral Fuels (Oil, Gas, Coal)",import
Brazil,18466578.15,635874290.92,14314.74,KGM,2021,2,27,"Mineral Fuels (Oil, Gas, Coal)",import
Saudi Arabia,555274268.08,18340935536.62,436644.13,KGM,2021,3,27,"Mineral Fuels (Oil, Gas, Coal)",import
United Arab Emirates,319764474.76,10673519124.41,292321.36,KGM,2021,3,27,"Mineral Fuels (Oil, Gas, Coal)",import
Kuwait,356013841.69,12082341760.41,253359.47,KGM,2021,3,27,"Mineral Fuels (Oil, Gas, Coal)",import
Qatar,295118963.42,9665847256.63,186990.46,KGM,2021,3,27,"Mineral Fuels (Oil, Gas, Coal)",import
Oman,187685857.2,6507940680.71,119692.66,KGM,2021,3,27,"Mineral Fuels (Oil, Gas, Coal)",import
Iran,99364356.38,3325299620.86,59643.7,KGM,2021,3,27,"Mineral Fuels (Oil, Gas, Coal)",import
Iraq,191583275.71,6105535089.72,157030.83,KGM,2021,3,27,"Mineral Fuels (Oil, Gas, Coal)",import
Bahrain,33544732.69,1102055418.32,28484.37,KGM,2021,3,27,"Mineral Fuels (Oil, Gas, Coal)",import
Russian Federation,126711892.56,4446940788.87,110394.35,KGM,2021,3,27,"Mineral Fuels (Oil, Gas, Coal)",import
Malaysia,98425858.57,3187684397.02,63765.76,KGM,2021,3,27,"Mineral Fuels (Oil, Gas, Coal)",import
Indonesia,61688373.21,2089126632.45,44667.65,KGM,2021,3,27,"Mineral Fuels (Oil, Gas, Coal)",import
Australia,121449707.0,4194593777.0,96462.48,KGM,2021,3,27,"Mineral Fuels (Oil, Gas, Coal)",import
India,41215844.92,1317115459.71,40310.03,KGM,2021,3,27,"Mineral Fuels (Oil, Gas, Coal)",import
United States of America,27367432.49,953038278.51,25711.22,KGM,2021,3,27,"Mineral Fuels (Oil, Gas, Coal)",import
Nigeria,23763216.56,795241525.18,18171.25,KGM,2021,3,27,"Mineral Fuels (Oil, Gas, Coal)",import
Angola,15311072.86,476726633.01,10451.28,KGM,2021,3,27,"Mineral Fuels (Oil, Gas, Coal)",import
Brazil,18732416.89,618488181.5,15249.75,KGM,2021,3,27,"Mineral Fuels (Oil, Gas, Coal)",import
Saudi Arabia,665420061.38,22520788488.06,485730.98,KGM,2021,4,27,"Mineral Fuels (Oil, Gas, Coal)",import
United Arab Emirates,383917622.48,12715762674.9,379827.79,KGM,2021,4,27,"Mineral Fuels (Oil, Gas, Coal)",import
Kuwait,384586279.47,12568081260.3,259843.29,KGM,2021,4,27,"Mineral Fuels (Oil, Gas, Coal)",import
Qatar,248158402.86,7820175193.62,180376.41,KGM,2021,4,27,"Mineral Fuels (Oil, Gas, Coal)",import
Oman,142113974.49,4577597980.01,130562.0,KGM,2021,4,27,"Mineral Fuels (Oil, Gas, Coal)",import
Iran,95239618.4,3130363156.34,86299.65,KGM,2021,4,27,"Mineral Fuels (Oil, Gas, Coal)",import
Iraq,235271774.59,7710826473.64,133834.22,KGM,2021,4,27,"Mineral Fuels (Oil, Gas, Coal)",import
Bahrain,36854106.51,1092367235.76,34666.24,KGM,2021,4,27,"Mineral Fuels (Oil, Gas, Coal)",import
Russian Federation,100000033.17,3532707830.06,92287.67,KGM,2021,4,27,"Mineral Fuels (Oil, Gas, Coal)",import
Malaysia,95603440.47,2983233668.04,62663.15,KGM,2021,4,27,"Mineral Fuels (Oil, Gas, Coal)",import
Indonesia,72755410.22,2298020006.78,46145.85,KGM,2021,4,27,"Mineral Fuels (Oil, Gas, Coal)",import
Australia,134130314.43,4682635407.01,104835.54,KGM,2021,4,27,"Mineral Fuels (Oil, Gas, Coal)",import
India,42304934.23,1404513228.84,30552.71,KGM,2021,4,27,"Mineral Fuels (Oil, Gas, Coal)",import
United States of America,32208387.08,1134291654.24,26022.0,KGM,2021,4,27,"Mineral Fuels (Oil, Gas, Coal)",import
Nigeria,19320666.18,605800694.35,20627.39,KGM,2021,4,27,"Mineral Fuels (Oil, Gas, Coal)",import
Angola,16915406.78,537555427.59,11755.13,KGM,2021,4,27,"Mineral Fuels (Oil, Gas, Coal)",import
Brazil,18289562.0,604664687.49,12878.94,KGM,2021,4,27,"Mineral Fuels (Oil, Gas, Coal)",import
Saudi Arabia,586857972.35,19929746108.54,556808.22,KGM,2021,5,27,"Mineral Fuels (Oil, Gas, Coal)",import
United Arab Emirates,464604242.85,15694803663.76,331979.06,KGM,2021,5,27,"Mineral Fuels (Oil, Gas, Coal)",import
Kuwait,362523174.02,11153972605.93,235238.71,KGM,2021,5,27,"Mineral Fuels (Oil, Gas, Coal)",import
Qatar,283817617.2,10410687907.78,184598.61,KGM,2021,5,27,"Mineral Fuels (Oil, Gas, Coal)",import
Oman,182142422.84,6027761319.3,160230.93,KGM,2021,5,27,"Mineral Fuels (Oil, Gas, Coal)",import
Iran,100652472.08,3454834425.29,72111.94,KGM,2021,5,27,"Mineral Fuels (Oil, Gas, Coal)",import
Iraq,174591078.66,5554429065.85,110477.78,KGM,2021,5,27,"Mineral Fuels (Oil, Gas, Coal)",import
Bahrain,33964492.93,1213331112.98,37439.77,KGM,2021,5,27,"Mineral Fuels (Oil, Gas, Coal)",import
Russian Federation,102520070.81,3529466420.59,110187.56,KGM,2021,5,27,"Mineral Fuels (Oil, Gas, Coal)",import
Malaysia,80424330.43,2584013985.78,72745.77,KGM,2021,5,27,"Mineral Fuels (Oil, Gas, Coal)",import
Indonesia,68357250.74,2245651282.97,43377.56,KGM,2021,5,27,"Mineral Fuels (Oil, Gas, Coal)",import
Australia,111070231.04,3629198912.76,100818.81,KGM,2021,5,27,"Mineral Fuels (Oil, Gas, Coal)",import
India,45146877.99,1627728439.78,37183.27,KGM,2021,5,27,"Mineral Fuels (Oil, Gas, Coal)",import
United States of America,30474259.16,1032320110.87,22262.02,KGM,2021,5,27,"Mineral Fuels (Oil, Gas, Coal)",import
Nigeria,23507693.66,854439889.28,15839.68,KGM,2021,5,27,"Mineral Fuels (Oil, Gas, Coal)",import
Angola,15339558.48,509883135.32,12143.22,KGM,2021,5,27,"Mineral Fuels (Oil, Gas, Coal)",import
Brazil,23313607.08,779000372.08,12695.05,KGM,2021,5,27,"Mineral Fuels (Oil, Gas, Coal)",import
Saudi Arabia,784125519.68,24423156801.69,526992.85,KGM,2021,6,27,"Mineral Fuels (Oil, Gas, Coal)",import
United Arab Emirates,380377099.6,13311755287.04,332412.53,KGM,2021,6,27,"Mineral Fuels (Oil, Gas, Coal)",import
Kuwait,313353302.55,9665992640.67,285228.75,KGM,2021,6,27,"Mineral Fuels (Oil, Gas, Coal)",import
Qatar,242840107.09,8537540107.31,213897.5,KGM,2021,6,27,"Mineral Fuels (Oil, Gas, Coal)",import
Oman,163297008.9,5456915643.11,134256.15,KGM,2021,6,27,"Mineral Fuels (Oil, Gas, Coal)",import
Iran,108101481.04,3678955833.62,72145.98,KGM,2021,6,27,"Mineral Fuels (Oil, Gas, Coal)",import
Iraq,185880931.2,5910904563.82,200777.66,KGM,2021,6,27,"Mineral Fuels (Oil, Gas, Coal)",import
Bahrain,36967352.57,1224346985.45,34575.49,KGM,2021,6,27,"Mineral Fuels (Oil, Gas, Coal)",import
Russian Federation,125610669.24,3939704744.29,99962.33,KGM,2021,6,27,"Mineral Fuels (Oil, Gas, Coal)",import
Malaysia,113007273.07,3959596853.55,86193.49,KGM,2021,6,27,"Mineral Fuels (Oil, Gas, Coal)",import
Indonesia,61444611.86,2045863034.09,54491.59,KGM,2021,6,27,"Mineral Fuels (Oil, Gas, Coal)",import
Australia,135355459.94,4505925898.49,110856.17,KGM,2021,6,27,"Mineral Fuels (Oil, Gas, Coal)",import
India,41268560.56,1396279700.2,47235.62,KGM,2021,6,27,"Mineral Fuels (Oil, Gas, Coal)",import
United States of America,30462473.61,936214158.2,27214.71,KGM,2021,6,27,"Mineral Fuels (Oil, Gas, Coal)",import
Nigeria,26894357.41,878604991.8,16025.74,KGM,2021,6,27,"Mineral Fuels (Oil, Gas, Coal)",import
Angola,16614456.23,550932328.26,14591.8,KGM,2021,6,27,"Mineral Fuels (Oil, Gas, Coal)",import
Brazil,21559728.49,710430159.48,16163.18,KGM,2021,6,27,"Mineral Fuels (Oil, Gas, Coal)",import
Saudi Arabia,641436353.12,19544658454.02,497256.88,KGM,2021,7,27,"Mineral Fuels (Oil, Gas, Coal)",import
United Arab Emirates,366959141.13,11972525812.93,327340.61,KGM,2021,7,27,"Mineral Fuels (Oil, Gas, Coal)",import
Kuwait,313045271.19,9924975859.58,244528.66,KGM,2021,7,27,"Mineral Fuels (Oil, Gas, Coal)",import
Qatar,264529507.5,8731514516.1,214403.91,KGM,2021,7,27,"Mineral Fuels (Oil, Gas, Coal)",import
Oman,165254715.68,5198172537.56,124444.08,KGM,2021,7,27,"Mineral Fuels (Oil, Gas, Coal)",import
Iran,82062297.34,2568982986.77,100108.37,KGM,2021,7,27,"Mineral Fuels (Oil, Gas, Coal)",import
Iraq,188442328.1,6320598947.37,168864.37,KGM,2021,7,27,"Mineral Fuels (Oil, Gas, Coal)",import
Bahrain,41820441.13,1395039462.84,30110.59,KGM,2021,7,27,"Mineral Fuels (Oil, Gas, Coal)",import
Russian Federation,119981523.2,4003557217.41,91826.72,KGM,2021,7,27,"Mineral Fuels (Oil, Gas, Coal)",import
Malaysia,105468187.32,3477990586.26,76116.68,KGM,2021,7,27,"Mineral Fuels (Oil, Gas, Coal)",import
Indonesia,70393504.18,2490233892.72,56749.68,KGM,2021,7,27,"Mineral Fuels (Oil, Gas, Coal)",import
Australia,98306954.45,3332838750.16,105761.8,KGM,2021,7,27,"Mineral Fuels (Oil, Gas, Coal)",import
India,43475438.06,1503236423.73,39312.07,KGM,2021,7,27,"Mineral Fuels (Oil, Gas, Coal)",import
United States of America,29163274.63,1000505352.49,26791.05,KGM,2021,7,27,"Mineral Fuels (Oil, Gas, Coal)",import
Nigeria,21295618.34,712369366.85,18754.22,KGM,2021,7,27,"Mineral Fuels (Oil, Gas, Coal)",import
Angola,14634150.91,479962585.28,11378.06,KGM,2021,7,27,"Mineral Fuels (Oil, Gas, Coal)",import
Brazil,21468258.94,680712997.65,17128.24,KGM,2021,7,27,"Mineral Fuels (Oil, Gas, Coal)",import
Saudi Arabia,697802213.82,21342102981.5,471493.69,KGM,2021,8,27,"Mineral Fuels (Oil, Gas, Coal)",import
United Arab Emirates,394393224.34,13403035999.1,371678.09,KGM,2021,8,27,"Mineral Fuels (Oil, Gas, Coal)",import
Kuwait,327488517.02,10615657125.78,248929.18,KGM,2021,8,27,"Mineral Fuels (Oil, Gas, Coal)",import
Qatar,289715248.21,9409325181.91,199881.69,KGM,2021,8,27,"Mineral Fuels (Oil, Gas, Coal)",import
Oman,160239618.93,5086378482.41,109774.52,KGM,2021,8,27,"Mineral Fuels (Oil, Gas, Coal)",import
Iran,102295721.83,3328381305.08,78699.33,KGM,2021,8,27,"Mineral Fuels (Oil, Gas, Coal)",import
Iraq,186054441.07,5905931923.66,194758.88,KGM,2021,8,27,"Mineral Fuels (Oil, Gas, Coal)",import
Bahrain,41972583.85,1387379370.57,30836.44,KGM,2021,8,27,"Mineral Fuels (Oil, Gas, Coal)",import
Russian Federation,128448206.06,4237516032.87,82104.7,KGM,2021,8,27,"Mineral Fuels (Oil, Gas, Coal)",import
Malaysia,109962337.85,3607312188.39,95226.12,KGM,2021,8,27,"Mineral Fuels (Oil, Gas, Coal)",import
Indonesia,65781045.25,2282759251.61,66312.96,KGM,2021,8,27,"Mineral Fuels (Oil, Gas, Coal)",import
Australia,115245547.96,3968460182.89,90963.29,KGM,2021,8,27,"Mineral Fuels (Oil, Gas, Coal)",import
India,44163673.48,1479547096.38,44435.15,KGM,2021,8,27,"Mineral Fuels (Oil, Gas, Coal)",import
United States of America,34449742.59,1104295551.91,25395.93,KGM,2021,8,27,"Mineral Fuels (Oil, Gas, Coal)",import
Nigeria,28156958.49,911823607.29,19070.52,KGM,2021,8,27,"Mineral Fuels (Oil, Gas, Coal)",import
Angola,16245759.52,510990258.61,13405.07,KGM,2021,8,27,"Mineral Fuels (Oil, Gas, Coal)",import
Brazil,19314887.44,661881026.51,15162.42,KGM,2021,8,27,"Mineral Fuels (Oil, Gas, Coal)",import
Saudi Arabia,608635419.71,18289103713.04,421679.83,KGM,2021,9,27,"Mineral Fuels (Oil, Gas, Coal)",import
United Arab Emirates,356005009.13,11756819747.15,388454.11,KGM,2021,9,27,"Mineral Fuels (Oil, Gas, Coal)",import
Kuwait,350636707.01,11600561547.48,284316.79,KGM,2021,9,27,"Mineral Fuels (Oil, Gas, Coal)",import
Qatar,289977670.94,9632766473.88,263026.46,KGM,2021,9,27,"Mineral Fuels (Oil, Gas, Coal)",import
Oman,190307932.42,6103804472.55,143510.17,KGM,2021,9,27,"Mineral Fuels (Oil, Gas, Coal)",import
Iran,95190208.48,3315124855.01,73140.47,KGM,2021,9,27,"Mineral Fuels (Oil, Gas, Coal)",import
Iraq,200234592.93,6703787505.39,150953.4,KGM,2021,9,27,"Mineral Fuels (Oil, Gas, Coal)",import
Bahrain,41331948.79,1481118847.31,34570.28,KGM,2021,9,27,"Mineral Fuels (Oil, Gas, Coal)",import
Russian Federation,136645287.83,4220612870.27,100494.68,KGM,2021,9,27,"Mineral Fuels (Oil, Gas, Coal)",import
Malaysia,95161875.67,2973184204.24,86973.65,KGM,2021,9,27,"Mineral Fuels (Oil, Gas, Coal)",import
Indonesia,81077399.64,2681494939.13,53516.42,KGM,2021,9,27,"Mineral Fuels (Oil, Gas, Coal)",import
Australia,116865268.88,3653558584.24,106140.99,KGM,2021,9,27,"Mineral Fuels (Oil, Gas, Coal)",import
India,60927864.53,2100576150.28,46402.04,KGM,2021,9,27,"Mineral Fuels (Oil, Gas, Coal)",import
United States of America,28747357.55,1000799857.63,27370.44,KGM,2021,9,27,"Mineral Fuels (Oil, Gas, Coal)",import
Nigeria,26527784.2,849548558.21,17624.85,KGM,2021,9,27,"Mineral Fuels (Oil, Gas, Coal)",import
Angola,15940492.62,562590488.0,12388.86,KGM,2021,9,27,"Mineral Fuels (Oil, Gas, Coal)",import
Brazil,16859835.71,523692544.42,18009.07,KGM,2021,9,27,"Mineral Fuels (Oil, Gas, Coal)",import
Saudi Arabia,620853557.83,19976843812.85,416981.22,KGM,2021,10,27,"Mineral Fuels (Oil, Gas, Coal)",import
United Arab Emirates,494155709.8,15418872622.14,354354.15,KGM,2021,10,27,"Mineral Fuels (Oil, Gas, Coal)",import
Kuwait,378372919.73,12545358907.28,315348.4,KGM,2021,10,27,"Mineral Fuels (Oil, Gas, Coal)",import
Qatar,361656246.95,12304984465.04,264109.27,KGM,2021,10,27,"Mineral Fuels (Oil, Gas, Coal)",import
Oman,157924380.84,5262859510.17,147718.74,KGM,2021,10,27,"Mineral Fuels (Oil, Gas, Coal)",import
Iran,108387902.18,3597627325.97,75654.31,KGM,2021,10,27,"Mineral Fuels (Oil, Gas, Coal)",import
Iraq,197116067.9,6800003047.31,127475.34,KGM,2021,10,27,"Mineral Fuels (Oil, Gas, Coal)",import
Bahrain,36480244.1,1222070053.81,34785.75,KGM,2021,10,27,"Mineral Fuels (Oil, Gas, Coal)",import
Russian Federation,132995805.08,4442966550.44,99532.06,KGM,2021,10,27,"Mineral Fuels (Oil, Gas, Coal)",import
Malaysia,107884467.91,3840704535.98,89695.19,KGM,2021,10,27,"Mineral Fuels (Oil, Gas, Coal)",import
Indonesia,70296632.79,2224178892.32,55372.74,KGM,2021,10,27,"Mineral Fuels (Oil, Gas, Coal)",import
Australia,134404552.71,4396580604.08,111283.42,KGM,2021,10,27,"Mineral Fuels (Oil, Gas, Coal)",import
India,54321625.78,1847287768.24,39766.15,KGM,2021,10,27,"Mineral Fuels (Oil, Gas, Coal)",import
United States of America,37478241.39,1243406862.93,30438.0,KGM,2021,10,27,"Mineral Fuels (Oil, Gas, Coal)",import
Nigeria,23079250.04,782218928.19,19093.28,KGM,2021,10,27,"Mineral Fuels (Oil, Gas, Coal)",import
Angola,21377100.49,720061048.0,13175.92,KGM,2021,10,27,"Mineral Fuels (Oil, Gas, Coal)",import
Brazil,20271433.19,648392457.36,15165.0,KGM,2021,10,27,"Mineral Fuels (Oil, Gas, Coal)",import
Saudi Arabia,533768069.22,15828787805.41,626921.45,KGM,2021,11,27,"Mineral Fuels (Oil, Gas, Coal)",import
United Arab Emirates,410233597.51,12993505001.92,289425.2,KGM,2021,11,27,"Mineral Fuels (Oil, Gas, Coal)",import
Kuwait,383479825.81,12099519325.43,276170.46,KGM,2021,11,27,"Mineral Fuels (Oil, Gas, Coal)",import
Qatar,277557486.94,9141267427.91,214281.61,KGM,2021,11,27,"Mineral Fuels (Oil, Gas, Coal)",import
Oman,171453916.46,5165143335.87,165502.1,KGM,2021,11,27,"Mineral Fuels (Oil, Gas, Coal)",import
Iran,100771963.95,3468553141.46,77835.7,KGM,2021,11,27,"Mineral Fuels (Oil, Gas, Coal)",import
Iraq,218150130.7,7311875208.13,180479.96,KGM,2021,11,27,"Mineral Fuels (Oil, Gas, Coal)",import
Bahrain,38208055.39,1306629807.43,38607.52,KGM,2021,11,27,"Mineral Fuels (Oil, Gas, Coal)",import
Russian Federation,137977754.33,4639710701.61,116463.1,KGM,2021,11,27,"Mineral Fuels (Oil, Gas, Coal)",import
Malaysia,116100387.59,3793163609.92,84565.29,KGM,2021,11,27,"Mineral Fuels (Oil, Gas, Coal)",import
Indonesia,67371479.08,2170770567.16,53778.48,KGM,2021,11,27,"Mineral Fuels (Oil, Gas, Coal)",import
Australia,147032890.99,4872979910.58,104719.51,KGM,2021,11,27,"Mineral Fuels (Oil, Gas, Coal)",import
India,52525192.29,1644165299.56,54913.67,KGM,2021,11,27,"Mineral Fuels (Oil, Gas, Coal)",import
United States of America,30859544.18,1007598098.38,22498.92,KGM,2021,11,27,"Mineral Fuels (Oil, Gas, Coal)",import
Nigeria,25901695.18,833786182.32,19095.47,KGM,2021,11,27,"Mineral Fuels (Oil, Gas, Coal)",import
Angola,17094009.16,572055525.0,12670.8,KGM,2021,11,27,"Mineral Fuels (Oil, Gas, Coal)",import
Brazil,23414913.21,803635412.52,18223.28,KGM,2021,11,27,"Mineral Fuels (Oil, Gas, Coal)",import
Saudi Arabia,648659258.09,21251399561.72,483982.89,KGM,2021,12,27,"Mineral Fuels (Oil, Gas, Coal)",import
United Arab Emirates,337458705.2,10871053908.85,278826.83,KGM,2021,12,27,"Mineral Fuels (Oil, Gas, Coal)",import
Kuwait,313965805.59,10689008799.89,243787.65,KGM,2021,12,27,"Mineral Fuels (Oil, Gas, Coal)",import
Qatar,226286536.82,7322525850.74,239977.3,KGM,2021,12,27,"Mineral Fuels (Oil, Gas, Coal)",import
Oman,130188956.56,4781273920.84,110856.12,KGM,2021,12,27,"Mineral Fuels (Oil, Gas, Coal)",import
Iran,84365086.61,2759737465.98,67475.23,KGM,2021,12,27,"Mineral Fuels (Oil, Gas, Coal)",import
Iraq,180132476.29,5983067708.51,132562.28,KGM,2021,12,27,"Mineral Fuels (Oil, Gas, Coal)",import
Bahrain,40503450.58,1269104825.96,30359.38,KGM,2021,12,27,"Mineral Fuels (Oil, Gas, Coal)",import
Russian Federation,105932181.08,3504173965.54,81959.23,KGM,2021,12,27,"Mineral Fuels (Oil, Gas, Coal)",import
Malaysia,99445108.23,3268538715.91,68959.95,KGM,2021,12,27,"Mineral Fuels (Oil, Gas, Coal)",import
Indonesia,68913355.36,2333483528.11,51731.38,KGM,2021,12,27,"Mineral Fuels (Oil, Gas, Coal)",import
Australia,131192661.95,3938431168.71,92926.77,KGM,2021,12,27,"Mineral Fuels (Oil, Gas, Coal)",import
India,47538070.41,1600987518.15,28400.28,KGM,2021,12,27,"Mineral Fuels (Oil, Gas, Coal)",import
United States of America,24242271.8,786766524.22,22093.6,KGM,2021,12,27,"Mineral Fuels (Oil, Gas, Coal)",import
Nigeria,20252204.65,699690230.53,16818.77,KGM,2021,12,27,"Mineral Fuels (Oil, Gas, Coal)",import
Angola,13583629.68,428584238.79,12467.93,KGM,2021,12,27,"Mineral Fuels (Oil, Gas, Coal)",import
Brazil,17938500.02,565156163.27,15196.45,KGM,2021,12,27,"Mineral Fuels (Oil, Gas, Coal)",import
Saudi Arabia,555586517.38,19270307565.37,541769.14,KGM,2022,1,27,"Mineral Fuels (Oil, Gas, Coal)",import
United Arab Emirates,396506701.39,13177310647.49,302187.15,KGM,2022,1,27,"Mineral Fuels (Oil, Gas, Coal)",import
Kuwait,321507211.27,9390464424.48,263242.41,KGM,2022,1,27,"Mineral Fuels (Oil, Gas, Coal)",import
Qatar,249856692.28,8301813775.22,201112.48,KGM,2022,1,27,"Mineral Fuels (Oil, Gas, Coal)",import
Oman,162838234.43,5436577972.18,137656.92,KGM,2022,1,27,"Mineral Fuels (Oil, Gas, Coal)",import
Iran,83443349.2,2912830208.49,90060.48,KGM,2022,1,27,"Mineral Fuels (Oil, Gas, Coal)",import
Iraq,174690357.49,5608759449.02,166249.29,KGM,2022,1,27,"Mineral Fuels (Oil, Gas, Coal)",import
Bahrain,40521659.74,1466687811.98,36014.67,KGM,2022,1,27,"Mineral Fuels (Oil, Gas, Coal)",import
Russian Federation,128907819.68,4188249640.76,99314.82,KGM,2022,1,27,"Mineral Fuels (Oil, Gas, Coal)",import
Malaysia,97667037.68,3216462385.78,89257.21,KGM,2022,1,27,"Mineral Fuels (Oil, Gas, Coal)",import
Indonesia,58280271.63,1968099817.47,41214.25,KGM,2022,1,27,"Mineral Fuels (Oil, Gas, Coal)",import
Australia,122864984.63,4243636307.34,88485.34,KGM,2022,1,27,"Mineral Fuels (Oil, Gas, Coal)",import
India,45937158.16,1514777964.84,37748.08,KGM,2022,1,27,"Mineral Fuels (Oil, Gas, Coal)",import
United States of America,30851220.43,1071378745.67,26302.64,KGM,2022,1,27,"Mineral Fuels (Oil, Gas, Coal)",import
Nigeria,21240328.41,706415897.5,20308.61,KGM,2022,1,27,"Mineral Fuels (Oil, Gas, Coal)",import
Angola,16232483.78,536872294.07,14127.37,KGM,2022,1,27,"Mineral Fuels (Oil, Gas, Coal)",import
Brazil,20942991.48,675274344.54,17359.98,KGM,2022,1,27,"Mineral Fuels (Oil, Gas, Coal)",import
Saudi Arabia,922412036.06,30256016283.99,684660.9,KGM,2022,2,27,"Mineral Fuels (Oil, Gas, Coal)",import
United Arab Emirates,541732694.52,17943523331.41,466130.82,KGM,2022,2,27,"Mineral Fuels (Oil, Gas, Coal)",import
Kuwait,465476343.98,14240698774.96,352210.45,KGM,2022,2,27,"Mineral Fuels (Oil, Gas, Coal)",import
Qatar,393061407.5,13114059098.38,311188.05,KGM,2022,2,27,"Mineral Fuels (Oil, Gas, Coal)",import
Oman,210610322.63,7147463557.38,151159.56,KGM,2022,2,27,"Mineral Fuels (Oil, Gas, Coal)",import
Iran,130666801.12,4256838204.47,108061.59,KGM,2022,2,27,"Mineral Fuels (Oil, Gas, Coal)",import
Iraq,279710549.83,8824273354.8,208702.01,KGM,2022,2,27,"Mineral Fuels (Oil, Gas, Coal)",import
Bahrain,58627803.98,1949135704.43,40925.96,KGM,2022,2,27,"Mineral Fuels (Oil, Gas, Coal)",import
Russian Federation,174820906.55,5453393349.02,123036.88,KGM,2022,2,27,"Mineral Fuels (Oil, Gas, Coal)",import
Malaysia,166935140.66,5664964988.3,99179.69,KGM,2022,2,27,"Mineral Fuels (Oil, Gas, Coal)",import
Indonesia,106931825.46,3480559893.21,77281.67,KGM,2022,2,27,"Mineral Fuels (Oil, Gas, Coal)",import
Australia,166801052.09,5725036556.38,119132.96,KGM,2022,2,27,"Mineral Fuels (Oil, Gas, Coal)",import
India,70974961.13,2231221242.65,49674.64,KGM,2022,2,27,"Mineral Fuels (Oil, Gas, Coal)",import
United States of America,38864238.55,1289537187.26,39473.55,KGM,2022,2,27,"Mineral Fuels (Oil, Gas, Coal)",import
Nigeria,34307664.0,1056838852.96,23857.27,KGM,2022,2,27,"Mineral Fuels (Oil, Gas, Coal)",import
Angola,24545748.57,843412833.58,17736.65,KGM,2022,2,27,"Mineral Fuels (Oil, Gas, Coal)",import
Brazil,26907870.39,916749725.36,21432.63,KGM,2022,2,27,"Mineral Fuels (Oil, Gas, Coal)",import
Saudi Arabia,1074290155.53,34975877432.2,864461.34,KGM,2022,3,27,"Mineral Fuels (Oil, Gas, Coal)",import
United Arab Emirates,664061554.74,21809668708.82,558722.24,KGM,2022,3,27,"Mineral Fuels (Oil, Gas, Coal)",import
Kuwait,474792001.97,15202047664.89,458038.03,KGM,2022,3,27,"Mineral Fuels (Oil, Gas, Coal)",import
Qatar,465496885.69,14075532638.73,342746.81,KGM,2022,3,27,"Mineral Fuels (Oil, Gas, Coal)",import
Oman,278488429.62,8361283113.38,131963.64,KGM,2022,3,27,"Mineral Fuels (Oil, Gas, Coal)",import
Iran,158065229.31,5064983757.6,125827.87,KGM,2022,3,27,"Mineral Fuels (Oil, Gas, Coal)",import
Iraq,317431274.44,10811856240.49,171653.45,KGM,2022,3,27,"Mineral Fuels (Oil, Gas, Coal)",import
Bahrain,64123777.4,2118089306.0,49039.45,KGM,2022,3,27,"Mineral Fuels (Oil, Gas, Coal)",import
Russian Federation,196941985.18,5945465194.3,147415.53,KGM,2022,3,27,"Mineral Fuels (Oil, Gas, Coal)",import
Malaysia,183124879.42,5690163016.38,135395.6,KGM,2022,3,27,"Mineral Fuels (Oil, Gas, Coal)",import
Indonesia,96643567.18,3345633522.75,76660.6,KGM,2022,3,27,"Mineral Fuels (Oil, Gas, Coal)",import
Australia,147158270.94,4467584618.94,139070.46,KGM,2022,3,27,"Mineral Fuels (Oil, Gas, Coal)",import
India,72933431.05,2415521767.36,55816.4,KGM,2022,3,27,"Mineral Fuels (Oil, Gas, Coal)",import
United States of America,47021820.71,1595426162.08,35892.49,KGM,2022,3,27,"Mineral Fuels (Oil, Gas, Coal)",import
Nigeria,39243574.38,1284624666.89,31543.34,KGM,2022,3,27,"Mineral Fuels (Oil, Gas, Coal)",import
Angola,23593831.35,796332934.72,19442.5,KGM,2022,3,27,"Mineral Fuels (Oil, Gas, Coal)",import
Brazil,24471603.54,818910577.51,25820.77,KGM,2022,3,27,"Mineral Fuels (Oil, Gas, Coal)",import
Saudi Arabia,1039010994.46,30288023434.61,799284.12,KGM,2022,4,27,"Mineral Fuels (Oil, Gas, Coal)",import
United Arab Emirates,616983986.64,20372411398.22,617894.01,KGM,2022,4,27,"Mineral Fuels (Oil, Gas, Coal)",import
Kuwait,500431394.73,16780545248.14,407758.9,KGM,2022,4,27,"Mineral Fuels (Oil, Gas, Coal)",import
Qatar,481522419.26,16197152307.87,346287.08,KGM,2022,4,27,"Mineral Fuels (Oil, Gas, Coal)",import
Oman,301430794.36,11005374043.72,228035.29,KGM,2022,4,27,"Mineral Fuels (Oil, Gas, Coal)",import
Iran,144716349.6,4604004432.35,146635.51,KGM,2022,4,27,"Mineral Fuels (Oil, Gas, Coal)",import
Iraq,334094480.6,10769146099.0,276688.52,KGM,2022,4,27,"Mineral Fuels (Oil, Gas, Coal)",import
Bahrain,65104779.12,2079094666.16,56424.12,KGM,2022,4,27,"Mineral Fuels (Oil, Gas, Coal)",import
Russian Federation,225932391.83,8113127621.11,127245.27,KGM,2022,4,27,"Mineral Fuels (Oil, Gas, Coal)",import
Malaysia,170398440.37,5520227479.42,120765.56,KGM,2022,4,27,"Mineral Fuels (Oil, Gas, Coal)",import
Indonesia,98023793.29,3227654556.23,80060.43,KGM,2022,4,27,"Mineral Fuels (Oil, Gas, Coal)",import
Australia,217913842.26,7256328261.59,188649.99,KGM,2022,4,27,"Mineral Fuels (Oil, Gas, Coal)",import
India,70895572.46,2320083402.07,57042.67,KGM,2022,4,27,"Mineral Fuels (Oil, Gas, Coal)",import
United States of America,46311180.57,1673949614.49,34936.33,KGM,2022,4,27,"Mineral Fuels (Oil, Gas, Coal)",import
Nigeria,39894037.66,1365369663.18,27468.73,KGM,2022,4,27,"Mineral Fuels (Oil, Gas, Coal)",import
Angola,22772952.45,724075961.27,17670.64,KGM,2022,4,27,"Mineral Fuels (Oil, Gas, Coal)",import
Brazil,37607414.74,1103305255.45,24661.54,KGM,2022,4,27,"Mineral Fuels (Oil, Gas, Coal)",import
Saudi Arabia,1181167280.49,35701829919.01,799943.1,KGM,2022,5,27,"Mineral Fuels (Oil, Gas, Coal)",import
United Arab Emirates,637686739.47,21430147595.89,551498.72,KGM,2022,5,27,"Mineral Fuels (Oil, Gas, Coal)",import
Kuwait,621579829.15,20555694788.59,372745.89,KGM,2022,5,27,"Mineral Fuels (Oil, Gas, Coal)",import
Qatar,428730480.36,14717584715.44,296093.72,KGM,2022,5,27,"Mineral Fuels (Oil, Gas, Coal)",import
Oman,275619959.23,9271906498.22,214686.69,KGM,2022,5,27,"Mineral Fuels (Oil, Gas, Coal)",import
Iran,147216101.56,4866444800.63,109537.72,KGM,2022,5,27,"Mineral Fuels (Oil, Gas, Coal)",import
Iraq,367506137.95,12566192155.4,309603.93,KGM,2022,5,27,"Mineral Fuels (Oil, Gas, Coal)",import
Bahrain,66046292.42,2180676247.09,53585.13,KGM,2022,5,27,"Mineral Fuels (Oil, Gas, Coal)",import
Russian Federation,177293706.9,5495707735.71,156174.84,KGM,2022,5,27,"Mineral Fuels (Oil, Gas, Coal)",import
Malaysia,156088959.44,5343594521.34,149028.86,KGM,2022,5,27,"Mineral Fuels (Oil, Gas, Coal)",import
Indonesia,95640067.53,3036422518.25,82325.81,KGM,2022,5,27,"Mineral Fuels (Oil, Gas, Coal)",import
Australia,196327462.37,6671111345.28,175168.13,KGM,2022,5,27,"Mineral Fuels (Oil, Gas, Coal)",import
India,98655948.6,3285835080.4,71198.63,KGM,2022,5,27,"Mineral Fuels (Oil, Gas, Coal)",import
United States of America,56250785.11,1761141410.08,40515.06,KGM,2022,5,27,"Mineral Fuels (Oil, Gas, Coal)",import
Nigeria,44671949.7,1458021797.64,34913.6,KGM,2022,5,27,"Mineral Fuels (Oil, Gas, Coal)",import
Angola,27063259.05,927445090.62,23853.62,KGM,2022,5,27,"Mineral Fuels (Oil, Gas, Coal)",import
Brazil,28109517.65,920546020.49,26711.08,KGM,2022,5,27,"Mineral Fuels (Oil, Gas, Coal)",import
Saudi Arabia,1194358637.14,41776170998.47,951891.5,KGM,2022,6,27,"Mineral Fuels (Oil, Gas, Coal)",import
United Arab Emirates,596622139.9,20685559987.32,479612.85,KGM,2022,6,27,"Mineral Fuels (Oil, Gas, Coal)",import
Kuwait,505576728.82,17087934636.08,346215.81,KGM,2022,6,27,"Mineral Fuels (Oil, Gas, Coal)",import
Qatar,444468607.34,14864931146.59,450195.58,KGM,2022,6,27,"Mineral Fuels (Oil, Gas, Coal)",import
Oman,272990926.64,9660125997.14,202387.99,KGM,2022,6,27,"Mineral Fuels (Oil, Gas, Coal)",import
Iran,166991292.3,5311805049.47,120834.24,KGM,2022,6,27,"Mineral Fuels (Oil, Gas, Coal)",import
Iraq,333388611.54,11516348213.47,233658.64,KGM,2022,6,27,"Mineral Fuels (Oil, Gas, Coal)",import
Bahrain,55024390.38,1866163222.11,52056.5,KGM,2022,6,27,"Mineral Fuels (Oil, Gas, Coal)",import
Russian Federation,208407926.73,7083866304.33,145157.57,KGM,2022,6,27,"Mineral Fuels (Oil, Gas, Coal)",import
Malaysia,146927070.42,4992253082.54,126721.55,KGM,2022,6,27,"Mineral Fuels (Oil, Gas, Coal)",import
Indonesia,112449108.81,3912806377.39,77846.78,KGM,2022,6,27,"Mineral Fuels (Oil, Gas, Coal)",import
Australia,203260764.82,7173814599.23,172989.64,KGM,2022,6,27,"Mineral Fuels (Oil, Gas, Coal)",import
India,89613330.26,2983139933.84,72071.04,KGM,2022,6,27,"Mineral Fuels (Oil, Gas, Coal)",import
United States of America,58003369.16,1808893841.95,43439.89,KGM,2022,6,27,"Mineral Fuels (Oil, Gas, Coal)",import
Nigeria,41522890.74,1406612590.11,32742.93,KGM,2022,6,27,"Mineral Fuels (Oil, Gas, Coal)",import
Angola,26524591.33,901431847.14,19242.09,KGM,2022,6,27,"Mineral Fuels (Oil, Gas, Coal)",import
Brazil,29174917.94,952644887.72,31105.47,KGM,2022,6,27,"Mineral Fuels (Oil, Gas, Coal)",import
Saudi Arabia,1079537151.73,36581230541.29,886140.5,KGM,2022,7,27,"Mineral Fuels (Oil, Gas, Coal)",import
United Arab Emirates,565754179.75,18927153749.91,570376.44,KGM,2022,7,27,"Mineral Fuels (Oil, Gas, Coal)",import
Kuwait,493365646.06,16033850847.91,377883.26,KGM,2022,7,27,"Mineral Fuels (Oil, Gas, Coal)",import
Qatar,401109880.63,14130791031.58,438424.19,KGM,2022,7,27,"Mineral Fuels (Oil, Gas, Coal)",import
Oman,275315202.79,9004001453.7,202053.24,KGM,2022,7,27,"Mineral Fuels (Oil, Gas, Coal)",import
Iran,170031228.49,5465552652.5,150848.43,KGM,2022,7,27,"Mineral Fuels (Oil, Gas, Coal)",import
Iraq,292471984.58,8867543536.86,307721.77,KGM,2022,7,27,"Mineral Fuels (Oil, Gas, Coal)",import
Bahrain,59212571.07,1815418928.99,50367.19,KGM,2022,7,27,"Mineral Fuels (Oil, Gas, Coal)",import
Russian Federation,219534394.92,7055354707.42,171726.17,KGM,2022,7,27,"Mineral Fuels (Oil, Gas, Coal)",import
Malaysia,178274301.15,5852788810.72,146236.28,KGM,2022,7,27,"Mineral Fuels (Oil, Gas, Coal)",import
Indonesia,100618126.3,3429241094.93,105566.17,KGM,2022,7,27,"Mineral Fuels (Oil, Gas, Coal)",import
Australia,202626513.93,6778443687.56,181193.12,KGM,2022,7,27,"Mineral Fuels (Oil, Gas, Coal)",import
India,75029333.32,2592862307.64,62884.85,KGM,2022,7,27,"Mineral Fuels (Oil, Gas, Coal)",import
United States of America,42187835.71,1479720875.82,40088.59,KGM,2022,7,27,"Mineral Fuels (Oil, Gas, Coal)",import
Nigeria,37489979.98,1316727415.54,36920.89,KGM,2022,7,27,"Mineral Fuels (Oil, Gas, Coal)",import
Angola,26169052.05,852298853.81,19345.43,KGM,2022,7,27,"Mineral Fuels (Oil, Gas, Coal)",import
Brazil,41700881.68,1383972466.43,31789.87,KGM,2022,7,27,"Mineral Fuels (Oil, Gas, Coal)",import
Saudi Arabia,1019275180.73,34008871066.27,867404.37,KGM,2022,8,27,"Mineral Fuels (Oil, Gas, Coal)",import
United Arab Emirates,593961152.53,20778903228.72,539754.04,KGM,2022,8,27,"Mineral Fuels (Oil, Gas, Coal)",import
Kuwait,444998342.28,15602619521.59,470118.36,KGM,2022,8,27,"Mineral Fuels (Oil, Gas, Coal)",import
Qatar,448192800.11,14326256252.14,450315.38,KGM,2022,8,27,"Mineral Fuels (Oil, Gas, Coal)",import
Oman,283286584.69,9218005370.52,205975.31,KGM,2022,8,27,"Mineral Fuels (Oil, Gas, Coal)",import
Iran,152742395.85,5234971931.84,139064.56,KGM,2022,8,27,"Mineral Fuels (Oil, Gas, Coal)",import
Iraq,336964086.15,11323595642.94,223685.63,KGM,2022,8,27,"Mineral Fuels (Oil, Gas, Coal)",import
Bahrain,70692306.27,2530844436.12,52071.59,KGM,2022,8,27,"Mineral Fuels (Oil, Gas, Coal)",import
Russian Federation,171665076.13,5476759269.38,117711.24,KGM,2022,8,27,"Mineral Fuels (Oil, Gas, Coal)",import
Malaysia,174356607.55,5497209907.09,112051.7,KGM,2022,8,27,"Mineral Fuels (Oil, Gas, Coal)",import
Indonesia,118848879.32,3989232917.49,90286.96,KGM,2022,8,27,"Mineral Fuels (Oil, Gas, Coal)",import
Australia,219390623.24,7115172238.71,152202.33,KGM,2022,8,27,"Mineral Fuels (Oil, Gas, Coal)",import
India,87987009.12,2620774035.03,53800.66,KGM,2022,8,27,"Mineral Fuels (Oil, Gas, Coal)",import
United States of America,51912667.31,1733018199.84,47547.08,KGM,2022,8,27,"Mineral Fuels (Oil, Gas, Coal)",import
Nigeria,44186869.25,1479077909.49,24315.91,KGM,2022,8,27,"Mineral Fuels (Oil, Gas, Coal)",import
Angola,28905976.39,991275145.47,17918.38,KGM,2022,8,27,"Mineral Fuels (Oil, Gas, Coal)",import
Brazil,33536680.66,997184555.56,36582.92,KGM,2022,8,27,"Mineral Fuels (Oil, Gas, Coal)",import
Saudi Arabia,1257821968.07,38456991518.05,830755.3,KGM,2022,9,27,"Mineral Fuels (Oil, Gas, Coal)",import
United Arab Emirates,655031448.56,22635397745.48,563147.14,KGM,2022,9,27,"Mineral Fuels (Oil, Gas, Coal)",import
Kuwait,648429759.51,20459208416.51,510393.45,KGM,2022,9,27,"Mineral Fuels (Oil, Gas, Coal)",import
Qatar,538731274.69,17249149385.07,399413.03,KGM,2022,9,27,"Mineral Fuels (Oil, Gas, Coal)",import
Oman,270726317.87,8949031299.53,199430.52,KGM,2022,9,27,"Mineral Fuels (Oil, Gas, Coal)",import
Iran,153843645.03,5187404435.48,114664.61,KGM,2022,9,27,"Mineral Fuels (Oil, Gas, Coal)",import
Iraq,367471751.31,12880427623.15,266365.58,KGM,2022,9,27,"Mineral Fuels (Oil, Gas, Coal)",import
Bahrain,67346078.88,2289142617.66,52519.85,KGM,2022,9,27,"Mineral Fuels (Oil, Gas, Coal)",import
Russian Federation,204693580.39,5981011790.8,165163.73,KGM,2022,9,27,"Mineral Fuels (Oil, Gas, Coal)",import
Malaysia,166229763.23,5181144699.98,102120.33,KGM,2022,9,27,"Mineral Fuels (Oil, Gas, Coal)",import
Indonesia,95861659.09,3084513687.68,76290.41,KGM,2022,9,27,"Mineral Fuels (Oil, Gas, Coal)",import
Australia,197348791.78,6578342078.29,176533.08,KGM,2022,9,27,"Mineral Fuels (Oil, Gas, Coal)",import
India,67201847.29,2249741971.38,66053.7,KGM,2022,9,27,"Mineral Fuels (Oil, Gas, Coal)",import
United States of America,53499952.17,1780770795.64,43281.44,KGM,2022,9,27,"Mineral Fuels (Oil, Gas, Coal)",import
Nigeria,44660305.37,1457423166.82,26520.17,KGM,2022,9,27,"Mineral Fuels (Oil, Gas, Coal)",import
Angola,31830619.11,1091039204.32,25505.99,KGM,2022,9,27,"Mineral Fuels (Oil, Gas, Coal)",import
Brazil,36429424.97,1306970173.68,32660.66,KGM,2022,9,27,"Mineral Fuels (Oil, Gas, Coal)",import
Saudi Arabia,1123271213.68,36612532681.95,792574.55,KGM,2022,10,27,"Mineral Fuels (Oil, Gas, Coal)",import
United Arab Emirates,931469726.68,30081061534.85,455003.07,KGM,2022,10,27,"Mineral Fuels (Oil, Gas, Coal)",import
Kuwait,488600698.81,15242369544.83,455171.29,KGM,2022,10,27,"Mineral Fuels (Oil, Gas, Coal)",import
Qatar,492443248.76,16706841899.47,300573.92,KGM,2022,10,27,"Mineral Fuels (Oil, Gas, Coal)",import
Oman,319264500.2,10471015185.38,213897.64,KGM,2022,10,27,"Mineral Fuels (Oil, Gas, Coal)",import
Iran,167904736.62,5531243026.65,137457.85,KGM,2022,10,27,"Mineral Fuels (Oil, Gas, Coal)",import
Iraq,382927698.97,12169018436.12,321758.1,KGM,2022,10,27,"Mineral Fuels (Oil, Gas, Coal)",import
Bahrain,68922478.43,2127464356.66,62122.21,KGM,2022,10,27,"Mineral Fuels (Oil, Gas, Coal)",import
Russian Federation,171318712.69,5781067661.05,172738.61,KGM,2022,10,27,"Mineral Fuels (Oil, Gas, Coal)",import
Malaysia,158364769.17,5045455860.33,125195.14,KGM,2022,10,27,"Mineral Fuels (Oil, Gas, Coal)",import
Indonesia,103930737.55,3245679221.39,97155.5,KGM,2022,10,27,"Mineral Fuels (Oil, Gas, Coal)",import
Australia,207702105.09,6400769592.14,149901.23,KGM,2022,10,27,"Mineral Fuels (Oil, Gas, Coal)",import
India,92773709.67,3087755847.01,63072.42,KGM,2022,10,27,"Mineral Fuels (Oil, Gas, Coal)",import
United States of America,48317349.86,1649270789.33,40852.98,KGM,2022,10,27,"Mineral Fuels (Oil, Gas, Coal)",import
Nigeria,53714292.85,1756368119.44,25658.05,KGM,2022,10,27,"Mineral Fuels (Oil, Gas, Coal)",import
Angola,29621897.07,1015269282.72,20765.09,KGM,2022,10,27,"Mineral Fuels (Oil, Gas, Coal)",import
Brazil,32479040.28,1046373737.67,28546.03,KGM,2022,10,27,"Mineral Fuels (Oil, Gas, Coal)",import
Saudi Arabia,1253083298.41,40690358081.74,808855.93,KGM,2022,11,27,"Mineral Fuels (Oil, Gas, Coal)",import
United Arab Emirates,764068383.97,25293051288.04,482316.43,KGM,2022,11,27,"Mineral Fuels (Oil, Gas, Coal)",import
Kuwait,456665117.93,15331707928.05,382689.6,KGM,2022,11,27,"Mineral Fuels (Oil, Gas, Coal)",import
Qatar,440228679.96,14853152602.36,359965.35,KGM,2022,11,27,"Mineral Fuels (Oil, Gas, Coal)",import
Oman,263049534.7,8765729639.04,241806.74,KGM,2022,11,27,"Mineral Fuels (Oil, Gas, Coal)",import
Iran,174832129.88,5853333306.84,151709.42,KGM,2022,11,27,"Mineral Fuels (Oil, Gas, Coal)",import
Iraq,402737021.48,12974101200.19,305177.31,KGM,2022,11,27,"Mineral Fuels (Oil, Gas, Coal)",import
Bahrain,78832290.69,2554795334.34,56761.17,KGM,2022,11,27,"Mineral Fuels (Oil, Gas, Coal)",import
Russian Federation,215246098.84,7250041283.61,187088.84,KGM,2022,11,27,"Mineral Fuels (Oil, Gas, Coal)",import
Malaysia,198064093.84,6691543923.7,149262.32,KGM,2022,11,27,"Mineral Fuels (Oil, Gas, Coal)",import
Indonesia,100228649.06,3318319618.84,86131.84,KGM,2022,11,27,"Mineral Fuels (Oil, Gas, Coal)",import
Australia,224004845.66,7449126716.97,177680.71,KGM,2022,11,27,"Mineral Fuels (Oil, Gas, Coal)",import
India,84774629.12,2688383267.65,71730.85,KGM,2022,11,27,"Mineral Fuels (Oil, Gas, Coal)",import
United States of America,65312828.39,2297908701.54,33202.45,KGM,2022,11,27,"Mineral Fuels (Oil, Gas, Coal)",import
Nigeria,41693998.32,1398656888.3,36983.02,KGM,2022,11,27,"Mineral Fuels (Oil, Gas, Coal)",import
Angola,28888369.72,988374589.77,23471.36,KGM,2022,11,27,"Mineral Fuels (Oil, Gas, Coal)",import
Brazil,33754999.69,1059005531.43,30925.54,KGM,2022,11,27,"Mineral Fuels (Oil, Gas, Coal)",import
Saudi Arabia,968856601.77,33418311884.74,840683.64,KGM,2022,12,27,"Mineral Fuels (Oil, Gas, Coal)",import
United Arab Emirates,633775609.7,21767062398.4,454981.3,KGM,2022,12,27,"Mineral Fuels (Oil, Gas, Coal)",import
Kuwait,452243377.54,14866593679.98,462307.64,KGM,2022,12,27,"Mineral Fuels (Oil, Gas, Coal)",import
Qatar,358805179.34,11864060262.65,286345.52,KGM,2022,12,27,"Mineral Fuels (Oil, Gas, Coal)",import
Oman,245731905.57,7726364251.97,236156.31,KGM,2022,12,27,"Mineral Fuels (Oil, Gas, Coal)",import
Iran,145979804.06,4709457045.41,100035.82,KGM,2022,12,27,"Mineral Fuels (Oil, Gas, Coal)",import
Iraq,353941591.04,11991740598.78,206204.25,KGM,2022,12,27,"Mineral Fuels (Oil, Gas, Coal)",import
Bahrain,62966295.31,2126948244.95,47613.87,KGM,2022,12,27,"Mineral Fuels (Oil, Gas, Coal)",import
Russian Federation,160673259.54,5766124364.64,171730.75,KGM,2022,12,27,"Mineral Fuels (Oil, Gas, Coal)",import
Malaysia,146090930.57,4733559165.99,147929.93,KGM,2022,12,27,"Mineral Fuels (Oil, Gas, Coal)",import
Indonesia,100819014.3,3257612906.04,89532.02,KGM,2022,12,27,"Mineral Fuels (Oil, Gas, Coal)",import
Australia,156646809.69,5653577579.72,115550.35,KGM,2022,12,27,"Mineral Fuels (Oil, Gas, Coal)",import
India,68856832.08,2157343344.79,56025.67,KGM,2022,12,27,"Mineral Fuels (Oil, Gas, Coal)",import
United States of America,53065140.71,1712046230.84,34619.06,KGM,2022,12,27,"Mineral Fuels (Oil, Gas, Coal)",import
Nigeria,37440301.65,1225500693.48,24993.06,KGM,2022,12,27,"Mineral Fuels (Oil, Gas, Coal)",import
Angola,27632494.79,917283141.99,20082.56,KGM,2022,12,27,"Mineral Fuels (Oil, Gas, Coal)",import
Brazil,30943804.54,1113798370.66,22761.26,KGM,2022,12,27,"Mineral Fuels (Oil, Gas, Coal)",import
Saudi Arabia,875368666.77,29038200668.53,769940.31,KGM,2023,1,27,"Mineral Fuels (Oil, Gas, Coal)",import
United Arab Emirates,655535111.42,21601174501.17,531464.09,KGM,2023,1,27,"Mineral Fuels (Oil, Gas, Coal)",import
Kuwait,490219909.95,14506483411.8,390269.13,KGM,2023,1,27,"Mineral Fuels (Oil, Gas, Coal)",import
Qatar,350593342.73,11274241174.25,304679.3,KGM,2023,1,27,"Mineral Fuels (Oil, Gas, Coal)",import
Oman,209621358.42,6918170927.25,204619.93,KGM,2023,1,27,"Mineral Fuels (Oil, Gas, Coal)",import
Iran,139843757.28,4605500008.61,95660.8,KGM,2023,1,27,"Mineral Fuels (Oil, Gas, Coal)",import
Iraq,219528172.53,7265235586.56,230077.82,KGM,2023,1,27,"Mineral Fuels (Oil, Gas, Coal)",import
Bahrain,60987189.76,2033143673.55,38124.31,KGM,2023,1,27,"Mineral Fuels (Oil, Gas, Coal)",import
Russian Federation,160035871.8,5453525932.07,127072.51,KGM,2023,1,27,"Mineral Fuels (Oil, Gas, Coal)",import
Malaysia,171696102.04,5455533209.56,113334.21,KGM,2023,1,27,"Mineral Fuels (Oil, Gas, Coal)",import
Indonesia,97072218.07,3293805612.89,83555.11,KGM,2023,1,27,"Mineral Fuels (Oil, Gas, Coal)",import
Australia,227642968.35,7598346039.87,128713.66,KGM,2023,1,27,"Mineral Fuels (Oil, Gas, Coal)",import
India,82523948.13,2481898093.74,66364.06,KGM,2023,1,27,"Mineral Fuels (Oil, Gas, Coal)",import
United States of America,47621338.53,1777988603.99,44235.32,KGM,2023,1,27,"Mineral Fuels (Oil, Gas, Coal)",import
Nigeria,38242521.93,1204111513.27,26916.92,KGM,2023,1,27,"Mineral Fuels (Oil, Gas, Coal)",import
Angola,29103417.51,923390309.11,20415.04,KGM,2023,1,27,"Mineral Fuels (Oil, Gas, Coal)",import
Brazil,29168469.11,986352492.08,24340.15,KGM,2023,1,27,"Mineral Fuels (Oil, Gas, Coal)",import
Saudi Arabia,837477760.34,25560322188.34,671874.2,KGM,2023,2,27,"Mineral Fuels (Oil, Gas, Coal)",import
United Arab Emirates,634970327.69,21398171429.37,434749.29,KGM,2023,2,27,"Mineral Fuels (Oil, Gas, Coal)",import
Kuwait,525576188.17,17254952321.57,372235.42,KGM,2023,2,27,"Mineral Fuels (Oil, Gas, Coal)",import
Qatar,410424268.53,14311185398.02,319739.75,KGM,2023,2,27,"Mineral Fuels (Oil, Gas, Coal)",import
Oman,237218022.07,8201047749.23,169487.17,KGM,2023,2,27,"Mineral Fuels (Oil, Gas, Coal)",import
Iran,155025606.06,5472276125.85,91326.76,KGM,2023,2,27,"Mineral Fuels (Oil, Gas, Coal)",import
Iraq,298071836.08,10286440268.84,234371.61,KGM,2023,2,27,"Mineral Fuels (Oil, Gas, Coal)",import
Bahrain,54255607.46,1759771773.13,50523.99,KGM,2023,2,27,"Mineral Fuels (Oil, Gas, Coal)",import
Russian Federation,147099726.02,4979404093.12,119716.62,KGM,2023,2,27,"Mineral Fuels (Oil, Gas, Coal)",import
Malaysia,124988755.03,4347599503.49,129821.15,KGM,2023,2,27,"Mineral Fuels (Oil, Gas, Coal)",import
Indonesia,104297862.83,3482171096.84,73619.41,KGM,2023,2,27,"Mineral Fuels (Oil, Gas, Coal)",import
Australia,151952501.96,5101007530.24,152251.19,KGM,2023,2,27,"Mineral Fuels (Oil, Gas, Coal)",import
India,72935543.43,2340578573.76,65421.3,KGM,2023,2,27,"Mineral Fuels (Oil, Gas, Coal)",import
United States of America,45432914.02,1435536827.99,37688.34,KGM,2023,2,27,"Mineral Fuels (Oil, Gas, Coal)",import
Nigeria,33862596.47,1100936269.64,28808.99,KGM,2023,2,27,"Mineral Fuels (Oil, Gas, Coal)",import
Angola,26018214.97,902419849.2,14845.56,KGM,2023,2,27,"Mineral Fuels (Oil, Gas, Coal)",import
Brazil,30659792.56,969259892.11,21119.45,KGM,2023,2,27,"Mineral Fuels (Oil, Gas, Coal)",import
Saudi Arabia,814569331.87,28160284934.19,733312.04,KGM,2023,3,27,"Mineral Fuels (Oil, Gas, Coal)",import
United Arab Emirates,639227955.9,20500164168.47,577375.9,KGM,2023,3,27,"Mineral Fuels (Oil, Gas, Coal)",import
Kuwait,550630779.46,17373302744.75,370434.2,KGM,2023,3,27,"Mineral Fuels (Oil, Gas, Coal)",import
Qatar,445162787.11,13660161462.69,326365.69,KGM,2023,3,27,"Mineral Fuels (Oil, Gas, Coal)",import
Oman,252445414.66,8810985657.28,205255.18,KGM,2023,3,27,"Mineral Fuels (Oil, Gas, Coal)",import
Iran,168733037.99,5750512417.28,139401.41,KGM,2023,3,27,"Mineral Fuels (Oil, Gas, Coal)",import
Iraq,332107395.09,11034204535.98,215973.41,KGM,2023,3,27,"Mineral Fuels (Oil, Gas, Coal)",import
Bahrain,68119722.67,2318075525.65,59527.89,KGM,2023,3,27,"Mineral Fuels (Oil, Gas, Coal)",import
Russian Federation,216770794.54,7047299507.44,133176.36,KGM,2023,3,27,"Mineral Fuels (Oil, Gas, Coal)",import
Malaysia,160904022.81,5274780942.73,138540.62,KGM,2023,3,27,"Mineral Fuels (Oil, Gas, Coal)",import
Indonesia,102005349.16,3193909252.08,87751.17,KGM,2023,3,27,"Mineral Fuels (Oil, Gas, Coal)",import
Australia,223848796.74,6742799391.67,135964.56,KGM,2023,3,27,"Mineral Fuels (Oil, Gas, Coal)",import
India,77217656.9,2616109482.74,73191.95,KGM,2023,3,27,"Mineral Fuels (Oil, Gas, Coal)",import
United States of America,55289274.97,1811908811.85,40734.63,KGM,2023,3,27,"Mineral Fuels (Oil, Gas, Coal)",import
Nigeria,32611284.56,1085773430.15,22157.76,KGM,2023,3,27,"Mineral Fuels (Oil, Gas, Coal)",import
Angola,29088334.83,987124257.1,21103.6,KGM,2023,3,27,"Mineral Fuels (Oil, Gas, Coal)",import
Brazil,37231998.81,1221805918.95,26332.78,KGM,2023,3,27,"Mineral Fuels (Oil, Gas, Coal)",import
Saudi Arabia,974166760.09,32916921098.96,1039199.74,KGM,2023,4,27,"Mineral Fuels (Oil, Gas, Coal)",import
United Arab Emirates,600559958.21,20947288470.21,449211.03,KGM,2023,4,27,"Mineral Fuels (Oil, Gas, Coal)",import
Kuwait,475469693.04,13724578090.43,511151.32,KGM,2023,4,27,"Mineral Fuels (Oil, Gas, Coal)",import
Qatar,530229254.02,17591888731.29,387243.3,KGM,2023,4,27,"Mineral Fuels (Oil, Gas, Coal)",import
Oman,260599239.86,8876163416.86,256501.3,KGM,2023,4,27,"Mineral Fuels (Oil, Gas, Coal)",import
Iran,144777333.92,4816154946.23,99565.59,KGM,2023,4,27,"Mineral Fuels (Oil, Gas, Coal)",import
Iraq,331531151.45,10912980978.89,213670.27,KGM,2023,4,27,"Mineral Fuels (Oil, Gas, Coal)",import
Bahrain,62507381.47,2130806964.67,52324.93,KGM,2023,4,27,"Mineral Fuels (Oil, Gas, Coal)",import
Russian Federation,228633982.29,7297502608.29,173901.66,KGM,2023,4,27,"Mineral Fuels (Oil, Gas, Coal)",import
Malaysia,165023358.06,5116022225.74,126389.94,KGM,2023,4,27,"Mineral Fuels (Oil, Gas, Coal)",import
Indonesia,110326636.28,3646145274.38,102258.74,KGM,2023,4,27,"Mineral Fuels (Oil, Gas, Coal)",import
Australia,167225329.77,5213990748.32,157369.54,KGM,2023,4,27,"Mineral Fuels (Oil, Gas, Coal)",import
India,86448227.18,2830629190.3,66670.34,KGM,2023,4,27,"Mineral Fuels (Oil, Gas, Coal)",import
United States of America,51293818.16,1693332644.85,40748.43,KGM,2023,4,27,"Mineral Fuels (Oil, Gas, Coal)",import
Nigeria,36715431.3,1274320967.22,26137.61,KGM,2023,4,27,"Mineral Fuels (Oil, Gas, Coal)",import
Angola,25503044.4,852513802.48,21325.74,KGM,2023,4,27,"Mineral Fuels (Oil, Gas, Coal)",import
Brazil,34224379.24,1043372630.82,22452.24,KGM,2023,4,27,"Mineral Fuels (Oil, Gas, Coal)",import
Saudi Arabia,1018930889.33,32512123439.0,893854.19,KGM,2023,5,27,"Mineral Fuels (Oil, Gas, Coal)",import
United Arab Emirates,652650321.73,19730835878.96,669480.37,KGM,2023,5,27,"Mineral Fuels (Oil, Gas, Coal)",import
Kuwait,500460826.35,16481727437.34,523772.79,KGM,2023,5,27,"Mineral Fuels (Oil, Gas, Coal)",import
Qatar,440226502.66,14563945440.65,425694.18,KGM,2023,5,27,"Mineral Fuels (Oil, Gas, Coal)",import
Oman,261239119.44,8363005292.76,218257.98,KGM,2023,5,27,"Mineral Fuels (Oil, Gas, Coal)",import
Iran,145875945.14,4592685983.95,126255.15,KGM,2023,5,27,"Mineral Fuels (Oil, Gas, Coal)",import
Iraq,338695123.72,11610330207.67,278007.68,KGM,2023,5,27,"Mineral Fuels (Oil, Gas, Coal)",import
Bahrain,75298959.07,2541273749.45,50736.62,KGM,2023,5,27,"Mineral Fuels (Oil, Gas, Coal)",import
Russian Federation,212998225.96,6875755450.69,166294.12,KGM,2023,5,27,"Mineral Fuels (Oil, Gas, Coal)",import
Malaysia,145704178.73,4435192386.21,135710.75,KGM,2023,5,27,"Mineral Fuels (Oil, Gas, Coal)",import
Indonesia,105366858.41,3265887540.15,59184.15,KGM,2023,5,27,"Mineral Fuels (Oil, Gas, Coal)",import
Australia,185194181.05,6302558377.71,181057.1,KGM,2023,5,27,"Mineral Fuels (Oil, Gas, Coal)",import
India,76702050.37,2633291413.98,69601.56,KGM,2023,5,27,"Mineral Fuels (Oil, Gas, Coal)",import
United States of America,53263600.95,1741087594.01,35578.65,KGM,2023,5,27,"Mineral Fuels (Oil, Gas, Coal)",import
Nigeria,40202556.84,1348818704.89,27267.38,KGM,2023,5,27,"Mineral Fuels (Oil, Gas, Coal)",import
Angola,27824024.09,929833939.29,22472.64,KGM,2023,5,27,"Mineral Fuels (Oil, Gas, Coal)",import
Brazil,36302635.6,1208974971.7,26092.82,KGM,2023,5,27,"Mineral Fuels (Oil, Gas, Coal)",import
Saudi Arabia,1060396744.93,37121705911.24,809350.23,KGM,2023,6,27,"Mineral Fuels (Oil, Gas, Coal)",import
United Arab Emirates,549139084.22,17610444907.19,601234.89,KGM,2023,6,27,"Mineral Fuels (Oil, Gas, Coal)",import
Kuwait,510745891.98,15713396450.2,448860.62,KGM,2023,6,27,"Mineral Fuels (Oil, Gas, Coal)",import
Qatar,443714661.3,14495227343.25,341997.71,KGM,2023,6,27,"Mineral Fuels (Oil, Gas, Coal)",import
Oman,253879366.71,9062357224.02,259408.41,KGM,2023,6,27,"Mineral Fuels (Oil, Gas, Coal)",import
Iran,132154081.69,4531298513.33,139088.01,KGM,2023,6,27,"Mineral Fuels (Oil, Gas, Coal)",import
Iraq,363838419.33,11873450822.79,250519.18,KGM,2023,6,27,"Mineral Fuels (Oil, Gas, Coal)",import
Bahrain,63855408.33,1991334258.52,51656.52,KGM,2023,6,27,"Mineral Fuels (Oil, Gas, Coal)",import
Russian Federation,204683182.66,6693098761.48,133769.13,KGM,2023,6,27,"Mineral Fuels (Oil, Gas, Coal)",import
Malaysia,144965494.04,4636122714.74,133800.23,KGM,2023,6,27,"Mineral Fuels (Oil, Gas, Coal)",import
Indonesia,113640936.9,4021090276.07,98336.89,KGM,2023,6,27,"Mineral Fuels (Oil, Gas, Coal)",import
Australia,154715136.98,5035261514.43,146863.14,KGM,2023,6,27,"Mineral Fuels (Oil, Gas, Coal)",import
India,86636619.12,2731380682.37,52351.78,KGM,2023,6,27,"Mineral Fuels (Oil, Gas, Coal)",import
United States of America,55935780.33,1877564321.24,43963.32,KGM,2023,6,27,"Mineral Fuels (Oil, Gas, Coal)",import
Nigeria,43249349.92,1439791747.2,33966.21,KGM,2023,6,27,"Mineral Fuels (Oil, Gas, Coal)",import
Angola,27761886.37,822890517.97,23495.83,KGM,2023,6,27,"Mineral Fuels (Oil, Gas, Coal)",import
Brazil,39839494.86,1250213438.0,20004.57,KGM,2023,6,27,"Mineral Fuels (Oil, Gas, Coal)",import
Saudi Arabia,1058116031.08,30163819153.94,922208.89,KGM,2023,7,27,"Mineral Fuels (Oil, Gas, Coal)",import
United Arab Emirates,674763587.41,23273795302.22,584046.62,KGM,2023,7,27,"Mineral Fuels (Oil, Gas, Coal)",import
Kuwait,503584554.49,16152866276.58,411263.9,KGM,2023,7,27,"Mineral Fuels (Oil, Gas, Coal)",import
Qatar,455066977.24,14410206308.7,327107.5,KGM,2023,7,27,"Mineral Fuels (Oil, Gas, Coal)",import
Oman,282423802.02,9528239062.5,216702.69,KGM,2023,7,27,"Mineral Fuels (Oil, Gas, Coal)",import
Iran,165875593.69,5692405994.22,138818.64,KGM,2023,7,27,"Mineral Fuels (Oil, Gas, Coal)",import
Iraq,279405254.36,9123401906.54,239328.76,KGM,2023,7,27,"Mineral Fuels (Oil, Gas, Coal)",import
Bahrain,67513215.41,2320296584.4,49044.75,KGM,2023,7,27,"Mineral Fuels (Oil, Gas, Coal)",import
Russian Federation,243192951.88,8056134128.79,163574.31,KGM,2023,7,27,"Mineral Fuels (Oil, Gas, Coal)",import
Malaysia,176195169.58,5821964730.92,99340.7,KGM,2023,7,27,"Mineral Fuels (Oil, Gas, Coal)",import
Indonesia,118866361.2,3703894730.33,78747.44,KGM,2023,7,27,"Mineral Fuels (Oil, Gas, Coal)",import
Australia,199228146.11,6302985157.41,158834.84,KGM,2023,7,27,"Mineral Fuels (Oil, Gas, Coal)",import
India,98220829.56,3071317307.74,60323.61,KGM,2023,7,27,"Mineral Fuels (Oil, Gas, Coal)",import
United States of America,53626529.93,1771076286.18,47314.91,KGM,2023,7,27,"Mineral Fuels (Oil, Gas, Coal)",import
Nigeria,42571511.32,1499859591.7,28653.4,KGM,2023,7,27,"Mineral Fuels (Oil, Gas, Coal)",import
Angola,28587031.18,959030316.59,24015.45,KGM,2023,7,27,"Mineral Fuels (Oil, Gas, Coal)",import
Brazil,36624190.99,1181602039.38,23872.9,KGM,2023,7,27,"Mineral Fuels (Oil, Gas, Coal)",import
Saudi Arabia,1265299001.45,39577795611.07,1043442.44,KGM,2023,8,27,"Mineral Fuels (Oil, Gas, Coal)",import
United Arab Emirates,714372438.14,22827380353.38,520925.52,KGM,2023,8,27,"Mineral Fuels (Oil, Gas, Coal)",import
Kuwait,573455235.17,19312535075.49,499636.49,KGM,2023,8,27,"Mineral Fuels (Oil, Gas, Coal)",import
Qatar,472288399.76,15330498335.76,408291.09,KGM,2023,8,27,"Mineral Fuels (Oil, Gas, Coal)",import
Oman,290275863.89,8674679536.42,256555.34,KGM,2023,8,27,"Mineral Fuels (Oil, Gas, Coal)",import
Iran,180607798.65,6292825701.12,107490.92,KGM,2023,8,27,"Mineral Fuels (Oil, Gas, Coal)",import
Iraq,326284052.54,11107656625.3,234532.22,KGM,2023,8,27,"Mineral Fuels (Oil, Gas, Coal)",import
Bahrain,72234810.62,2247983450.11,48346.69,KGM,2023,8,27,"Mineral Fuels (Oil, Gas, Coal)",import
Russian Federation,205169949.58,6443934801.58,140987.98,KGM,2023,8,27,"Mineral Fuels (Oil, Gas, Coal)",import
Malaysia,169206012.09,5692057917.22,116559.14,KGM,2023,8,27,"Mineral Fuels (Oil, Gas, Coal)",import
Indonesia,128131953.3,4253369223.75,86326.49,KGM,2023,8,27,"Mineral Fuels (Oil, Gas, Coal)",import
Australia,251286384.59,8741462469.45,141314.0,KGM,2023,8,27,"Mineral Fuels (Oil, Gas, Coal)",import
India,92592224.61,3234952122.69,72677.99,KGM,2023,8,27,"Mineral Fuels (Oil, Gas, Coal)",import
United States of America,57321744.52,1985731845.12,40872.53,KGM,2023,8,27,"Mineral Fuels (Oil, Gas, Coal)",import
Nigeria,46555319.56,1539433258.51,37331.74,KGM,2023,8,27,"Mineral Fuels (Oil, Gas, Coal)",import
Angola,25882011.86,890686603.95,22477.92,KGM,2023,8,27,"Mineral Fuels (Oil, Gas, Coal)",import
Brazil,38418028.6,1285968951.07,26050.45,KGM,2023,8,27,"Mineral Fuels (Oil, Gas, Coal)",import
Saudi Arabia,988018082.35,31443711893.86,1001901.84,KGM,2023,9,27,"Mineral Fuels (Oil, Gas, Coal)",import
United Arab Emirates,766292393.3,26473198223.96,482766.73,KGM,2023,9,27,"Mineral Fuels (Oil, Gas, Coal)",import
Kuwait,586693112.2,19969293742.91,405994.21,KGM,2023,9,27,"Mineral Fuels (Oil, Gas, Coal)",import
Qatar,467988361.26,15251194451.27,427259.07,KGM,2023,9,27,"Mineral Fuels (Oil, Gas, Coal)",import
Oman,235287840.69,7612591721.64,197592.65,KGM,2023,9,27,"Mineral Fuels (Oil, Gas, Coal)",import
Iran,193850359.23,6869241031.87,148933.64,KGM,2023,9,27,"Mineral Fuels (Oil, Gas, Coal)",import
Iraq,413995391.05,13544798867.81,262032.37,KGM,2023,9,27,"Mineral Fuels (Oil, Gas, Coal)",import
Bahrain,68127856.14,2060033622.59,51487.45,KGM,2023,9,27,"Mineral Fuels (Oil, Gas, Coal)",import
Russian Federation,212835652.39,7012667036.84,142083.0,KGM,2023,9,27,"Mineral Fuels (Oil, Gas, Coal)",import
Malaysia,206598123.84,6878098003.08,126185.28,KGM,2023,9,27,"Mineral Fuels (Oil, Gas, Coal)",import
Indonesia,123986778.85,4145959960.54,92613.69,KGM,2023,9,27,"Mineral Fuels (Oil, Gas, Coal)",import
Australia,205425392.13,6483222133.21,163325.34,KGM,2023,9,27,"Mineral Fuels (Oil, Gas, Coal)",import
India,92473379.75,3186321262.63,53156.61,KGM,2023,9,27,"Mineral Fuels (Oil, Gas, Coal)",import
United States of America,48861378.38,1586493468.54,49974.98,KGM,2023,9,27,"Mineral Fuels (Oil, Gas, Coal)",import
Nigeria,37378543.78,1285565911.78,35935.73,KGM,2023,9,27,"Mineral Fuels (Oil, Gas, Coal)",import
Angola,27174980.48,803628666.1,24337.0,KGM,2023,9,27,"Mineral Fuels (Oil, Gas, Coal)",import
Brazil,30833581.68,1007163408.21,32342.49,KGM,2023,9,27,"Mineral Fuels (Oil, Gas, Coal)",import
Saudi Arabia,689042673.22,21784014721.29,620568.58,KGM,2023,10,27,"Mineral Fuels (Oil, Gas, Coal)",import
United Arab Emirates,520417305.17,17313449822.9,404524.66,KGM,2023,10,27,"Mineral Fuels (Oil, Gas, Coal)",import
Kuwait,420419085.24,14141562313.79,393951.28,KGM,2023,10,27,"Mineral Fuels (Oil, Gas, Coal)",import
Qatar,387393987.17,12558091561.98,337787.6,KGM,2023,10,27,"Mineral Fuels (Oil, Gas, Coal)",import
Oman,184968578.28,6141652765.73,193871.18,KGM,2023,10,27,"Mineral Fuels (Oil, Gas, Coal)",import
Iran,128777871.82,4130513794.57,93884.36,KGM,2023,10,27,"Mineral Fuels (Oil, Gas, Coal)",import
Iraq,287004273.08,9808582011.96,236691.83,KGM,2023,10,27,"Mineral Fuels (Oil, Gas, Coal)",import
Bahrain,57116352.82,1896107790.91,45226.85,KGM,2023,10,27,"Mineral Fuels (Oil, Gas, Coal)",import
Russian Federation,155975672.13,5059760134.4,145454.5,KGM,2023,10,27,"Mineral Fuels (Oil, Gas, Coal)",import
Malaysia,131707032.0,4216080576.97,91803.26,KGM,2023,10,27,"Mineral Fuels (Oil, Gas, Coal)",import
Indonesia,82672432.04,2827130783.65,61202.78,KGM,2023,10,27,"Mineral Fuels (Oil, Gas, Coal)",import
Australia,137358608.22,4560135762.98,128520.35,KGM,2023,10,27,"Mineral Fuels (Oil, Gas, Coal)",import
India,52004698.36,1736101411.83,48114.55,KGM,2023,10,27,"Mineral Fuels (Oil, Gas, Coal)",import
United States of America,44151062.83,1501813073.94,33038.44,KGM,2023,10,27,"Mineral Fuels (Oil, Gas, Coal)",import
Nigeria,31404899.02,1048216414.18,25443.22,KGM,2023,10,27,"Mineral Fuels (Oil, Gas, Coal)",import
Angola,23130272.81,746408518.78,15561.25,KGM,2023,10,27,"Mineral Fuels (Oil, Gas, Coal)",import
Brazil,24690099.88,867594095.57,20324.16,KGM,2023,10,27,"Mineral Fuels (Oil, Gas, Coal)",import
Saudi Arabia,878635764.94,28203618974.57,574593.84,KGM,2023,11,27,"Mineral Fuels (Oil, Gas, Coal)",import
United Arab Emirates,538761529.63,17192952512.92,370319.35,KGM,2023,11,27,"Mineral Fuels (Oil, Gas, Coal)",import
Kuwait,471405764.05,16231443373.35,307948.5,KGM,2023,11,27,"Mineral Fuels (Oil, Gas, Coal)",import
Qatar,409221040.52,12958007232.19,265263.47,KGM,2023,11,27,"Mineral Fuels (Oil, Gas, Coal)",import
Oman,202023079.77,6703439087.79,144495.36,KGM,2023,11,27,"Mineral Fuels (Oil, Gas, Coal)",import
Iran,122092425.53,4284884364.76,104039.85,KGM,2023,11,27,"Mineral Fuels (Oil, Gas, Coal)",import
Iraq,280930084.95,8442209581.86,219957.33,KGM,2023,11,27,"Mineral Fuels (Oil, Gas, Coal)",import
Bahrain,54242894.85,1545066345.64,50141.43,KGM,2023,11,27,"Mineral Fuels (Oil, Gas, Coal)",import
Russian Federation,166561958.78,5284229359.49,122272.2,KGM,2023,11,27,"Mineral Fuels (Oil, Gas, Coal)",import
Malaysia,134642548.48,4599772661.18,120184.81,KGM,2023,11,27,"Mineral Fuels (Oil, Gas, Coal)",import
Indonesia,80019246.41,2657994622.87,58956.21,KGM,2023,11,27,"Mineral Fuels (Oil, Gas, Coal)",import
Australia,169425723.91,5517251366.3,118866.18,KGM,2023,11,27,"Mineral Fuels (Oil, Gas, Coal)",import
India,79916963.16,2775131971.01,56316.5,KGM,2023,11,27,"Mineral Fuels (Oil, Gas, Coal)",import
United States of America,35484220.0,1174954289.69,30420.63,KGM,2023,11,27,"Mineral Fuels (Oil, Gas, Coal)",import
Nigeria,28044054.91,984780125.84,29719.18,KGM,2023,11,27,"Mineral Fuels (Oil, Gas, Coal)",import
Angola,19667506.21,648902262.62,20178.82,KGM,2023,11,27,"Mineral Fuels (Oil, Gas, Coal)",import
Brazil,32694645.1,1107180914.39,21136.72,KGM,2023,11,27,"Mineral Fuels (Oil, Gas, Coal)",import
Saudi Arabia,822252235.4,27764249642.96,665491.01,KGM,2023,12,27,"Mineral Fuels (Oil, Gas, Coal)",import
United Arab Emirates,444437394.4,14122319865.13,382890.02,KGM,2023,12,27,"Mineral Fuels (Oil, Gas, Coal)",import
Kuwait,366126550.44,11104134087.0,250106.18,KGM,2023,12,27,"Mineral Fuels (Oil, Gas, Coal)",import
Qatar,317151266.97,10906421982.56,290687.14,KGM,2023,12,27,"Mineral Fuels (Oil, Gas, Coal)",import
Oman,178842957.48,5749158663.76,174497.65,KGM,2023,12,27,"Mineral Fuels (Oil, Gas, Coal)",import
Iran,87442584.87,2730675716.96,63889.35,KGM,2023,12,27,"Mineral Fuels (Oil, Gas, Coal)",import
Iraq,243806721.71,8214199039.51,166583.89,KGM,2023,12,27,"Mineral Fuels (Oil, Gas, Coal)",import
Bahrain,52501445.49,1770230592.66,31303.13,KGM,2023,12,27,"Mineral Fuels (Oil, Gas, Coal)",import
Russian Federation,142528936.59,4992976272.27,97017.0,KGM,2023,12,27,"Mineral Fuels (Oil, Gas, Coal)",import
Malaysia,105079239.82,3800444981.9,82567.78,KGM,2023,12,27,"Mineral Fuels (Oil, Gas, Coal)",import
Indonesia,75898611.96,2658905933.94,64109.38,KGM,2023,12,27,"Mineral Fuels (Oil, Gas, Coal)",import
Australia,126442989.63,4077427169.27,124418.48,KGM,2023,12,27,"Mineral Fuels (Oil, Gas, Coal)",import
India,51149805.31,1640215832.53,41864.25,KGM,2023,12,27,"Mineral Fuels (Oil, Gas, Coal)",import
United States of America,39029024.96,1259199808.73,29776.32,KGM,2023,12,27,"Mineral Fuels (Oil, Gas, Coal)",import
Nigeria,28872401.21,938580971.01,20923.86,KGM,2023,12,27,"Mineral Fuels (Oil, Gas, Coal)",import
Angola,18119786.78,608548898.21,15227.88,KGM,2023,12,27,"Mineral Fuels (Oil, Gas, Coal)",import
Brazil,21721236.34,709554785.45,19865.01,KGM,2023,12,27,"Mineral Fuels (Oil, Gas, Coal)",import
Saudi Arabia,662000898.83,22822327218.48,466885.13,KGM,2024,1,27,"Mineral Fuels (Oil, Gas, Coal)",import
United Arab Emirates,443298570.62,15324257237.1,363162.92,KGM,2024,1,27,"Mineral Fuels (Oil, Gas, Coal)",import
Kuwait,337290271.28,11165883480.1,236626.03,KGM,2024,1,27,"Mineral Fuels (Oil, Gas, Coal)",import
Qatar,319469498.4,11248714754.56,240119.5,KGM,2024,1,27,"Mineral Fuels (Oil, Gas, Coal)",import
Oman,133069990.09,4549227885.44,160722.75,KGM,2024,1,27,"Mineral Fuels (Oil, Gas, Coal)",import
Iran,111113646.28,3880736673.57,50978.6,KGM,2024,1,27,"Mineral Fuels (Oil, Gas, Coal)",import
Iraq,198652314.88,6504693449.26,166310.53,KGM,2024,1,27,"Mineral Fuels (Oil, Gas, Coal)",import
Bahrain,46078843.35,1582313420.55,38137.82,KGM,2024,1,27,"Mineral Fuels (Oil, Gas, Coal)",import
Russian Federation,143661574.25,4830460106.12,109485.13,KGM,2024,1,27,"Mineral Fuels (Oil, Gas, Coal)",import
Malaysia,94669651.02,3251257843.83,77346.81,KGM,2024,1,27,"Mineral Fuels (Oil, Gas, Coal)",import
Indonesia,76770792.0,2474197862.81,61594.3,KGM,2024,1,27,"Mineral Fuels (Oil, Gas, Coal)",import
Australia,144918611.74,5016508419.49,91452.74,KGM,2024,1,27,"Mineral Fuels (Oil, Gas, Coal)",import
India,51743993.43,1589463548.86,51094.08,KGM,2024,1,27,"Mineral Fuels (Oil, Gas, Coal)",import
United States of America,41665977.13,1351260184.31,27106.91,KGM,2024,1,27,"Mineral Fuels (Oil, Gas, Coal)",import
Nigeria,27082589.32,890787162.69,19474.28,KGM,2024,1,27,"Mineral Fuels (Oil, Gas, Coal)",import
Angola,16403663.88,553300978.4,12976.08,KGM,2024,1,27,"Mineral Fuels (Oil, Gas, Coal)",import
Brazil,20141659.38,623199319.06,16077.43,KGM,2024,1,27,"Mineral Fuels (Oil, Gas, Coal)",import
Saudi Arabia,649768543.22,20617870322.89,633556.51,KGM,2024,2,27,"Mineral Fuels (Oil, Gas, Coal)",import
United Arab Emirates,396367496.14,12859669891.67,350086.47,KGM,2024,2,27,"Mineral Fuels (Oil, Gas, Coal)",import
Kuwait,418355733.55,14016099982.88,268361.93,KGM,2024,2,27,"Mineral Fuels (Oil, Gas, Coal)",import
Qatar,327611978.36,10925836994.93,266058.48,KGM,2024,2,27,"Mineral Fuels (Oil, Gas, Coal)",import
Oman,168306212.93,5528919615.51,170088.6,KGM,2024,2,27,"Mineral Fuels (Oil, Gas, Coal)",import
Iran,98104103.19,2983325685.91,75746.32,KGM,2024,2,27,"Mineral Fuels (Oil, Gas, Coal)",import
Iraq,231396580.58,7634100790.32,122862.53,KGM,2024,2,27,"Mineral Fuels (Oil, Gas, Coal)",import
Bahrain,41889525.69,1267263846.08,43408.68,KGM,2024,2,27,"Mineral Fuels (Oil, Gas, Coal)",import
Russian Federation,116736001.42,3817699869.42,100961.27,KGM,2024,2,27,"Mineral Fuels (Oil, Gas, Coal)",import
Malaysia,96997111.71,3017643766.23,81312.01,KGM,2024,2,27,"Mineral Fuels (Oil, Gas, Coal)",import
Indonesia,70869092.27,2335940668.77,39490.63,KGM,2024,2,27,"Mineral Fuels (Oil, Gas, Coal)",import
Australia,120594486.22,4297139300.48,115154.61,KGM,2024,2,27,"Mineral Fuels (Oil, Gas, Coal)",import
India,49619831.65,1613925989.56,47906.55,KGM,2024,2,27,"Mineral Fuels (Oil, Gas, Coal)",import
United States of America,30907139.63,1044079173.32,33104.25,KGM,2024,2,27,"Mineral Fuels (Oil, Gas, Coal)",import
Nigeria,25670763.97,857694175.23,22220.22,KGM,2024,2,27,"Mineral Fuels (Oil, Gas, Coal)",import
Angola,16987841.55,553705018.32,11506.73,KGM,2024,2,27,"Mineral Fuels (Oil, Gas, Coal)",import
Brazil,22715507.89,780356942.15,16854.23,KGM,2024,2,27,"Mineral Fuels (Oil, Gas, Coal)",import
Saudi Arabia,794090017.95,24633658666.85,547330.74,KGM,2024,3,27,"Mineral Fuels (Oil, Gas, Coal)",import
United Arab Emirates,470456108.89,15762388568.08,358320.78,KGM,2024,3,27,"Mineral Fuels (Oil, Gas, Coal)",import
Kuwait,354915211.27,12272827663.97,283310.18,KGM,2024,3,27,"Mineral Fuels (Oil, Gas, Coal)",import
Qatar,339536672.14,11213695242.04,245091.26,KGM,2024,3,27,"Mineral Fuels (Oil, Gas, Coal)",import
Oman,217550559.33,7372663628.16,158342.16,KGM,2024,3,27,"Mineral Fuels (Oil, Gas, Coal)",import
Iran,106083429.57,3869621532.74,103073.34,KGM,2024,3,27,"Mineral Fuels (Oil, Gas, Coal)",import
Iraq,220069535.01,7320241905.36,164071.9,KGM,2024,3,27,"Mineral Fuels (Oil, Gas, Coal)",import
Bahrain,51981515.54,1633269115.95,37818.16,KGM,2024,3,27,"Mineral Fuels (Oil, Gas, Coal)",import
Russian Federation,141833629.92,4593913585.02,122945.54,KGM,2024,3,27,"Mineral Fuels (Oil, Gas, Coal)",import
Malaysia,121678474.12,4059235990.01,104596.26,KGM,2024,3,27,"Mineral Fuels (Oil, Gas, Coal)",import
Indonesia,76261269.42,2418690887.06,67268.71,KGM,2024,3,27,"Mineral Fuels (Oil, Gas, Coal)",import
Australia,129700981.03,4184436502.08,111043.0,KGM,2024,3,27,"Mineral Fuels (Oil, Gas, Coal)",import
India,52748581.68,1912557537.38,55963.93,KGM,2024,3,27,"Mineral Fuels (Oil, Gas, Coal)",import
United States of America,36885020.34,1206812792.01,30926.68,KGM,2024,3,27,"Mineral Fuels (Oil, Gas, Coal)",import
Nigeria,31854225.16,966269388.6,26537.07,KGM,2024,3,27,"Mineral Fuels (Oil, Gas, Coal)",import
Angola,20028823.15,713775347.04,12896.46,KGM,2024,3,27,"Mineral Fuels (Oil, Gas, Coal)",import
Brazil,24950561.5,814336873.42,17229.78,KGM,2024,3,27,"Mineral Fuels (Oil, Gas, Coal)",import
Saudi Arabia,766102584.1,26478703182.84,670889.11,KGM,2024,4,27,"Mineral Fuels (Oil, Gas, Coal)",import
United Arab Emirates,436448704.21,15454009289.32,481485.61,KGM,2024,4,27,"Mineral Fuels (Oil, Gas, Coal)",import
Kuwait,359922861.88,12801093102.9,318316.8,KGM,2024,4,27,"Mineral Fuels (Oil, Gas, Coal)",import
Qatar,387697164.45,13267582282.19,264957.42,KGM,2024,4,27,"Mineral Fuels (Oil, Gas, Coal)",import
Oman,256337243.31,8215872066.04,159771.06,KGM,2024,4,27,"Mineral Fuels (Oil, Gas, Coal)",import
Iran,120375330.32,3877673975.72,97468.87,KGM,2024,4,27,"Mineral Fuels (Oil, Gas, Coal)",import
Iraq,257418688.0,8237835421.7,167537.09,KGM,2024,4,27,"Mineral Fuels (Oil, Gas, Coal)",import
Bahrain,53044870.65,1822343343.57,31138.49,KGM,2024,4,27,"Mineral Fuels (Oil, Gas, Coal)",import
Russian Federation,118157773.14,3810769187.81,93749.84,KGM,2024,4,27,"Mineral Fuels (Oil, Gas, Coal)",import
Malaysia,121729603.28,4027598502.52,109723.21,KGM,2024,4,27,"Mineral Fuels (Oil, Gas, Coal)",import
Indonesia,76944938.59,2438666089.08,67501.42,KGM,2024,4,27,"Mineral Fuels (Oil, Gas, Coal)",import
Australia,149980961.61,4967952240.85,101302.62,KGM,2024,4,27,"Mineral Fuels (Oil, Gas, Coal)",import
India,58399290.92,1941633984.55,42765.69,KGM,2024,4,27,"Mineral Fuels (Oil, Gas, Coal)",import
United States of America,40070399.11,1225815613.61,36007.12,KGM,2024,4,27,"Mineral Fuels (Oil, Gas, Coal)",import
Nigeria,29358768.81,1007142085.6,21507.82,KGM,2024,4,27,"Mineral Fuels (Oil, Gas, Coal)",import
Angola,21209403.07,677518476.43,16739.6,KGM,2024,4,27,"Mineral Fuels (Oil, Gas, Coal)",import
Brazil,26836086.7,815737438.25,16101.14,KGM,2024,4,27,"Mineral Fuels (Oil, Gas, Coal)",import
Saudi Arabia,702292384.51,23886892914.42,641413.07,KGM,2024,5,27,"Mineral Fuels (Oil, Gas, Coal)",import
United Arab Emirates,353393366.15,11731482353.52,466388.48,KGM,2024,5,27,"Mineral Fuels (Oil, Gas, Coal)",import
Kuwait,339397163.01,11756306418.7,325900.59,KGM,2024,5,27,"Mineral Fuels (Oil, Gas, Coal)",import
Qatar,373299063.26,11553841207.11,318909.66,KGM,2024,5,27,"Mineral Fuels (Oil, Gas, Coal)",import
Oman,192918144.64,6863327352.86,143134.95,KGM,2024,5,27,"Mineral Fuels (Oil, Gas, Coal)",import
Iran,128470306.34,4149409199.05,129602.54,KGM,2024,5,27,"Mineral Fuels (Oil, Gas, Coal)",import
Iraq,233332414.36,8182392801.45,197800.74,KGM,2024,5,27,"Mineral Fuels (Oil, Gas, Coal)",import
Bahrain,48470460.31,1606555154.64,40851.03,KGM,2024,5,27,"Mineral Fuels (Oil, Gas, Coal)",import
Russian Federation,151533654.24,4969404264.08,111296.75,KGM,2024,5,27,"Mineral Fuels (Oil, Gas, Coal)",import
Malaysia,118575261.09,4080800245.51,96512.31,KGM,2024,5,27,"Mineral Fuels (Oil, Gas, Coal)",import
Indonesia,94673055.68,3068543986.0,57905.12,KGM,2024,5,27,"Mineral Fuels (Oil, Gas, Coal)",import
Australia,138484976.66,4458174261.64,123461.1,KGM,2024,5,27,"Mineral Fuels (Oil, Gas, Coal)",import
India,61822773.38,1805920641.79,54696.62,KGM,2024,5,27,"Mineral Fuels (Oil, Gas, Coal)",import
United States of America,42229414.06,1422735707.73,30421.84,KGM,2024,5,27,"Mineral Fuels (Oil, Gas, Coal)",import
Nigeria,27481282.88,944529519.72,27616.76,KGM,2024,5,27,"Mineral Fuels (Oil, Gas, Coal)",import
Angola,21268808.7,678082998.45,17632.51,KGM,2024,5,27,"Mineral Fuels (Oil, Gas, Coal)",import
Brazil,23597508.99,751543053.71,21942.13,KGM,2024,5,27,"Mineral Fuels (Oil, Gas, Coal)",import
Saudi Arabia,939801093.68,31720957436.23,631372.74,KGM,2024,6,27,"Mineral Fuels (Oil, Gas, Coal)",import
United Arab Emirates,620918361.27,20554349072.27,375757.2,KGM,2024,6,27,"Mineral Fuels (Oil, Gas, Coal)",import
Kuwait,453829489.82,14753214781.69,365932.51,KGM,2024,6,27,"Mineral Fuels (Oil, Gas, Coal)",import
Qatar,340668677.9,11981926057.23,279345.03,KGM,2024,6,27,"Mineral Fuels (Oil, Gas, Coal)",import
Oman,199545654.53,6457261521.08,165759.38,KGM,2024,6,27,"Mineral Fuels (Oil, Gas, Coal)",import
Iran,131854888.9,4152749853.19,100370.9,KGM,2024,6,27,"Mineral Fuels (Oil, Gas, Coal)",import
Iraq,231734328.75,7358264285.64,156043.35,KGM,2024,6,27,"Mineral Fuels (Oil, Gas, Coal)",import
Bahrain,55393180.62,1884937847.85,47576.64,KGM,2024,6,27,"Mineral Fuels (Oil, Gas, Coal)",import
Russian Federation,162495159.37,5551220055.49,121294.97,KGM,2024,6,27,"Mineral Fuels (Oil, Gas, Coal)",import
Malaysia,126690945.73,4162093014.31,119867.52,KGM,2024,6,27,"Mineral Fuels (Oil, Gas, Coal)",import
Indonesia,93137439.38,3176281456.12,72578.26,KGM,2024,6,27,"Mineral Fuels (Oil, Gas, Coal)",import
Australia,122988083.86,4035083824.46,136898.24,KGM,2024,6,27,"Mineral Fuels (Oil, Gas, Coal)",import
India,58848689.67,1941513565.7,40499.14,KGM,2024,6,27,"Mineral Fuels (Oil, Gas, Coal)",import
United States of America,41192746.08,1268327936.56,27708.5,KGM,2024,6,27,"Mineral Fuels (Oil, Gas, Coal)",import
Nigeria,32289612.21,1074773444.88,27209.73,KGM,2024,6,27,"Mineral Fuels (Oil, Gas, Coal)",import
Angola,22889875.83,753499761.41,16251.77,KGM,2024,6,27,"Mineral Fuels (Oil, Gas, Coal)",import
Brazil,23306338.39,833947241.9,16684.16,KGM,2024,6,27,"Mineral Fuels (Oil, Gas, Coal)",import
Saudi Arabia,896069573.55,29779642745.43,536386.63,KGM,2024,7,27,"Mineral Fuels (Oil, Gas, Coal)",import
United Arab Emirates,498091419.97,16131424438.18,389266.16,KGM,2024,7,27,"Mineral Fuels (Oil, Gas, Coal)",import
Kuwait,417846083.17,14041127105.28,353614.3,KGM,2024,7,27,"Mineral Fuels (Oil, Gas, Coal)",import
Qatar,347942993.5,11971055752.26,276434.16,KGM,2024,7,27,"Mineral Fuels (Oil, Gas, Coal)",import
Oman,210576829.38,6937695397.4,162404.36,KGM,2024,7,27,"Mineral Fuels (Oil, Gas, Coal)",import
Iran,124919141.4,4276270551.85,91170.9,KGM,2024,7,27,"Mineral Fuels (Oil, Gas, Coal)",import
Iraq,224497933.05,7614219873.73,191313.33,KGM,2024,7,27,"Mineral Fuels (Oil, Gas, Coal)",import
Bahrain,44612683.35,1476439646.94,32652.37,KGM,2024,7,27,"Mineral Fuels (Oil, Gas, Coal)",import
Russian Federation,125331584.73,4278180005.94,101930.34,KGM,2024,7,27,"Mineral Fuels (Oil, Gas, Coal)",import
Malaysia,118277218.01,3689395061.77,111501.36,KGM,2024,7,27,"Mineral Fuels (Oil, Gas, Coal)",import
Indonesia,79743683.46,2491529795.97,67487.99,KGM,2024,7,27,"Mineral Fuels (Oil, Gas, Coal)",import
Australia,166510656.25,5092906482.78,128149.74,KGM,2024,7,27,"Mineral Fuels (Oil, Gas, Coal)",import
India,60147133.91,1931620092.25,50537.01,KGM,2024,7,27,"Mineral Fuels (Oil, Gas, Coal)",import
United States of America,34293543.76,1245433979.23,33275.96,KGM,2024,7,27,"Mineral Fuels (Oil, Gas, Coal)",import
Nigeria,29019291.75,924890294.57,28697.66,KGM,2024,7,27,"Mineral Fuels (Oil, Gas, Coal)",import
Angola,20558785.59,678180462.35,17590.58,KGM,2024,7,27,"Mineral Fuels (Oil, Gas, Coal)",import
Brazil,24407258.76,874687390.67,21878.6,KGM,2024,7,27,"Mineral Fuels (Oil, Gas, Coal)",import
Saudi Arabia,854073164.86,27941321870.7,622242.44,KGM,2024,8,27,"Mineral Fuels (Oil, Gas, Coal)",import
United Arab Emirates,648794724.65,20831747205.58,421286.49,KGM,2024,8,27,"Mineral Fuels (Oil, Gas, Coal)",import
Kuwait,367103346.85,12314619951.82,258990.6,KGM,2024,8,27,"Mineral Fuels (Oil, Gas, Coal)",import
Qatar,386500467.87,12745836329.2,276387.83,KGM,2024,8,27,"Mineral Fuels (Oil, Gas, Coal)",import
Oman,183025291.84,6172023363.19,168475.22,KGM,2024,8,27,"Mineral Fuels (Oil, Gas, Coal)",import
Iran,117716528.22,3736833555.4,119681.6,KGM,2024,8,27,"Mineral Fuels (Oil, Gas, Coal)",import
Iraq,266454519.57,8762107940.85,228388.97,KGM,2024,8,27,"Mineral Fuels (Oil, Gas, Coal)",import
Bahrain,50845152.79,1781411395.5,34349.03,KGM,2024,8,27,"Mineral Fuels (Oil, Gas, Coal)",import
Russian Federation,152824369.72,5197416327.66,132392.52,KGM,2024,8,27,"Mineral Fuels (Oil, Gas, Coal)",import
Malaysia,116558194.58,4079737701.4,97139.56,KGM,2024,8,27,"Mineral Fuels (Oil, Gas, Coal)",import
Indonesia,73651755.55,2348216150.85,83269.89,KGM,2024,8,27,"Mineral Fuels (Oil, Gas, Coal)",import
Australia,137128183.14,4979470221.48,126347.17,KGM,2024,8,27,"Mineral Fuels (Oil, Gas, Coal)",import
India,50302669.46,1695924194.75,48907.15,KGM,2024,8,27,"Mineral Fuels (Oil, Gas, Coal)",import
United States of America,41597004.32,1327899104.59,34686.02,KGM,2024,8,27,"Mineral Fuels (Oil, Gas, Coal)",import
Nigeria,29228402.37,915000042.65,24431.47,KGM,2024,8,27,"Mineral Fuels (Oil, Gas, Coal)",import
Angola,20636120.68,666442118.55,15809.41,KGM,2024,8,27,"Mineral Fuels (Oil, Gas, Coal)",import
Brazil,26741399.66,873276903.84,16199.95,KGM,2024,8,27,"Mineral Fuels (Oil, Gas, Coal)",import
Saudi Arabia,1041124327.04,36364651551.24,588068.72,KGM,2024,9,27,"Mineral Fuels (Oil, Gas, Coal)",import
United Arab Emirates,531168630.39,16476339670.5,392045.99,KGM,2024,9,27,"Mineral Fuels (Oil, Gas, Coal)",import
Kuwait,428528309.06,13891252208.03,397067.23,KGM,2024,9,27,"Mineral Fuels (Oil, Gas, Coal)",import
Qatar,366802946.81,12292045860.97,331706.17,KGM,2024,9,27,"Mineral Fuels (Oil, Gas, Coal)",import
Oman,178088347.43,6280882589.43,171056.03,KGM,2024,9,27,"Mineral Fuels (Oil, Gas, Coal)",import
Iran,126319131.93,4242089824.87,68061.69,KGM,2024,9,27,"Mineral Fuels (Oil, Gas, Coal)",import
Iraq,258898584.2,7891536383.03,164931.24,KGM,2024,9,27,"Mineral Fuels (Oil, Gas, Coal)",import
Bahrain,57979433.21,1834397107.09,38548.22,KGM,2024,9,27,"Mineral Fuels (Oil, Gas, Coal)",import
Russian Federation,157919559.49,5235044916.16,116986.27,KGM,2024,9,27,"Mineral Fuels (Oil, Gas, Coal)",import
Malaysia,124217263.43,4003920305.67,86824.13,KGM,2024,9,27,"Mineral Fuels (Oil, Gas, Coal)",import
Indonesia,88267372.45,2901974019.38,67960.14,KGM,2024,9,27,"Mineral Fuels (Oil, Gas, Coal)",import
Australia,189188888.06,6485141928.52,137909.87,KGM,2024,9,27,"Mineral Fuels (Oil, Gas, Coal)",import
India,62341614.02,2016960059.09,52054.76,KGM,2024,9,27,"Mineral Fuels (Oil, Gas, Coal)",import
United States of America,45548619.7,1518297949.26,33362.09,KGM,2024,9,27,"Mineral Fuels (Oil, Gas, Coal)",import
Nigeria,32205962.64,1204737529.68,25302.22,KGM,2024,9,27,"Mineral Fuels (Oil, Gas, Coal)",import
Angola,19722600.14,671379893.49,15534.25,KGM,2024,9,27,"Mineral Fuels (Oil, Gas, Coal)",import
Brazil,24841979.39,779302421.98,20392.32,KGM,2024,9,27,"Mineral Fuels (Oil, Gas, Coal)",import
Saudi Arabia,912136045.51,29669242443.25,737606.52,KGM,2024,10,27,"Mineral Fuels (Oil, Gas, Coal)",import
United Arab Emirates,582216351.81,18595827196.7,337772.77,KGM,2024,10,27,"Mineral Fuels (Oil, Gas, Coal)",import
Kuwait,427311004.78,12980396669.96,298839.24,KGM,2024,10,27,"Mineral Fuels (Oil, Gas, Coal)",import
Qatar,368651292.1,12874469011.96,329632.0,KGM,2024,10,27,"Mineral Fuels (Oil, Gas, Coal)",import
Oman,205454697.86,6976175857.49,189178.99,KGM,2024,10,27,"Mineral Fuels (Oil, Gas, Coal)",import
Iran,146301869.2,4433275707.34,99943.83,KGM,2024,10,27,"Mineral Fuels (Oil, Gas, Coal)",import
Iraq,273594361.88,8731693564.03,190908.23,KGM,2024,10,27,"Mineral Fuels (Oil, Gas, Coal)",import
Bahrain,52700750.48,1750315185.11,41702.02,KGM,2024,10,27,"Mineral Fuels (Oil, Gas, Coal)",import
Russian Federation,174474826.9,5861228168.76,124655.23,KGM,2024,10,27,"Mineral Fuels (Oil, Gas, Coal)",import
Malaysia,130603215.59,4272960061.04,116039.79,KGM,2024,10,27,"Mineral Fuels (Oil, Gas, Coal)",import
Indonesia,86253811.48,2825383946.4,66427.16,KGM,2024,10,27,"Mineral Fuels (Oil, Gas, Coal)",import
Australia,150240664.15,5132769176.94,116598.06,KGM,2024,10,27,"Mineral Fuels (Oil, Gas, Coal)",import
India,58141983.42,2007236518.19,50166.42,KGM,2024,10,27,"Mineral Fuels (Oil, Gas, Coal)",import
United States of America,41936809.64,1346734860.43,38234.43,KGM,2024,10,27,"Mineral Fuels (Oil, Gas, Coal)",import
Nigeria,29175443.85,1020238608.19,21090.45,KGM,2024,10,27,"Mineral Fuels (Oil, Gas, Coal)",import
Angola,19264010.49,606817861.05,18947.05,KGM,2024,10,27,"Mineral Fuels (Oil, Gas, Coal)",import
Brazil,30747917.43,936895344.72,27490.73,KGM,2024,10,27,"Mineral Fuels (Oil, Gas, Coal)",import
Saudi Arabia,760737733.47,25689781870.66,745972.49,KGM,2024,11,27,"Mineral Fuels (Oil, Gas, Coal)",import
United Arab Emirates,574746713.67,20680134642.02,397274.86,KGM,2024,11,27,"Mineral Fuels (Oil, Gas, Coal)",import
Kuwait,431686580.5,14081735940.87,291475.16,KGM,2024,11,27,"Mineral Fuels (Oil, Gas, Coal)",import
Qatar,328387341.08,10511515614.07,355672.11,KGM,2024,11,27,"Mineral Fuels (Oil, Gas, Coal)",import
Oman,223830903.94,7179805783.24,161020.99,KGM,2024,11,27,"Mineral Fuels (Oil, Gas, Coal)",import
Iran,103544701.61,3618760155.73,109746.08,KGM,2024,11,27,"Mineral Fuels (Oil, Gas, Coal)",import
Iraq,242231401.96,8285518821.66,173768.68,KGM,2024,11,27,"Mineral Fuels (Oil, Gas, Coal)",import
Bahrain,44551639.11,1409765662.78,48908.76,KGM,2024,11,27,"Mineral Fuels (Oil, Gas, Coal)",import
Russian Federation,142341755.67,4475622084.51,131811.23,KGM,2024,11,27,"Mineral Fuels (Oil, Gas, Coal)",import
Malaysia,118944331.71,3491769231.19,106745.56,KGM,2024,11,27,"Mineral Fuels (Oil, Gas, Coal)",import
Indonesia,99344763.43,3085703089.11,68621.49,KGM,2024,11,27,"Mineral Fuels (Oil, Gas, Coal)",import
Australia,143718459.87,4872282778.9,143226.09,KGM,2024,11,27,"Mineral Fuels (Oil, Gas, Coal)",import
India,72872549.51,2437213364.41,47003.39,KGM,2024,11,27,"Mineral Fuels (Oil, Gas, Coal)",import
United States of America,44484952.0,1543223985.85,36979.7,KGM,2024,11,27,"Mineral Fuels (Oil, Gas, Coal)",import
Nigeria,29703595.16,953033178.71,25248.28,KGM,2024,11,27,"Mineral Fuels (Oil, Gas, Coal)",import
Angola,21220265.72,647620159.56,18496.33,KGM,2024,11,27,"Mineral Fuels (Oil, Gas, Coal)",import
Brazil,29623833.63,963928278.83,18416.31,KGM,2024,11,27,"Mineral Fuels (Oil, Gas, Coal)",import
Saudi Arabia,832726338.96,27904072481.96,615800.7,KGM,2024,12,27,"Mineral Fuels (Oil, Gas, Coal)",import
United Arab Emirates,408226771.93,14047852564.19,323905.0,KGM,2024,12,27,"Mineral Fuels (Oil, Gas, Coal)",import
Kuwait,348484014.51,12003854881.49,278646.48,KGM,2024,12,27,"Mineral Fuels (Oil, Gas, Coal)",import
Qatar,289993988.74,9588465928.35,267584.61,KGM,2024,12,27,"Mineral Fuels (Oil, Gas, Coal)",import
Oman,185100273.79,5947312005.66,138905.12,KGM,2024,12,27,"Mineral Fuels (Oil, Gas, Coal)",import
Iran,99110452.5,3171314079.58,94019.45,KGM,2024,12,27,"Mineral Fuels (Oil, Gas, Coal)",import
Iraq,253857883.33,7974266148.49,180160.84,KGM,2024,12,27,"Mineral Fuels (Oil, Gas, Coal)",import
Bahrain,45186718.99,1559558835.22,35204.31,KGM,2024,12,27,"Mineral Fuels (Oil, Gas, Coal)",import
Russian Federation,133738471.12,4696536694.49,107407.89,KGM,2024,12,27,"Mineral Fuels (Oil, Gas, Coal)",import
Malaysia,116736341.67,4072763736.91,106604.16,KGM,2024,12,27,"Mineral Fuels (Oil, Gas, Coal)",import
Indonesia,67489673.87,2381572570.33,66286.31,KGM,2024,12,27,"Mineral Fuels (Oil, Gas, Coal)",import
Australia,160147526.36,5517287991.33,124262.11,KGM,2024,12,27,"Mineral Fuels (Oil, Gas, Coal)",import
India,53863869.23,1749050003.28,39970.81,KGM,2024,12,27,"Mineral Fuels (Oil, Gas, Coal)",import
United States of America,30865286.33,1005438571.35,34397.48,KGM,2024,12,27,"Mineral Fuels (Oil, Gas, Coal)",import
Nigeria,31358848.27,1085766798.76,18934.63,KGM,2024,12,27,"Mineral Fuels (Oil, Gas, Coal)",import
Angola,17598728.46,623710852.39,12529.11,KGM,2024,12,27,"Mineral Fuels (Oil, Gas, Coal)",import
Brazil,25706484.44,849622622.25,18985.56,KGM,2024,12,27,"Mineral Fuels (Oil, Gas, Coal)",import
Saudi Arabia,758827104.25,24139493738.08,595085.28,KGM,2025,1,27,"Mineral Fuels (Oil, Gas, Coal)",import
United Arab Emirates,435580465.38,16120064273.96,448952.39,KGM,2025,1,27,"Mineral Fuels (Oil, Gas, Coal)",import
Kuwait,420233624.15,13654809346.99,307437.35,KGM,2025,1,27,"Mineral Fuels (Oil, Gas, Coal)",import
Qatar,292626890.39,9413835891.04,232052.18,KGM,2025,1,27,"Mineral Fuels (Oil, Gas, Coal)",import
Oman,220810952.96,7533941111.39,176886.81,KGM,2025,1,27,"Mineral Fuels (Oil, Gas, Coal)",import
Iran,98558242.41,3217145487.28,96573.28,KGM,2025,1,27,"Mineral Fuels (Oil, Gas, Coal)",import
Iraq,178244390.6,5656965474.49,187980.63,KGM,2025,1,27,"Mineral Fuels (Oil, Gas, Coal)",import
Bahrain,41759013.27,1346833224.5,35251.9,KGM,2025,1,27,"Mineral Fuels (Oil, Gas, Coal)",import
Russian Federation,135823113.81,4099995407.95,107954.8,KGM,2025,1,27,"Mineral Fuels (Oil, Gas, Coal)",import
Malaysia,125607894.97,3965617399.47,76932.53,KGM,2025,1,27,"Mineral Fuels (Oil, Gas, Coal)",import
Indonesia,70299812.12,2473742810.59,57394.43,KGM,2025,1,27,"Mineral Fuels (Oil, Gas, Coal)",import
Australia,139961972.23,4676382022.92,116443.54,KGM,2025,1,27,"Mineral Fuels (Oil, Gas, Coal)",import
India,55777835.96,1678962994.84,45233.78,KGM,2025,1,27,"Mineral Fuels (Oil, Gas, Coal)",import
United States of America,35435696.26,1378926842.91,33130.36,KGM,2025,1,27,"Mineral Fuels (Oil, Gas, Coal)",import
Nigeria,23975294.71,770648210.49,22913.5,KGM,2025,1,27,"Mineral Fuels (Oil, Gas, Coal)",import
Angola,21892993.04,742991464.18,12175.91,KGM,2025,1,27,"Mineral Fuels (Oil, Gas, Coal)",import
Brazil,19518519.99,643106541.44,17477.32,KGM,2025,1,27,"Mineral Fuels (Oil, Gas, Coal)",import
Saudi Arabia,777203052.97,26421075744.46,489077.23,KGM,2025,2,27,"Mineral Fuels (Oil, Gas, Coal)",import
United Arab Emirates,439636489.97,15139981215.52,362541.69,KGM,2025,2,27,"Mineral Fuels (Oil, Gas, Coal)",import
Kuwait,306025847.29,9837703576.09,308157.7,KGM,2025,2,27,"Mineral Fuels (Oil, Gas, Coal)",import
Qatar,340830557.93,11140287899.0,255600.5,KGM,2025,2,27,"Mineral Fuels (Oil, Gas, Coal)",import
Oman,165168569.18,5762967161.4,154292.85,KGM,2025,2,27,"Mineral Fuels (Oil, Gas, Coal)",import
Iran,99703274.0,3394030712.66,72797.03,KGM,2025,2,27,"Mineral Fuels (Oil, Gas, Coal)",import
Iraq,187624575.8,5892527968.8,148026.99,KGM,2025,2,27,"Mineral Fuels (Oil, Gas, Coal)",import
Bahrain,42058201.35,1265606989.07,29475.57,KGM,2025,2,27,"Mineral Fuels (Oil, Gas, Coal)",import
Russian Federation,116696336.83,3628402312.52,113434.46,KGM,2025,2,27,"Mineral Fuels (Oil, Gas, Coal)",import
Malaysia,101731449.89,3349634012.94,103933.59,KGM,2025,2,27,"Mineral Fuels (Oil, Gas, Coal)",import
Indonesia,72614910.08,2631942830.54,49791.54,KGM,2025,2,27,"Mineral Fuels (Oil, Gas, Coal)",import
Australia,124517946.36,4355088392.59,102432.26,KGM,2025,2,27,"Mineral Fuels (Oil, Gas, Coal)",import
India,51700532.9,1684272431.26,42368.08,KGM,2025,2,27,"Mineral Fuels (Oil, Gas, Coal)",import
United States of America,34140200.94,1154943018.29,29332.62,KGM,2025,2,27,"Mineral Fuels (Oil, Gas, Coal)",import
Nigeria,24635157.29,790450945.42,19126.69,KGM,2025,2,27,"Mineral Fuels (Oil, Gas, Coal)",import
Angola,15092948.89,504795006.27,11362.06,KGM,2025,2,27,"Mineral Fuels (Oil, Gas, Coal)",import
Brazil,23999962.85,706247221.08,19387.18,KGM,2025,2,27,"Mineral Fuels (Oil, Gas, Coal)",import
Saudi Arabia,765469742.62,25425541495.75,544738.09,KGM,2025,3,27,"Mineral Fuels (Oil, Gas, Coal)",import
United Arab Emirates,469945867.8,15494712263.85,420218.4,KGM,2025,3,27,"Mineral Fuels (Oil, Gas, Coal)",import
Kuwait,317960365.65,10495451222.38,277454.13,KGM,2025,3,27,"Mineral Fuels (Oil, Gas, Coal)",import
Qatar,346399797.35,10632849317.77,228317.55,KGM,2025,3,27,"Mineral Fuels (Oil, Gas, Coal)",import
Oman,197278392.91,6016410168.59,130505.01,KGM,2025,3,27,"Mineral Fuels (Oil, Gas, Coal)",import
Iran,112465473.6,3563176040.13,88644.72,KGM,2025,3,27,"Mineral Fuels (Oil, Gas, Coal)",import
Iraq,227961800.31,7276484962.31,196500.71,KGM,2025,3,27,"Mineral Fuels (Oil, Gas, Coal)",import
Bahrain,49390474.71,1642306146.42,37443.68,KGM,2025,3,27,"Mineral Fuels (Oil, Gas, Coal)",import
Russian Federation,160052398.26,5591000905.62,129559.04,KGM,2025,3,27,"Mineral Fuels (Oil, Gas, Coal)",import
Malaysia,127570408.05,4126883889.33,96859.62,KGM,2025,3,27,"Mineral Fuels (Oil, Gas, Coal)",import
Indonesia,75427240.04,2489611369.16,56163.6,KGM,2025,3,27,"Mineral Fuels (Oil, Gas, Coal)",import
Australia,157391999.15,5185149282.11,107455.24,KGM,2025,3,27,"Mineral Fuels (Oil, Gas, Coal)",import
India,54866053.94,1765366032.56,48264.82,KGM,2025,3,27,"Mineral Fuels (Oil, Gas, Coal)",import
United States of America,36333530.27,1226438065.89,28826.86,KGM,2025,3,27,"Mineral Fuels (Oil, Gas, Coal)",import
Nigeria,29141552.78,973097841.44,22330.74,KGM,2025,3,27,"Mineral Fuels (Oil, Gas, Coal)",import
Angola,18804322.81,593073312.45,17815.55,KGM,2025,3,27,"Mineral Fuels (Oil, Gas, Coal)",import
Brazil,24063385.79,781571272.71,16310.54,KGM,2025,3,27,"Mineral Fuels (Oil, Gas, Coal)",import
Saudi Arabia,673516865.73,23000436391.23,705580.32,KGM,2025,4,27,"Mineral Fuels (Oil, Gas, Coal)",import
United Arab Emirates,545598129.51,17284654803.43,406142.3,KGM,2025,4,27,"Mineral Fuels (Oil, Gas, Coal)",import
Kuwait,372347013.26,13089306559.95,383246.9,KGM,2025,4,27,"Mineral Fuels (Oil, Gas, Coal)",import
Qatar,358487760.24,12566048206.2,265787.39,KGM,2025,4,27,"Mineral Fuels (Oil, Gas, Coal)",import
Oman,188315339.52,6596297652.74,166341.97,KGM,2025,4,27,"Mineral Fuels (Oil, Gas, Coal)",import
Iran,111267010.67,3758693217.53,106803.45,KGM,2025,4,27,"Mineral Fuels (Oil, Gas, Coal)",import
Iraq,251962879.67,8040977136.91,178245.06,KGM,2025,4,27,"Mineral Fuels (Oil, Gas, Coal)",import
Bahrain,52056905.34,1728087057.27,33561.02,KGM,2025,4,27,"Mineral Fuels (Oil, Gas, Coal)",import
Russian Federation,159989436.57,4944067866.21,135777.29,KGM,2025,4,27,"Mineral Fuels (Oil, Gas, Coal)",import
Malaysia,137404137.93,4618871335.62,116899.62,KGM,2025,4,27,"Mineral Fuels (Oil, Gas, Coal)",import
Indonesia,72545204.34,2388812315.51,62208.66,KGM,2025,4,27,"Mineral Fuels (Oil, Gas, Coal)",import
Australia,155882527.52,5209866507.84,121742.29,KGM,2025,4,27,"Mineral Fuels (Oil, Gas, Coal)",import
India,60160067.36,1943724542.87,50113.91,KGM,2025,4,27,"Mineral Fuels (Oil, Gas, Coal)",import
United States of America,39105223.08,1402934654.4,30141.05,KGM,2025,4,27,"Mineral Fuels (Oil, Gas, Coal)",import
Nigeria,34799244.03,1217554679.86,25902.6,KGM,2025,4,27,"Mineral Fuels (Oil, Gas, Coal)",import
Angola,21852846.21,671792396.52,16541.76,KGM,2025,4,27,"Mineral Fuels (Oil, Gas, Coal)",import
Brazil,24633073.59,771024742.4,19423.38,KGM,2025,4,27,"Mineral Fuels (Oil, Gas, Coal)",import
Saudi Arabia,703242996.12,23549326959.75,699870.67,KGM,2025,5,27,"Mineral Fuels (Oil, Gas, Coal)",import
United Arab Emirates,455983130.9,15841689971.51,376034.26,KGM,2025,5,27,"Mineral Fuels (Oil, Gas, Coal)",import
Kuwait,376751133.99,12325538637.37,337171.83,KGM,2025,5,27,"Mineral Fuels (Oil, Gas, Coal)",import
Qatar,379673709.94,12580535920.05,259399.91,KGM,2025,5,27,"Mineral Fuels (Oil, Gas, Coal)",import
Oman,209984121.22,6954382382.2,169763.1,KGM,2025,5,27,"Mineral Fuels (Oil, Gas, Coal)",import
Iran,128169709.48,4722021600.83,125189.79,KGM,2025,5,27,"Mineral Fuels (Oil, Gas, Coal)",import
Iraq,241625233.37,8189462737.58,149053.94,KGM,2025,5,27,"Mineral Fuels (Oil, Gas, Coal)",import
Bahrain,52586528.32,1757827175.35,46558.52,KGM,2025,5,27,"Mineral Fuels (Oil, Gas, Coal)",import
Russian Federation,155782628.51,5437307703.55,140684.58,KGM,2025,5,27,"Mineral Fuels (Oil, Gas, Coal)",import
Malaysia,106720520.87,3504873785.34,89406.96,KGM,2025,5,27,"Mineral Fuels (Oil, Gas, Coal)",import
Indonesia,83413094.77,2806959974.25,64288.04,KGM,2025,5,27,"Mineral Fuels (Oil, Gas, Coal)",import
Australia,170302172.92,5767856925.33,149513.25,KGM,2025,5,27,"Mineral Fuels (Oil, Gas, Coal)",import
India,56669792.86,1863697870.59,48683.52,KGM,2025,5,27,"Mineral Fuels (Oil, Gas, Coal)",import
United States of America,43425464.19,1566599457.83,34579.01,KGM,2025,5,27,"Mineral Fuels (Oil, Gas, Coal)",import
Nigeria,29545463.06,1079356839.04,25924.09,KGM,2025,5,27,"Mineral Fuels (Oil, Gas, Coal)",import
Angola,19441547.76,614016166.93,16807.74,KGM,2025,5,27,"Mineral Fuels (Oil, Gas, Coal)",import
Brazil,26024386.81,899668292.16,18716.62,KGM,2025,5,27,"Mineral Fuels (Oil, Gas, Coal)",import
Saudi Arabia,928211786.38,31801326217.17,649647.21,KGM,2025,6,27,"Mineral Fuels (Oil, Gas, Coal)",import
United Arab Emirates,581981687.11,18203517725.91,509662.66,KGM,2025,6,27,"Mineral Fuels (Oil, Gas, Coal)",import
Kuwait,474236848.38,15348644186.51,399849.77,KGM,2025,6,27,"Mineral Fuels (Oil, Gas, Coal)",import
Qatar,349812088.57,12188213286.61,318559.09,KGM,2025,6,27,"Mineral Fuels (Oil, Gas, Coal)",import
Oman,254432225.17,7906576006.71,173541.63,KGM,2025,6,27,"Mineral Fuels (Oil, Gas, Coal)",import
Iran,131294165.81,4420631258.72,103597.44,KGM,2025,6,27,"Mineral Fuels (Oil, Gas, Coal)",import
Iraq,282853479.54,9802681801.13,208012.86,KGM,2025,6,27,"Mineral Fuels (Oil, Gas, Coal)",import
Bahrain,57973828.73,1763130332.81,48126.54,KGM,2025,6,27,"Mineral Fuels (Oil, Gas, Coal)",import
Russian Federation,129933705.92,4194154113.25,113540.85,KGM,2025,6,27,"Mineral Fuels (Oil, Gas, Coal)",import
Malaysia,145118603.97,5135642632.95,78915.78,KGM,2025,6,27,"Mineral Fuels (Oil, Gas, Coal)",import
Indonesia,93033828.85,2946478568.54,85124.26,KGM,2025,6,27,"Mineral Fuels (Oil, Gas, Coal)",import
Australia,180154852.89,6166075381.49,138613.17,KGM,2025,6,27,"Mineral Fuels (Oil, Gas, Coal)",import
India,67001269.65,2321814626.98,58000.8,KGM,2025,6,27,"Mineral Fuels (Oil, Gas, Coal)",import
United States of America,42758528.01,1289948108.75,37653.07,KGM,2025,6,27,"Mineral Fuels (Oil, Gas, Coal)",import
Nigeria,36712368.01,1142978852.99,33878.88,KGM,2025,6,27,"Mineral Fuels (Oil, Gas, Coal)",import
Angola,22659425.68,748828900.24,20227.7,KGM,2025,6,27,"Mineral Fuels (Oil, Gas, Coal)",import
Brazil,29057445.32,940234179.63,21795.42,KGM,2025,6,27,"Mineral Fuels (Oil, Gas, Coal)",import
Saudi Arabia,779846726.58,24352927326.55,632480.36,KGM,2025,7,27,"Mineral Fuels (Oil, Gas, Coal)",import
United Arab Emirates,488420585.69,15810808968.38,467368.14,KGM,2025,7,27,"Mineral Fuels (Oil, Gas, Coal)",import
Kuwait,344667970.67,11004586810.57,308949.2,KGM,2025,7,27,"Mineral Fuels (Oil, Gas, Coal)",import
Qatar,298105402.18,9519869903.37,279931.46,KGM,2025,7,27,"Mineral Fuels (Oil, Gas, Coal)",import
Oman,184380621.39,5660528978.83,160230.04,KGM,2025,7,27,"Mineral Fuels (Oil, Gas, Coal)",import
Iran,97449478.13,2933594688.08,101999.64,KGM,2025,7,27,"Mineral Fuels (Oil, Gas, Coal)",import
Iraq,221823339.99,7158415597.53,154190.45,KGM,2025,7,27,"Mineral Fuels (Oil, Gas, Coal)",import
Bahrain,51271288.84,1875904178.95,39863.57,KGM,2025,7,27,"Mineral Fuels (Oil, Gas, Coal)",import
Russian Federation,163532005.36,5102920968.76,104814.8,KGM,2025,7,27,"Mineral Fuels (Oil, Gas, Coal)",import
Malaysia,149938917.7,5080538445.78,106436.82,KGM,2025,7,27,"Mineral Fuels (Oil, Gas, Coal)",import
Indonesia,79255500.92,2439237840.67,64998.97,KGM,2025,7,27,"Mineral Fuels (Oil, Gas, Coal)",import
Australia,149816327.76,4740756674.2,119008.64,KGM,2025,7,27,"Mineral Fuels (Oil, Gas, Coal)",import
India,55822693.92,1831667497.6,55781.96,KGM,2025,7,27,"Mineral Fuels (Oil, Gas, Coal)",import
United States of America,47479940.46,1529651969.84,24893.86,KGM,2025,7,27,"Mineral Fuels (Oil, Gas, Coal)",import
Nigeria,24935528.27,791894812.85,20174.92,KGM,2025,7,27,"Mineral Fuels (Oil, Gas, Coal)",import
Angola,20286775.6,648792679.36,16237.1,KGM,2025,7,27,"Mineral Fuels (Oil, Gas, Coal)",import
Brazil,19106659.42,622329747.26,23154.02,KGM,2025,7,27,"Mineral Fuels (Oil, Gas, Coal)",import
Saudi Arabia,719817395.13,23974718824.58,669598.99,KGM,2025,8,27,"Mineral Fuels (Oil, Gas, Coal)",import
United Arab Emirates,490075792.68,15323422911.68,412354.32,KGM,2025,8,27,"Mineral Fuels (Oil, Gas, Coal)",import
Kuwait,435919935.65,13989388048.8,285335.71,KGM,2025,8,27,"Mineral Fuels (Oil, Gas, Coal)",import
Qatar,377491150.38,13355131761.48,324565.5,KGM,2025,8,27,"Mineral Fuels (Oil, Gas, Coal)",import
Oman,223953619.65,6872789547.73,155751.3,KGM,2025,8,27,"Mineral Fuels (Oil, Gas, Coal)",import
Iran,138617045.59,4434641480.76,113225.06,KGM,2025,8,27,"Mineral Fuels (Oil, Gas, Coal)",import
Iraq,276533607.43,9748339313.66,194492.09,KGM,2025,8,27,"Mineral Fuels (Oil, Gas, Coal)",import
Bahrain,48034306.21,1641773237.43,50132.74,KGM,2025,8,27,"Mineral Fuels (Oil, Gas, Coal)",import
Russian Federation,179234200.05,6023621337.47,114775.61,KGM,2025,8,27,"Mineral Fuels (Oil, Gas, Coal)",import
Malaysia,109759380.62,3770076923.27,107079.53,KGM,2025,8,27,"Mineral Fuels (Oil, Gas, Coal)",import
Indonesia,100448952.47,3423917187.63,68570.91,KGM,2025,8,27,"Mineral Fuels (Oil, Gas, Coal)",import
Australia,144771909.5,4694976650.14,129435.91,KGM,2025,8,27,"Mineral Fuels (Oil, Gas, Coal)",import
India,61474085.83,1996158402.4,49634.11,KGM,2025,8,27,"Mineral Fuels (Oil, Gas, Coal)",import
United States of America,40768344.9,1322133867.52,30951.04,KGM,2025,8,27,"Mineral Fuels (Oil, Gas, Coal)",import
Nigeria,33656445.54,1128184228.57,24819.67,KGM,2025,8,27,"Mineral Fuels (Oil, Gas, Coal)",import
Angola,17304652.97,584821739.07,17028.81,KGM,2025,8,27,"Mineral Fuels (Oil, Gas, Coal)",import
Brazil,24312206.75,718818572.81,25324.96,KGM,2025,8,27,"Mineral Fuels (Oil, Gas, Coal)",import
Saudi Arabia,890788725.41,30119681893.24,717322.57,KGM,2025,9,27,"Mineral Fuels (Oil, Gas, Coal)",import
United Arab Emirates,525346980.93,18020590421.29,440291.67,KGM,2025,9,27,"Mineral Fuels (Oil, Gas, Coal)",import
Kuwait,383020842.79,12534366555.0,342262.51,KGM,2025,9,27,"Mineral Fuels (Oil, Gas, Coal)",import
Qatar,321848944.44,10348556955.97,313980.06,KGM,2025,9,27,"Mineral Fuels (Oil, Gas, Coal)",import
Oman,175569218.37,5583391123.43,154512.67,KGM,2025,9,27,"Mineral Fuels (Oil, Gas, Coal)",import
Iran,136642854.92,4792553299.94,100942.14,KGM,2025,9,27,"Mineral Fuels (Oil, Gas, Coal)",import
Iraq,240919517.28,8976524943.13,228161.93,KGM,2025,9,27,"Mineral Fuels (Oil, Gas, Coal)",import
Bahrain,53463017.61,1819895901.83,45570.33,KGM,2025,9,27,"Mineral Fuels (Oil, Gas, Coal)",import
Russian Federation,132850608.37,4445139439.05,132609.93,KGM,2025,9,27,"Mineral Fuels (Oil, Gas, Coal)",import
Malaysia,120681729.92,4108123734.32,88604.92,KGM,2025,9,27,"Mineral Fuels (Oil, Gas, Coal)",import
Indonesia,74567945.11,2473512219.58,82998.96,KGM,2025,9,27,"Mineral Fuels (Oil, Gas, Coal)",import
Australia,135929032.1,4428948262.12,116257.9,KGM,2025,9,27,"Mineral Fuels (Oil, Gas, Coal)",import
India,76894673.37,2524119488.5,44299.17,KGM,2025,9,27,"Mineral Fuels (Oil, Gas, Coal)",import
United States of America,39078768.83,1259007529.55,35019.46,KGM,2025,9,27,"Mineral Fuels (Oil, Gas, Coal)",import
Nigeria,27446771.98,893417383.41,24199.27,KGM,2025,9,27,"Mineral Fuels (Oil, Gas, Coal)",import
Angola,19427015.36,675614162.08,15451.86,KGM,2025,9,27,"Mineral Fuels (Oil, Gas, Coal)",import
Brazil,24987170.57,807256173.26,17839.63,KGM,2025,9,27,"Mineral Fuels (Oil, Gas, Coal)",import
Saudi Arabia,854216357.63,30272545257.6,570691.71,KGM,2025,10,27,"Mineral Fuels (Oil, Gas, Coal)",import
United Arab Emirates,577068470.26,19382686684.71,497704.49,KGM,2025,10,27,"Mineral Fuels (Oil, Gas, Coal)",import
Kuwait,335859732.32,10648314409.31,402452.14,KGM,2025,10,27,"Mineral Fuels (Oil, Gas, Coal)",import
Qatar,342626118.73,12014988232.55,302938.18,KGM,2025,10,27,"Mineral Fuels (Oil, Gas, Coal)",import
Oman,234771818.73,7637657711.43,188399.43,KGM,2025,10,27,"Mineral Fuels (Oil, Gas, Coal)",import
Iran,123264969.69,4043694232.22,106184.36,KGM,2025,10,27,"Mineral Fuels (Oil, Gas, Coal)",import
Iraq,289111390.44,9797121151.89,233558.04,KGM,2025,10,27,"Mineral Fuels (Oil, Gas, Coal)",import
Bahrain,39687145.59,1303195654.88,43132.43,KGM,2025,10,27,"Mineral Fuels (Oil, Gas, Coal)",import
Russian Federation,161976647.84,5023352807.29,115904.26,KGM,2025,10,27,"Mineral Fuels (Oil, Gas, Coal)",import
Malaysia,133342236.79,4515240087.9,97592.92,KGM,2025,10,27,"Mineral Fuels (Oil, Gas, Coal)",import
Indonesia,79259911.45,2734593543.92,79516.39,KGM,2025,10,27,"Mineral Fuels (Oil, Gas, Coal)",import
Australia,164028455.84,5622668010.64,124178.22,KGM,2025,10,27,"Mineral Fuels (Oil, Gas, Coal)",import
India,66221314.68,2288893262.08,52435.45,KGM,2025,10,27,"Mineral Fuels (Oil, Gas, Coal)",import
United States of America,48539925.58,1525339194.66,28876.57,KGM,2025,10,27,"Mineral Fuels (Oil, Gas, Coal)",import
Nigeria,29374089.33,966580176.65,20892.74,KGM,2025,10,27,"Mineral Fuels (Oil, Gas, Coal)",import
Angola,22514647.35,724945021.98,16948.33,KGM,2025,10,27,"Mineral Fuels (Oil, Gas, Coal)",import
Brazil,29540745.35,990042555.14,21598.25,KGM,2025,10,27,"Mineral Fuels (Oil, Gas, Coal)",import
Saudi Arabia,930114459.6,33568129514.95,657227.67,KGM,2025,11,27,"Mineral Fuels (Oil, Gas, Coal)",import
United Arab Emirates,497828041.38,15700449605.88,516894.68,KGM,2025,11,27,"Mineral Fuels (Oil, Gas, Coal)",import
Kuwait,438509003.88,15207206862.28,307828.93,KGM,2025,11,27,"Mineral Fuels (Oil, Gas, Coal)",import
Qatar,347369944.08,11124240049.38,302040.34,KGM,2025,11,27,"Mineral Fuels (Oil, Gas, Coal)",import
Oman,228004687.45,8099894399.27,153649.91,KGM,2025,11,27,"Mineral Fuels (Oil, Gas, Coal)",import
Iran,112622068.19,3877276894.67,83906.13,KGM,2025,11,27,"Mineral Fuels (Oil, Gas, Coal)",import
Iraq,245166086.14,7971976938.93,208285.62,KGM,2025,11,27,"Mineral Fuels (Oil, Gas, Coal)",import
Bahrain,45275789.91,1580006166.65,41308.12,KGM,2025,11,27,"Mineral Fuels (Oil, Gas, Coal)",import
Russian Federation,172034047.05,5964145576.32,128559.12,KGM,2025,11,27,"Mineral Fuels (Oil, Gas, Coal)",import
Malaysia,111827541.54,3756701711.09,96156.05,KGM,2025,11,27,"Mineral Fuels (Oil, Gas, Coal)",import
Indonesia,82299180.9,2567654976.04,64733.48,KGM,2025,11,27,"Mineral Fuels (Oil, Gas, Coal)",import
Australia,123808227.39,4130840751.59,137355.85,KGM,2025,11,27,"Mineral Fuels (Oil, Gas, Coal)",import
India,68181097.86,2177079261.22,47406.91,KGM,2025,11,27,"Mineral Fuels (Oil, Gas, Coal)",import
United States of America,41720633.99,1362296421.91,36773.65,KGM,2025,11,27,"Mineral Fuels (Oil, Gas, Coal)",import
Nigeria,33777182.27,1106467171.09,21995.14,KGM,2025,11,27,"Mineral Fuels (Oil, Gas, Coal)",import
Angola,20700502.05,689563554.64,19131.68,KGM,2025,11,27,"Mineral Fuels (Oil, Gas, Coal)",import
Brazil,30608320.33,1016039470.16,17475.3,KGM,2025,11,27,"Mineral Fuels (Oil, Gas, Coal)",import
Saudi Arabia,736716967.42,23412835826.23,622069.75,KGM,2025,12,27,"Mineral Fuels (Oil, Gas, Coal)",import
United Arab Emirates,528526456.09,16579557140.63,362429.61,KGM,2025,12,27,"Mineral Fuels (Oil, Gas, Coal)",import
Kuwait,361286775.68,13430782673.2,278614.35,KGM,2025,12,27,"Mineral Fuels (Oil, Gas, Coal)",import
Qatar,349878047.51,11487239780.76,254816.21,KGM,2025,12,27,"Mineral Fuels (Oil, Gas, Coal)",import
Oman,198141122.17,5673310379.07,162096.5,KGM,2025,12,27,"Mineral Fuels (Oil, Gas, Coal)",import
Iran,115540333.69,3585596019.67,87139.46,KGM,2025,12,27,"Mineral Fuels (Oil, Gas, Coal)",import
Iraq,246074176.46,8325967479.21,229702.57,KGM,2025,12,27,"Mineral Fuels (Oil, Gas, Coal)",import
Bahrain,50210937.99,1594428591.53,44020.87,KGM,2025,12,27,"Mineral Fuels (Oil, Gas, Coal)",import
Russian Federation,110492755.49,3605222009.71,117117.13,KGM,2025,12,27,"Mineral Fuels (Oil, Gas, Coal)",import
Malaysia,93641973.0,3192378566.34,86033.33,KGM,2025,12,27,"Mineral Fuels (Oil, Gas, Coal)",import
Indonesia,71295175.74,2328838336.65,52431.91,KGM,2025,12,27,"Mineral Fuels (Oil, Gas, Coal)",import
Australia,135435704.37,4440373004.55,83424.25,KGM,2025,12,27,"Mineral Fuels (Oil, Gas, Coal)",import
India,46982919.92,1440422849.79,46858.11,KGM,2025,12,27,"Mineral Fuels (Oil, Gas, Coal)",import
United States of America,39851262.19,1282634251.42,27527.93,KGM,2025,12,27,"Mineral Fuels (Oil, Gas, Coal)",import
Nigeria,27939149.78,933673821.71,19455.6,KGM,2025,12,27,"Mineral Fuels (Oil, Gas, Coal)",import
Angola,16768704.52,563563145.72,13507.64,KGM,2025,12,27,"Mineral Fuels (Oil, Gas, Coal)",import
Brazil,20041576.57,668834272.71,15348.2,KGM,2025,12,27,"Mineral Fuels (Oil, Gas, Coal)",import
Saudi Arabia,707957135.8,23710517284.96,579389.27,KGM,2026,1,27,"Mineral Fuels (Oil, Gas, Coal)",import
United Arab Emirates,446212228.74,14790219442.49,380833.21,KGM,2026,1,27,"Mineral Fuels (Oil, Gas, Coal)",import
Kuwait,283687426.92,10182087501.65,224389.95,KGM,2026,1,27,"Mineral Fuels (Oil, Gas, Coal)",import
Qatar,310568898.62,10087726332.56,276784.22,KGM,2026,1,27,"Mineral Fuels (Oil, Gas, Coal)",import
Oman,176437092.12,6475045611.75,134249.45,KGM,2026,1,27,"Mineral Fuels (Oil, Gas, Coal)",import
Iran,109176525.31,3332361284.35,79716.64,KGM,2026,1,27,"Mineral Fuels (Oil, Gas, Coal)",import
Iraq,265617320.2,9061891783.29,173989.49,KGM,2026,1,27,"Mineral Fuels (Oil, Gas, Coal)",import
Bahrain,48164441.31,1638009031.63,33522.05,KGM,2026,1,27,"Mineral Fuels (Oil, Gas, Coal)",import
Russian Federation,125058919.4,4345384384.5,93824.73,KGM,2026,1,27,"Mineral Fuels (Oil, Gas, Coal)",import
Malaysia,104795599.48,3522848850.8,90484.28,KGM,2026,1,27,"Mineral Fuels (Oil, Gas, Coal)",import
Indonesia,75515133.01,2425701950.75,46181.97,KGM,2026,1,27,"Mineral Fuels (Oil, Gas, Coal)",import
Australia,128781235.65,4332652824.56,95855.7,KGM,2026,1,27,"Mineral Fuels (Oil, Gas, Coal)",import
India,59559018.75,1935143564.13,49467.29,KGM,2026,1,27,"Mineral Fuels (Oil, Gas, Coal)",import
United States of America,36529617.5,1239518748.78,29913.13,KGM,2026,1,27,"Mineral Fuels (Oil, Gas, Coal)",import
Nigeria,24282404.44,835066553.12,25948.53,KGM,2026,1,27,"Mineral Fuels (Oil, Gas, Coal)",import
Angola,19437301.7,657004198.35,16247.64,KGM,2026,1,27,"Mineral Fuels (Oil, Gas, Coal)",import
Brazil,19904409.72,607550655.99,17450.71,KGM,2026,1,27,"Mineral Fuels (Oil, Gas, Coal)",import
Saudi Arabia,1106896547.88,36460304950.27,767707.16,KGM,2026,2,27,"Mineral Fuels (Oil, Gas, Coal)",import
United Arab Emirates,744214104.23,24277615023.49,462903.71,KGM,2026,2,27,"Mineral Fuels (Oil, Gas, Coal)",import
Kuwait,532559309.3,17361915191.89,305298.35,KGM,2026,2,27,"Mineral Fuels (Oil, Gas, Coal)",import
Qatar,349386271.96,11977933947.39,318744.98,KGM,2026,2,27,"Mineral Fuels (Oil, Gas, Coal)",import
Oman,277579519.42,9177111265.74,181921.39,KGM,2026,2,27,"Mineral Fuels (Oil, Gas, Coal)",import
Iran,14228028.51,532063961.56,11750.98,KGM,2026,2,27,"Mineral Fuels (Oil, Gas, Coal)",import
Iraq,393422506.66,13077449198.12,246427.29,KGM,2026,2,27,"Mineral Fuels (Oil, Gas, Coal)",import
Bahrain,59917297.77,2009822485.19,44263.96,KGM,2026,2,27,"Mineral Fuels (Oil, Gas, Coal)",import
Russian Federation,188812242.43,6675367810.09,162870.02,KGM,2026,2,27,"Mineral Fuels (Oil, Gas, Coal)",import
Malaysia,164720057.4,5020474719.63,118977.87,KGM,2026,2,27,"Mineral Fuels (Oil, Gas, Coal)",import
Indonesia,114223810.42,3697765850.61,67607.47,KGM,2026,2,27,"Mineral Fuels (Oil, Gas, Coal)",import
Australia,218393523.73,7054162948.91,165084.68,KGM,2026,2,27,"Mineral Fuels (Oil, Gas, Coal)",import
India,76449335.39,2385465383.65,53839.43,KGM,2026,2,27,"Mineral Fuels (Oil, Gas, Coal)",import
United States of America,49765916.37,1693265093.32,31596.48,KGM,2026,2,27,"Mineral Fuels (Oil, Gas, Coal)",import
Nigeria,41426724.17,1307775147.61,31362.3,KGM,2026,2,27,"Mineral Fuels (Oil, Gas, Coal)",import
Angola,23394330.64,774262366.04,19716.28,KGM,2026,2,27,"Mineral Fuels (Oil, Gas, Coal)",import
Brazil,32722866.92,1163826840.6,23637.43,KGM,2026,2,27,"Mineral Fuels (Oil, Gas, Coal)",import
Saudi Arabia,1238420627.61,43225149405.91,1082922.19,KGM,2026,3,27,"Mineral Fuels (Oil, Gas, Coal)",import
United Arab Emirates,868833766.28,29444564766.39,476804.1,KGM,2026,3,27,"Mineral Fuels (Oil, Gas, Coal)",import
Kuwait,568265421.14,20027949204.29,350496.17,KGM,2026,3,27,"Mineral Fuels (Oil, Gas, Coal)",import
Qatar,504407478.3,16331783114.68,334653.09,KGM,2026,3,27,"Mineral Fuels (Oil, Gas, Coal)",import
Oman,273309959.58,8928379045.75,200725.96,KGM,2026,3,27,"Mineral Fuels (Oil, Gas, Coal)",import
Iran,20901086.7,741756701.11,12086.72,KGM,2026,3,27,"Mineral Fuels (Oil, Gas, Coal)",import
Iraq,402700911.26,13741032999.54,286705.17,KGM,2026,3,27,"Mineral Fuels (Oil, Gas, Coal)",import
Bahrain,74339919.32,2516441238.22,63185.61,KGM,2026,3,27,"Mineral Fuels (Oil, Gas, Coal)",import
Russian Federation,185640912.47,6344456346.03,170052.14,KGM,2026,3,27,"Mineral Fuels (Oil, Gas, Coal)",import
Malaysia,173023293.04,5550710607.65,133361.8,KGM,2026,3,27,"Mineral Fuels (Oil, Gas, Coal)",import
Indonesia,102417999.52,3143658841.61,71286.93,KGM,2026,3,27,"Mineral Fuels (Oil, Gas, Coal)",import
Australia,237616296.8,7603788056.11,115141.51,KGM,2026,3,27,"Mineral Fuels (Oil, Gas, Coal)",import
India,82265332.0,2485676019.37,63461.65,KGM,2026,3,27,"Mineral Fuels (Oil, Gas, Coal)",import
United States of America,61789558.39,2144011684.13,37100.19,KGM,2026,3,27,"Mineral Fuels (Oil, Gas, Coal)",import
Nigeria,41773586.33,1378764820.03,32466.03,KGM,2026,3,27,"Mineral Fuels (Oil, Gas, Coal)",import
Angola,30420700.65,984393618.22,21992.49,KGM,2026,3,27,"Mineral Fuels (Oil, Gas, Coal)",import
Brazil,38392641.97,1222893872.86,28900.01,KGM,2026,3,27,"Mineral Fuels (Oil, Gas, Coal)",import
