country_eng,value_usd,value_baht,quantity,quantity_unit,year,month,hs_code,hs_description,data_type
Saudi Arabia,61168024.54,2083312040.02,53645.1,KGM,2019,1,31,Fertilizers,import
Qatar,32068300.71,1013222792.37,23950.8,KGM,2019,1,31,Fertilizers,import
Oman,20218782.19,695812113.85,18275.6,KGM,2019,1,31,Fertilizers,import
China,56258012.42,1757744825.84,39347.22,KGM,2019,1,31,Fertilizers,import
Russian Federation,33853333.9,1106273348.6,37353.71,KGM,2019,1,31,Fertilizers,import
Canada,22104532.2,781343380.41,15571.6,KGM,2019,1,31,Fertilizers,import
Japan,15400488.7,485258034.53,10642.69,KGM,2019,1,31,Fertilizers,import
Malaysia,18896540.57,647171845.44,14744.47,KGM,2019,1,31,Fertilizers,import
Indonesia,15468887.09,497855265.88,11360.95,KGM,2019,1,31,Fertilizers,import
India,10824063.64,355080232.92,8218.48,KGM,2019,1,31,Fertilizers,import
Germany,7345390.01,249346754.81,5234.52,KGM,2019,1,31,Fertilizers,import
United States of America,10592529.51,343966855.87,7910.97,KGM,2019,1,31,Fertilizers,import
Belarus,7510989.31,252618434.37,5925.13,KGM,2019,1,31,Fertilizers,import
Morocco,9590544.59,320594923.13,8142.41,KGM,2019,1,31,Fertilizers,import
Israel,11788388.85,371257888.55,10218.98,KGM,2019,1,31,Fertilizers,import
Jordan,12866539.48,437146684.92,10898.7,KGM,2019,1,31,Fertilizers,import
Vietnam,6370295.85,213717589.91,4834.66,KGM,2019,1,31,Fertilizers,import
Saudi Arabia,47614426.1,1508342665.12,44931.14,KGM,2019,2,31,Fertilizers,import
Qatar,29130510.19,1046374711.78,22504.53,KGM,2019,2,31,Fertilizers,import
Oman,23197833.84,756239882.91,17580.4,KGM,2019,2,31,Fertilizers,import
China,49623091.2,1662250040.46,33877.79,KGM,2019,2,31,Fertilizers,import
Russian Federation,35566300.68,1175635509.44,26959.21,KGM,2019,2,31,Fertilizers,import
Canada,17080820.44,572625039.35,13842.68,KGM,2019,2,31,Fertilizers,import
Japan,16388282.89,523104922.66,11806.91,KGM,2019,2,31,Fertilizers,import
Malaysia,15153279.81,487165933.5,15500.36,KGM,2019,2,31,Fertilizers,import
Indonesia,15077916.84,508388916.13,11863.55,KGM,2019,2,31,Fertilizers,import
India,10660701.81,349892958.24,8891.32,KGM,2019,2,31,Fertilizers,import
Germany,6633324.54,195168903.68,5011.49,KGM,2019,2,31,Fertilizers,import
United States of America,10432571.09,355699764.67,10049.77,KGM,2019,2,31,Fertilizers,import
Belarus,7244627.29,249910727.11,5167.54,KGM,2019,2,31,Fertilizers,import
Morocco,8398587.08,264793753.58,8085.15,KGM,2019,2,31,Fertilizers,import
Israel,11793788.85,362975345.44,9162.94,KGM,2019,2,31,Fertilizers,import
Jordan,9629390.02,307482778.56,8605.28,KGM,2019,2,31,Fertilizers,import
Vietnam,3481387.31,106091307.53,5117.74,KGM,2019,2,31,Fertilizers,import
Saudi Arabia,67065112.47,2426151480.66,50856.45,KGM,2019,3,31,Fertilizers,import
Qatar,34823698.69,1112509381.88,23799.34,KGM,2019,3,31,Fertilizers,import
Oman,27318978.24,909348249.21,15635.01,KGM,2019,3,31,Fertilizers,import
China,46877177.8,1571804474.24,36434.89,KGM,2019,3,31,Fertilizers,import
Russian Federation,40333674.45,1339419354.86,33404.79,KGM,2019,3,31,Fertilizers,import
Canada,24741993.34,792012476.64,19212.87,KGM,2019,3,31,Fertilizers,import
Japan,15839668.66,504167705.57,11580.8,KGM,2019,3,31,Fertilizers,import
Malaysia,19126369.79,632180801.3,15606.43,KGM,2019,3,31,Fertilizers,import
Indonesia,17284266.48,575484455.46,11909.0,KGM,2019,3,31,Fertilizers,import
India,12015157.91,397829221.83,8806.16,KGM,2019,3,31,Fertilizers,import
Germany,8710487.79,290406581.79,6475.08,KGM,2019,3,31,Fertilizers,import
United States of America,11037422.61,353500671.14,11744.5,KGM,2019,3,31,Fertilizers,import
Belarus,6596338.09,216543099.07,6987.07,KGM,2019,3,31,Fertilizers,import
Morocco,9212110.27,329863301.18,7102.45,KGM,2019,3,31,Fertilizers,import
Israel,14755291.15,490523769.16,12152.06,KGM,2019,3,31,Fertilizers,import
Jordan,12195683.92,397868552.99,11094.43,KGM,2019,3,31,Fertilizers,import
Vietnam,5410606.22,182581190.55,5594.44,KGM,2019,3,31,Fertilizers,import
Saudi Arabia,66038801.44,2142555191.73,55219.23,KGM,2019,4,31,Fertilizers,import
Qatar,32734262.44,1051187762.68,25720.32,KGM,2019,4,31,Fertilizers,import
Oman,27413473.32,1001724590.15,16278.37,KGM,2019,4,31,Fertilizers,import
China,53299074.83,1740947682.28,30836.4,KGM,2019,4,31,Fertilizers,import
Russian Federation,40145104.18,1265210397.21,34202.86,KGM,2019,4,31,Fertilizers,import
Canada,24578462.09,783894961.57,19315.13,KGM,2019,4,31,Fertilizers,import
Japan,14901304.69,453821114.69,14507.35,KGM,2019,4,31,Fertilizers,import
Malaysia,21392336.16,698933883.15,17896.45,KGM,2019,4,31,Fertilizers,import
Indonesia,16418875.64,524463592.11,14891.03,KGM,2019,4,31,Fertilizers,import
India,11512975.77,400052748.65,9217.31,KGM,2019,4,31,Fertilizers,import
Germany,9222039.89,318246704.95,5438.96,KGM,2019,4,31,Fertilizers,import
United States of America,13253162.68,445010217.38,11627.03,KGM,2019,4,31,Fertilizers,import
Belarus,8130520.9,276830867.59,7431.18,KGM,2019,4,31,Fertilizers,import
Morocco,12000000.45,398763878.39,8741.95,KGM,2019,4,31,Fertilizers,import
Israel,12974066.56,400198933.31,10940.21,KGM,2019,4,31,Fertilizers,import
Jordan,11986549.01,395490111.67,10889.06,KGM,2019,4,31,Fertilizers,import
Vietnam,7200860.51,233274479.77,5438.39,KGM,2019,4,31,Fertilizers,import
Saudi Arabia,67250834.37,2233321868.7,56354.75,KGM,2019,5,31,Fertilizers,import
Qatar,33835614.1,1094600238.44,24205.71,KGM,2019,5,31,Fertilizers,import
Oman,30646151.99,943571687.48,22948.32,KGM,2019,5,31,Fertilizers,import
China,38165155.21,1310599419.55,40365.72,KGM,2019,5,31,Fertilizers,import
Russian Federation,39500242.34,1307042552.02,37419.97,KGM,2019,5,31,Fertilizers,import
Canada,24592346.8,791927333.49,21814.68,KGM,2019,5,31,Fertilizers,import
Japan,16188822.8,533468757.41,14405.6,KGM,2019,5,31,Fertilizers,import
Malaysia,24809950.57,842129628.79,18054.32,KGM,2019,5,31,Fertilizers,import
Indonesia,16584158.92,539251976.61,14732.94,KGM,2019,5,31,Fertilizers,import
India,12852972.19,444187949.2,8900.45,KGM,2019,5,31,Fertilizers,import
Germany,8575503.91,313764375.41,8252.68,KGM,2019,5,31,Fertilizers,import
United States of America,13454149.31,424894187.56,10082.11,KGM,2019,5,31,Fertilizers,import
Belarus,9087291.5,307214538.72,6834.89,KGM,2019,5,31,Fertilizers,import
Morocco,11729787.39,370820146.72,7208.55,KGM,2019,5,31,Fertilizers,import
Israel,14645361.09,495486262.69,13182.53,KGM,2019,5,31,Fertilizers,import
Jordan,11380389.36,355047444.52,10907.86,KGM,2019,5,31,Fertilizers,import
Vietnam,6108172.22,196499003.12,5259.44,KGM,2019,5,31,Fertilizers,import
Saudi Arabia,74051044.52,2639796943.31,56269.48,KGM,2019,6,31,Fertilizers,import
Qatar,33159569.76,1154469451.85,26801.13,KGM,2019,6,31,Fertilizers,import
Oman,25268151.95,854347608.52,24057.32,KGM,2019,6,31,Fertilizers,import
China,39000789.0,1340421635.9,46565.38,KGM,2019,6,31,Fertilizers,import
Russian Federation,46543163.58,1489637922.68,26203.21,KGM,2019,6,31,Fertilizers,import
Canada,23998802.67,854666570.93,18340.93,KGM,2019,6,31,Fertilizers,import
Japan,16979994.68,574399471.55,13540.33,KGM,2019,6,31,Fertilizers,import
Malaysia,22459766.04,719396720.86,10196.82,KGM,2019,6,31,Fertilizers,import
Indonesia,14598259.42,475416571.17,14253.3,KGM,2019,6,31,Fertilizers,import
India,12769619.14,415462389.43,7655.89,KGM,2019,6,31,Fertilizers,import
Germany,9447860.71,321966985.75,7950.11,KGM,2019,6,31,Fertilizers,import
United States of America,11047281.75,376557683.13,11741.51,KGM,2019,6,31,Fertilizers,import
Belarus,8400389.32,289228700.85,5147.57,KGM,2019,6,31,Fertilizers,import
Morocco,9595990.34,317652141.57,8498.97,KGM,2019,6,31,Fertilizers,import
Israel,17653744.33,582173345.58,12055.86,KGM,2019,6,31,Fertilizers,import
Jordan,14762734.62,505202690.78,9394.34,KGM,2019,6,31,Fertilizers,import
Vietnam,6664941.31,219954670.04,4785.54,KGM,2019,6,31,Fertilizers,import
Saudi Arabia,71278034.09,2509845057.24,61997.08,KGM,2019,7,31,Fertilizers,import
Qatar,32350786.42,1052108770.74,23507.47,KGM,2019,7,31,Fertilizers,import
Oman,22046173.12,716225094.86,19478.27,KGM,2019,7,31,Fertilizers,import
China,53637451.02,1711012593.27,29411.51,KGM,2019,7,31,Fertilizers,import
Russian Federation,38643673.73,1210676675.08,38081.84,KGM,2019,7,31,Fertilizers,import
Canada,25566643.4,883699876.67,19692.49,KGM,2019,7,31,Fertilizers,import
Japan,17659719.77,568077860.19,13527.32,KGM,2019,7,31,Fertilizers,import
Malaysia,16974286.45,573658481.61,17160.84,KGM,2019,7,31,Fertilizers,import
Indonesia,14041887.31,468697064.89,11359.42,KGM,2019,7,31,Fertilizers,import
India,12923927.11,415360838.79,8811.22,KGM,2019,7,31,Fertilizers,import
Germany,6802925.97,211232132.9,7768.48,KGM,2019,7,31,Fertilizers,import
United States of America,13177824.24,460359256.98,9958.05,KGM,2019,7,31,Fertilizers,import
Belarus,7673121.59,233664658.17,6715.67,KGM,2019,7,31,Fertilizers,import
Morocco,8061473.16,244443707.54,8572.48,KGM,2019,7,31,Fertilizers,import
Israel,14657673.7,500120226.51,13456.27,KGM,2019,7,31,Fertilizers,import
Jordan,11669268.14,394003996.86,8093.8,KGM,2019,7,31,Fertilizers,import
Vietnam,7561504.52,240418268.51,4909.5,KGM,2019,7,31,Fertilizers,import
Saudi Arabia,65062339.85,2266952560.25,58701.38,KGM,2019,8,31,Fertilizers,import
Qatar,30077349.95,1098123880.65,22528.33,KGM,2019,8,31,Fertilizers,import
Oman,25293393.82,808430077.23,21225.15,KGM,2019,8,31,Fertilizers,import
China,54023305.89,1807063064.92,45946.54,KGM,2019,8,31,Fertilizers,import
Russian Federation,50387849.25,1642929901.53,32987.15,KGM,2019,8,31,Fertilizers,import
Canada,26345871.35,878421958.56,21749.39,KGM,2019,8,31,Fertilizers,import
Japan,14961754.2,485340448.91,14248.36,KGM,2019,8,31,Fertilizers,import
Malaysia,20211653.49,637833620.12,17233.58,KGM,2019,8,31,Fertilizers,import
Indonesia,15217578.23,542063162.6,9423.04,KGM,2019,8,31,Fertilizers,import
India,13590504.07,434884784.24,10155.68,KGM,2019,8,31,Fertilizers,import
Germany,6114738.96,208352389.28,6266.36,KGM,2019,8,31,Fertilizers,import
United States of America,14088049.42,468252781.27,11093.87,KGM,2019,8,31,Fertilizers,import
Belarus,9702491.98,335975790.31,6595.95,KGM,2019,8,31,Fertilizers,import
Morocco,9903880.08,311887351.6,7368.73,KGM,2019,8,31,Fertilizers,import
Israel,13805353.03,440195852.74,13337.53,KGM,2019,8,31,Fertilizers,import
Jordan,11544975.36,386663802.06,11182.18,KGM,2019,8,31,Fertilizers,import
Vietnam,7527646.49,239908597.71,5831.24,KGM,2019,8,31,Fertilizers,import
Saudi Arabia,70532716.92,2230333522.02,56840.89,KGM,2019,9,31,Fertilizers,import
Qatar,31133812.59,1122525675.62,25712.78,KGM,2019,9,31,Fertilizers,import
Oman,25166546.75,812804192.9,24106.82,KGM,2019,9,31,Fertilizers,import
China,57166403.8,1968175585.94,46548.56,KGM,2019,9,31,Fertilizers,import
Russian Federation,45446744.62,1525535006.83,40784.94,KGM,2019,9,31,Fertilizers,import
Canada,30748015.54,1030748179.24,16917.8,KGM,2019,9,31,Fertilizers,import
Japan,17995816.29,609507074.24,12426.65,KGM,2019,9,31,Fertilizers,import
Malaysia,18615444.15,558488795.57,16126.21,KGM,2019,9,31,Fertilizers,import
Indonesia,20227596.4,733256964.92,13611.0,KGM,2019,9,31,Fertilizers,import
India,14178871.78,455434697.73,11064.6,KGM,2019,9,31,Fertilizers,import
Germany,7834443.72,257696234.0,7439.3,KGM,2019,9,31,Fertilizers,import
United States of America,11367207.71,358771177.83,8588.76,KGM,2019,9,31,Fertilizers,import
Belarus,10343346.32,344510839.24,8859.15,KGM,2019,9,31,Fertilizers,import
Morocco,10656389.94,336723507.5,8060.99,KGM,2019,9,31,Fertilizers,import
Israel,17915907.02,567215311.62,15432.85,KGM,2019,9,31,Fertilizers,import
Jordan,13016274.63,421332141.92,9933.17,KGM,2019,9,31,Fertilizers,import
Vietnam,7830135.78,263873262.23,4718.36,KGM,2019,9,31,Fertilizers,import
Saudi Arabia,77243314.37,2652504652.67,56617.45,KGM,2019,10,31,Fertilizers,import
Qatar,36531546.63,1122128267.55,33006.4,KGM,2019,10,31,Fertilizers,import
Oman,26058306.8,755474324.48,21413.86,KGM,2019,10,31,Fertilizers,import
China,48135855.24,1656947282.63,38982.3,KGM,2019,10,31,Fertilizers,import
Russian Federation,41819204.94,1431313671.17,32465.9,KGM,2019,10,31,Fertilizers,import
Canada,22631641.26,734569020.64,16231.34,KGM,2019,10,31,Fertilizers,import
Japan,15394127.82,521247487.6,11964.07,KGM,2019,10,31,Fertilizers,import
Malaysia,24470941.14,848240270.04,19703.95,KGM,2019,10,31,Fertilizers,import
Indonesia,20234041.78,681393860.23,10721.8,KGM,2019,10,31,Fertilizers,import
India,12785028.93,432653330.64,9831.34,KGM,2019,10,31,Fertilizers,import
Germany,7442734.07,252683494.42,5687.04,KGM,2019,10,31,Fertilizers,import
United States of America,14158511.12,448543471.49,10977.21,KGM,2019,10,31,Fertilizers,import
Belarus,9669446.67,320329011.34,7787.78,KGM,2019,10,31,Fertilizers,import
Morocco,9528493.28,326415216.93,8199.1,KGM,2019,10,31,Fertilizers,import
Israel,18350049.78,598679375.69,12452.17,KGM,2019,10,31,Fertilizers,import
Jordan,13281719.7,426720390.72,11156.26,KGM,2019,10,31,Fertilizers,import
Vietnam,5116186.76,182607108.77,6584.44,KGM,2019,10,31,Fertilizers,import
Saudi Arabia,66339040.99,2175545676.98,49297.16,KGM,2019,11,31,Fertilizers,import
Qatar,34670819.61,1146978638.49,31643.47,KGM,2019,11,31,Fertilizers,import
Oman,24399549.5,836866759.7,17845.97,KGM,2019,11,31,Fertilizers,import
China,56177409.58,1772269180.61,47796.13,KGM,2019,11,31,Fertilizers,import
Russian Federation,52286429.64,1781105933.92,27940.07,KGM,2019,11,31,Fertilizers,import
Canada,21439605.67,757708561.11,19189.4,KGM,2019,11,31,Fertilizers,import
Japan,19135410.18,616576296.59,13206.94,KGM,2019,11,31,Fertilizers,import
Malaysia,22305540.49,777958568.23,18756.65,KGM,2019,11,31,Fertilizers,import
Indonesia,16860653.26,560371447.92,11399.75,KGM,2019,11,31,Fertilizers,import
India,12643904.14,422894382.48,8945.59,KGM,2019,11,31,Fertilizers,import
Germany,8645082.85,273688917.74,7326.59,KGM,2019,11,31,Fertilizers,import
United States of America,13894891.45,441279561.22,8924.65,KGM,2019,11,31,Fertilizers,import
Belarus,8618759.1,294565381.34,8543.73,KGM,2019,11,31,Fertilizers,import
Morocco,11741824.05,450935925.35,9922.02,KGM,2019,11,31,Fertilizers,import
Israel,15966126.62,551133972.41,14888.1,KGM,2019,11,31,Fertilizers,import
Jordan,14569743.07,471637596.52,12856.83,KGM,2019,11,31,Fertilizers,import
Vietnam,6714262.58,219730623.88,5870.26,KGM,2019,11,31,Fertilizers,import
Saudi Arabia,63286805.23,2043074004.88,58268.13,KGM,2019,12,31,Fertilizers,import
Qatar,29732317.85,970983834.97,25046.5,KGM,2019,12,31,Fertilizers,import
Oman,18597786.6,632902388.96,17119.08,KGM,2019,12,31,Fertilizers,import
China,52612715.05,1644730104.98,31701.2,KGM,2019,12,31,Fertilizers,import
Russian Federation,38449229.58,1243161433.81,23028.48,KGM,2019,12,31,Fertilizers,import
Canada,19007103.26,605300272.64,21422.89,KGM,2019,12,31,Fertilizers,import
Japan,17867679.09,572311124.73,13905.77,KGM,2019,12,31,Fertilizers,import
Malaysia,17112077.36,562012471.27,14977.21,KGM,2019,12,31,Fertilizers,import
Indonesia,15864091.98,541276350.76,11123.59,KGM,2019,12,31,Fertilizers,import
India,11805127.26,376960603.86,8824.2,KGM,2019,12,31,Fertilizers,import
Germany,7524921.51,248982029.82,5532.09,KGM,2019,12,31,Fertilizers,import
United States of America,11598254.49,413470391.54,9488.92,KGM,2019,12,31,Fertilizers,import
Belarus,7565125.71,252254434.87,6872.72,KGM,2019,12,31,Fertilizers,import
Morocco,8980815.24,295574439.33,7254.76,KGM,2019,12,31,Fertilizers,import
Israel,14186079.44,436959468.79,9769.09,KGM,2019,12,31,Fertilizers,import
Jordan,12252442.0,418034375.78,10191.53,KGM,2019,12,31,Fertilizers,import
Vietnam,6228382.84,212201897.31,5358.41,KGM,2019,12,31,Fertilizers,import
Saudi Arabia,65186048.34,2043880665.9,43355.17,KGM,2020,1,31,Fertilizers,import
Qatar,29039336.12,947760248.44,24120.24,KGM,2020,1,31,Fertilizers,import
Oman,18407419.71,599878131.1,21873.3,KGM,2020,1,31,Fertilizers,import
China,46102696.42,1359224664.76,41670.68,KGM,2020,1,31,Fertilizers,import
Russian Federation,35834169.48,1164450506.0,28809.8,KGM,2020,1,31,Fertilizers,import
Canada,22266879.39,757300761.05,21276.04,KGM,2020,1,31,Fertilizers,import
Japan,16553938.61,511532270.96,12153.67,KGM,2020,1,31,Fertilizers,import
Malaysia,14956172.1,501624755.93,12334.16,KGM,2020,1,31,Fertilizers,import
Indonesia,15154660.11,491725297.1,11780.55,KGM,2020,1,31,Fertilizers,import
India,13609280.54,468046690.89,8168.94,KGM,2020,1,31,Fertilizers,import
Germany,7554778.24,262641535.46,5998.48,KGM,2020,1,31,Fertilizers,import
United States of America,12987046.92,444141473.3,8803.45,KGM,2020,1,31,Fertilizers,import
Belarus,7828192.61,260728776.64,6048.06,KGM,2020,1,31,Fertilizers,import
Morocco,8440388.81,271181649.46,6984.85,KGM,2020,1,31,Fertilizers,import
Israel,14821511.78,460258763.3,10752.54,KGM,2020,1,31,Fertilizers,import
Jordan,10510345.63,339045473.43,5584.22,KGM,2020,1,31,Fertilizers,import
Vietnam,6065414.32,218174357.57,4755.16,KGM,2020,1,31,Fertilizers,import
Saudi Arabia,61722201.59,1884693378.61,49665.56,KGM,2020,2,31,Fertilizers,import
Qatar,28119186.27,894777201.5,21983.23,KGM,2020,2,31,Fertilizers,import
Oman,20136761.19,625975792.43,13710.77,KGM,2020,2,31,Fertilizers,import
China,47601343.87,1534686194.26,34419.42,KGM,2020,2,31,Fertilizers,import
Russian Federation,36459426.57,1203391346.54,33271.54,KGM,2020,2,31,Fertilizers,import
Canada,23070243.88,739910132.26,15731.11,KGM,2020,2,31,Fertilizers,import
Japan,15108177.94,530971811.44,14324.56,KGM,2020,2,31,Fertilizers,import
Malaysia,19302637.45,677553536.48,14856.83,KGM,2020,2,31,Fertilizers,import
Indonesia,15751234.79,494889679.6,8460.37,KGM,2020,2,31,Fertilizers,import
India,11313802.32,358122759.67,6877.61,KGM,2020,2,31,Fertilizers,import
Germany,6785260.01,220988147.41,5657.25,KGM,2020,2,31,Fertilizers,import
United States of America,10627343.83,346474408.66,9622.07,KGM,2020,2,31,Fertilizers,import
Belarus,7015213.6,242281059.89,4891.71,KGM,2020,2,31,Fertilizers,import
Morocco,8167103.93,272124928.88,6090.37,KGM,2020,2,31,Fertilizers,import
Israel,12125314.39,404836241.08,9842.92,KGM,2020,2,31,Fertilizers,import
Jordan,10586455.58,348164780.52,11183.58,KGM,2020,2,31,Fertilizers,import
Vietnam,6197278.24,196509658.73,3581.36,KGM,2020,2,31,Fertilizers,import
Saudi Arabia,46514426.4,1563968838.26,36967.97,KGM,2020,3,31,Fertilizers,import
Qatar,28795467.78,940460929.92,21737.95,KGM,2020,3,31,Fertilizers,import
Oman,18335416.69,662034748.48,17748.14,KGM,2020,3,31,Fertilizers,import
China,39668608.03,1329495600.66,34841.6,KGM,2020,3,31,Fertilizers,import
Russian Federation,35080871.84,1131982401.18,22446.9,KGM,2020,3,31,Fertilizers,import
Canada,20343933.69,646383709.37,17933.93,KGM,2020,3,31,Fertilizers,import
Japan,10393889.09,358747120.0,9813.27,KGM,2020,3,31,Fertilizers,import
Malaysia,13725263.61,456143734.57,11204.08,KGM,2020,3,31,Fertilizers,import
Indonesia,12895362.84,401779657.57,11181.89,KGM,2020,3,31,Fertilizers,import
India,9467008.45,295471541.2,8950.71,KGM,2020,3,31,Fertilizers,import
Germany,7486772.45,256602180.9,4550.21,KGM,2020,3,31,Fertilizers,import
United States of America,9420060.1,303840754.9,6752.52,KGM,2020,3,31,Fertilizers,import
Belarus,6878808.81,238541296.49,5214.37,KGM,2020,3,31,Fertilizers,import
Morocco,8951897.32,278543622.96,5373.37,KGM,2020,3,31,Fertilizers,import
Israel,10209911.15,353837966.21,8380.0,KGM,2020,3,31,Fertilizers,import
Jordan,10333314.17,340827277.73,7316.02,KGM,2020,3,31,Fertilizers,import
Vietnam,5951526.9,198715986.94,5130.83,KGM,2020,3,31,Fertilizers,import
Saudi Arabia,39518515.06,1359520783.86,44604.15,KGM,2020,4,31,Fertilizers,import
Qatar,27521983.63,922966180.73,23411.23,KGM,2020,4,31,Fertilizers,import
Oman,17695497.83,575427006.68,14432.83,KGM,2020,4,31,Fertilizers,import
China,44677718.71,1504917751.79,29332.16,KGM,2020,4,31,Fertilizers,import
Russian Federation,34668491.01,1141892740.95,32040.88,KGM,2020,4,31,Fertilizers,import
Canada,16645493.71,602684769.12,17404.07,KGM,2020,4,31,Fertilizers,import
Japan,14417439.66,452377174.78,9749.25,KGM,2020,4,31,Fertilizers,import
Malaysia,15220122.1,494791083.85,16694.1,KGM,2020,4,31,Fertilizers,import
Indonesia,12566837.01,408731842.52,10562.23,KGM,2020,4,31,Fertilizers,import
India,11676386.27,405999216.65,7092.15,KGM,2020,4,31,Fertilizers,import
Germany,6811493.17,240949272.99,6163.23,KGM,2020,4,31,Fertilizers,import
United States of America,10179594.73,336937136.68,7769.9,KGM,2020,4,31,Fertilizers,import
Belarus,6665558.99,235485670.91,4313.04,KGM,2020,4,31,Fertilizers,import
Morocco,8273676.32,247372290.37,5558.5,KGM,2020,4,31,Fertilizers,import
Israel,9293425.6,298054411.87,10586.18,KGM,2020,4,31,Fertilizers,import
Jordan,9634823.27,310491118.59,8548.23,KGM,2020,4,31,Fertilizers,import
Vietnam,5677686.26,186647154.65,4356.01,KGM,2020,4,31,Fertilizers,import
Saudi Arabia,46293691.1,1569532185.6,39623.73,KGM,2020,5,31,Fertilizers,import
Qatar,25593380.08,934660054.06,25151.65,KGM,2020,5,31,Fertilizers,import
Oman,21952153.72,748153345.44,19432.22,KGM,2020,5,31,Fertilizers,import
China,38998840.47,1404737508.97,33751.64,KGM,2020,5,31,Fertilizers,import
Russian Federation,32535798.82,1018328478.61,24041.04,KGM,2020,5,31,Fertilizers,import
Canada,20151889.47,715614334.19,14495.53,KGM,2020,5,31,Fertilizers,import
Japan,14030462.97,456719657.59,12267.79,KGM,2020,5,31,Fertilizers,import
Malaysia,15209328.14,481192912.21,11575.45,KGM,2020,5,31,Fertilizers,import
Indonesia,14210601.68,481807524.08,11672.08,KGM,2020,5,31,Fertilizers,import
India,8766667.14,275807301.68,8239.6,KGM,2020,5,31,Fertilizers,import
Germany,7142339.96,223139131.23,5809.14,KGM,2020,5,31,Fertilizers,import
United States of America,11297070.5,386950123.62,10552.63,KGM,2020,5,31,Fertilizers,import
Belarus,6754853.96,220791885.67,5284.67,KGM,2020,5,31,Fertilizers,import
Morocco,7613155.31,238233186.46,6791.66,KGM,2020,5,31,Fertilizers,import
Israel,10024333.54,331122277.68,10148.57,KGM,2020,5,31,Fertilizers,import
Jordan,9711694.88,324706789.52,6971.67,KGM,2020,5,31,Fertilizers,import
Vietnam,4949397.18,176433426.97,4321.39,KGM,2020,5,31,Fertilizers,import
Saudi Arabia,59680746.52,1855338494.87,37460.94,KGM,2020,6,31,Fertilizers,import
Qatar,28441336.37,853166478.62,18713.83,KGM,2020,6,31,Fertilizers,import
Oman,22130620.07,745268493.03,17456.98,KGM,2020,6,31,Fertilizers,import
China,43129379.05,1380429837.28,33355.72,KGM,2020,6,31,Fertilizers,import
Russian Federation,36827504.65,1187619133.09,33159.35,KGM,2020,6,31,Fertilizers,import
Canada,18867220.67,598089096.26,14519.89,KGM,2020,6,31,Fertilizers,import
Japan,14291800.01,481044204.25,8329.1,KGM,2020,6,31,Fertilizers,import
Malaysia,18637491.68,587663024.62,10985.5,KGM,2020,6,31,Fertilizers,import
Indonesia,14119617.12,476952987.98,11013.47,KGM,2020,6,31,Fertilizers,import
India,10357721.66,336814939.77,9680.42,KGM,2020,6,31,Fertilizers,import
Germany,6315483.7,215378221.04,4888.16,KGM,2020,6,31,Fertilizers,import
United States of America,10537119.97,357415777.07,9043.95,KGM,2020,6,31,Fertilizers,import
Belarus,5589297.16,175889941.42,4836.63,KGM,2020,6,31,Fertilizers,import
Morocco,7718914.37,266292699.49,6384.67,KGM,2020,6,31,Fertilizers,import
Israel,14118150.67,460577540.56,9731.28,KGM,2020,6,31,Fertilizers,import
Jordan,9764871.33,325207139.42,8494.75,KGM,2020,6,31,Fertilizers,import
Vietnam,6055084.38,178908506.05,4912.05,KGM,2020,6,31,Fertilizers,import
Saudi Arabia,54095353.09,1749596679.36,51245.86,KGM,2020,7,31,Fertilizers,import
Qatar,30595784.19,1017688759.41,21165.28,KGM,2020,7,31,Fertilizers,import
Oman,18258005.17,622383214.05,14306.13,KGM,2020,7,31,Fertilizers,import
China,44833091.31,1396941453.68,33064.53,KGM,2020,7,31,Fertilizers,import
Russian Federation,34483728.98,1228113858.76,31610.51,KGM,2020,7,31,Fertilizers,import
Canada,19947581.66,683415027.05,13197.45,KGM,2020,7,31,Fertilizers,import
Japan,13354344.01,446323655.25,12229.97,KGM,2020,7,31,Fertilizers,import
Malaysia,15650087.62,547166306.53,13829.32,KGM,2020,7,31,Fertilizers,import
Indonesia,13528495.19,414202393.73,9622.38,KGM,2020,7,31,Fertilizers,import
India,9504670.37,325344854.53,7834.46,KGM,2020,7,31,Fertilizers,import
Germany,6097016.84,188972596.28,6517.57,KGM,2020,7,31,Fertilizers,import
United States of America,12701430.68,421836732.28,9946.19,KGM,2020,7,31,Fertilizers,import
Belarus,5735250.44,185935319.84,5456.8,KGM,2020,7,31,Fertilizers,import
Morocco,7189987.33,228386606.33,6822.2,KGM,2020,7,31,Fertilizers,import
Israel,11476376.37,368823615.16,9646.32,KGM,2020,7,31,Fertilizers,import
Jordan,12440501.32,418763714.62,7710.29,KGM,2020,7,31,Fertilizers,import
Vietnam,5573273.69,187505172.4,4580.69,KGM,2020,7,31,Fertilizers,import
Saudi Arabia,61568194.14,2052520048.54,46712.35,KGM,2020,8,31,Fertilizers,import
Qatar,28456102.19,900132051.78,22256.6,KGM,2020,8,31,Fertilizers,import
Oman,21088849.48,708653814.43,17465.84,KGM,2020,8,31,Fertilizers,import
China,43201056.46,1421935995.09,32999.77,KGM,2020,8,31,Fertilizers,import
Russian Federation,33405454.82,1091299675.36,29354.02,KGM,2020,8,31,Fertilizers,import
Canada,21601114.2,689852354.33,19012.96,KGM,2020,8,31,Fertilizers,import
Japan,14989378.84,540094156.56,11361.36,KGM,2020,8,31,Fertilizers,import
Malaysia,17299211.64,571272387.9,15325.33,KGM,2020,8,31,Fertilizers,import
Indonesia,12181530.33,418078729.09,10609.2,KGM,2020,8,31,Fertilizers,import
India,10149954.45,334470387.96,6225.95,KGM,2020,8,31,Fertilizers,import
Germany,6300093.61,222561647.01,5747.63,KGM,2020,8,31,Fertilizers,import
United States of America,11425317.26,367412290.13,10052.23,KGM,2020,8,31,Fertilizers,import
Belarus,6971409.89,222903405.55,4948.99,KGM,2020,8,31,Fertilizers,import
Morocco,7700534.31,269894370.77,5725.08,KGM,2020,8,31,Fertilizers,import
Israel,10067567.19,351046890.11,11859.16,KGM,2020,8,31,Fertilizers,import
Jordan,11139230.05,341158272.81,7352.11,KGM,2020,8,31,Fertilizers,import
Vietnam,5347839.22,176503269.97,4866.06,KGM,2020,8,31,Fertilizers,import
Saudi Arabia,51661094.91,1835341762.58,52501.93,KGM,2020,9,31,Fertilizers,import
Qatar,28186488.01,866360386.37,23374.71,KGM,2020,9,31,Fertilizers,import
Oman,20733681.53,695247714.33,18363.92,KGM,2020,9,31,Fertilizers,import
China,41063828.88,1327560075.44,33469.08,KGM,2020,9,31,Fertilizers,import
Russian Federation,35046134.71,1053090590.73,30304.73,KGM,2020,9,31,Fertilizers,import
Canada,21469182.0,690111246.67,18030.72,KGM,2020,9,31,Fertilizers,import
Japan,13728801.75,443185284.6,10912.51,KGM,2020,9,31,Fertilizers,import
Malaysia,18035605.51,538348910.45,14643.23,KGM,2020,9,31,Fertilizers,import
Indonesia,15361453.5,551467651.25,11134.55,KGM,2020,9,31,Fertilizers,import
India,9526232.11,311466222.43,7751.52,KGM,2020,9,31,Fertilizers,import
Germany,7507935.55,238424628.49,4417.76,KGM,2020,9,31,Fertilizers,import
United States of America,11454512.75,401538397.77,7667.62,KGM,2020,9,31,Fertilizers,import
Belarus,6882749.93,233430985.46,5145.49,KGM,2020,9,31,Fertilizers,import
Morocco,10042910.56,350403618.17,7267.46,KGM,2020,9,31,Fertilizers,import
Israel,15153937.35,521410417.61,9233.87,KGM,2020,9,31,Fertilizers,import
Jordan,9167366.64,301542403.38,9093.15,KGM,2020,9,31,Fertilizers,import
Vietnam,6484933.68,219545322.2,5263.51,KGM,2020,9,31,Fertilizers,import
Saudi Arabia,61098513.04,2021912092.97,50357.81,KGM,2020,10,31,Fertilizers,import
Qatar,29482468.95,1042038251.35,27839.29,KGM,2020,10,31,Fertilizers,import
Oman,21932836.62,726470004.42,18305.95,KGM,2020,10,31,Fertilizers,import
China,37324586.61,1321273805.23,34159.68,KGM,2020,10,31,Fertilizers,import
Russian Federation,34299831.06,1192200026.42,37191.1,KGM,2020,10,31,Fertilizers,import
Canada,23141253.09,731823383.38,18996.25,KGM,2020,10,31,Fertilizers,import
Japan,14438612.71,463164792.89,13917.97,KGM,2020,10,31,Fertilizers,import
Malaysia,20507338.28,639885603.34,12381.09,KGM,2020,10,31,Fertilizers,import
Indonesia,17652133.74,568261905.25,11848.75,KGM,2020,10,31,Fertilizers,import
India,12639912.9,434574511.82,10229.62,KGM,2020,10,31,Fertilizers,import
Germany,6993363.7,234050002.75,5728.53,KGM,2020,10,31,Fertilizers,import
United States of America,11896449.83,395629592.54,8356.19,KGM,2020,10,31,Fertilizers,import
Belarus,7614297.39,259888904.61,6848.9,KGM,2020,10,31,Fertilizers,import
Morocco,7558267.08,238892824.49,6936.85,KGM,2020,10,31,Fertilizers,import
Israel,14107128.54,467684236.7,11862.05,KGM,2020,10,31,Fertilizers,import
Jordan,10825735.49,360641828.4,8973.07,KGM,2020,10,31,Fertilizers,import
Vietnam,5553041.68,166173614.07,4052.12,KGM,2020,10,31,Fertilizers,import
Saudi Arabia,65608050.41,2200741124.51,49358.16,KGM,2020,11,31,Fertilizers,import
Qatar,32798251.06,996953799.03,19782.69,KGM,2020,11,31,Fertilizers,import
Oman,22675008.81,689389195.08,18083.57,KGM,2020,11,31,Fertilizers,import
China,45242100.38,1438217774.1,33259.66,KGM,2020,11,31,Fertilizers,import
Russian Federation,35179893.32,1129729756.35,20584.55,KGM,2020,11,31,Fertilizers,import
Canada,20298102.38,665019721.21,18636.63,KGM,2020,11,31,Fertilizers,import
Japan,15487356.05,491589630.2,8082.88,KGM,2020,11,31,Fertilizers,import
Malaysia,19208395.97,658236977.99,14017.78,KGM,2020,11,31,Fertilizers,import
Indonesia,11930312.72,382262623.8,12667.6,KGM,2020,11,31,Fertilizers,import
India,10114220.02,351396846.28,9773.14,KGM,2020,11,31,Fertilizers,import
Germany,8031790.09,280311123.81,7247.44,KGM,2020,11,31,Fertilizers,import
United States of America,10049542.34,326205160.95,8882.85,KGM,2020,11,31,Fertilizers,import
Belarus,8755573.54,286453295.91,6594.96,KGM,2020,11,31,Fertilizers,import
Morocco,9501201.53,317106331.42,5954.32,KGM,2020,11,31,Fertilizers,import
Israel,11872771.47,405773387.6,8357.45,KGM,2020,11,31,Fertilizers,import
Jordan,11909999.76,389761285.89,9213.62,KGM,2020,11,31,Fertilizers,import
Vietnam,5085541.13,160428887.52,4009.15,KGM,2020,11,31,Fertilizers,import
Saudi Arabia,49357713.01,1707313219.3,45652.24,KGM,2020,12,31,Fertilizers,import
Qatar,21103512.91,673619035.08,18533.78,KGM,2020,12,31,Fertilizers,import
Oman,14154143.65,461860468.34,16191.6,KGM,2020,12,31,Fertilizers,import
China,37475144.53,1241643859.02,35220.53,KGM,2020,12,31,Fertilizers,import
Russian Federation,30226132.7,1045470780.68,27004.06,KGM,2020,12,31,Fertilizers,import
Canada,19513865.33,639696674.66,16415.51,KGM,2020,12,31,Fertilizers,import
Japan,12531242.13,399374678.9,10244.82,KGM,2020,12,31,Fertilizers,import
Malaysia,14896174.69,536440061.94,14723.75,KGM,2020,12,31,Fertilizers,import
Indonesia,14646355.66,452136129.05,8502.72,KGM,2020,12,31,Fertilizers,import
India,8347683.74,240304046.57,7703.05,KGM,2020,12,31,Fertilizers,import
Germany,5945367.76,204958576.2,5907.22,KGM,2020,12,31,Fertilizers,import
United States of America,8993581.91,304440505.13,7186.58,KGM,2020,12,31,Fertilizers,import
Belarus,6908173.78,225541172.98,4730.54,KGM,2020,12,31,Fertilizers,import
Morocco,7151719.35,233649419.96,5095.74,KGM,2020,12,31,Fertilizers,import
Israel,11034694.88,374838889.91,7720.8,KGM,2020,12,31,Fertilizers,import
Jordan,9933994.68,316376814.05,8213.69,KGM,2020,12,31,Fertilizers,import
Vietnam,4051393.97,129660127.53,4269.83,KGM,2020,12,31,Fertilizers,import
Saudi Arabia,50983108.59,1661387386.01,38020.34,KGM,2021,1,31,Fertilizers,import
Qatar,32397992.71,1016172612.75,21029.33,KGM,2021,1,31,Fertilizers,import
Oman,22356277.82,666687632.88,17138.59,KGM,2021,1,31,Fertilizers,import
China,44756264.91,1302371329.77,42157.88,KGM,2021,1,31,Fertilizers,import
Russian Federation,30657500.33,1008234542.87,18418.42,KGM,2021,1,31,Fertilizers,import
Canada,23066622.63,809361506.12,17002.97,KGM,2021,1,31,Fertilizers,import
Japan,15154105.97,526458432.27,13479.98,KGM,2021,1,31,Fertilizers,import
Malaysia,16785252.57,532041892.76,14104.04,KGM,2021,1,31,Fertilizers,import
Indonesia,13669265.89,449344843.15,11276.65,KGM,2021,1,31,Fertilizers,import
India,11902560.85,376143185.18,8062.58,KGM,2021,1,31,Fertilizers,import
Germany,6387620.12,197347391.27,6036.78,KGM,2021,1,31,Fertilizers,import
United States of America,10282875.23,343848012.66,9732.56,KGM,2021,1,31,Fertilizers,import
Belarus,6943806.07,218421955.01,5572.68,KGM,2021,1,31,Fertilizers,import
Morocco,7675618.27,256418685.18,6558.86,KGM,2021,1,31,Fertilizers,import
Israel,13786786.35,482939562.25,10186.14,KGM,2021,1,31,Fertilizers,import
Jordan,12178494.8,424267972.86,9196.37,KGM,2021,1,31,Fertilizers,import
Vietnam,5042317.46,170314155.36,3859.98,KGM,2021,1,31,Fertilizers,import
Saudi Arabia,46809419.76,1598859420.4,41741.04,KGM,2021,2,31,Fertilizers,import
Qatar,30850347.02,987984940.93,20964.34,KGM,2021,2,31,Fertilizers,import
Oman,20922155.82,684993097.81,14128.71,KGM,2021,2,31,Fertilizers,import
China,40512563.8,1342292859.49,32327.08,KGM,2021,2,31,Fertilizers,import
Russian Federation,30967882.93,987235223.39,24671.93,KGM,2021,2,31,Fertilizers,import
Canada,16988163.75,583407284.71,16883.26,KGM,2021,2,31,Fertilizers,import
Japan,14591213.08,463759706.16,10471.43,KGM,2021,2,31,Fertilizers,import
Malaysia,18151176.55,604908486.81,14551.21,KGM,2021,2,31,Fertilizers,import
Indonesia,15872436.66,517674204.71,10777.71,KGM,2021,2,31,Fertilizers,import
India,9730985.16,330775744.27,6590.14,KGM,2021,2,31,Fertilizers,import
Germany,6686218.26,239118000.19,5736.8,KGM,2021,2,31,Fertilizers,import
United States of America,9740174.24,328454313.66,5833.93,KGM,2021,2,31,Fertilizers,import
Belarus,6870255.23,230812404.36,4930.84,KGM,2021,2,31,Fertilizers,import
Morocco,8746445.51,284679327.64,5750.3,KGM,2021,2,31,Fertilizers,import
Israel,13959749.4,462067769.79,8888.16,KGM,2021,2,31,Fertilizers,import
Jordan,7476081.23,248477101.06,6667.05,KGM,2021,2,31,Fertilizers,import
Vietnam,6069850.21,200983945.96,3617.94,KGM,2021,2,31,Fertilizers,import
Saudi Arabia,58149912.39,1812724375.71,53864.22,KGM,2021,3,31,Fertilizers,import
Qatar,31509264.58,1050347377.2,22272.19,KGM,2021,3,31,Fertilizers,import
Oman,22813680.53,769202427.77,17578.35,KGM,2021,3,31,Fertilizers,import
China,45512812.37,1477590529.81,35674.26,KGM,2021,3,31,Fertilizers,import
Russian Federation,38055530.92,1199369029.82,31014.95,KGM,2021,3,31,Fertilizers,import
Canada,21865685.54,720260751.68,15830.84,KGM,2021,3,31,Fertilizers,import
Japan,14210282.2,483278773.05,13201.7,KGM,2021,3,31,Fertilizers,import
Malaysia,17138985.37,582001806.62,15100.82,KGM,2021,3,31,Fertilizers,import
Indonesia,14840196.78,465409268.84,11028.03,KGM,2021,3,31,Fertilizers,import
India,12296528.36,401949885.68,10044.75,KGM,2021,3,31,Fertilizers,import
Germany,8131125.41,284518908.59,3892.1,KGM,2021,3,31,Fertilizers,import
United States of America,11150951.15,362620271.85,9217.19,KGM,2021,3,31,Fertilizers,import
Belarus,8606608.08,303053219.73,5272.93,KGM,2021,3,31,Fertilizers,import
Morocco,9422140.34,306277913.68,7792.15,KGM,2021,3,31,Fertilizers,import
Israel,11816041.41,395448787.54,12089.98,KGM,2021,3,31,Fertilizers,import
Jordan,12871299.18,416658794.03,8852.26,KGM,2021,3,31,Fertilizers,import
Vietnam,6880682.91,227159008.55,5942.56,KGM,2021,3,31,Fertilizers,import
Saudi Arabia,57636213.07,1880033856.21,54712.2,KGM,2021,4,31,Fertilizers,import
Qatar,33031542.67,1167533601.75,24155.51,KGM,2021,4,31,Fertilizers,import
Oman,21738083.18,701421578.82,19776.62,KGM,2021,4,31,Fertilizers,import
China,45430069.43,1549524814.71,35547.65,KGM,2021,4,31,Fertilizers,import
Russian Federation,42532483.51,1396682748.44,33249.76,KGM,2021,4,31,Fertilizers,import
Canada,23700642.79,815159134.9,20712.71,KGM,2021,4,31,Fertilizers,import
Japan,11390012.51,372038947.21,12058.39,KGM,2021,4,31,Fertilizers,import
Malaysia,20781036.68,708192274.83,15457.15,KGM,2021,4,31,Fertilizers,import
Indonesia,13901230.79,477511565.77,12854.61,KGM,2021,4,31,Fertilizers,import
India,9963462.46,346592282.1,12169.27,KGM,2021,4,31,Fertilizers,import
Germany,7792054.36,255091384.3,5613.2,KGM,2021,4,31,Fertilizers,import
United States of America,11784435.63,415413037.48,9843.58,KGM,2021,4,31,Fertilizers,import
Belarus,7420071.68,230477489.97,6653.67,KGM,2021,4,31,Fertilizers,import
Morocco,8962516.42,305056219.0,7817.47,KGM,2021,4,31,Fertilizers,import
Israel,12967481.84,456336513.17,10625.61,KGM,2021,4,31,Fertilizers,import
Jordan,13044364.51,386700606.79,9583.07,KGM,2021,4,31,Fertilizers,import
Vietnam,7797938.69,253675908.78,4974.31,KGM,2021,4,31,Fertilizers,import
Saudi Arabia,60277790.87,2024120615.46,53177.95,KGM,2021,5,31,Fertilizers,import
Qatar,34822996.64,1132835876.87,22612.92,KGM,2021,5,31,Fertilizers,import
Oman,28692851.55,939438776.8,19594.22,KGM,2021,5,31,Fertilizers,import
China,43208483.26,1492703047.57,40476.77,KGM,2021,5,31,Fertilizers,import
Russian Federation,43226485.89,1449897534.53,30812.42,KGM,2021,5,31,Fertilizers,import
Canada,27836907.76,885874957.08,21531.89,KGM,2021,5,31,Fertilizers,import
Japan,11851851.95,405307881.07,13172.99,KGM,2021,5,31,Fertilizers,import
Malaysia,17710166.32,577430257.17,15883.23,KGM,2021,5,31,Fertilizers,import
Indonesia,16065815.25,561271570.23,11888.58,KGM,2021,5,31,Fertilizers,import
India,12101452.89,416001882.92,8533.7,KGM,2021,5,31,Fertilizers,import
Germany,6944970.86,239508356.65,7340.33,KGM,2021,5,31,Fertilizers,import
United States of America,13582307.04,438108573.71,9358.84,KGM,2021,5,31,Fertilizers,import
Belarus,8016797.3,256705029.16,6295.56,KGM,2021,5,31,Fertilizers,import
Morocco,9011843.36,281574995.9,7296.46,KGM,2021,5,31,Fertilizers,import
Israel,15280165.47,497177349.37,11376.16,KGM,2021,5,31,Fertilizers,import
Jordan,10600902.66,380613442.51,8211.61,KGM,2021,5,31,Fertilizers,import
Vietnam,5961064.25,198169332.16,5460.76,KGM,2021,5,31,Fertilizers,import
Saudi Arabia,46868797.42,1594763604.82,63060.47,KGM,2021,6,31,Fertilizers,import
Qatar,29945985.09,936597365.91,25860.47,KGM,2021,6,31,Fertilizers,import
Oman,28769646.56,926824923.85,17341.86,KGM,2021,6,31,Fertilizers,import
China,45104393.53,1581155928.53,39298.63,KGM,2021,6,31,Fertilizers,import
Russian Federation,47800018.7,1604521796.87,30882.98,KGM,2021,6,31,Fertilizers,import
Canada,24526251.3,898490603.02,17169.16,KGM,2021,6,31,Fertilizers,import
Japan,18428123.46,651854586.04,13268.84,KGM,2021,6,31,Fertilizers,import
Malaysia,22729743.33,761195133.63,16377.32,KGM,2021,6,31,Fertilizers,import
Indonesia,18670366.18,662994711.15,11501.31,KGM,2021,6,31,Fertilizers,import
India,11889684.34,392266369.22,11511.16,KGM,2021,6,31,Fertilizers,import
Germany,8382764.89,269943761.16,6460.49,KGM,2021,6,31,Fertilizers,import
United States of America,11835018.72,349473356.81,11341.18,KGM,2021,6,31,Fertilizers,import
Belarus,7104322.52,222951279.22,5922.45,KGM,2021,6,31,Fertilizers,import
Morocco,11200130.96,379550572.35,8959.51,KGM,2021,6,31,Fertilizers,import
Israel,13665248.43,418399913.13,13547.68,KGM,2021,6,31,Fertilizers,import
Jordan,14768900.58,481568761.07,8931.36,KGM,2021,6,31,Fertilizers,import
Vietnam,6208676.06,222814915.53,4521.46,KGM,2021,6,31,Fertilizers,import
Saudi Arabia,68617369.85,2138425754.58,58301.18,KGM,2021,7,31,Fertilizers,import
Qatar,32375382.29,1081536384.5,27030.6,KGM,2021,7,31,Fertilizers,import
Oman,21082509.32,699566678.66,21542.46,KGM,2021,7,31,Fertilizers,import
China,43144821.55,1463040888.85,29664.44,KGM,2021,7,31,Fertilizers,import
Russian Federation,49490561.54,1645841811.28,27925.79,KGM,2021,7,31,Fertilizers,import
Canada,26498536.01,855374460.76,16173.0,KGM,2021,7,31,Fertilizers,import
Japan,14532347.54,508461900.83,14223.01,KGM,2021,7,31,Fertilizers,import
Malaysia,20191084.58,652895147.1,14293.97,KGM,2021,7,31,Fertilizers,import
Indonesia,14897507.36,489337570.69,11228.3,KGM,2021,7,31,Fertilizers,import
India,12610480.58,415990138.12,10101.25,KGM,2021,7,31,Fertilizers,import
Germany,7995357.8,248289301.81,6297.76,KGM,2021,7,31,Fertilizers,import
United States of America,12115960.86,375340171.96,8871.87,KGM,2021,7,31,Fertilizers,import
Belarus,8244710.93,274892108.42,5893.13,KGM,2021,7,31,Fertilizers,import
Morocco,10348646.48,342935329.57,6761.73,KGM,2021,7,31,Fertilizers,import
Israel,11719284.86,362845469.13,13553.33,KGM,2021,7,31,Fertilizers,import
Jordan,11311077.55,369286498.73,11072.18,KGM,2021,7,31,Fertilizers,import
Vietnam,5598455.07,190547889.81,5523.37,KGM,2021,7,31,Fertilizers,import
Saudi Arabia,61360122.93,1984808934.69,49105.26,KGM,2021,8,31,Fertilizers,import
Qatar,32075913.72,1049776148.56,20250.97,KGM,2021,8,31,Fertilizers,import
Oman,28947774.42,929940294.6,17539.44,KGM,2021,8,31,Fertilizers,import
China,43315768.06,1507596472.49,42192.11,KGM,2021,8,31,Fertilizers,import
Russian Federation,45775016.31,1544892500.26,27848.72,KGM,2021,8,31,Fertilizers,import
Canada,28087578.65,947046149.75,20854.33,KGM,2021,8,31,Fertilizers,import
Japan,15604590.95,543889860.53,13447.65,KGM,2021,8,31,Fertilizers,import
Malaysia,21143134.78,683260222.01,13923.84,KGM,2021,8,31,Fertilizers,import
Indonesia,18357437.1,609073936.25,13612.16,KGM,2021,8,31,Fertilizers,import
India,11602266.57,411806428.01,11227.73,KGM,2021,8,31,Fertilizers,import
Germany,9222862.41,299392012.18,7684.82,KGM,2021,8,31,Fertilizers,import
United States of America,11668404.8,385732490.77,9641.85,KGM,2021,8,31,Fertilizers,import
Belarus,9360290.55,316449932.92,7467.3,KGM,2021,8,31,Fertilizers,import
Morocco,8419887.26,280893283.39,6268.62,KGM,2021,8,31,Fertilizers,import
Israel,16036746.35,575275886.18,11678.85,KGM,2021,8,31,Fertilizers,import
Jordan,10953214.73,350542067.76,8401.38,KGM,2021,8,31,Fertilizers,import
Vietnam,6090739.14,197141586.35,5571.61,KGM,2021,8,31,Fertilizers,import
Saudi Arabia,56443521.4,1713629379.88,59139.8,KGM,2021,9,31,Fertilizers,import
Qatar,29813202.35,993098100.48,21510.51,KGM,2021,9,31,Fertilizers,import
Oman,25508409.98,876742926.94,24641.31,KGM,2021,9,31,Fertilizers,import
China,57305484.91,1807105674.41,41455.68,KGM,2021,9,31,Fertilizers,import
Russian Federation,42272189.1,1439609458.56,35763.71,KGM,2021,9,31,Fertilizers,import
Canada,23859461.89,753969924.34,21209.08,KGM,2021,9,31,Fertilizers,import
Japan,14953248.06,494009543.64,11567.71,KGM,2021,9,31,Fertilizers,import
Malaysia,18410752.76,632489901.05,15844.07,KGM,2021,9,31,Fertilizers,import
Indonesia,14976868.0,495845862.35,12547.73,KGM,2021,9,31,Fertilizers,import
India,12830383.26,438546222.01,9416.83,KGM,2021,9,31,Fertilizers,import
Germany,8840380.06,290650453.88,7591.44,KGM,2021,9,31,Fertilizers,import
United States of America,11879136.75,397482345.5,9196.45,KGM,2021,9,31,Fertilizers,import
Belarus,8032669.21,259676668.98,6221.89,KGM,2021,9,31,Fertilizers,import
Morocco,9332147.24,288187207.58,8204.99,KGM,2021,9,31,Fertilizers,import
Israel,15480797.13,497377597.16,12996.29,KGM,2021,9,31,Fertilizers,import
Jordan,14927880.5,457658744.39,10038.18,KGM,2021,9,31,Fertilizers,import
Vietnam,6490185.99,218546961.98,5382.57,KGM,2021,9,31,Fertilizers,import
Saudi Arabia,66919761.22,2098438357.88,48280.06,KGM,2021,10,31,Fertilizers,import
Qatar,32099278.61,1004628416.38,25636.2,KGM,2021,10,31,Fertilizers,import
Oman,23870419.86,846746306.94,22237.09,KGM,2021,10,31,Fertilizers,import
China,55407836.57,1909419301.98,47670.98,KGM,2021,10,31,Fertilizers,import
Russian Federation,46506628.5,1544548675.3,32951.85,KGM,2021,10,31,Fertilizers,import
Canada,24674568.7,816783757.73,20064.6,KGM,2021,10,31,Fertilizers,import
Japan,18397335.8,602646240.31,14435.45,KGM,2021,10,31,Fertilizers,import
Malaysia,21584213.91,733886835.41,18065.21,KGM,2021,10,31,Fertilizers,import
Indonesia,14563581.51,504787800.51,11961.51,KGM,2021,10,31,Fertilizers,import
India,12800606.08,417360571.24,9778.88,KGM,2021,10,31,Fertilizers,import
Germany,8359582.62,261972394.72,7328.68,KGM,2021,10,31,Fertilizers,import
United States of America,12910911.26,433734341.43,10607.5,KGM,2021,10,31,Fertilizers,import
Belarus,8777351.03,282112451.17,7294.04,KGM,2021,10,31,Fertilizers,import
Morocco,9332841.81,303766296.23,10672.8,KGM,2021,10,31,Fertilizers,import
Israel,15169729.3,536919430.82,13369.52,KGM,2021,10,31,Fertilizers,import
Jordan,12177702.24,379174313.4,9068.28,KGM,2021,10,31,Fertilizers,import
Vietnam,7963072.8,262452257.55,4810.51,KGM,2021,10,31,Fertilizers,import
Saudi Arabia,60827536.58,1980631998.29,44559.13,KGM,2021,11,31,Fertilizers,import
Qatar,30546908.71,1099968451.16,24728.31,KGM,2021,11,31,Fertilizers,import
Oman,26355179.84,902322011.38,22485.45,KGM,2021,11,31,Fertilizers,import
China,50052027.0,1670406413.9,38315.23,KGM,2021,11,31,Fertilizers,import
Russian Federation,42844767.32,1422222271.66,31407.2,KGM,2021,11,31,Fertilizers,import
Canada,23495327.87,763529426.92,19808.68,KGM,2021,11,31,Fertilizers,import
Japan,14715442.13,464881494.0,9679.06,KGM,2021,11,31,Fertilizers,import
Malaysia,24868297.5,849599328.19,16227.67,KGM,2021,11,31,Fertilizers,import
Indonesia,13273460.16,411056039.19,11851.81,KGM,2021,11,31,Fertilizers,import
India,12384782.67,417247767.12,13051.41,KGM,2021,11,31,Fertilizers,import
Germany,9855892.68,345422467.61,6535.76,KGM,2021,11,31,Fertilizers,import
United States of America,15261200.14,491274864.59,9979.68,KGM,2021,11,31,Fertilizers,import
Belarus,7316480.72,242342657.04,6491.57,KGM,2021,11,31,Fertilizers,import
Morocco,12166181.54,402572776.83,6832.77,KGM,2021,11,31,Fertilizers,import
Israel,12416548.58,415545786.61,11513.43,KGM,2021,11,31,Fertilizers,import
Jordan,13288430.73,446439528.17,10827.17,KGM,2021,11,31,Fertilizers,import
Vietnam,7132897.26,224174125.37,5422.88,KGM,2021,11,31,Fertilizers,import
Saudi Arabia,47677584.77,1563733089.46,43738.77,KGM,2021,12,31,Fertilizers,import
Qatar,32924502.87,1076800687.98,23122.25,KGM,2021,12,31,Fertilizers,import
Oman,22787923.62,779707333.26,16984.84,KGM,2021,12,31,Fertilizers,import
China,52570107.65,1742465706.81,44336.68,KGM,2021,12,31,Fertilizers,import
Russian Federation,37802015.38,1238963207.42,34798.92,KGM,2021,12,31,Fertilizers,import
Canada,23432283.4,762339845.61,15162.46,KGM,2021,12,31,Fertilizers,import
Japan,16319164.46,535397894.85,10693.85,KGM,2021,12,31,Fertilizers,import
Malaysia,15406557.66,537604775.06,18148.85,KGM,2021,12,31,Fertilizers,import
Indonesia,14903152.05,500654212.02,12415.09,KGM,2021,12,31,Fertilizers,import
India,12489728.42,425879773.56,8230.39,KGM,2021,12,31,Fertilizers,import
Germany,8102022.43,239908529.74,6704.53,KGM,2021,12,31,Fertilizers,import
United States of America,10313535.97,342660863.25,7703.39,KGM,2021,12,31,Fertilizers,import
Belarus,5839475.5,211711016.21,4414.88,KGM,2021,12,31,Fertilizers,import
Morocco,9318933.62,312608371.43,7123.4,KGM,2021,12,31,Fertilizers,import
Israel,13357860.75,428137252.67,11792.67,KGM,2021,12,31,Fertilizers,import
Jordan,11175735.13,351250148.26,9016.32,KGM,2021,12,31,Fertilizers,import
Vietnam,6598388.33,227816829.71,4430.62,KGM,2021,12,31,Fertilizers,import
Saudi Arabia,64681495.25,2033452408.32,61185.71,KGM,2022,1,31,Fertilizers,import
Qatar,28504997.86,946364313.41,22798.69,KGM,2022,1,31,Fertilizers,import
Oman,27676441.21,817424994.77,22851.43,KGM,2022,1,31,Fertilizers,import
China,49157595.55,1680823430.04,23575.05,KGM,2022,1,31,Fertilizers,import
Russian Federation,44435617.09,1471973023.96,31818.92,KGM,2022,1,31,Fertilizers,import
Canada,24156586.07,812810147.09,17378.15,KGM,2022,1,31,Fertilizers,import
Japan,15616722.41,512690119.02,14217.07,KGM,2022,1,31,Fertilizers,import
Malaysia,18262722.16,551605484.26,13040.26,KGM,2022,1,31,Fertilizers,import
Indonesia,18084931.6,605987379.56,12086.75,KGM,2022,1,31,Fertilizers,import
India,14128092.64,452929467.08,8944.19,KGM,2022,1,31,Fertilizers,import
Germany,7887692.04,282626472.94,6417.25,KGM,2022,1,31,Fertilizers,import
United States of America,13867418.89,487774265.27,10306.65,KGM,2022,1,31,Fertilizers,import
Belarus,7850876.94,255528219.11,6624.23,KGM,2022,1,31,Fertilizers,import
Morocco,8354278.65,282354134.44,8782.17,KGM,2022,1,31,Fertilizers,import
Israel,14414004.11,443096254.73,11506.99,KGM,2022,1,31,Fertilizers,import
Jordan,10818007.08,348408316.63,9978.93,KGM,2022,1,31,Fertilizers,import
Vietnam,6255446.43,200026012.08,5051.49,KGM,2022,1,31,Fertilizers,import
Saudi Arabia,80892828.87,2651684935.7,56932.43,KGM,2022,2,31,Fertilizers,import
Qatar,47551013.96,1567468212.99,28333.74,KGM,2022,2,31,Fertilizers,import
Oman,34529862.19,1213144993.27,23327.96,KGM,2022,2,31,Fertilizers,import
China,64580351.65,2115529342.92,52299.54,KGM,2022,2,31,Fertilizers,import
Russian Federation,46063947.38,1454087814.15,49459.67,KGM,2022,2,31,Fertilizers,import
Canada,32791256.07,1153968737.7,28369.94,KGM,2022,2,31,Fertilizers,import
Japan,19972403.29,700504642.17,16702.09,KGM,2022,2,31,Fertilizers,import
Malaysia,29285864.2,920258566.84,23836.21,KGM,2022,2,31,Fertilizers,import
Indonesia,21541350.73,683144256.26,17292.19,KGM,2022,2,31,Fertilizers,import
India,13980739.13,489765316.18,12424.9,KGM,2022,2,31,Fertilizers,import
Germany,11261454.26,374652044.36,10278.99,KGM,2022,2,31,Fertilizers,import
United States of America,15508653.15,516724892.59,15264.94,KGM,2022,2,31,Fertilizers,import
Belarus,12272006.94,424097665.77,7692.6,KGM,2022,2,31,Fertilizers,import
Morocco,14870222.57,472718678.45,10956.76,KGM,2022,2,31,Fertilizers,import
Israel,20058660.88,668993549.89,17047.94,KGM,2022,2,31,Fertilizers,import
Jordan,17802199.47,570156917.56,14843.45,KGM,2022,2,31,Fertilizers,import
Vietnam,7921661.69,257496665.12,7027.25,KGM,2022,2,31,Fertilizers,import
Saudi Arabia,107964524.95,3728076889.98,68722.5,KGM,2022,3,31,Fertilizers,import
Qatar,56823882.47,1880365015.33,39449.06,KGM,2022,3,31,Fertilizers,import
Oman,34655745.29,1122412776.66,27659.11,KGM,2022,3,31,Fertilizers,import
China,85906442.19,2664537830.33,58661.1,KGM,2022,3,31,Fertilizers,import
Russian Federation,64158992.34,2114801195.34,54198.8,KGM,2022,3,31,Fertilizers,import
Canada,43051843.12,1352960434.83,32346.09,KGM,2022,3,31,Fertilizers,import
Japan,23644645.7,721178626.7,20259.25,KGM,2022,3,31,Fertilizers,import
Malaysia,32332877.57,1116620782.65,19442.99,KGM,2022,3,31,Fertilizers,import
Indonesia,27294997.93,873062783.74,20918.55,KGM,2022,3,31,Fertilizers,import
India,19087881.61,600385973.09,13881.54,KGM,2022,3,31,Fertilizers,import
Germany,12088446.53,399713203.79,10688.25,KGM,2022,3,31,Fertilizers,import
United States of America,21491193.35,730443458.15,16152.23,KGM,2022,3,31,Fertilizers,import
Belarus,10499155.84,329709625.04,9524.44,KGM,2022,3,31,Fertilizers,import
Morocco,14739975.75,478070368.02,10849.75,KGM,2022,3,31,Fertilizers,import
Israel,24912088.97,859732922.41,18763.79,KGM,2022,3,31,Fertilizers,import
Jordan,15764205.41,543077782.41,14895.77,KGM,2022,3,31,Fertilizers,import
Vietnam,11517610.44,374008767.1,6423.88,KGM,2022,3,31,Fertilizers,import
Saudi Arabia,113938689.02,3604379043.3,79508.8,KGM,2022,4,31,Fertilizers,import
Qatar,43627072.57,1329170641.47,36060.63,KGM,2022,4,31,Fertilizers,import
Oman,38948622.04,1211634683.47,33802.65,KGM,2022,4,31,Fertilizers,import
China,79440475.09,2621212951.96,67231.44,KGM,2022,4,31,Fertilizers,import
Russian Federation,54142132.14,1782252307.46,53224.1,KGM,2022,4,31,Fertilizers,import
Canada,38116228.79,1262797564.07,28517.26,KGM,2022,4,31,Fertilizers,import
Japan,27130919.77,899891860.81,26183.67,KGM,2022,4,31,Fertilizers,import
Malaysia,37144773.82,1220232100.08,26525.2,KGM,2022,4,31,Fertilizers,import
Indonesia,26198306.3,876563639.5,17363.68,KGM,2022,4,31,Fertilizers,import
India,15504262.93,514195230.89,13680.29,KGM,2022,4,31,Fertilizers,import
Germany,14448539.34,471675169.24,11919.84,KGM,2022,4,31,Fertilizers,import
United States of America,19662611.25,609654198.31,17062.56,KGM,2022,4,31,Fertilizers,import
Belarus,13429841.14,439723382.92,9162.64,KGM,2022,4,31,Fertilizers,import
Morocco,14777923.48,499869993.13,12845.78,KGM,2022,4,31,Fertilizers,import
Israel,25303624.28,841534794.96,19077.15,KGM,2022,4,31,Fertilizers,import
Jordan,22950723.66,815747090.62,12468.59,KGM,2022,4,31,Fertilizers,import
Vietnam,10026665.16,325982029.5,8696.22,KGM,2022,4,31,Fertilizers,import
Saudi Arabia,97964219.7,3385956179.85,87876.78,KGM,2022,5,31,Fertilizers,import
Qatar,55175296.91,2119670765.95,38822.52,KGM,2022,5,31,Fertilizers,import
Oman,44248364.22,1436768884.41,34630.89,KGM,2022,5,31,Fertilizers,import
China,74084627.36,2564966104.11,60194.12,KGM,2022,5,31,Fertilizers,import
Russian Federation,59330624.36,2005928141.76,45251.38,KGM,2022,5,31,Fertilizers,import
Canada,40773724.95,1278794271.55,28264.09,KGM,2022,5,31,Fertilizers,import
Japan,30129327.0,932644164.03,21651.36,KGM,2022,5,31,Fertilizers,import
Malaysia,28667551.75,977542378.41,24826.53,KGM,2022,5,31,Fertilizers,import
Indonesia,27909019.02,858606325.96,23581.4,KGM,2022,5,31,Fertilizers,import
India,20198487.12,706930942.72,18235.84,KGM,2022,5,31,Fertilizers,import
Germany,13643547.69,462706289.52,13305.91,KGM,2022,5,31,Fertilizers,import
United States of America,21816326.32,694381750.69,15654.48,KGM,2022,5,31,Fertilizers,import
Belarus,12018109.88,392784844.56,10607.19,KGM,2022,5,31,Fertilizers,import
Morocco,13009750.35,423108234.99,10923.73,KGM,2022,5,31,Fertilizers,import
Israel,25431697.58,836496947.34,18649.67,KGM,2022,5,31,Fertilizers,import
Jordan,17806480.74,622846685.02,15614.72,KGM,2022,5,31,Fertilizers,import
Vietnam,10700590.98,333031451.97,6802.62,KGM,2022,5,31,Fertilizers,import
Saudi Arabia,113801949.58,3742733272.73,82428.4,KGM,2022,6,31,Fertilizers,import
Qatar,50444350.36,1641894164.17,44912.89,KGM,2022,6,31,Fertilizers,import
Oman,39550647.4,1359851595.44,28520.95,KGM,2022,6,31,Fertilizers,import
China,78823048.08,2460036798.67,68165.77,KGM,2022,6,31,Fertilizers,import
Russian Federation,78817959.78,2375203138.74,61058.2,KGM,2022,6,31,Fertilizers,import
Canada,37070721.44,1149948867.52,33586.4,KGM,2022,6,31,Fertilizers,import
Japan,26514926.44,867645581.58,22261.32,KGM,2022,6,31,Fertilizers,import
Malaysia,35395348.46,1048896117.74,24269.02,KGM,2022,6,31,Fertilizers,import
Indonesia,29507296.53,1084554108.57,23656.94,KGM,2022,6,31,Fertilizers,import
India,15703590.68,471845424.67,17313.9,KGM,2022,6,31,Fertilizers,import
Germany,15793966.99,498648811.38,11208.47,KGM,2022,6,31,Fertilizers,import
United States of America,21723630.57,726669001.25,14828.78,KGM,2022,6,31,Fertilizers,import
Belarus,13710942.78,489787629.52,12804.76,KGM,2022,6,31,Fertilizers,import
Morocco,15158242.52,508290132.83,14319.64,KGM,2022,6,31,Fertilizers,import
Israel,20765551.67,758030248.9,17467.06,KGM,2022,6,31,Fertilizers,import
Jordan,20872500.82,682153684.54,17788.38,KGM,2022,6,31,Fertilizers,import
Vietnam,10167102.83,331456132.34,8498.57,KGM,2022,6,31,Fertilizers,import
Saudi Arabia,89632758.28,3053055485.71,73048.76,KGM,2022,7,31,Fertilizers,import
Qatar,50677727.89,1690223069.89,41651.89,KGM,2022,7,31,Fertilizers,import
Oman,40749439.01,1277574630.03,35427.79,KGM,2022,7,31,Fertilizers,import
China,83531422.15,2880061332.57,67929.01,KGM,2022,7,31,Fertilizers,import
Russian Federation,56549515.56,2011698908.59,53491.92,KGM,2022,7,31,Fertilizers,import
Canada,39120850.05,1336782660.16,32949.75,KGM,2022,7,31,Fertilizers,import
Japan,23640408.18,797846074.19,25330.75,KGM,2022,7,31,Fertilizers,import
Malaysia,34637654.58,1184324353.5,20776.35,KGM,2022,7,31,Fertilizers,import
Indonesia,27675635.91,900374290.84,24808.46,KGM,2022,7,31,Fertilizers,import
India,17805007.51,574078536.01,14296.62,KGM,2022,7,31,Fertilizers,import
Germany,11697219.23,409303794.11,11988.12,KGM,2022,7,31,Fertilizers,import
United States of America,19369439.02,586444188.36,14837.53,KGM,2022,7,31,Fertilizers,import
Belarus,14087472.3,451421891.61,12440.67,KGM,2022,7,31,Fertilizers,import
Morocco,15620422.06,555878141.77,13106.35,KGM,2022,7,31,Fertilizers,import
Israel,24181119.48,804481125.92,19123.92,KGM,2022,7,31,Fertilizers,import
Jordan,16940920.15,538518092.6,12868.0,KGM,2022,7,31,Fertilizers,import
Vietnam,11603915.7,373710997.04,7970.55,KGM,2022,7,31,Fertilizers,import
Saudi Arabia,102589308.36,3647374289.52,84126.04,KGM,2022,8,31,Fertilizers,import
Qatar,53443378.36,1765655303.43,38733.98,KGM,2022,8,31,Fertilizers,import
Oman,47840692.32,1493992700.71,30141.64,KGM,2022,8,31,Fertilizers,import
China,77317893.99,2631310512.84,65145.58,KGM,2022,8,31,Fertilizers,import
Russian Federation,74659462.0,2357277844.46,46753.18,KGM,2022,8,31,Fertilizers,import
Canada,39382266.3,1225181837.97,34711.93,KGM,2022,8,31,Fertilizers,import
Japan,25484122.35,876975502.28,19863.68,KGM,2022,8,31,Fertilizers,import
Malaysia,35706486.7,1250013292.04,29629.82,KGM,2022,8,31,Fertilizers,import
Indonesia,26302629.38,821393096.88,18337.67,KGM,2022,8,31,Fertilizers,import
India,16608583.9,538511178.53,15155.62,KGM,2022,8,31,Fertilizers,import
Germany,14634350.0,472170093.01,10714.08,KGM,2022,8,31,Fertilizers,import
United States of America,20112892.42,694661287.83,14038.93,KGM,2022,8,31,Fertilizers,import
Belarus,12499788.56,427828049.8,9229.75,KGM,2022,8,31,Fertilizers,import
Morocco,17213840.53,590133530.09,10176.89,KGM,2022,8,31,Fertilizers,import
Israel,22607850.33,752401244.74,18382.27,KGM,2022,8,31,Fertilizers,import
Jordan,21542656.81,709297845.83,16895.95,KGM,2022,8,31,Fertilizers,import
Vietnam,10391911.17,341087654.78,8977.04,KGM,2022,8,31,Fertilizers,import
Saudi Arabia,130608539.06,4129172840.35,93336.18,KGM,2022,9,31,Fertilizers,import
Qatar,52675536.47,1840965058.01,43852.14,KGM,2022,9,31,Fertilizers,import
Oman,47342535.1,1496002742.32,31145.57,KGM,2022,9,31,Fertilizers,import
China,74168340.63,2703857030.04,67381.06,KGM,2022,9,31,Fertilizers,import
Russian Federation,72874542.26,2325499069.65,44075.81,KGM,2022,9,31,Fertilizers,import
Canada,38899621.96,1261054139.97,29474.46,KGM,2022,9,31,Fertilizers,import
Japan,28680450.01,993423252.71,23584.06,KGM,2022,9,31,Fertilizers,import
Malaysia,36385785.99,1143024649.99,20859.93,KGM,2022,9,31,Fertilizers,import
Indonesia,27221481.66,933482520.76,22185.28,KGM,2022,9,31,Fertilizers,import
India,20833644.03,694941531.25,16449.49,KGM,2022,9,31,Fertilizers,import
Germany,13476695.87,467489710.67,11013.65,KGM,2022,9,31,Fertilizers,import
United States of America,20569997.21,677773630.31,16290.72,KGM,2022,9,31,Fertilizers,import
Belarus,15624115.07,557214851.79,9450.67,KGM,2022,9,31,Fertilizers,import
Morocco,14643014.9,499577312.17,12053.14,KGM,2022,9,31,Fertilizers,import
Israel,27457629.47,861097268.22,16315.6,KGM,2022,9,31,Fertilizers,import
Jordan,21320421.36,743430176.32,20949.75,KGM,2022,9,31,Fertilizers,import
Vietnam,10789017.83,357358855.74,6188.62,KGM,2022,9,31,Fertilizers,import
Saudi Arabia,117918792.71,3740845640.49,85572.49,KGM,2022,10,31,Fertilizers,import
Qatar,57803618.5,2069870872.51,39774.95,KGM,2022,10,31,Fertilizers,import
Oman,49145980.91,1628430740.96,36289.7,KGM,2022,10,31,Fertilizers,import
China,79712697.57,2826528214.96,67100.77,KGM,2022,10,31,Fertilizers,import
Russian Federation,77300584.83,2658054933.89,57427.35,KGM,2022,10,31,Fertilizers,import
Canada,45001811.66,1551250469.58,35233.71,KGM,2022,10,31,Fertilizers,import
Japan,29919891.95,994599458.87,24733.0,KGM,2022,10,31,Fertilizers,import
Malaysia,34657546.81,1109008073.8,26184.86,KGM,2022,10,31,Fertilizers,import
Indonesia,23882450.61,754416038.15,19969.06,KGM,2022,10,31,Fertilizers,import
India,20254240.24,663602981.34,19969.84,KGM,2022,10,31,Fertilizers,import
Germany,14568401.31,515450017.09,11579.15,KGM,2022,10,31,Fertilizers,import
United States of America,20108637.71,660381757.29,16368.08,KGM,2022,10,31,Fertilizers,import
Belarus,15841164.01,534035352.37,13019.75,KGM,2022,10,31,Fertilizers,import
Morocco,19173902.33,627774560.07,13740.54,KGM,2022,10,31,Fertilizers,import
Israel,28622116.94,912951191.87,21361.42,KGM,2022,10,31,Fertilizers,import
Jordan,23464922.12,762698307.67,16396.39,KGM,2022,10,31,Fertilizers,import
Vietnam,12395803.25,416293687.51,8873.53,KGM,2022,10,31,Fertilizers,import
Saudi Arabia,119081781.62,3998441829.9,79759.73,KGM,2022,11,31,Fertilizers,import
Qatar,63380375.92,2134325497.28,38963.34,KGM,2022,11,31,Fertilizers,import
Oman,38409169.55,1325802274.87,37057.56,KGM,2022,11,31,Fertilizers,import
China,80798465.77,2800469811.1,83529.18,KGM,2022,11,31,Fertilizers,import
Russian Federation,74740163.9,2576733696.49,59314.57,KGM,2022,11,31,Fertilizers,import
Canada,37713176.01,1266211798.16,33782.34,KGM,2022,11,31,Fertilizers,import
Japan,26804900.08,934084866.68,23235.1,KGM,2022,11,31,Fertilizers,import
Malaysia,33430619.99,1062061446.81,27329.86,KGM,2022,11,31,Fertilizers,import
Indonesia,22932506.17,755887493.01,24064.71,KGM,2022,11,31,Fertilizers,import
India,21041264.03,688506869.93,14551.23,KGM,2022,11,31,Fertilizers,import
Germany,15492047.06,511915727.23,11004.89,KGM,2022,11,31,Fertilizers,import
United States of America,21376222.94,725453015.67,14056.83,KGM,2022,11,31,Fertilizers,import
Belarus,12208690.79,383672487.89,9763.09,KGM,2022,11,31,Fertilizers,import
Morocco,16459740.36,543141186.05,12646.09,KGM,2022,11,31,Fertilizers,import
Israel,22855045.8,782809118.71,22196.74,KGM,2022,11,31,Fertilizers,import
Jordan,20577631.26,661179124.26,15558.22,KGM,2022,11,31,Fertilizers,import
Vietnam,10822469.86,341563523.46,7323.88,KGM,2022,11,31,Fertilizers,import
Saudi Arabia,105275111.05,3732151306.57,79170.96,KGM,2022,12,31,Fertilizers,import
Qatar,47018507.67,1522842554.93,36544.65,KGM,2022,12,31,Fertilizers,import
Oman,35191289.23,1175617181.51,26382.39,KGM,2022,12,31,Fertilizers,import
China,72914595.3,2543022169.86,53796.51,KGM,2022,12,31,Fertilizers,import
Russian Federation,72076439.02,2438863874.68,54437.2,KGM,2022,12,31,Fertilizers,import
Canada,39120647.22,1335597633.86,35034.1,KGM,2022,12,31,Fertilizers,import
Japan,22816174.43,774366503.87,20000.09,KGM,2022,12,31,Fertilizers,import
Malaysia,27279627.92,945255140.57,23059.82,KGM,2022,12,31,Fertilizers,import
Indonesia,19815220.26,648658951.52,16234.83,KGM,2022,12,31,Fertilizers,import
India,18818589.19,617434451.04,11991.83,KGM,2022,12,31,Fertilizers,import
Germany,13515207.23,465039811.28,9629.15,KGM,2022,12,31,Fertilizers,import
United States of America,17099538.18,586057785.51,12933.4,KGM,2022,12,31,Fertilizers,import
Belarus,12564611.87,399538808.77,8191.72,KGM,2022,12,31,Fertilizers,import
Morocco,16815595.0,578481575.68,10189.06,KGM,2022,12,31,Fertilizers,import
Israel,20767931.78,694518867.81,17184.31,KGM,2022,12,31,Fertilizers,import
Jordan,14357059.08,475642181.9,11811.18,KGM,2022,12,31,Fertilizers,import
Vietnam,8991608.9,275060677.36,8554.09,KGM,2022,12,31,Fertilizers,import
Saudi Arabia,100660115.37,3268619413.32,62691.93,KGM,2023,1,31,Fertilizers,import
Qatar,42566921.5,1319181322.83,46118.25,KGM,2023,1,31,Fertilizers,import
Oman,35291905.12,1249310684.45,22324.68,KGM,2023,1,31,Fertilizers,import
China,74323403.63,2617036253.39,57245.72,KGM,2023,1,31,Fertilizers,import
Russian Federation,60424518.16,2005948255.02,48169.96,KGM,2023,1,31,Fertilizers,import
Canada,37741752.72,1233346471.84,26495.94,KGM,2023,1,31,Fertilizers,import
Japan,25748775.71,845297136.95,19398.2,KGM,2023,1,31,Fertilizers,import
Malaysia,25603511.33,819512552.33,27685.18,KGM,2023,1,31,Fertilizers,import
Indonesia,26170134.14,812839766.0,19169.27,KGM,2023,1,31,Fertilizers,import
India,20101064.91,703597937.68,14510.07,KGM,2023,1,31,Fertilizers,import
Germany,11692096.73,354927735.92,10179.71,KGM,2023,1,31,Fertilizers,import
United States of America,16970414.38,550483318.72,11929.15,KGM,2023,1,31,Fertilizers,import
Belarus,12471229.66,427710338.52,8705.67,KGM,2023,1,31,Fertilizers,import
Morocco,13066997.74,456882816.27,12460.56,KGM,2023,1,31,Fertilizers,import
Israel,23609475.71,703841430.65,16198.15,KGM,2023,1,31,Fertilizers,import
Jordan,18903983.12,596088157.62,13868.4,KGM,2023,1,31,Fertilizers,import
Vietnam,8997473.64,281566847.47,8801.92,KGM,2023,1,31,Fertilizers,import
Saudi Arabia,96336359.91,3127455736.89,74430.44,KGM,2023,2,31,Fertilizers,import
Qatar,48979043.07,1594563819.82,43370.2,KGM,2023,2,31,Fertilizers,import
Oman,33670782.55,1157512755.64,29230.42,KGM,2023,2,31,Fertilizers,import
China,68138564.86,2021911763.34,52406.52,KGM,2023,2,31,Fertilizers,import
Russian Federation,53041818.74,1804850650.83,39135.48,KGM,2023,2,31,Fertilizers,import
Canada,33668290.92,1110596237.13,26276.22,KGM,2023,2,31,Fertilizers,import
Japan,21004680.67,734056684.88,21513.2,KGM,2023,2,31,Fertilizers,import
Malaysia,33411738.76,1101110006.36,24525.56,KGM,2023,2,31,Fertilizers,import
Indonesia,26721620.55,846893304.51,16651.55,KGM,2023,2,31,Fertilizers,import
India,16217091.88,516625337.17,14453.33,KGM,2023,2,31,Fertilizers,import
Germany,11324602.61,381884245.81,7323.85,KGM,2023,2,31,Fertilizers,import
United States of America,14637238.14,509752806.43,12078.71,KGM,2023,2,31,Fertilizers,import
Belarus,12861092.84,429734066.01,9473.92,KGM,2023,2,31,Fertilizers,import
Morocco,13071063.3,424242762.76,9870.9,KGM,2023,2,31,Fertilizers,import
Israel,17571827.67,581157391.15,16814.4,KGM,2023,2,31,Fertilizers,import
Jordan,15644381.6,530506777.47,16160.09,KGM,2023,2,31,Fertilizers,import
Vietnam,9839345.62,324678774.73,6829.15,KGM,2023,2,31,Fertilizers,import
Saudi Arabia,109306070.37,3869746542.08,82552.93,KGM,2023,3,31,Fertilizers,import
Qatar,50378655.13,1710424829.56,38079.15,KGM,2023,3,31,Fertilizers,import
Oman,33692255.47,1046108559.12,33771.84,KGM,2023,3,31,Fertilizers,import
China,82066042.11,2766846451.78,56070.2,KGM,2023,3,31,Fertilizers,import
Russian Federation,70116036.24,2187660196.69,51599.47,KGM,2023,3,31,Fertilizers,import
Canada,35111137.88,1058863777.61,27741.85,KGM,2023,3,31,Fertilizers,import
Japan,28612454.73,895476068.22,20534.45,KGM,2023,3,31,Fertilizers,import
Malaysia,36820448.27,1228914080.0,23201.3,KGM,2023,3,31,Fertilizers,import
Indonesia,23591287.67,730229128.56,15358.26,KGM,2023,3,31,Fertilizers,import
India,18420086.2,617437600.39,16838.49,KGM,2023,3,31,Fertilizers,import
Germany,13036923.72,455055507.23,7689.14,KGM,2023,3,31,Fertilizers,import
United States of America,19716366.29,684130990.98,14982.18,KGM,2023,3,31,Fertilizers,import
Belarus,14460531.62,471838040.34,11537.32,KGM,2023,3,31,Fertilizers,import
Morocco,13879836.36,429614501.5,13603.04,KGM,2023,3,31,Fertilizers,import
Israel,27648341.54,868397735.61,18301.29,KGM,2023,3,31,Fertilizers,import
Jordan,16909341.49,561568435.76,12869.65,KGM,2023,3,31,Fertilizers,import
Vietnam,10278758.62,333703149.95,6904.36,KGM,2023,3,31,Fertilizers,import
Saudi Arabia,91587356.5,3014882684.96,89540.43,KGM,2023,4,31,Fertilizers,import
Qatar,51043216.15,1661444772.05,35350.11,KGM,2023,4,31,Fertilizers,import
Oman,38137880.71,1268104630.88,32555.67,KGM,2023,4,31,Fertilizers,import
China,85878897.47,2594348483.49,59072.88,KGM,2023,4,31,Fertilizers,import
Russian Federation,72885600.56,2284207347.28,46395.87,KGM,2023,4,31,Fertilizers,import
Canada,39616447.89,1275798001.17,32497.5,KGM,2023,4,31,Fertilizers,import
Japan,25096433.04,881507455.4,19925.66,KGM,2023,4,31,Fertilizers,import
Malaysia,33147787.02,1046254373.6,23097.8,KGM,2023,4,31,Fertilizers,import
Indonesia,25859854.68,872148689.57,21503.4,KGM,2023,4,31,Fertilizers,import
India,20141001.13,651845133.89,14095.93,KGM,2023,4,31,Fertilizers,import
Germany,14236024.23,459843084.6,9015.68,KGM,2023,4,31,Fertilizers,import
United States of America,21082592.61,689624821.85,17326.93,KGM,2023,4,31,Fertilizers,import
Belarus,12717296.78,429697872.11,8794.87,KGM,2023,4,31,Fertilizers,import
Morocco,18014064.24,604906319.63,16405.28,KGM,2023,4,31,Fertilizers,import
Israel,23751336.03,716856045.98,16739.14,KGM,2023,4,31,Fertilizers,import
Jordan,20246042.73,706712788.2,20102.4,KGM,2023,4,31,Fertilizers,import
Vietnam,11794822.91,395589924.05,8609.13,KGM,2023,4,31,Fertilizers,import
Saudi Arabia,82025562.37,2635562454.09,93141.44,KGM,2023,5,31,Fertilizers,import
Qatar,50334649.3,1634088883.14,41011.59,KGM,2023,5,31,Fertilizers,import
Oman,37686399.5,1212091974.61,32053.27,KGM,2023,5,31,Fertilizers,import
China,82014622.4,2680148738.38,52578.47,KGM,2023,5,31,Fertilizers,import
Russian Federation,60248399.84,2001156521.07,49228.06,KGM,2023,5,31,Fertilizers,import
Canada,34087769.68,1153988489.94,28841.96,KGM,2023,5,31,Fertilizers,import
Japan,23241665.31,808963625.08,25884.67,KGM,2023,5,31,Fertilizers,import
Malaysia,32160183.36,1071027687.5,24147.6,KGM,2023,5,31,Fertilizers,import
Indonesia,23148868.82,747963038.4,16207.85,KGM,2023,5,31,Fertilizers,import
India,20027881.0,642452145.27,16181.3,KGM,2023,5,31,Fertilizers,import
Germany,15257407.91,477444066.39,8752.89,KGM,2023,5,31,Fertilizers,import
United States of America,21287870.99,664171342.3,13769.64,KGM,2023,5,31,Fertilizers,import
Belarus,13700273.49,449374085.43,9318.16,KGM,2023,5,31,Fertilizers,import
Morocco,15103432.95,450785244.49,11476.48,KGM,2023,5,31,Fertilizers,import
Israel,24699975.84,808865835.19,16326.47,KGM,2023,5,31,Fertilizers,import
Jordan,19260427.06,631269875.42,15603.5,KGM,2023,5,31,Fertilizers,import
Vietnam,11036301.52,384770109.71,7788.11,KGM,2023,5,31,Fertilizers,import
Saudi Arabia,90030791.65,3083945929.59,84673.3,KGM,2023,6,31,Fertilizers,import
Qatar,57848547.33,1838868320.36,38429.02,KGM,2023,6,31,Fertilizers,import
Oman,37242670.65,1187673027.96,34987.05,KGM,2023,6,31,Fertilizers,import
China,84937031.47,3104668504.15,67350.43,KGM,2023,6,31,Fertilizers,import
Russian Federation,71182060.2,2193103230.67,49104.85,KGM,2023,6,31,Fertilizers,import
Canada,40269638.74,1195361971.37,32173.56,KGM,2023,6,31,Fertilizers,import
Japan,25637191.43,825555160.99,22536.45,KGM,2023,6,31,Fertilizers,import
Malaysia,37852720.68,1287572567.08,22113.52,KGM,2023,6,31,Fertilizers,import
Indonesia,30131066.8,923553819.36,24257.6,KGM,2023,6,31,Fertilizers,import
India,21357313.02,659744193.21,15010.31,KGM,2023,6,31,Fertilizers,import
Germany,13232696.99,454955018.68,9698.46,KGM,2023,6,31,Fertilizers,import
United States of America,21768348.96,694707862.19,14063.05,KGM,2023,6,31,Fertilizers,import
Belarus,13278485.27,458234782.68,10785.47,KGM,2023,6,31,Fertilizers,import
Morocco,17709067.11,577475442.61,13136.52,KGM,2023,6,31,Fertilizers,import
Israel,20440911.76,660841495.02,22620.3,KGM,2023,6,31,Fertilizers,import
Jordan,23925452.2,862223683.45,16704.06,KGM,2023,6,31,Fertilizers,import
Vietnam,11712773.0,375726745.29,7208.28,KGM,2023,6,31,Fertilizers,import
Saudi Arabia,106435498.83,3452172477.0,76385.8,KGM,2023,7,31,Fertilizers,import
Qatar,46733636.02,1558852674.13,42695.96,KGM,2023,7,31,Fertilizers,import
Oman,36523315.81,1208748993.97,39450.58,KGM,2023,7,31,Fertilizers,import
China,74568064.17,2467450855.35,51485.14,KGM,2023,7,31,Fertilizers,import
Russian Federation,65904027.59,2160659893.77,58344.8,KGM,2023,7,31,Fertilizers,import
Canada,35753501.74,1203228229.89,38415.56,KGM,2023,7,31,Fertilizers,import
Japan,26378879.09,889260053.06,21754.81,KGM,2023,7,31,Fertilizers,import
Malaysia,28999035.12,937388439.44,27171.29,KGM,2023,7,31,Fertilizers,import
Indonesia,28439758.63,912715672.52,19438.47,KGM,2023,7,31,Fertilizers,import
India,23675628.33,664259012.44,18363.35,KGM,2023,7,31,Fertilizers,import
Germany,15098817.88,482221922.14,10572.39,KGM,2023,7,31,Fertilizers,import
United States of America,18255435.29,583810574.5,14177.69,KGM,2023,7,31,Fertilizers,import
Belarus,12007947.24,377523013.88,8932.78,KGM,2023,7,31,Fertilizers,import
Morocco,16765191.62,567229883.37,12876.94,KGM,2023,7,31,Fertilizers,import
Israel,24198323.07,816491623.18,16189.41,KGM,2023,7,31,Fertilizers,import
Jordan,18260480.76,570660475.53,17241.5,KGM,2023,7,31,Fertilizers,import
Vietnam,10082358.64,342917221.7,8163.27,KGM,2023,7,31,Fertilizers,import
Saudi Arabia,113477294.16,4065721594.29,88104.29,KGM,2023,8,31,Fertilizers,import
Qatar,45514805.09,1428173443.66,38470.68,KGM,2023,8,31,Fertilizers,import
Oman,34413486.17,1171147845.53,30114.16,KGM,2023,8,31,Fertilizers,import
China,78687697.82,2393378217.33,63285.81,KGM,2023,8,31,Fertilizers,import
Russian Federation,64145148.92,2178600220.39,51889.82,KGM,2023,8,31,Fertilizers,import
Canada,34813834.61,1205610996.76,31160.35,KGM,2023,8,31,Fertilizers,import
Japan,26637833.81,930160223.41,16395.02,KGM,2023,8,31,Fertilizers,import
Malaysia,37409326.7,1136657122.75,30332.2,KGM,2023,8,31,Fertilizers,import
Indonesia,32095191.57,1034615511.03,19934.36,KGM,2023,8,31,Fertilizers,import
India,19439563.22,636262784.22,18352.66,KGM,2023,8,31,Fertilizers,import
Germany,14610848.22,480075024.72,11086.73,KGM,2023,8,31,Fertilizers,import
United States of America,18929369.2,583117506.22,20063.69,KGM,2023,8,31,Fertilizers,import
Belarus,14513987.89,504093070.09,11483.25,KGM,2023,8,31,Fertilizers,import
Morocco,19049085.96,643775126.73,12966.64,KGM,2023,8,31,Fertilizers,import
Israel,29519009.33,926907218.32,19621.33,KGM,2023,8,31,Fertilizers,import
Jordan,20105115.62,674681945.53,13899.93,KGM,2023,8,31,Fertilizers,import
Vietnam,12338491.46,377169915.56,8661.67,KGM,2023,8,31,Fertilizers,import
Saudi Arabia,125294126.69,3844157600.16,70501.23,KGM,2023,9,31,Fertilizers,import
Qatar,55826324.61,1877627500.88,46153.6,KGM,2023,9,31,Fertilizers,import
Oman,42348047.09,1401625181.92,40696.5,KGM,2023,9,31,Fertilizers,import
China,94081580.24,2922238742.12,73546.0,KGM,2023,9,31,Fertilizers,import
Russian Federation,69844064.89,2252015270.65,70268.71,KGM,2023,9,31,Fertilizers,import
Canada,39754092.7,1283946682.2,34287.76,KGM,2023,9,31,Fertilizers,import
Japan,26164291.59,919622900.2,21100.93,KGM,2023,9,31,Fertilizers,import
Malaysia,35039662.1,1076852217.44,23537.67,KGM,2023,9,31,Fertilizers,import
Indonesia,34691739.62,1167441833.66,21799.68,KGM,2023,9,31,Fertilizers,import
India,19670809.44,692196004.82,17447.11,KGM,2023,9,31,Fertilizers,import
Germany,13283134.02,410334348.26,11816.34,KGM,2023,9,31,Fertilizers,import
United States of America,25626739.13,829814551.09,17341.37,KGM,2023,9,31,Fertilizers,import
Belarus,13786720.87,445471592.63,10514.51,KGM,2023,9,31,Fertilizers,import
Morocco,12878531.28,422289384.4,13282.0,KGM,2023,9,31,Fertilizers,import
Israel,26827898.48,854292723.9,18894.41,KGM,2023,9,31,Fertilizers,import
Jordan,21298427.71,707430146.88,13549.47,KGM,2023,9,31,Fertilizers,import
Vietnam,9251483.87,314794736.25,10165.1,KGM,2023,9,31,Fertilizers,import
Saudi Arabia,73171237.09,2426890274.67,69630.16,KGM,2023,10,31,Fertilizers,import
Qatar,36251670.75,1213512118.01,24426.01,KGM,2023,10,31,Fertilizers,import
Oman,27838091.69,919243034.47,27370.74,KGM,2023,10,31,Fertilizers,import
China,56248923.85,1904851229.4,58822.4,KGM,2023,10,31,Fertilizers,import
Russian Federation,31978363.96,988894658.49,37966.64,KGM,2023,10,31,Fertilizers,import
Canada,27821411.04,932881757.83,23771.84,KGM,2023,10,31,Fertilizers,import
Japan,20686913.34,702422023.29,18214.07,KGM,2023,10,31,Fertilizers,import
Malaysia,26648362.26,930832577.6,20647.45,KGM,2023,10,31,Fertilizers,import
Indonesia,19522386.49,588436744.91,15566.16,KGM,2023,10,31,Fertilizers,import
India,16716920.03,625219639.13,11984.34,KGM,2023,10,31,Fertilizers,import
Germany,9671223.05,327078417.49,8149.72,KGM,2023,10,31,Fertilizers,import
United States of America,13453927.24,444679097.53,12616.44,KGM,2023,10,31,Fertilizers,import
Belarus,9773882.3,309288415.66,9198.71,KGM,2023,10,31,Fertilizers,import
Morocco,12428521.6,396967817.04,11365.98,KGM,2023,10,31,Fertilizers,import
Israel,17605330.07,593503609.34,18600.31,KGM,2023,10,31,Fertilizers,import
Jordan,14354629.42,461470612.1,13261.03,KGM,2023,10,31,Fertilizers,import
Vietnam,6802051.8,213213109.98,7513.61,KGM,2023,10,31,Fertilizers,import
Saudi Arabia,98551154.86,3567541657.22,59599.35,KGM,2023,11,31,Fertilizers,import
Qatar,34157045.69,1152786267.53,35554.56,KGM,2023,11,31,Fertilizers,import
Oman,32166430.8,1037476189.3,26502.17,KGM,2023,11,31,Fertilizers,import
China,51590702.95,1719752629.13,47197.84,KGM,2023,11,31,Fertilizers,import
Russian Federation,47132608.61,1578680250.76,40891.38,KGM,2023,11,31,Fertilizers,import
Canada,26979041.51,879494683.3,24869.38,KGM,2023,11,31,Fertilizers,import
Japan,18401637.79,585807180.87,17324.97,KGM,2023,11,31,Fertilizers,import
Malaysia,23603842.16,827585343.17,19957.74,KGM,2023,11,31,Fertilizers,import
Indonesia,20168122.1,656543692.63,16832.83,KGM,2023,11,31,Fertilizers,import
India,14723521.4,492353957.08,11802.37,KGM,2023,11,31,Fertilizers,import
Germany,9600522.75,311443364.23,9187.34,KGM,2023,11,31,Fertilizers,import
United States of America,12306454.16,400069865.45,15779.5,KGM,2023,11,31,Fertilizers,import
Belarus,11192495.98,385221328.29,9248.88,KGM,2023,11,31,Fertilizers,import
Morocco,11636902.08,361770743.03,9824.34,KGM,2023,11,31,Fertilizers,import
Israel,21352055.16,696485859.09,12790.18,KGM,2023,11,31,Fertilizers,import
Jordan,14986895.95,479800828.95,11718.94,KGM,2023,11,31,Fertilizers,import
Vietnam,9018239.55,301958353.35,7053.76,KGM,2023,11,31,Fertilizers,import
Saudi Arabia,65948670.21,2130359483.82,61973.1,KGM,2023,12,31,Fertilizers,import
Qatar,39740439.17,1384742579.71,27844.06,KGM,2023,12,31,Fertilizers,import
Oman,25466798.84,887215689.21,20784.9,KGM,2023,12,31,Fertilizers,import
China,62823102.38,2155818855.6,48933.45,KGM,2023,12,31,Fertilizers,import
Russian Federation,45463323.54,1520422864.64,32257.23,KGM,2023,12,31,Fertilizers,import
Canada,23407985.3,787914564.06,21537.29,KGM,2023,12,31,Fertilizers,import
Japan,13805908.61,464186571.56,13802.53,KGM,2023,12,31,Fertilizers,import
Malaysia,21286969.51,659628193.0,17911.2,KGM,2023,12,31,Fertilizers,import
Indonesia,15840915.7,522763801.64,15444.91,KGM,2023,12,31,Fertilizers,import
India,13317764.13,439875641.43,9628.24,KGM,2023,12,31,Fertilizers,import
Germany,6610005.54,236055851.99,7566.72,KGM,2023,12,31,Fertilizers,import
United States of America,11508257.4,387383133.11,9141.3,KGM,2023,12,31,Fertilizers,import
Belarus,9852237.68,306956543.58,6867.6,KGM,2023,12,31,Fertilizers,import
Morocco,10089040.8,322816320.07,7224.41,KGM,2023,12,31,Fertilizers,import
Israel,14986074.08,477053815.33,10985.89,KGM,2023,12,31,Fertilizers,import
Jordan,12975999.79,400491640.37,10569.89,KGM,2023,12,31,Fertilizers,import
Vietnam,7141621.15,243389250.39,5243.6,KGM,2023,12,31,Fertilizers,import
Saudi Arabia,72732423.27,2467172643.06,50446.45,KGM,2024,1,31,Fertilizers,import
Qatar,30910001.63,982978101.76,31273.54,KGM,2024,1,31,Fertilizers,import
Oman,26192456.51,824398616.82,19784.33,KGM,2024,1,31,Fertilizers,import
China,55158633.75,1679574427.05,37496.79,KGM,2024,1,31,Fertilizers,import
Russian Federation,30014176.99,1052412978.73,30191.15,KGM,2024,1,31,Fertilizers,import
Canada,28482078.32,923910703.34,18494.67,KGM,2024,1,31,Fertilizers,import
Japan,16082513.28,507833536.45,11334.24,KGM,2024,1,31,Fertilizers,import
Malaysia,23151923.57,773497276.38,17886.54,KGM,2024,1,31,Fertilizers,import
Indonesia,14614719.38,431780668.0,13656.39,KGM,2024,1,31,Fertilizers,import
India,13716145.4,424955692.47,10434.01,KGM,2024,1,31,Fertilizers,import
Germany,9796518.89,331077855.06,5292.49,KGM,2024,1,31,Fertilizers,import
United States of America,13352292.29,439867555.27,8614.54,KGM,2024,1,31,Fertilizers,import
Belarus,7052941.85,221449577.75,4442.24,KGM,2024,1,31,Fertilizers,import
Morocco,9495975.56,314327351.72,8721.91,KGM,2024,1,31,Fertilizers,import
Israel,15322002.01,493444814.85,10665.7,KGM,2024,1,31,Fertilizers,import
Jordan,11473642.84,368412370.9,8632.39,KGM,2024,1,31,Fertilizers,import
Vietnam,6796937.69,221000702.51,5026.45,KGM,2024,1,31,Fertilizers,import
Saudi Arabia,69695194.85,2160484833.68,49000.61,KGM,2024,2,31,Fertilizers,import
Qatar,34419252.72,1152803661.4,26898.24,KGM,2024,2,31,Fertilizers,import
Oman,25966893.22,858026468.57,20621.28,KGM,2024,2,31,Fertilizers,import
China,60563224.89,1945313439.09,33070.93,KGM,2024,2,31,Fertilizers,import
Russian Federation,44669038.92,1524861824.71,33140.85,KGM,2024,2,31,Fertilizers,import
Canada,24852342.27,782568788.12,22773.54,KGM,2024,2,31,Fertilizers,import
Japan,18478757.57,576252041.11,14864.77,KGM,2024,2,31,Fertilizers,import
Malaysia,21648907.16,694716179.65,16207.52,KGM,2024,2,31,Fertilizers,import
Indonesia,13214791.24,450124441.97,11452.42,KGM,2024,2,31,Fertilizers,import
India,13213162.3,452226791.87,9527.84,KGM,2024,2,31,Fertilizers,import
Germany,8915826.44,284561970.64,6637.6,KGM,2024,2,31,Fertilizers,import
United States of America,12757662.99,433899811.92,10346.23,KGM,2024,2,31,Fertilizers,import
Belarus,8850776.41,285305717.05,5451.45,KGM,2024,2,31,Fertilizers,import
Morocco,7919097.63,258808249.31,8520.98,KGM,2024,2,31,Fertilizers,import
Israel,15294181.13,536848259.64,9652.83,KGM,2024,2,31,Fertilizers,import
Jordan,10759416.83,356964368.08,10683.56,KGM,2024,2,31,Fertilizers,import
Vietnam,6393213.12,204857123.86,5044.32,KGM,2024,2,31,Fertilizers,import
Saudi Arabia,82266678.82,2558178441.13,58354.86,KGM,2024,3,31,Fertilizers,import
Qatar,35018411.6,1202767155.04,29582.01,KGM,2024,3,31,Fertilizers,import
Oman,25661132.39,847719311.19,20439.95,KGM,2024,3,31,Fertilizers,import
China,59396083.08,2005094870.08,36522.25,KGM,2024,3,31,Fertilizers,import
Russian Federation,43408382.02,1562804353.7,34998.9,KGM,2024,3,31,Fertilizers,import
Canada,26775893.43,912478823.64,23828.81,KGM,2024,3,31,Fertilizers,import
Japan,16059706.46,549747410.18,11340.92,KGM,2024,3,31,Fertilizers,import
Malaysia,20294220.38,700947015.91,14572.09,KGM,2024,3,31,Fertilizers,import
Indonesia,16352127.16,588047997.46,13216.31,KGM,2024,3,31,Fertilizers,import
India,11389673.9,368005520.7,9278.01,KGM,2024,3,31,Fertilizers,import
Germany,8885432.84,277776555.5,6502.2,KGM,2024,3,31,Fertilizers,import
United States of America,15718336.0,532501906.38,11269.77,KGM,2024,3,31,Fertilizers,import
Belarus,8979234.58,308879855.38,7536.32,KGM,2024,3,31,Fertilizers,import
Morocco,9836543.33,334875905.34,9017.76,KGM,2024,3,31,Fertilizers,import
Israel,18919036.65,626310729.59,16174.42,KGM,2024,3,31,Fertilizers,import
Jordan,15211203.82,537387863.49,7424.41,KGM,2024,3,31,Fertilizers,import
Vietnam,6754648.07,227372644.52,5658.09,KGM,2024,3,31,Fertilizers,import
Saudi Arabia,73980469.68,2617542906.69,61523.65,KGM,2024,4,31,Fertilizers,import
Qatar,36123280.03,1290330635.09,26133.45,KGM,2024,4,31,Fertilizers,import
Oman,29659158.18,1017174024.18,27739.27,KGM,2024,4,31,Fertilizers,import
China,48891545.6,1541260892.23,48571.27,KGM,2024,4,31,Fertilizers,import
Russian Federation,46993231.84,1436747775.37,37225.35,KGM,2024,4,31,Fertilizers,import
Canada,25884906.45,863457477.94,28504.59,KGM,2024,4,31,Fertilizers,import
Japan,18453505.26,597997778.02,18295.67,KGM,2024,4,31,Fertilizers,import
Malaysia,23264519.28,753744747.51,21016.6,KGM,2024,4,31,Fertilizers,import
Indonesia,17381118.54,549160829.67,10962.69,KGM,2024,4,31,Fertilizers,import
India,12754783.41,409228458.18,11484.45,KGM,2024,4,31,Fertilizers,import
Germany,11418406.19,400797133.39,6559.78,KGM,2024,4,31,Fertilizers,import
United States of America,14397076.98,491214292.49,12361.08,KGM,2024,4,31,Fertilizers,import
Belarus,7308373.8,238301643.46,7502.92,KGM,2024,4,31,Fertilizers,import
Morocco,9993133.69,355503836.96,9513.28,KGM,2024,4,31,Fertilizers,import
Israel,12386287.34,385601855.72,12656.62,KGM,2024,4,31,Fertilizers,import
Jordan,14188617.01,455333778.41,10829.63,KGM,2024,4,31,Fertilizers,import
Vietnam,8031382.8,297096735.56,7190.81,KGM,2024,4,31,Fertilizers,import
Saudi Arabia,70996177.3,2402425064.5,47931.69,KGM,2024,5,31,Fertilizers,import
Qatar,44506858.15,1575966508.77,33661.05,KGM,2024,5,31,Fertilizers,import
Oman,28101725.82,932222874.46,21317.57,KGM,2024,5,31,Fertilizers,import
China,55599319.17,1915655175.02,49660.28,KGM,2024,5,31,Fertilizers,import
Russian Federation,52938734.23,1766498513.69,40682.06,KGM,2024,5,31,Fertilizers,import
Canada,31033976.73,1033923503.89,17582.14,KGM,2024,5,31,Fertilizers,import
Japan,19267249.61,633286840.01,15725.4,KGM,2024,5,31,Fertilizers,import
Malaysia,24992987.12,867113821.74,17845.08,KGM,2024,5,31,Fertilizers,import
Indonesia,20074495.41,641454908.63,15610.6,KGM,2024,5,31,Fertilizers,import
India,15547018.02,495433323.84,11785.19,KGM,2024,5,31,Fertilizers,import
Germany,9529032.69,322342022.14,8245.42,KGM,2024,5,31,Fertilizers,import
United States of America,15075075.39,520673948.11,11627.69,KGM,2024,5,31,Fertilizers,import
Belarus,10769554.98,345905431.23,8345.0,KGM,2024,5,31,Fertilizers,import
Morocco,10283229.03,369481407.49,8599.49,KGM,2024,5,31,Fertilizers,import
Israel,17735925.45,582087796.6,17321.39,KGM,2024,5,31,Fertilizers,import
Jordan,14002955.35,460161462.22,11397.8,KGM,2024,5,31,Fertilizers,import
Vietnam,7073534.3,238745964.67,5287.78,KGM,2024,5,31,Fertilizers,import
Saudi Arabia,86449323.61,2796586398.05,80914.96,KGM,2024,6,31,Fertilizers,import
Qatar,37721117.05,1308492406.72,28385.11,KGM,2024,6,31,Fertilizers,import
Oman,31714950.71,1003673621.68,20991.25,KGM,2024,6,31,Fertilizers,import
China,64236499.06,2192878822.73,49077.55,KGM,2024,6,31,Fertilizers,import
Russian Federation,44560469.06,1412012201.72,30289.71,KGM,2024,6,31,Fertilizers,import
Canada,31341875.94,1014091595.26,29403.05,KGM,2024,6,31,Fertilizers,import
Japan,23999298.25,741829145.7,17197.41,KGM,2024,6,31,Fertilizers,import
Malaysia,24960545.19,732885928.06,21576.88,KGM,2024,6,31,Fertilizers,import
Indonesia,20809902.01,699177376.32,17840.96,KGM,2024,6,31,Fertilizers,import
India,14572001.27,475819798.19,11486.59,KGM,2024,6,31,Fertilizers,import
Germany,8625479.74,279250846.23,7174.83,KGM,2024,6,31,Fertilizers,import
United States of America,14828911.09,470021705.42,10946.23,KGM,2024,6,31,Fertilizers,import
Belarus,10517676.01,338576146.14,8167.78,KGM,2024,6,31,Fertilizers,import
Morocco,12323864.65,407853340.68,8873.71,KGM,2024,6,31,Fertilizers,import
Israel,19310590.01,603289530.64,13056.21,KGM,2024,6,31,Fertilizers,import
Jordan,14449696.42,470826411.68,9810.79,KGM,2024,6,31,Fertilizers,import
Vietnam,7600541.49,256867541.08,4406.46,KGM,2024,6,31,Fertilizers,import
Saudi Arabia,75266045.12,2508112848.6,70032.09,KGM,2024,7,31,Fertilizers,import
Qatar,41153166.19,1349923621.65,35046.01,KGM,2024,7,31,Fertilizers,import
Oman,28747633.33,1002122564.86,18657.02,KGM,2024,7,31,Fertilizers,import
China,56662239.95,1932725417.94,40448.37,KGM,2024,7,31,Fertilizers,import
Russian Federation,37471881.79,1287626284.97,36358.67,KGM,2024,7,31,Fertilizers,import
Canada,27491549.68,890060028.88,21018.54,KGM,2024,7,31,Fertilizers,import
Japan,15314302.24,502549103.04,16649.81,KGM,2024,7,31,Fertilizers,import
Malaysia,23305888.96,769586548.85,18548.73,KGM,2024,7,31,Fertilizers,import
Indonesia,20419088.29,632124848.34,15237.54,KGM,2024,7,31,Fertilizers,import
India,15202304.42,506362772.01,12188.03,KGM,2024,7,31,Fertilizers,import
Germany,10613772.92,367948346.49,7694.62,KGM,2024,7,31,Fertilizers,import
United States of America,16397865.84,522732800.04,12303.59,KGM,2024,7,31,Fertilizers,import
Belarus,9457997.02,290867061.81,8806.41,KGM,2024,7,31,Fertilizers,import
Morocco,11049253.28,350285461.69,8821.37,KGM,2024,7,31,Fertilizers,import
Israel,18755716.19,598934021.13,14424.01,KGM,2024,7,31,Fertilizers,import
Jordan,15245424.82,482741927.49,11281.39,KGM,2024,7,31,Fertilizers,import
Vietnam,7120095.89,244991924.78,6454.27,KGM,2024,7,31,Fertilizers,import
Saudi Arabia,75122820.19,2657291815.91,67300.63,KGM,2024,8,31,Fertilizers,import
Qatar,34512892.75,1181927957.04,32934.8,KGM,2024,8,31,Fertilizers,import
Oman,29330737.61,1064654609.29,27210.19,KGM,2024,8,31,Fertilizers,import
China,61258522.05,2111304011.98,46051.9,KGM,2024,8,31,Fertilizers,import
Russian Federation,53510127.35,1765614632.77,27549.11,KGM,2024,8,31,Fertilizers,import
Canada,28443992.33,930389124.9,24817.75,KGM,2024,8,31,Fertilizers,import
Japan,19573514.86,667491968.39,14157.37,KGM,2024,8,31,Fertilizers,import
Malaysia,28761244.82,888849516.59,17733.53,KGM,2024,8,31,Fertilizers,import
Indonesia,19781156.36,687521766.55,15739.03,KGM,2024,8,31,Fertilizers,import
India,12986273.22,386711024.78,11080.35,KGM,2024,8,31,Fertilizers,import
Germany,11228056.76,362720696.62,8134.08,KGM,2024,8,31,Fertilizers,import
United States of America,12848461.79,431983277.79,10096.0,KGM,2024,8,31,Fertilizers,import
Belarus,8777712.53,316563087.47,7995.22,KGM,2024,8,31,Fertilizers,import
Morocco,11433282.46,383849715.62,8382.72,KGM,2024,8,31,Fertilizers,import
Israel,15589574.52,547278709.45,17147.74,KGM,2024,8,31,Fertilizers,import
Jordan,14563173.4,471283881.36,10569.59,KGM,2024,8,31,Fertilizers,import
Vietnam,7663189.39,264835598.97,6608.11,KGM,2024,8,31,Fertilizers,import
Saudi Arabia,72156073.32,2448005072.19,72212.31,KGM,2024,9,31,Fertilizers,import
Qatar,38206147.3,1267464067.36,28000.95,KGM,2024,9,31,Fertilizers,import
Oman,26988867.26,845134135.3,27116.63,KGM,2024,9,31,Fertilizers,import
China,63681776.14,2047946230.08,47832.75,KGM,2024,9,31,Fertilizers,import
Russian Federation,49795128.98,1554186339.27,45466.32,KGM,2024,9,31,Fertilizers,import
Canada,28943302.4,953452418.11,21971.45,KGM,2024,9,31,Fertilizers,import
Japan,18747079.7,588982508.69,12684.07,KGM,2024,9,31,Fertilizers,import
Malaysia,29276227.47,975441246.15,20720.85,KGM,2024,9,31,Fertilizers,import
Indonesia,19556242.57,632747745.32,16000.26,KGM,2024,9,31,Fertilizers,import
India,15889082.75,496424164.53,12221.07,KGM,2024,9,31,Fertilizers,import
Germany,10317810.28,346892920.34,5674.86,KGM,2024,9,31,Fertilizers,import
United States of America,12966501.99,404659354.01,11935.82,KGM,2024,9,31,Fertilizers,import
Belarus,10065340.84,354845948.13,8608.62,KGM,2024,9,31,Fertilizers,import
Morocco,10213810.63,339065104.19,10790.77,KGM,2024,9,31,Fertilizers,import
Israel,17296229.12,564654645.52,15811.24,KGM,2024,9,31,Fertilizers,import
Jordan,16176772.62,518473722.97,10637.2,KGM,2024,9,31,Fertilizers,import
Vietnam,8809598.04,290253809.98,7587.92,KGM,2024,9,31,Fertilizers,import
Saudi Arabia,59721247.7,1973705966.36,64657.8,KGM,2024,10,31,Fertilizers,import
Qatar,40436318.22,1305471778.88,34456.74,KGM,2024,10,31,Fertilizers,import
Oman,33654694.02,1173043549.94,21362.26,KGM,2024,10,31,Fertilizers,import
China,71725989.5,2268664376.15,44236.7,KGM,2024,10,31,Fertilizers,import
Russian Federation,53875348.25,1738077765.37,35501.89,KGM,2024,10,31,Fertilizers,import
Canada,34473346.2,1240016415.64,27038.66,KGM,2024,10,31,Fertilizers,import
Japan,21053523.19,696384549.81,15346.14,KGM,2024,10,31,Fertilizers,import
Malaysia,25485352.67,840106669.33,20360.79,KGM,2024,10,31,Fertilizers,import
Indonesia,18771242.91,579787475.55,17120.82,KGM,2024,10,31,Fertilizers,import
India,14412126.69,426752727.9,12242.82,KGM,2024,10,31,Fertilizers,import
Germany,11145906.24,379009648.36,6239.99,KGM,2024,10,31,Fertilizers,import
United States of America,13517913.58,456617492.89,11816.51,KGM,2024,10,31,Fertilizers,import
Belarus,12625074.4,379081247.93,8395.71,KGM,2024,10,31,Fertilizers,import
Morocco,13604489.35,450374715.21,9659.48,KGM,2024,10,31,Fertilizers,import
Israel,19669298.82,649279724.03,10923.96,KGM,2024,10,31,Fertilizers,import
Jordan,14888950.24,507574298.74,14241.02,KGM,2024,10,31,Fertilizers,import
Vietnam,6932842.41,233458529.35,7627.64,KGM,2024,10,31,Fertilizers,import
Saudi Arabia,68692749.95,2373488325.62,65448.3,KGM,2024,11,31,Fertilizers,import
Qatar,35700268.4,1097106977.29,37880.32,KGM,2024,11,31,Fertilizers,import
Oman,28063735.18,984066116.32,21621.54,KGM,2024,11,31,Fertilizers,import
China,57957256.65,1951294271.13,41956.13,KGM,2024,11,31,Fertilizers,import
Russian Federation,54149915.11,1764907709.64,43888.24,KGM,2024,11,31,Fertilizers,import
Canada,31250693.28,1109780948.64,22477.68,KGM,2024,11,31,Fertilizers,import
Japan,22641310.15,774132972.61,18365.53,KGM,2024,11,31,Fertilizers,import
Malaysia,26715739.38,906998065.54,17282.91,KGM,2024,11,31,Fertilizers,import
Indonesia,20548815.53,702998174.1,18717.4,KGM,2024,11,31,Fertilizers,import
India,16076142.24,528366516.04,9726.32,KGM,2024,11,31,Fertilizers,import
Germany,9591607.78,310544392.67,8372.77,KGM,2024,11,31,Fertilizers,import
United States of America,14817027.62,479357408.03,12861.47,KGM,2024,11,31,Fertilizers,import
Belarus,10281850.07,326463111.61,6644.94,KGM,2024,11,31,Fertilizers,import
Morocco,12989717.11,452933089.11,8312.38,KGM,2024,11,31,Fertilizers,import
Israel,20066689.22,752462742.33,14157.16,KGM,2024,11,31,Fertilizers,import
Jordan,17131679.08,584520231.17,10801.39,KGM,2024,11,31,Fertilizers,import
Vietnam,8180191.39,256818223.38,5895.37,KGM,2024,11,31,Fertilizers,import
Saudi Arabia,77550647.66,2547320506.66,52377.86,KGM,2024,12,31,Fertilizers,import
Qatar,32018515.23,1050514875.69,25680.37,KGM,2024,12,31,Fertilizers,import
Oman,27476742.16,907429842.86,14587.64,KGM,2024,12,31,Fertilizers,import
China,48953019.84,1831534597.84,49441.76,KGM,2024,12,31,Fertilizers,import
Russian Federation,42499511.59,1409934703.6,27978.2,KGM,2024,12,31,Fertilizers,import
Canada,25906639.42,919682694.75,26165.65,KGM,2024,12,31,Fertilizers,import
Japan,19159277.86,651734446.49,13113.51,KGM,2024,12,31,Fertilizers,import
Malaysia,22625784.85,693766640.09,18143.97,KGM,2024,12,31,Fertilizers,import
Indonesia,19505632.45,640735409.35,14289.16,KGM,2024,12,31,Fertilizers,import
India,12431293.04,416148571.75,9572.42,KGM,2024,12,31,Fertilizers,import
Germany,7274488.13,228555992.05,7721.57,KGM,2024,12,31,Fertilizers,import
United States of America,10502394.79,333061074.71,12893.08,KGM,2024,12,31,Fertilizers,import
Belarus,8179963.01,292692543.44,8013.61,KGM,2024,12,31,Fertilizers,import
Morocco,8958084.33,283756115.9,7492.84,KGM,2024,12,31,Fertilizers,import
Israel,17353530.24,544547204.64,15193.25,KGM,2024,12,31,Fertilizers,import
Jordan,15096000.71,505779190.78,9679.81,KGM,2024,12,31,Fertilizers,import
Vietnam,6156534.66,202139539.78,5560.11,KGM,2024,12,31,Fertilizers,import
Saudi Arabia,67044930.76,2111208243.32,57939.76,KGM,2025,1,31,Fertilizers,import
Qatar,31554472.42,1104818415.25,29145.66,KGM,2025,1,31,Fertilizers,import
Oman,25900775.65,884177886.87,22023.23,KGM,2025,1,31,Fertilizers,import
China,56231982.94,1790116197.99,36783.33,KGM,2025,1,31,Fertilizers,import
Russian Federation,40280943.92,1359976886.4,42624.11,KGM,2025,1,31,Fertilizers,import
Canada,27162767.61,842556724.71,21680.72,KGM,2025,1,31,Fertilizers,import
Japan,20661028.31,704225781.51,14641.47,KGM,2025,1,31,Fertilizers,import
Malaysia,17813922.28,578341123.83,18925.83,KGM,2025,1,31,Fertilizers,import
Indonesia,15017370.27,467080141.74,12260.71,KGM,2025,1,31,Fertilizers,import
India,11316244.11,366871002.59,10459.45,KGM,2025,1,31,Fertilizers,import
Germany,8942414.69,293362570.84,8314.93,KGM,2025,1,31,Fertilizers,import
United States of America,10066133.7,350201713.91,10082.5,KGM,2025,1,31,Fertilizers,import
Belarus,8578967.04,288934568.92,8193.11,KGM,2025,1,31,Fertilizers,import
Morocco,8475140.71,283455335.0,8416.44,KGM,2025,1,31,Fertilizers,import
Israel,17258762.2,593038480.8,15181.7,KGM,2025,1,31,Fertilizers,import
Jordan,13551742.78,443792334.1,11226.58,KGM,2025,1,31,Fertilizers,import
Vietnam,5909965.1,198267128.03,5565.71,KGM,2025,1,31,Fertilizers,import
Saudi Arabia,58818209.34,2029705621.64,62009.18,KGM,2025,2,31,Fertilizers,import
Qatar,28847077.67,938612610.22,31130.44,KGM,2025,2,31,Fertilizers,import
Oman,23122932.4,761285977.61,22658.04,KGM,2025,2,31,Fertilizers,import
China,59674414.38,1814252201.69,36013.86,KGM,2025,2,31,Fertilizers,import
Russian Federation,40619668.35,1283958694.67,36599.69,KGM,2025,2,31,Fertilizers,import
Canada,21739773.29,669682176.4,20611.07,KGM,2025,2,31,Fertilizers,import
Japan,17229354.63,581347710.49,12826.7,KGM,2025,2,31,Fertilizers,import
Malaysia,18004207.73,589195768.71,19320.78,KGM,2025,2,31,Fertilizers,import
Indonesia,17993022.06,562530829.13,14913.74,KGM,2025,2,31,Fertilizers,import
India,13643630.35,422199322.3,8314.79,KGM,2025,2,31,Fertilizers,import
Germany,9999909.36,361101689.63,7578.82,KGM,2025,2,31,Fertilizers,import
United States of America,12073344.16,407970760.28,10153.28,KGM,2025,2,31,Fertilizers,import
Belarus,8348139.87,264267655.19,6087.97,KGM,2025,2,31,Fertilizers,import
Morocco,10244503.82,321244126.2,6996.74,KGM,2025,2,31,Fertilizers,import
Israel,15637129.09,538008083.15,11898.56,KGM,2025,2,31,Fertilizers,import
Jordan,12004767.32,403784311.5,9330.4,KGM,2025,2,31,Fertilizers,import
Vietnam,6143692.7,197042468.53,4926.87,KGM,2025,2,31,Fertilizers,import
Saudi Arabia,73166159.59,2263381740.21,72502.84,KGM,2025,3,31,Fertilizers,import
Qatar,42207546.67,1492056539.19,32539.92,KGM,2025,3,31,Fertilizers,import
Oman,36815562.65,1266031991.74,26271.18,KGM,2025,3,31,Fertilizers,import
China,48693457.95,1633192470.72,38457.18,KGM,2025,3,31,Fertilizers,import
Russian Federation,38776902.66,1155459300.24,40126.3,KGM,2025,3,31,Fertilizers,import
Canada,31254134.06,1037321440.94,21554.5,KGM,2025,3,31,Fertilizers,import
Japan,17285124.43,602421898.36,11541.47,KGM,2025,3,31,Fertilizers,import
Malaysia,26473585.97,899913810.74,17895.3,KGM,2025,3,31,Fertilizers,import
Indonesia,17953017.86,612892848.89,15464.1,KGM,2025,3,31,Fertilizers,import
India,14790312.75,499591931.98,13013.87,KGM,2025,3,31,Fertilizers,import
Germany,9367902.38,302416891.0,6790.49,KGM,2025,3,31,Fertilizers,import
United States of America,15147584.52,524995753.54,9189.74,KGM,2025,3,31,Fertilizers,import
Belarus,9079031.57,284645014.56,6739.21,KGM,2025,3,31,Fertilizers,import
Morocco,11965966.29,423393554.14,8952.24,KGM,2025,3,31,Fertilizers,import
Israel,14691138.29,482775313.01,12518.71,KGM,2025,3,31,Fertilizers,import
Jordan,12958960.74,433856301.17,11218.23,KGM,2025,3,31,Fertilizers,import
Vietnam,7835404.55,243248499.6,7059.25,KGM,2025,3,31,Fertilizers,import
Saudi Arabia,79697240.23,2681415246.95,56886.67,KGM,2025,4,31,Fertilizers,import
Qatar,40209308.47,1272555110.65,27185.26,KGM,2025,4,31,Fertilizers,import
Oman,30389160.1,992831098.27,23192.96,KGM,2025,4,31,Fertilizers,import
China,61624479.85,1984650564.73,50317.56,KGM,2025,4,31,Fertilizers,import
Russian Federation,44077857.3,1456781169.75,32709.53,KGM,2025,4,31,Fertilizers,import
Canada,24795643.64,863514617.25,23403.95,KGM,2025,4,31,Fertilizers,import
Japan,18592098.54,669255442.03,14426.56,KGM,2025,4,31,Fertilizers,import
Malaysia,27728789.97,920832069.83,17504.97,KGM,2025,4,31,Fertilizers,import
Indonesia,19906805.87,711111121.62,15795.49,KGM,2025,4,31,Fertilizers,import
India,14581090.81,496238167.91,11893.21,KGM,2025,4,31,Fertilizers,import
Germany,10783352.63,364554173.89,8576.08,KGM,2025,4,31,Fertilizers,import
United States of America,12201899.43,417660423.98,10886.62,KGM,2025,4,31,Fertilizers,import
Belarus,9877967.54,353934976.63,8473.6,KGM,2025,4,31,Fertilizers,import
Morocco,10202959.75,331641644.07,10514.44,KGM,2025,4,31,Fertilizers,import
Israel,18968457.8,686478101.03,13808.16,KGM,2025,4,31,Fertilizers,import
Jordan,14643040.67,492442703.75,10675.17,KGM,2025,4,31,Fertilizers,import
Vietnam,7959071.62,267998489.97,7009.77,KGM,2025,4,31,Fertilizers,import
Saudi Arabia,98137175.16,3223862149.64,62092.01,KGM,2025,5,31,Fertilizers,import
Qatar,36958048.2,1232424831.91,31790.15,KGM,2025,5,31,Fertilizers,import
Oman,30329571.06,973132421.2,23790.28,KGM,2025,5,31,Fertilizers,import
China,53798175.74,1867458765.06,45075.02,KGM,2025,5,31,Fertilizers,import
Russian Federation,55837598.45,1763777151.58,38970.06,KGM,2025,5,31,Fertilizers,import
Canada,29260537.85,1009443253.27,29523.6,KGM,2025,5,31,Fertilizers,import
Japan,20749793.96,732692860.33,17550.88,KGM,2025,5,31,Fertilizers,import
Malaysia,21749203.92,700474817.48,18741.45,KGM,2025,5,31,Fertilizers,import
Indonesia,20821324.98,710724829.13,16035.62,KGM,2025,5,31,Fertilizers,import
India,14002341.16,460621006.89,13742.68,KGM,2025,5,31,Fertilizers,import
Germany,10516303.13,364628481.15,8995.13,KGM,2025,5,31,Fertilizers,import
United States of America,15282221.9,544237989.9,12960.2,KGM,2025,5,31,Fertilizers,import
Belarus,10338374.55,350208055.3,7177.88,KGM,2025,5,31,Fertilizers,import
Morocco,11756008.16,396095148.18,6780.18,KGM,2025,5,31,Fertilizers,import
Israel,17906471.65,570766268.25,16124.99,KGM,2025,5,31,Fertilizers,import
Jordan,12529078.25,420604490.54,12038.85,KGM,2025,5,31,Fertilizers,import
Vietnam,7940481.92,249306592.68,6308.97,KGM,2025,5,31,Fertilizers,import
Saudi Arabia,90202874.94,3121836991.53,70119.37,KGM,2025,6,31,Fertilizers,import
Qatar,47471712.83,1689320175.13,35368.83,KGM,2025,6,31,Fertilizers,import
Oman,33380176.75,1093188037.47,29278.9,KGM,2025,6,31,Fertilizers,import
China,79795754.45,2647193938.64,55456.23,KGM,2025,6,31,Fertilizers,import
Russian Federation,56371347.17,1961683802.59,46815.34,KGM,2025,6,31,Fertilizers,import
Canada,37204064.31,1322678435.12,27534.54,KGM,2025,6,31,Fertilizers,import
Japan,24864778.48,769054605.9,17332.75,KGM,2025,6,31,Fertilizers,import
Malaysia,27399162.3,928716540.61,24002.72,KGM,2025,6,31,Fertilizers,import
Indonesia,25976530.42,840113906.01,15891.79,KGM,2025,6,31,Fertilizers,import
India,15131489.73,485089411.65,11516.67,KGM,2025,6,31,Fertilizers,import
Germany,11853391.77,374300109.34,9994.11,KGM,2025,6,31,Fertilizers,import
United States of America,15763286.59,525256800.48,10790.52,KGM,2025,6,31,Fertilizers,import
Belarus,10597057.74,356217056.58,10972.84,KGM,2025,6,31,Fertilizers,import
Morocco,13485798.61,414796121.75,10132.35,KGM,2025,6,31,Fertilizers,import
Israel,17766266.5,567661452.05,15236.0,KGM,2025,6,31,Fertilizers,import
Jordan,15437590.4,521349015.46,14341.94,KGM,2025,6,31,Fertilizers,import
Vietnam,8727832.44,265150728.54,9017.24,KGM,2025,6,31,Fertilizers,import
Saudi Arabia,79124222.67,2545738679.36,61282.62,KGM,2025,7,31,Fertilizers,import
Qatar,36589192.81,1195065540.85,31440.39,KGM,2025,7,31,Fertilizers,import
Oman,28343964.25,866555264.82,19922.03,KGM,2025,7,31,Fertilizers,import
China,57297752.8,1873891188.31,44922.53,KGM,2025,7,31,Fertilizers,import
Russian Federation,48632609.49,1589381222.35,36867.12,KGM,2025,7,31,Fertilizers,import
Canada,26982091.49,858041026.44,27915.81,KGM,2025,7,31,Fertilizers,import
Japan,18937071.27,603886683.84,14366.82,KGM,2025,7,31,Fertilizers,import
Malaysia,24643910.52,796264695.97,19425.39,KGM,2025,7,31,Fertilizers,import
Indonesia,19109163.88,642117369.72,14374.33,KGM,2025,7,31,Fertilizers,import
India,17781409.3,597294338.74,10561.22,KGM,2025,7,31,Fertilizers,import
Germany,9877533.14,336282486.99,8497.85,KGM,2025,7,31,Fertilizers,import
United States of America,15052983.73,486938805.36,11743.61,KGM,2025,7,31,Fertilizers,import
Belarus,9081122.32,282178774.08,7775.24,KGM,2025,7,31,Fertilizers,import
Morocco,11099249.93,367915365.39,10693.84,KGM,2025,7,31,Fertilizers,import
Israel,19280016.02,631120832.59,16657.22,KGM,2025,7,31,Fertilizers,import
Jordan,15055805.61,478489933.43,11372.59,KGM,2025,7,31,Fertilizers,import
Vietnam,7116998.3,237088143.99,6930.08,KGM,2025,7,31,Fertilizers,import
Saudi Arabia,95989075.83,3062356813.59,72382.5,KGM,2025,8,31,Fertilizers,import
Qatar,43917839.62,1529451481.76,31224.14,KGM,2025,8,31,Fertilizers,import
Oman,28907274.51,919435393.27,21238.12,KGM,2025,8,31,Fertilizers,import
China,56244671.39,1807764909.36,43714.04,KGM,2025,8,31,Fertilizers,import
Russian Federation,54980097.08,1704642280.59,49244.98,KGM,2025,8,31,Fertilizers,import
Canada,34224184.38,1147257078.4,22914.56,KGM,2025,8,31,Fertilizers,import
Japan,16905918.19,507042829.3,17224.39,KGM,2025,8,31,Fertilizers,import
Malaysia,26115743.1,869301981.68,20882.0,KGM,2025,8,31,Fertilizers,import
Indonesia,18767983.67,630353178.24,17273.96,KGM,2025,8,31,Fertilizers,import
India,14873529.23,488693508.1,13133.88,KGM,2025,8,31,Fertilizers,import
Germany,10663896.47,355374914.77,7980.27,KGM,2025,8,31,Fertilizers,import
United States of America,16065647.83,500432802.22,11573.65,KGM,2025,8,31,Fertilizers,import
Belarus,10407955.35,348132851.6,9259.14,KGM,2025,8,31,Fertilizers,import
Morocco,12540670.17,427745680.45,9673.99,KGM,2025,8,31,Fertilizers,import
Israel,17892021.14,620100727.28,13790.4,KGM,2025,8,31,Fertilizers,import
Jordan,14386479.66,498619605.82,13451.28,KGM,2025,8,31,Fertilizers,import
Vietnam,8561939.53,282892752.62,5510.41,KGM,2025,8,31,Fertilizers,import
Saudi Arabia,80931480.02,2688068486.66,62146.92,KGM,2025,9,31,Fertilizers,import
Qatar,44476822.22,1456301298.0,31221.93,KGM,2025,9,31,Fertilizers,import
Oman,30228319.95,985876978.83,28240.89,KGM,2025,9,31,Fertilizers,import
China,54302856.95,1821540157.0,40202.47,KGM,2025,9,31,Fertilizers,import
Russian Federation,47697980.52,1478788599.47,44614.2,KGM,2025,9,31,Fertilizers,import
Canada,29305719.56,986193615.23,20823.42,KGM,2025,9,31,Fertilizers,import
Japan,21989870.17,689846317.61,17191.29,KGM,2025,9,31,Fertilizers,import
Malaysia,23887497.34,727813534.49,21230.63,KGM,2025,9,31,Fertilizers,import
Indonesia,20152056.34,659578147.67,19527.11,KGM,2025,9,31,Fertilizers,import
India,13182116.49,422539054.62,11486.9,KGM,2025,9,31,Fertilizers,import
Germany,12534868.82,427393940.57,9911.02,KGM,2025,9,31,Fertilizers,import
United States of America,14956161.15,468125010.49,14175.1,KGM,2025,9,31,Fertilizers,import
Belarus,11436564.01,374810299.66,9179.81,KGM,2025,9,31,Fertilizers,import
Morocco,13801451.84,429257883.86,9380.06,KGM,2025,9,31,Fertilizers,import
Israel,20402547.98,691700869.68,14715.91,KGM,2025,9,31,Fertilizers,import
Jordan,18307598.11,600213336.06,11316.15,KGM,2025,9,31,Fertilizers,import
Vietnam,9556518.1,305333867.63,7138.28,KGM,2025,9,31,Fertilizers,import
Saudi Arabia,76846169.59,2450807084.04,63660.89,KGM,2025,10,31,Fertilizers,import
Qatar,43488254.81,1453327752.7,34303.86,KGM,2025,10,31,Fertilizers,import
Oman,29181170.41,872997035.53,25271.35,KGM,2025,10,31,Fertilizers,import
China,64643980.25,1995099478.74,58166.31,KGM,2025,10,31,Fertilizers,import
Russian Federation,55667003.9,1904020381.14,39365.29,KGM,2025,10,31,Fertilizers,import
Canada,32365450.78,1071206957.78,26725.81,KGM,2025,10,31,Fertilizers,import
Japan,24061376.76,768565234.34,17700.38,KGM,2025,10,31,Fertilizers,import
Malaysia,26812088.46,891330340.3,20299.8,KGM,2025,10,31,Fertilizers,import
Indonesia,20348409.13,677579810.09,15611.96,KGM,2025,10,31,Fertilizers,import
India,16018872.88,518652116.77,14371.09,KGM,2025,10,31,Fertilizers,import
Germany,8516333.21,260262156.62,8125.03,KGM,2025,10,31,Fertilizers,import
United States of America,16592165.45,522942635.71,10184.14,KGM,2025,10,31,Fertilizers,import
Belarus,10235200.81,321289757.91,10070.09,KGM,2025,10,31,Fertilizers,import
Morocco,12759808.91,449478187.65,10904.76,KGM,2025,10,31,Fertilizers,import
Israel,20602832.45,706604231.04,17300.27,KGM,2025,10,31,Fertilizers,import
Jordan,14003867.11,479954417.31,13294.07,KGM,2025,10,31,Fertilizers,import
Vietnam,7683357.35,244293972.54,6323.94,KGM,2025,10,31,Fertilizers,import
Saudi Arabia,89829312.21,2921135253.77,66154.73,KGM,2025,11,31,Fertilizers,import
Qatar,36349624.23,1168590164.38,33084.92,KGM,2025,11,31,Fertilizers,import
Oman,32030922.82,1065568205.58,21584.9,KGM,2025,11,31,Fertilizers,import
China,59794801.88,1854181432.96,42531.42,KGM,2025,11,31,Fertilizers,import
Russian Federation,45982428.74,1525765644.47,40660.68,KGM,2025,11,31,Fertilizers,import
Canada,32113738.5,1023214843.98,25939.25,KGM,2025,11,31,Fertilizers,import
Japan,23053083.93,776317779.96,15792.32,KGM,2025,11,31,Fertilizers,import
Malaysia,25630571.63,837568837.61,21786.32,KGM,2025,11,31,Fertilizers,import
Indonesia,21667264.17,741470265.66,16662.55,KGM,2025,11,31,Fertilizers,import
India,14354985.93,452755737.75,9851.46,KGM,2025,11,31,Fertilizers,import
Germany,11537502.63,382330840.19,8184.01,KGM,2025,11,31,Fertilizers,import
United States of America,13987639.15,440131990.8,12606.39,KGM,2025,11,31,Fertilizers,import
Belarus,9510477.32,320195382.54,7935.93,KGM,2025,11,31,Fertilizers,import
Morocco,13198250.95,404102382.45,10701.7,KGM,2025,11,31,Fertilizers,import
Israel,18749496.06,575641897.85,14655.17,KGM,2025,11,31,Fertilizers,import
Jordan,15659990.62,528795421.28,12132.12,KGM,2025,11,31,Fertilizers,import
Vietnam,8406415.9,289085240.81,6231.2,KGM,2025,11,31,Fertilizers,import
Saudi Arabia,56297526.08,1708918362.56,57452.16,KGM,2025,12,31,Fertilizers,import
Qatar,32885743.28,1022375131.48,30772.49,KGM,2025,12,31,Fertilizers,import
Oman,23276029.84,720650705.94,27918.01,KGM,2025,12,31,Fertilizers,import
China,63239027.46,2037103381.41,42526.68,KGM,2025,12,31,Fertilizers,import
Russian Federation,47797097.11,1495136123.44,41990.69,KGM,2025,12,31,Fertilizers,import
Canada,25755182.07,861047027.26,23918.47,KGM,2025,12,31,Fertilizers,import
Japan,20087069.99,717356193.19,15369.4,KGM,2025,12,31,Fertilizers,import
Malaysia,23020574.55,770788276.32,18574.93,KGM,2025,12,31,Fertilizers,import
Indonesia,17835523.5,594913907.12,15947.76,KGM,2025,12,31,Fertilizers,import
India,14639560.27,492514071.19,12086.42,KGM,2025,12,31,Fertilizers,import
Germany,9500552.7,305675244.25,6359.88,KGM,2025,12,31,Fertilizers,import
United States of America,14714471.35,442748946.98,12710.59,KGM,2025,12,31,Fertilizers,import
Belarus,8532939.81,270332819.51,7257.85,KGM,2025,12,31,Fertilizers,import
Morocco,9963072.67,352414443.81,9179.75,KGM,2025,12,31,Fertilizers,import
Israel,12975378.52,437204347.88,12760.7,KGM,2025,12,31,Fertilizers,import
Jordan,14628750.36,521399439.17,11271.73,KGM,2025,12,31,Fertilizers,import
Vietnam,7258254.0,232485130.86,6701.42,KGM,2025,12,31,Fertilizers,import
Saudi Arabia,71398268.28,2452623094.65,48525.02,KGM,2026,1,31,Fertilizers,import
Qatar,35065841.47,1140689966.27,29613.89,KGM,2026,1,31,Fertilizers,import
Oman,28181072.67,887929881.81,22311.65,KGM,2026,1,31,Fertilizers,import
China,48252650.19,1640076743.4,42450.07,KGM,2026,1,31,Fertilizers,import
Russian Federation,52631713.27,1816388693.76,36783.83,KGM,2026,1,31,Fertilizers,import
Canada,22326590.81,757061859.08,26440.15,KGM,2026,1,31,Fertilizers,import
Japan,17658635.19,553407505.43,13916.74,KGM,2026,1,31,Fertilizers,import
Malaysia,20361445.46,641721360.23,21815.13,KGM,2026,1,31,Fertilizers,import
Indonesia,15957327.49,497912163.04,13000.97,KGM,2026,1,31,Fertilizers,import
India,13330373.05,427695175.01,12039.37,KGM,2026,1,31,Fertilizers,import
Germany,7654736.92,251965911.62,7347.29,KGM,2026,1,31,Fertilizers,import
United States of America,14644626.38,477557822.16,10067.25,KGM,2026,1,31,Fertilizers,import
Belarus,8740650.06,283294585.49,7174.48,KGM,2026,1,31,Fertilizers,import
Morocco,10057414.95,323365192.82,6626.93,KGM,2026,1,31,Fertilizers,import
Israel,17114354.6,552679508.91,14081.29,KGM,2026,1,31,Fertilizers,import
Jordan,15039615.86,466126280.22,10611.32,KGM,2026,1,31,Fertilizers,import
Vietnam,5925694.3,192232452.97,6509.14,KGM,2026,1,31,Fertilizers,import
Saudi Arabia,81327011.74,2635517774.3,57116.96,KGM,2026,2,31,Fertilizers,import
Qatar,48155788.16,1513061233.16,35900.61,KGM,2026,2,31,Fertilizers,import
Oman,32804888.7,1014016416.68,33769.56,KGM,2026,2,31,Fertilizers,import
China,64968820.81,2192130162.89,67310.38,KGM,2026,2,31,Fertilizers,import
Russian Federation,58889435.38,1946045984.5,45165.18,KGM,2026,2,31,Fertilizers,import
Canada,32844969.46,1030672310.01,26355.27,KGM,2026,2,31,Fertilizers,import
Japan,24955745.22,835312979.61,19448.47,KGM,2026,2,31,Fertilizers,import
Malaysia,29365300.89,957835088.47,25783.77,KGM,2026,2,31,Fertilizers,import
Indonesia,22026634.45,680161465.05,17673.87,KGM,2026,2,31,Fertilizers,import
India,15408543.74,471431187.45,14048.57,KGM,2026,2,31,Fertilizers,import
Germany,9971233.82,332403735.02,11020.2,KGM,2026,2,31,Fertilizers,import
United States of America,16571732.5,505895642.31,18697.97,KGM,2026,2,31,Fertilizers,import
Belarus,12699468.22,434036970.93,9664.22,KGM,2026,2,31,Fertilizers,import
Morocco,14036029.51,465198802.83,9113.46,KGM,2026,2,31,Fertilizers,import
Israel,21525991.37,773129065.51,12993.69,KGM,2026,2,31,Fertilizers,import
Jordan,17896067.46,559282637.16,15877.67,KGM,2026,2,31,Fertilizers,import
Vietnam,9895770.11,330324292.95,8860.7,KGM,2026,2,31,Fertilizers,import
Saudi Arabia,103358046.54,3377295448.86,78189.6,KGM,2026,3,31,Fertilizers,import
Qatar,49078899.33,1557037215.44,46796.23,KGM,2026,3,31,Fertilizers,import
Oman,40986222.76,1336416090.89,29536.3,KGM,2026,3,31,Fertilizers,import
China,82371215.48,2798628332.87,60138.19,KGM,2026,3,31,Fertilizers,import
Russian Federation,68235000.66,2370666438.09,52958.34,KGM,2026,3,31,Fertilizers,import
Canada,39097394.22,1395393716.91,37187.09,KGM,2026,3,31,Fertilizers,import
Japan,25239655.07,808770625.53,23589.81,KGM,2026,3,31,Fertilizers,import
Malaysia,28990630.79,897436853.62,26727.1,KGM,2026,3,31,Fertilizers,import
Indonesia,23438744.68,755419642.21,23449.19,KGM,2026,3,31,Fertilizers,import
India,20776054.4,743299311.59,17011.44,KGM,2026,3,31,Fertilizers,import
Germany,13609941.42,457332507.06,12411.38,KGM,2026,3,31,Fertilizers,import
United States of America,20001847.77,680126754.22,18716.62,KGM,2026,3,31,Fertilizers,import
Belarus,13203526.64,446376166.65,11217.79,KGM,2026,3,31,Fertilizers,import
Morocco,14476395.79,508673171.66,12011.87,KGM,2026,3,31,Fertilizers,import
Israel,27617240.6,883655269.53,17509.2,KGM,2026,3,31,Fertilizers,import
Jordan,21614056.84,735194409.1,17472.77,KGM,2026,3,31,Fertilizers,import
Vietnam,11273078.87,377591268.18,8505.09,KGM,2026,3,31,Fertilizers,import
