country_eng,value_usd,value_baht,quantity,quantity_unit,year,month,hs_code,hs_description,data_type
United States of America,484930089.72,17295851785.37,392727.11,KGM,2019,1,85,Electrical Machinery & Electronics,export
China,309775220.04,10364249557.53,210890.72,KGM,2019,1,85,Electrical Machinery & Electronics,export
Japan,263112561.08,8338012063.85,225419.43,KGM,2019,1,85,Electrical Machinery & Electronics,export
Hong Kong,247859063.63,8491420733.56,176110.61,KGM,2019,1,85,Electrical Machinery & Electronics,export
Singapore,151208539.65,5042923437.98,119059.41,KGM,2019,1,85,Electrical Machinery & Electronics,export
Vietnam,117391912.13,3518697417.11,108683.39,KGM,2019,1,85,Electrical Machinery & Electronics,export
Malaysia,92752025.95,3036176366.99,70771.44,KGM,2019,1,85,Electrical Machinery & Electronics,export
Germany,56002626.36,1837588644.18,62751.33,KGM,2019,1,85,Electrical Machinery & Electronics,export
India,53771352.99,1750839058.36,47172.58,KGM,2019,1,85,Electrical Machinery & Electronics,export
"Korea, Republic of",54500205.1,1845927957.73,53358.74,KGM,2019,1,85,Electrical Machinery & Electronics,export
Indonesia,48513935.14,1608827265.54,42356.39,KGM,2019,1,85,Electrical Machinery & Electronics,export
Netherlands,48600165.78,1662205265.0,34762.0,KGM,2019,1,85,Electrical Machinery & Electronics,export
Philippines,35517706.56,1148810898.97,36258.31,KGM,2019,1,85,Electrical Machinery & Electronics,export
United Kingdom,30739502.89,980835186.49,26081.64,KGM,2019,1,85,Electrical Machinery & Electronics,export
Australia,25670607.79,729199976.29,25515.59,KGM,2019,1,85,Electrical Machinery & Electronics,export
Taiwan,34035711.03,1130436718.86,24610.32,KGM,2019,1,85,Electrical Machinery & Electronics,export
Mexico,20047936.45,681311776.51,21883.24,KGM,2019,1,85,Electrical Machinery & Electronics,export
United States of America,355613733.08,12010529844.17,347776.59,KGM,2019,2,85,Electrical Machinery & Electronics,export
China,309975177.28,9480779273.1,186711.79,KGM,2019,2,85,Electrical Machinery & Electronics,export
Japan,285169845.29,9185005243.99,178772.36,KGM,2019,2,85,Electrical Machinery & Electronics,export
Hong Kong,225953258.63,7366353222.99,146148.3,KGM,2019,2,85,Electrical Machinery & Electronics,export
Singapore,154299710.81,4976164671.71,94006.34,KGM,2019,2,85,Electrical Machinery & Electronics,export
Vietnam,94278561.54,3278864394.68,77105.86,KGM,2019,2,85,Electrical Machinery & Electronics,export
Malaysia,96943040.89,3276511387.15,70103.93,KGM,2019,2,85,Electrical Machinery & Electronics,export
Germany,74409388.88,2482090783.38,52094.78,KGM,2019,2,85,Electrical Machinery & Electronics,export
India,49326585.79,1621354895.16,40118.72,KGM,2019,2,85,Electrical Machinery & Electronics,export
"Korea, Republic of",56986309.92,1819695581.88,43210.91,KGM,2019,2,85,Electrical Machinery & Electronics,export
Indonesia,55267238.05,1821119601.64,47078.65,KGM,2019,2,85,Electrical Machinery & Electronics,export
Netherlands,44974345.43,1344801730.55,31700.94,KGM,2019,2,85,Electrical Machinery & Electronics,export
Philippines,32252107.88,1071139394.81,27284.96,KGM,2019,2,85,Electrical Machinery & Electronics,export
United Kingdom,31553138.67,1014056362.35,24638.16,KGM,2019,2,85,Electrical Machinery & Electronics,export
Australia,29307610.54,1002410960.29,18956.88,KGM,2019,2,85,Electrical Machinery & Electronics,export
Taiwan,33340007.27,1084451306.29,35361.47,KGM,2019,2,85,Electrical Machinery & Electronics,export
Mexico,23601231.02,762194583.02,18494.14,KGM,2019,2,85,Electrical Machinery & Electronics,export
United States of America,503843332.78,17372831756.03,378072.21,KGM,2019,3,85,Electrical Machinery & Electronics,export
China,331373346.45,11120701122.34,254290.7,KGM,2019,3,85,Electrical Machinery & Electronics,export
Japan,310232111.69,10368216368.65,239134.78,KGM,2019,3,85,Electrical Machinery & Electronics,export
Hong Kong,247540135.68,9123721511.8,163718.79,KGM,2019,3,85,Electrical Machinery & Electronics,export
Singapore,166695323.91,5493771358.65,136210.97,KGM,2019,3,85,Electrical Machinery & Electronics,export
Vietnam,91466378.77,3028810413.64,91975.08,KGM,2019,3,85,Electrical Machinery & Electronics,export
Malaysia,87183040.69,2832674816.35,68416.23,KGM,2019,3,85,Electrical Machinery & Electronics,export
Germany,85274603.34,2835930107.63,72877.07,KGM,2019,3,85,Electrical Machinery & Electronics,export
India,59739934.74,1980337078.49,48463.37,KGM,2019,3,85,Electrical Machinery & Electronics,export
"Korea, Republic of",72803464.64,2354533950.33,59975.12,KGM,2019,3,85,Electrical Machinery & Electronics,export
Indonesia,58349821.69,1890963728.01,46728.6,KGM,2019,3,85,Electrical Machinery & Electronics,export
Netherlands,39332417.64,1390455753.36,33964.69,KGM,2019,3,85,Electrical Machinery & Electronics,export
Philippines,32879612.44,999774605.55,36673.25,KGM,2019,3,85,Electrical Machinery & Electronics,export
United Kingdom,32870652.32,1172609723.87,27218.46,KGM,2019,3,85,Electrical Machinery & Electronics,export
Australia,31749414.7,1003185651.44,24682.76,KGM,2019,3,85,Electrical Machinery & Electronics,export
Taiwan,41649428.75,1360124326.72,29718.34,KGM,2019,3,85,Electrical Machinery & Electronics,export
Mexico,26715392.73,912135140.41,24081.5,KGM,2019,3,85,Electrical Machinery & Electronics,export
United States of America,446370964.18,14244225105.07,362493.78,KGM,2019,4,85,Electrical Machinery & Electronics,export
China,332656166.57,11075786396.91,289767.28,KGM,2019,4,85,Electrical Machinery & Electronics,export
Japan,223217320.07,6914494372.69,249514.29,KGM,2019,4,85,Electrical Machinery & Electronics,export
Hong Kong,227476610.43,7478105038.62,200667.11,KGM,2019,4,85,Electrical Machinery & Electronics,export
Singapore,177588008.28,5602915748.46,121090.07,KGM,2019,4,85,Electrical Machinery & Electronics,export
Vietnam,118682376.62,4028615037.63,109489.75,KGM,2019,4,85,Electrical Machinery & Electronics,export
Malaysia,98854050.48,3431944180.99,90874.66,KGM,2019,4,85,Electrical Machinery & Electronics,export
Germany,88105938.26,3011007978.04,56097.94,KGM,2019,4,85,Electrical Machinery & Electronics,export
India,64011259.46,2046835093.08,49789.58,KGM,2019,4,85,Electrical Machinery & Electronics,export
"Korea, Republic of",72237883.26,2402244184.38,54384.68,KGM,2019,4,85,Electrical Machinery & Electronics,export
Indonesia,56178008.26,1900496812.22,46943.65,KGM,2019,4,85,Electrical Machinery & Electronics,export
Netherlands,47557610.66,1426271579.03,35731.77,KGM,2019,4,85,Electrical Machinery & Electronics,export
Philippines,43980169.34,1439723187.74,32975.43,KGM,2019,4,85,Electrical Machinery & Electronics,export
United Kingdom,41056792.71,1358337695.66,24854.1,KGM,2019,4,85,Electrical Machinery & Electronics,export
Australia,29517408.44,875509596.48,28190.57,KGM,2019,4,85,Electrical Machinery & Electronics,export
Taiwan,44116397.29,1394761135.75,35656.29,KGM,2019,4,85,Electrical Machinery & Electronics,export
Mexico,28772954.34,967962313.21,20392.89,KGM,2019,4,85,Electrical Machinery & Electronics,export
United States of America,541011455.39,16801044210.54,351760.98,KGM,2019,5,85,Electrical Machinery & Electronics,export
China,369881238.36,12480410900.17,328784.13,KGM,2019,5,85,Electrical Machinery & Electronics,export
Japan,308246210.08,10255364358.46,224036.2,KGM,2019,5,85,Electrical Machinery & Electronics,export
Hong Kong,258768032.13,9063296186.72,195618.25,KGM,2019,5,85,Electrical Machinery & Electronics,export
Singapore,169612412.6,5556003200.24,138222.93,KGM,2019,5,85,Electrical Machinery & Electronics,export
Vietnam,124245759.06,4127302357.25,114624.52,KGM,2019,5,85,Electrical Machinery & Electronics,export
Malaysia,101692950.53,3300264819.0,81749.14,KGM,2019,5,85,Electrical Machinery & Electronics,export
Germany,71600499.87,2477552073.58,79247.26,KGM,2019,5,85,Electrical Machinery & Electronics,export
India,74993624.35,2637329313.69,46469.21,KGM,2019,5,85,Electrical Machinery & Electronics,export
"Korea, Republic of",89751530.9,3183642396.06,67522.72,KGM,2019,5,85,Electrical Machinery & Electronics,export
Indonesia,62987450.21,2126547512.84,41925.66,KGM,2019,5,85,Electrical Machinery & Electronics,export
Netherlands,44898286.5,1502944128.48,37132.6,KGM,2019,5,85,Electrical Machinery & Electronics,export
Philippines,42425076.96,1285983269.52,35185.63,KGM,2019,5,85,Electrical Machinery & Electronics,export
United Kingdom,36921607.7,1259859792.82,31976.39,KGM,2019,5,85,Electrical Machinery & Electronics,export
Australia,36045909.94,1169010808.53,27470.69,KGM,2019,5,85,Electrical Machinery & Electronics,export
Taiwan,43756128.69,1503092355.54,32134.48,KGM,2019,5,85,Electrical Machinery & Electronics,export
Mexico,30412981.53,968547239.03,23160.51,KGM,2019,5,85,Electrical Machinery & Electronics,export
United States of America,567093247.47,20502947021.26,435371.06,KGM,2019,6,85,Electrical Machinery & Electronics,export
China,357891454.98,11023807231.79,291907.69,KGM,2019,6,85,Electrical Machinery & Electronics,export
Japan,306736910.29,10502563969.67,228959.95,KGM,2019,6,85,Electrical Machinery & Electronics,export
Hong Kong,263534453.3,9539655390.12,228119.49,KGM,2019,6,85,Electrical Machinery & Electronics,export
Singapore,156427840.81,5322518251.25,151450.25,KGM,2019,6,85,Electrical Machinery & Electronics,export
Vietnam,152736008.55,5178073816.79,110633.91,KGM,2019,6,85,Electrical Machinery & Electronics,export
Malaysia,110684822.96,3894064211.79,90621.04,KGM,2019,6,85,Electrical Machinery & Electronics,export
Germany,78035282.5,2778284636.34,64798.52,KGM,2019,6,85,Electrical Machinery & Electronics,export
India,54680738.37,1816731441.98,53846.89,KGM,2019,6,85,Electrical Machinery & Electronics,export
"Korea, Republic of",75146624.12,2533486272.37,72810.48,KGM,2019,6,85,Electrical Machinery & Electronics,export
Indonesia,57195481.08,1911629599.87,43976.25,KGM,2019,6,85,Electrical Machinery & Electronics,export
Netherlands,56946365.59,1867747940.22,41477.65,KGM,2019,6,85,Electrical Machinery & Electronics,export
Philippines,39545044.32,1323883290.78,35526.08,KGM,2019,6,85,Electrical Machinery & Electronics,export
United Kingdom,35479863.98,1261630788.34,34369.0,KGM,2019,6,85,Electrical Machinery & Electronics,export
Australia,34166593.09,1070869794.63,28186.18,KGM,2019,6,85,Electrical Machinery & Electronics,export
Taiwan,45633055.48,1483569115.23,35893.83,KGM,2019,6,85,Electrical Machinery & Electronics,export
Mexico,27538109.76,924568775.11,29076.66,KGM,2019,6,85,Electrical Machinery & Electronics,export
United States of America,454116435.21,15142279102.11,441066.13,KGM,2019,7,85,Electrical Machinery & Electronics,export
China,335296411.01,9750706434.03,297980.5,KGM,2019,7,85,Electrical Machinery & Electronics,export
Japan,238961344.68,7839513270.84,271951.46,KGM,2019,7,85,Electrical Machinery & Electronics,export
Hong Kong,239330692.98,7967504016.87,167893.83,KGM,2019,7,85,Electrical Machinery & Electronics,export
Singapore,171954263.43,5770555996.77,156386.37,KGM,2019,7,85,Electrical Machinery & Electronics,export
Vietnam,121214901.25,4201821561.14,104868.12,KGM,2019,7,85,Electrical Machinery & Electronics,export
Malaysia,108912196.81,3638960463.19,85965.77,KGM,2019,7,85,Electrical Machinery & Electronics,export
Germany,78488939.9,2449913810.61,58404.28,KGM,2019,7,85,Electrical Machinery & Electronics,export
India,69293108.59,2400414222.34,56522.33,KGM,2019,7,85,Electrical Machinery & Electronics,export
"Korea, Republic of",79212988.89,2598517150.23,67566.27,KGM,2019,7,85,Electrical Machinery & Electronics,export
Indonesia,62829914.37,2067714966.33,41058.43,KGM,2019,7,85,Electrical Machinery & Electronics,export
Netherlands,40842571.98,1422840020.5,40151.61,KGM,2019,7,85,Electrical Machinery & Electronics,export
Philippines,41959211.04,1401847918.46,36220.63,KGM,2019,7,85,Electrical Machinery & Electronics,export
United Kingdom,35360903.2,1229481869.47,29328.07,KGM,2019,7,85,Electrical Machinery & Electronics,export
Australia,35722246.85,1104488744.54,24690.36,KGM,2019,7,85,Electrical Machinery & Electronics,export
Taiwan,42528527.43,1392122330.72,31005.81,KGM,2019,7,85,Electrical Machinery & Electronics,export
Mexico,24924600.8,818886126.68,26247.44,KGM,2019,7,85,Electrical Machinery & Electronics,export
United States of America,517814988.51,16872443683.53,370819.93,KGM,2019,8,85,Electrical Machinery & Electronics,export
China,347537785.65,11356216754.64,254453.71,KGM,2019,8,85,Electrical Machinery & Electronics,export
Japan,342063171.55,11382782302.23,189862.12,KGM,2019,8,85,Electrical Machinery & Electronics,export
Hong Kong,237274248.78,7765727307.8,239038.03,KGM,2019,8,85,Electrical Machinery & Electronics,export
Singapore,153690513.14,5152390136.33,133780.08,KGM,2019,8,85,Electrical Machinery & Electronics,export
Vietnam,164486139.14,5132185616.52,76922.75,KGM,2019,8,85,Electrical Machinery & Electronics,export
Malaysia,116443754.47,3844326263.36,67479.41,KGM,2019,8,85,Electrical Machinery & Electronics,export
Germany,81684451.45,2674488708.99,63389.57,KGM,2019,8,85,Electrical Machinery & Electronics,export
India,66382245.31,2322876873.06,61901.48,KGM,2019,8,85,Electrical Machinery & Electronics,export
"Korea, Republic of",80543198.12,2689152522.95,60049.29,KGM,2019,8,85,Electrical Machinery & Electronics,export
Indonesia,64920195.28,2178401714.6,53844.46,KGM,2019,8,85,Electrical Machinery & Electronics,export
Netherlands,59367456.99,2060640540.32,38151.96,KGM,2019,8,85,Electrical Machinery & Electronics,export
Philippines,45939544.41,1532039190.73,31820.13,KGM,2019,8,85,Electrical Machinery & Electronics,export
United Kingdom,39789271.75,1303918179.37,30373.34,KGM,2019,8,85,Electrical Machinery & Electronics,export
Australia,29098091.8,949832768.05,25194.84,KGM,2019,8,85,Electrical Machinery & Electronics,export
Taiwan,40459393.99,1399556671.49,30808.0,KGM,2019,8,85,Electrical Machinery & Electronics,export
Mexico,29729458.39,991005370.48,30282.22,KGM,2019,8,85,Electrical Machinery & Electronics,export
United States of America,579608147.62,18551800743.23,409510.65,KGM,2019,9,85,Electrical Machinery & Electronics,export
China,359199722.18,11805598640.83,323529.34,KGM,2019,9,85,Electrical Machinery & Electronics,export
Japan,319932581.88,10510744669.86,252572.28,KGM,2019,9,85,Electrical Machinery & Electronics,export
Hong Kong,261270857.78,8617592640.85,184838.44,KGM,2019,9,85,Electrical Machinery & Electronics,export
Singapore,186432644.36,6203783158.07,144967.96,KGM,2019,9,85,Electrical Machinery & Electronics,export
Vietnam,140765775.23,4648208914.53,107456.18,KGM,2019,9,85,Electrical Machinery & Electronics,export
Malaysia,112719184.27,3679729838.17,85376.92,KGM,2019,9,85,Electrical Machinery & Electronics,export
Germany,91597364.73,2984034199.95,69704.17,KGM,2019,9,85,Electrical Machinery & Electronics,export
India,71087955.58,2228220896.0,57122.85,KGM,2019,9,85,Electrical Machinery & Electronics,export
"Korea, Republic of",81374189.93,2565775666.92,76959.64,KGM,2019,9,85,Electrical Machinery & Electronics,export
Indonesia,58171723.69,1847929568.48,65346.55,KGM,2019,9,85,Electrical Machinery & Electronics,export
Netherlands,59253547.91,1960712342.74,40847.32,KGM,2019,9,85,Electrical Machinery & Electronics,export
Philippines,43176140.84,1322501179.39,36787.94,KGM,2019,9,85,Electrical Machinery & Electronics,export
United Kingdom,40108400.55,1211489847.13,29975.29,KGM,2019,9,85,Electrical Machinery & Electronics,export
Australia,38923111.6,1409899001.28,20918.79,KGM,2019,9,85,Electrical Machinery & Electronics,export
Taiwan,46449170.19,1626052625.48,29283.82,KGM,2019,9,85,Electrical Machinery & Electronics,export
Mexico,28326962.88,858265746.25,22427.82,KGM,2019,9,85,Electrical Machinery & Electronics,export
United States of America,493346003.41,16885861764.71,393318.61,KGM,2019,10,85,Electrical Machinery & Electronics,export
China,402018979.18,13429769616.42,245118.34,KGM,2019,10,85,Electrical Machinery & Electronics,export
Japan,257031978.42,9315640907.48,260296.19,KGM,2019,10,85,Electrical Machinery & Electronics,export
Hong Kong,221945064.42,7566309842.46,189699.84,KGM,2019,10,85,Electrical Machinery & Electronics,export
Singapore,195213500.55,6873540091.49,127737.5,KGM,2019,10,85,Electrical Machinery & Electronics,export
Vietnam,123989691.16,4178821775.43,129688.14,KGM,2019,10,85,Electrical Machinery & Electronics,export
Malaysia,121729122.56,4137018540.51,90244.75,KGM,2019,10,85,Electrical Machinery & Electronics,export
Germany,96391192.74,3176162894.18,81890.96,KGM,2019,10,85,Electrical Machinery & Electronics,export
India,65520692.39,2096581451.49,57054.37,KGM,2019,10,85,Electrical Machinery & Electronics,export
"Korea, Republic of",76123215.93,2583172200.11,77667.55,KGM,2019,10,85,Electrical Machinery & Electronics,export
Indonesia,66633446.14,2260624000.8,56887.35,KGM,2019,10,85,Electrical Machinery & Electronics,export
Netherlands,64082218.47,2018821288.04,32341.36,KGM,2019,10,85,Electrical Machinery & Electronics,export
Philippines,41846976.68,1388038445.41,30056.9,KGM,2019,10,85,Electrical Machinery & Electronics,export
United Kingdom,41147727.42,1413658308.62,40080.11,KGM,2019,10,85,Electrical Machinery & Electronics,export
Australia,34172904.85,1034056033.22,30508.51,KGM,2019,10,85,Electrical Machinery & Electronics,export
Taiwan,45640148.52,1444367112.34,36383.56,KGM,2019,10,85,Electrical Machinery & Electronics,export
Mexico,30866228.29,975409298.5,23105.77,KGM,2019,10,85,Electrical Machinery & Electronics,export
United States of America,565748454.45,19102492780.41,476605.4,KGM,2019,11,85,Electrical Machinery & Electronics,export
China,337853635.01,10942910320.05,260192.85,KGM,2019,11,85,Electrical Machinery & Electronics,export
Japan,302364755.94,10455995794.98,221449.69,KGM,2019,11,85,Electrical Machinery & Electronics,export
Hong Kong,259639746.12,8022898983.74,231458.57,KGM,2019,11,85,Electrical Machinery & Electronics,export
Singapore,164505984.65,5644252805.04,155908.65,KGM,2019,11,85,Electrical Machinery & Electronics,export
Vietnam,116566478.23,3904274290.16,109855.04,KGM,2019,11,85,Electrical Machinery & Electronics,export
Malaysia,98492938.19,3016771962.78,88432.81,KGM,2019,11,85,Electrical Machinery & Electronics,export
Germany,80145788.63,2648357507.11,75745.83,KGM,2019,11,85,Electrical Machinery & Electronics,export
India,71242036.98,2408362270.75,55345.57,KGM,2019,11,85,Electrical Machinery & Electronics,export
"Korea, Republic of",84151520.3,2792863051.37,69640.71,KGM,2019,11,85,Electrical Machinery & Electronics,export
Indonesia,59431653.45,1867029347.46,46160.22,KGM,2019,11,85,Electrical Machinery & Electronics,export
Netherlands,50865213.95,1800749029.22,39314.72,KGM,2019,11,85,Electrical Machinery & Electronics,export
Philippines,39542692.31,1289028227.42,39731.75,KGM,2019,11,85,Electrical Machinery & Electronics,export
United Kingdom,38929270.01,1201831963.17,33330.93,KGM,2019,11,85,Electrical Machinery & Electronics,export
Australia,32506754.76,1054181461.95,24056.72,KGM,2019,11,85,Electrical Machinery & Electronics,export
Taiwan,40151054.79,1289852024.41,40918.02,KGM,2019,11,85,Electrical Machinery & Electronics,export
Mexico,23563150.36,806123252.18,23740.74,KGM,2019,11,85,Electrical Machinery & Electronics,export
United States of America,534992348.77,17239941137.1,357865.58,KGM,2019,12,85,Electrical Machinery & Electronics,export
China,306223473.18,9586838442.61,257552.59,KGM,2019,12,85,Electrical Machinery & Electronics,export
Japan,261773915.3,8656524351.35,213390.66,KGM,2019,12,85,Electrical Machinery & Electronics,export
Hong Kong,226675511.35,7595468872.59,163337.93,KGM,2019,12,85,Electrical Machinery & Electronics,export
Singapore,152649884.25,4789574486.12,121974.76,KGM,2019,12,85,Electrical Machinery & Electronics,export
Vietnam,122362159.96,4334637528.09,81534.79,KGM,2019,12,85,Electrical Machinery & Electronics,export
Malaysia,81150857.96,2445702247.79,80331.89,KGM,2019,12,85,Electrical Machinery & Electronics,export
Germany,59352981.8,1757468448.87,57250.25,KGM,2019,12,85,Electrical Machinery & Electronics,export
India,65808968.66,2309996536.71,48938.29,KGM,2019,12,85,Electrical Machinery & Electronics,export
"Korea, Republic of",67846365.55,2211636025.38,56810.63,KGM,2019,12,85,Electrical Machinery & Electronics,export
Indonesia,48976572.75,1527778698.01,40837.63,KGM,2019,12,85,Electrical Machinery & Electronics,export
Netherlands,47782125.52,1569625077.62,35440.55,KGM,2019,12,85,Electrical Machinery & Electronics,export
Philippines,49157632.72,1645337338.88,29183.44,KGM,2019,12,85,Electrical Machinery & Electronics,export
United Kingdom,34313232.95,1144610101.89,31433.95,KGM,2019,12,85,Electrical Machinery & Electronics,export
Australia,29834303.69,946059882.46,31282.5,KGM,2019,12,85,Electrical Machinery & Electronics,export
Taiwan,37590283.17,1194348512.26,34039.32,KGM,2019,12,85,Electrical Machinery & Electronics,export
Mexico,28887725.78,996766771.75,20231.55,KGM,2019,12,85,Electrical Machinery & Electronics,export
United States of America,497478162.22,15670208963.07,358640.72,KGM,2020,1,85,Electrical Machinery & Electronics,export
China,290305548.97,9966888208.79,241276.92,KGM,2020,1,85,Electrical Machinery & Electronics,export
Japan,272841735.32,9146744524.3,225145.0,KGM,2020,1,85,Electrical Machinery & Electronics,export
Hong Kong,245775322.88,8171374480.01,176920.34,KGM,2020,1,85,Electrical Machinery & Electronics,export
Singapore,151495319.27,5229248918.37,114501.93,KGM,2020,1,85,Electrical Machinery & Electronics,export
Vietnam,124523973.57,3966642791.37,103755.12,KGM,2020,1,85,Electrical Machinery & Electronics,export
Malaysia,93819734.15,3307553241.11,82017.17,KGM,2020,1,85,Electrical Machinery & Electronics,export
Germany,64138136.12,2098354528.02,60405.74,KGM,2020,1,85,Electrical Machinery & Electronics,export
India,70039585.95,2201275901.86,35524.98,KGM,2020,1,85,Electrical Machinery & Electronics,export
"Korea, Republic of",77721755.75,2413090319.46,51318.57,KGM,2020,1,85,Electrical Machinery & Electronics,export
Indonesia,60867977.71,2101957166.32,35031.0,KGM,2020,1,85,Electrical Machinery & Electronics,export
Netherlands,38248919.22,1273697118.24,29979.95,KGM,2020,1,85,Electrical Machinery & Electronics,export
Philippines,34562886.15,1234001052.58,31200.71,KGM,2020,1,85,Electrical Machinery & Electronics,export
United Kingdom,33463107.79,1120560271.81,32503.54,KGM,2020,1,85,Electrical Machinery & Electronics,export
Australia,33101342.55,1123938113.79,17345.16,KGM,2020,1,85,Electrical Machinery & Electronics,export
Taiwan,39589903.81,1419032655.02,28907.87,KGM,2020,1,85,Electrical Machinery & Electronics,export
Mexico,25132788.1,858861148.37,17066.14,KGM,2020,1,85,Electrical Machinery & Electronics,export
United States of America,375428569.42,13143677776.14,353418.48,KGM,2020,2,85,Electrical Machinery & Electronics,export
China,306380592.15,9949192140.59,226535.84,KGM,2020,2,85,Electrical Machinery & Electronics,export
Japan,287665217.92,9827386770.82,174378.34,KGM,2020,2,85,Electrical Machinery & Electronics,export
Hong Kong,266887612.01,8712004961.08,186518.69,KGM,2020,2,85,Electrical Machinery & Electronics,export
Singapore,143581045.65,4597957909.56,110004.16,KGM,2020,2,85,Electrical Machinery & Electronics,export
Vietnam,110726407.79,3921504200.88,94688.66,KGM,2020,2,85,Electrical Machinery & Electronics,export
Malaysia,70420492.52,2496062747.93,49540.3,KGM,2020,2,85,Electrical Machinery & Electronics,export
Germany,73375193.62,2476555402.65,59133.67,KGM,2020,2,85,Electrical Machinery & Electronics,export
India,57276028.99,1932363950.52,57760.53,KGM,2020,2,85,Electrical Machinery & Electronics,export
"Korea, Republic of",62723445.07,2056369545.96,50272.16,KGM,2020,2,85,Electrical Machinery & Electronics,export
Indonesia,47102089.19,1563126993.25,49139.89,KGM,2020,2,85,Electrical Machinery & Electronics,export
Netherlands,38651133.62,1358918373.57,36722.82,KGM,2020,2,85,Electrical Machinery & Electronics,export
Philippines,40348936.4,1264390130.31,26522.48,KGM,2020,2,85,Electrical Machinery & Electronics,export
United Kingdom,37517327.48,1258945560.06,21145.5,KGM,2020,2,85,Electrical Machinery & Electronics,export
Australia,27524187.01,864752118.1,27026.97,KGM,2020,2,85,Electrical Machinery & Electronics,export
Taiwan,33573714.35,1147995207.02,31344.17,KGM,2020,2,85,Electrical Machinery & Electronics,export
Mexico,29007203.75,972444080.47,21587.67,KGM,2020,2,85,Electrical Machinery & Electronics,export
United States of America,405433505.34,12844345451.23,245268.92,KGM,2020,3,85,Electrical Machinery & Electronics,export
China,213146739.41,7303097164.3,132629.3,KGM,2020,3,85,Electrical Machinery & Electronics,export
Japan,244648838.12,8212888703.22,182662.36,KGM,2020,3,85,Electrical Machinery & Electronics,export
Hong Kong,185027545.24,6576403538.14,147746.25,KGM,2020,3,85,Electrical Machinery & Electronics,export
Singapore,141260968.61,4896557703.65,90980.57,KGM,2020,3,85,Electrical Machinery & Electronics,export
Vietnam,103012451.05,3459299343.54,79115.19,KGM,2020,3,85,Electrical Machinery & Electronics,export
Malaysia,75980081.89,2328331728.45,48268.91,KGM,2020,3,85,Electrical Machinery & Electronics,export
Germany,65946566.39,2038808791.51,42464.67,KGM,2020,3,85,Electrical Machinery & Electronics,export
India,38770760.56,1301205045.92,36905.7,KGM,2020,3,85,Electrical Machinery & Electronics,export
"Korea, Republic of",57544537.59,1865176825.26,48526.96,KGM,2020,3,85,Electrical Machinery & Electronics,export
Indonesia,43268630.18,1457978336.53,37723.56,KGM,2020,3,85,Electrical Machinery & Electronics,export
Netherlands,34547645.92,1037246529.31,30410.53,KGM,2020,3,85,Electrical Machinery & Electronics,export
Philippines,30578501.28,1078744242.14,22647.18,KGM,2020,3,85,Electrical Machinery & Electronics,export
United Kingdom,24830961.2,803449225.38,22324.51,KGM,2020,3,85,Electrical Machinery & Electronics,export
Australia,23096941.9,747710255.78,20456.13,KGM,2020,3,85,Electrical Machinery & Electronics,export
Taiwan,36241164.72,1230269982.56,18666.08,KGM,2020,3,85,Electrical Machinery & Electronics,export
Mexico,21223186.97,709983173.61,17020.36,KGM,2020,3,85,Electrical Machinery & Electronics,export
United States of America,416292435.99,14362919526.07,312452.33,KGM,2020,4,85,Electrical Machinery & Electronics,export
China,253520955.24,8332291748.38,176828.07,KGM,2020,4,85,Electrical Machinery & Electronics,export
Japan,246263575.65,7726715364.62,167939.63,KGM,2020,4,85,Electrical Machinery & Electronics,export
Hong Kong,200986450.55,6400150118.31,157525.96,KGM,2020,4,85,Electrical Machinery & Electronics,export
Singapore,123234395.19,4067914752.28,98739.46,KGM,2020,4,85,Electrical Machinery & Electronics,export
Vietnam,100749782.13,3430264751.18,72023.89,KGM,2020,4,85,Electrical Machinery & Electronics,export
Malaysia,71666219.55,2546428395.22,72674.19,KGM,2020,4,85,Electrical Machinery & Electronics,export
Germany,57684646.6,1988234695.84,43047.87,KGM,2020,4,85,Electrical Machinery & Electronics,export
India,51771537.87,1657614224.54,43048.9,KGM,2020,4,85,Electrical Machinery & Electronics,export
"Korea, Republic of",56026692.82,1874445925.93,43543.39,KGM,2020,4,85,Electrical Machinery & Electronics,export
Indonesia,38659994.7,1202957243.61,34907.87,KGM,2020,4,85,Electrical Machinery & Electronics,export
Netherlands,35900962.21,1212057791.76,29928.25,KGM,2020,4,85,Electrical Machinery & Electronics,export
Philippines,33405841.44,1028091993.05,27539.2,KGM,2020,4,85,Electrical Machinery & Electronics,export
United Kingdom,31978037.27,1027848070.46,20954.18,KGM,2020,4,85,Electrical Machinery & Electronics,export
Australia,25913184.44,869199175.28,19371.59,KGM,2020,4,85,Electrical Machinery & Electronics,export
Taiwan,33270431.43,1088755269.51,22923.95,KGM,2020,4,85,Electrical Machinery & Electronics,export
Mexico,21740325.13,702261541.31,19695.79,KGM,2020,4,85,Electrical Machinery & Electronics,export
United States of America,366601637.59,11597710062.01,271118.41,KGM,2020,5,85,Electrical Machinery & Electronics,export
China,222721902.11,7882205515.28,188620.26,KGM,2020,5,85,Electrical Machinery & Electronics,export
Japan,240879506.06,7605715939.66,207879.0,KGM,2020,5,85,Electrical Machinery & Electronics,export
Hong Kong,155509449.54,5564189817.02,160365.72,KGM,2020,5,85,Electrical Machinery & Electronics,export
Singapore,122501302.54,3754137832.18,104258.45,KGM,2020,5,85,Electrical Machinery & Electronics,export
Vietnam,96834868.28,2891531141.38,76091.36,KGM,2020,5,85,Electrical Machinery & Electronics,export
Malaysia,69236576.62,2120744744.3,53518.33,KGM,2020,5,85,Electrical Machinery & Electronics,export
Germany,59708747.97,1913678885.43,54644.2,KGM,2020,5,85,Electrical Machinery & Electronics,export
India,57414719.74,1922780338.51,39406.52,KGM,2020,5,85,Electrical Machinery & Electronics,export
"Korea, Republic of",60819772.91,1941722039.6,54881.44,KGM,2020,5,85,Electrical Machinery & Electronics,export
Indonesia,47055882.53,1674396222.12,31954.89,KGM,2020,5,85,Electrical Machinery & Electronics,export
Netherlands,34609201.45,1223061164.94,32322.67,KGM,2020,5,85,Electrical Machinery & Electronics,export
Philippines,28336195.79,892897049.79,27588.85,KGM,2020,5,85,Electrical Machinery & Electronics,export
United Kingdom,35713730.77,1097269949.36,17915.1,KGM,2020,5,85,Electrical Machinery & Electronics,export
Australia,22862082.01,772310964.11,17907.2,KGM,2020,5,85,Electrical Machinery & Electronics,export
Taiwan,37980220.88,1266672779.75,29319.35,KGM,2020,5,85,Electrical Machinery & Electronics,export
Mexico,22552841.46,757473478.97,16713.44,KGM,2020,5,85,Electrical Machinery & Electronics,export
United States of America,385748651.37,12301000878.19,322343.82,KGM,2020,6,85,Electrical Machinery & Electronics,export
China,231083971.76,7626939137.12,210762.19,KGM,2020,6,85,Electrical Machinery & Electronics,export
Japan,216123095.45,7313088893.39,166943.79,KGM,2020,6,85,Electrical Machinery & Electronics,export
Hong Kong,205949410.77,7222933081.56,193077.06,KGM,2020,6,85,Electrical Machinery & Electronics,export
Singapore,115646863.68,3579599668.82,102654.22,KGM,2020,6,85,Electrical Machinery & Electronics,export
Vietnam,80378426.21,2830963919.95,99554.23,KGM,2020,6,85,Electrical Machinery & Electronics,export
Malaysia,73832460.05,2590602383.17,72441.29,KGM,2020,6,85,Electrical Machinery & Electronics,export
Germany,53052252.14,1711599324.49,57891.87,KGM,2020,6,85,Electrical Machinery & Electronics,export
India,54542398.18,1929603341.45,57202.37,KGM,2020,6,85,Electrical Machinery & Electronics,export
"Korea, Republic of",58338564.4,1756972818.44,55342.49,KGM,2020,6,85,Electrical Machinery & Electronics,export
Indonesia,48278359.57,1644290418.73,39098.5,KGM,2020,6,85,Electrical Machinery & Electronics,export
Netherlands,37394189.34,1282020855.96,32962.69,KGM,2020,6,85,Electrical Machinery & Electronics,export
Philippines,25204675.78,797602761.6,25268.47,KGM,2020,6,85,Electrical Machinery & Electronics,export
United Kingdom,31504623.22,1010738283.31,27546.9,KGM,2020,6,85,Electrical Machinery & Electronics,export
Australia,23405546.43,731895731.37,21307.42,KGM,2020,6,85,Electrical Machinery & Electronics,export
Taiwan,32087842.23,1086820161.78,25218.97,KGM,2020,6,85,Electrical Machinery & Electronics,export
Mexico,23706253.55,840511757.12,18741.58,KGM,2020,6,85,Electrical Machinery & Electronics,export
United States of America,396668302.98,12914414979.12,293506.58,KGM,2020,7,85,Electrical Machinery & Electronics,export
China,237819152.68,7352413682.5,180819.31,KGM,2020,7,85,Electrical Machinery & Electronics,export
Japan,250868174.81,8397529476.87,164713.02,KGM,2020,7,85,Electrical Machinery & Electronics,export
Hong Kong,187333833.36,6506235480.34,153958.19,KGM,2020,7,85,Electrical Machinery & Electronics,export
Singapore,131024451.52,4212938096.02,91595.74,KGM,2020,7,85,Electrical Machinery & Electronics,export
Vietnam,104866353.83,3605684858.99,81729.07,KGM,2020,7,85,Electrical Machinery & Electronics,export
Malaysia,75407576.43,2545757667.47,51446.94,KGM,2020,7,85,Electrical Machinery & Electronics,export
Germany,66002521.7,2041285369.11,53224.27,KGM,2020,7,85,Electrical Machinery & Electronics,export
India,48202885.2,1619571148.24,36560.71,KGM,2020,7,85,Electrical Machinery & Electronics,export
"Korea, Republic of",60450794.42,2082613113.14,46108.12,KGM,2020,7,85,Electrical Machinery & Electronics,export
Indonesia,51780019.4,1760862746.7,37577.32,KGM,2020,7,85,Electrical Machinery & Electronics,export
Netherlands,36533262.97,1260931536.42,28210.11,KGM,2020,7,85,Electrical Machinery & Electronics,export
Philippines,29371923.36,1045029733.87,27903.93,KGM,2020,7,85,Electrical Machinery & Electronics,export
United Kingdom,30861805.32,956392335.75,22949.93,KGM,2020,7,85,Electrical Machinery & Electronics,export
Australia,26170504.69,856601446.64,23094.49,KGM,2020,7,85,Electrical Machinery & Electronics,export
Taiwan,35475433.58,1186192456.57,26877.92,KGM,2020,7,85,Electrical Machinery & Electronics,export
Mexico,21817486.45,706064777.86,14875.58,KGM,2020,7,85,Electrical Machinery & Electronics,export
United States of America,380608975.03,12551404232.07,340247.47,KGM,2020,8,85,Electrical Machinery & Electronics,export
China,293953323.84,9478076726.48,219343.7,KGM,2020,8,85,Electrical Machinery & Electronics,export
Japan,213160900.07,7085714178.82,172214.98,KGM,2020,8,85,Electrical Machinery & Electronics,export
Hong Kong,191503194.1,6608789358.24,138579.1,KGM,2020,8,85,Electrical Machinery & Electronics,export
Singapore,134632338.99,4276739544.49,109587.4,KGM,2020,8,85,Electrical Machinery & Electronics,export
Vietnam,89099708.99,2669220291.15,78018.45,KGM,2020,8,85,Electrical Machinery & Electronics,export
Malaysia,85772279.55,2796042756.07,58276.33,KGM,2020,8,85,Electrical Machinery & Electronics,export
Germany,69136991.77,2160353885.77,51615.11,KGM,2020,8,85,Electrical Machinery & Electronics,export
India,61031987.56,1809304399.68,34631.6,KGM,2020,8,85,Electrical Machinery & Electronics,export
"Korea, Republic of",64894857.17,2263479035.11,39379.62,KGM,2020,8,85,Electrical Machinery & Electronics,export
Indonesia,48163678.05,1548291631.66,38392.5,KGM,2020,8,85,Electrical Machinery & Electronics,export
Netherlands,36499997.48,1156472241.11,30390.0,KGM,2020,8,85,Electrical Machinery & Electronics,export
Philippines,37156921.83,1254399878.85,24158.55,KGM,2020,8,85,Electrical Machinery & Electronics,export
United Kingdom,32837132.47,1102174645.0,21346.16,KGM,2020,8,85,Electrical Machinery & Electronics,export
Australia,24151707.26,780391114.51,20776.18,KGM,2020,8,85,Electrical Machinery & Electronics,export
Taiwan,30847522.4,961789494.87,27024.69,KGM,2020,8,85,Electrical Machinery & Electronics,export
Mexico,25363659.5,788793759.41,16156.2,KGM,2020,8,85,Electrical Machinery & Electronics,export
United States of America,395330298.63,13256743659.5,309946.99,KGM,2020,9,85,Electrical Machinery & Electronics,export
China,272668656.71,9401574447.6,174060.23,KGM,2020,9,85,Electrical Machinery & Electronics,export
Japan,230016880.14,8350356354.38,194746.4,KGM,2020,9,85,Electrical Machinery & Electronics,export
Hong Kong,228867887.36,7081262894.7,166323.37,KGM,2020,9,85,Electrical Machinery & Electronics,export
Singapore,116851546.62,3785671851.26,123231.01,KGM,2020,9,85,Electrical Machinery & Electronics,export
Vietnam,99683056.23,3356206575.12,69963.08,KGM,2020,9,85,Electrical Machinery & Electronics,export
Malaysia,90370784.74,2921486420.14,76753.58,KGM,2020,9,85,Electrical Machinery & Electronics,export
Germany,71952725.38,2469447600.63,53457.98,KGM,2020,9,85,Electrical Machinery & Electronics,export
India,54053547.36,1890805864.44,38981.8,KGM,2020,9,85,Electrical Machinery & Electronics,export
"Korea, Republic of",61433831.79,2043699021.21,46614.94,KGM,2020,9,85,Electrical Machinery & Electronics,export
Indonesia,43830165.36,1433489681.52,39738.7,KGM,2020,9,85,Electrical Machinery & Electronics,export
Netherlands,37332859.91,1175576721.89,41699.22,KGM,2020,9,85,Electrical Machinery & Electronics,export
Philippines,34990863.41,1100868691.16,27221.78,KGM,2020,9,85,Electrical Machinery & Electronics,export
United Kingdom,29391122.41,1061011696.14,20413.43,KGM,2020,9,85,Electrical Machinery & Electronics,export
Australia,26313009.57,945105533.52,21155.49,KGM,2020,9,85,Electrical Machinery & Electronics,export
Taiwan,31012090.72,1050962221.3,31237.21,KGM,2020,9,85,Electrical Machinery & Electronics,export
Mexico,18975966.37,638634420.96,18083.45,KGM,2020,9,85,Electrical Machinery & Electronics,export
United States of America,418633878.81,13433648404.21,335252.18,KGM,2020,10,85,Electrical Machinery & Electronics,export
China,258275015.96,9282911346.82,214246.28,KGM,2020,10,85,Electrical Machinery & Electronics,export
Japan,221250349.58,7310834973.25,183405.48,KGM,2020,10,85,Electrical Machinery & Electronics,export
Hong Kong,178057272.54,5531882107.92,175508.99,KGM,2020,10,85,Electrical Machinery & Electronics,export
Singapore,123931897.05,3784772121.85,96085.72,KGM,2020,10,85,Electrical Machinery & Electronics,export
Vietnam,117514575.14,4040571894.97,88651.94,KGM,2020,10,85,Electrical Machinery & Electronics,export
Malaysia,90365227.5,2978051018.43,65397.56,KGM,2020,10,85,Electrical Machinery & Electronics,export
Germany,76572836.67,2382400256.4,66555.53,KGM,2020,10,85,Electrical Machinery & Electronics,export
India,69636037.27,2249736151.48,37471.05,KGM,2020,10,85,Electrical Machinery & Electronics,export
"Korea, Republic of",63035963.82,2265874878.57,51054.58,KGM,2020,10,85,Electrical Machinery & Electronics,export
Indonesia,53592198.72,1851784102.38,40862.8,KGM,2020,10,85,Electrical Machinery & Electronics,export
Netherlands,43157305.59,1455629356.23,30667.21,KGM,2020,10,85,Electrical Machinery & Electronics,export
Philippines,34997332.02,1221203390.49,24997.22,KGM,2020,10,85,Electrical Machinery & Electronics,export
United Kingdom,31115879.03,981893217.04,21663.6,KGM,2020,10,85,Electrical Machinery & Electronics,export
Australia,29297823.97,987995236.91,25049.73,KGM,2020,10,85,Electrical Machinery & Electronics,export
Taiwan,36452761.97,1208019992.53,25105.79,KGM,2020,10,85,Electrical Machinery & Electronics,export
Mexico,23530467.83,772559652.09,19011.55,KGM,2020,10,85,Electrical Machinery & Electronics,export
United States of America,382405580.83,12040546818.61,357084.1,KGM,2020,11,85,Electrical Machinery & Electronics,export
China,237503950.05,8152345092.5,197785.18,KGM,2020,11,85,Electrical Machinery & Electronics,export
Japan,246931416.35,8369965195.78,150179.19,KGM,2020,11,85,Electrical Machinery & Electronics,export
Hong Kong,203719478.98,6648798739.94,155567.43,KGM,2020,11,85,Electrical Machinery & Electronics,export
Singapore,118274299.03,3678173719.16,111449.73,KGM,2020,11,85,Electrical Machinery & Electronics,export
Vietnam,98773719.52,3373602970.66,78458.5,KGM,2020,11,85,Electrical Machinery & Electronics,export
Malaysia,82210445.78,2565490912.96,71057.77,KGM,2020,11,85,Electrical Machinery & Electronics,export
Germany,67501898.74,2353348984.39,58064.0,KGM,2020,11,85,Electrical Machinery & Electronics,export
India,48371186.42,1632911147.85,39264.88,KGM,2020,11,85,Electrical Machinery & Electronics,export
"Korea, Republic of",71311148.78,2234539048.99,50816.47,KGM,2020,11,85,Electrical Machinery & Electronics,export
Indonesia,42557607.11,1427227443.27,38831.34,KGM,2020,11,85,Electrical Machinery & Electronics,export
Netherlands,40036550.57,1387351469.04,28512.73,KGM,2020,11,85,Electrical Machinery & Electronics,export
Philippines,32928961.59,999072863.98,29021.02,KGM,2020,11,85,Electrical Machinery & Electronics,export
United Kingdom,34395244.82,1204419201.5,22546.78,KGM,2020,11,85,Electrical Machinery & Electronics,export
Australia,28967467.07,966594845.24,18092.24,KGM,2020,11,85,Electrical Machinery & Electronics,export
Taiwan,39770632.66,1411359861.8,25336.58,KGM,2020,11,85,Electrical Machinery & Electronics,export
Mexico,24804377.24,824478366.64,22179.65,KGM,2020,11,85,Electrical Machinery & Electronics,export
United States of America,350944515.55,11960927078.6,346952.24,KGM,2020,12,85,Electrical Machinery & Electronics,export
China,231325221.04,7437737796.31,199160.21,KGM,2020,12,85,Electrical Machinery & Electronics,export
Japan,209523798.54,6863417067.68,189622.4,KGM,2020,12,85,Electrical Machinery & Electronics,export
Hong Kong,162136946.12,5368423540.3,125648.08,KGM,2020,12,85,Electrical Machinery & Electronics,export
Singapore,108884533.39,3397428022.14,78468.01,KGM,2020,12,85,Electrical Machinery & Electronics,export
Vietnam,99276791.99,3284736046.92,69855.79,KGM,2020,12,85,Electrical Machinery & Electronics,export
Malaysia,64200308.39,2059505320.77,52888.63,KGM,2020,12,85,Electrical Machinery & Electronics,export
Germany,57585834.79,1994457311.81,37951.01,KGM,2020,12,85,Electrical Machinery & Electronics,export
India,47302177.67,1625847158.02,38823.18,KGM,2020,12,85,Electrical Machinery & Electronics,export
"Korea, Republic of",57767877.21,1958718147.97,39699.29,KGM,2020,12,85,Electrical Machinery & Electronics,export
Indonesia,43920816.92,1519294888.78,34423.58,KGM,2020,12,85,Electrical Machinery & Electronics,export
Netherlands,38376137.53,1345003862.86,30909.32,KGM,2020,12,85,Electrical Machinery & Electronics,export
Philippines,29697367.82,1016505420.3,23854.23,KGM,2020,12,85,Electrical Machinery & Electronics,export
United Kingdom,26175648.25,841804634.46,22553.2,KGM,2020,12,85,Electrical Machinery & Electronics,export
Australia,18289872.31,561078037.66,20311.71,KGM,2020,12,85,Electrical Machinery & Electronics,export
Taiwan,27542242.37,943256908.73,26021.13,KGM,2020,12,85,Electrical Machinery & Electronics,export
Mexico,23164941.71,774728776.95,12563.83,KGM,2020,12,85,Electrical Machinery & Electronics,export
United States of America,408943404.62,14400753831.61,375630.1,KGM,2021,1,85,Electrical Machinery & Electronics,export
China,243211323.68,8329732032.2,224298.68,KGM,2021,1,85,Electrical Machinery & Electronics,export
Japan,236583772.52,7664792723.51,236923.28,KGM,2021,1,85,Electrical Machinery & Electronics,export
Hong Kong,203579365.95,6765121679.7,146278.49,KGM,2021,1,85,Electrical Machinery & Electronics,export
Singapore,97689368.92,3409696416.64,108607.95,KGM,2021,1,85,Electrical Machinery & Electronics,export
Vietnam,90282333.93,3130479893.23,67648.83,KGM,2021,1,85,Electrical Machinery & Electronics,export
Malaysia,94460295.82,3362703315.07,56235.58,KGM,2021,1,85,Electrical Machinery & Electronics,export
Germany,72985432.55,2321826830.77,63011.53,KGM,2021,1,85,Electrical Machinery & Electronics,export
India,64301965.31,2091868166.96,43334.37,KGM,2021,1,85,Electrical Machinery & Electronics,export
"Korea, Republic of",66001244.33,2027488306.61,48001.59,KGM,2021,1,85,Electrical Machinery & Electronics,export
Indonesia,49617291.76,1580218111.1,37681.44,KGM,2021,1,85,Electrical Machinery & Electronics,export
Netherlands,47183236.79,1491995861.77,43221.15,KGM,2021,1,85,Electrical Machinery & Electronics,export
Philippines,35670648.91,1299574450.26,26646.01,KGM,2021,1,85,Electrical Machinery & Electronics,export
United Kingdom,33030079.45,1148546656.79,27987.11,KGM,2021,1,85,Electrical Machinery & Electronics,export
Australia,28348222.55,1000079891.0,21886.49,KGM,2021,1,85,Electrical Machinery & Electronics,export
Taiwan,37701053.54,1203179469.71,25143.4,KGM,2021,1,85,Electrical Machinery & Electronics,export
Mexico,23531895.24,828562060.39,22313.72,KGM,2021,1,85,Electrical Machinery & Electronics,export
United States of America,492691823.89,16362448100.46,296775.0,KGM,2021,2,85,Electrical Machinery & Electronics,export
China,259482545.8,8924855010.02,211508.35,KGM,2021,2,85,Electrical Machinery & Electronics,export
Japan,235427404.05,7586778129.0,219086.81,KGM,2021,2,85,Electrical Machinery & Electronics,export
Hong Kong,217755362.97,6585828811.43,153563.25,KGM,2021,2,85,Electrical Machinery & Electronics,export
Singapore,121344853.67,4354125978.98,109730.51,KGM,2021,2,85,Electrical Machinery & Electronics,export
Vietnam,96704005.74,3262261730.08,79443.66,KGM,2021,2,85,Electrical Machinery & Electronics,export
Malaysia,76229292.52,2523812506.56,61106.11,KGM,2021,2,85,Electrical Machinery & Electronics,export
Germany,64624902.98,2069596034.81,42493.37,KGM,2021,2,85,Electrical Machinery & Electronics,export
India,57384255.83,2008698607.0,46600.6,KGM,2021,2,85,Electrical Machinery & Electronics,export
"Korea, Republic of",68453356.14,2182421366.15,43398.27,KGM,2021,2,85,Electrical Machinery & Electronics,export
Indonesia,43985265.11,1410391696.67,37151.48,KGM,2021,2,85,Electrical Machinery & Electronics,export
Netherlands,39837380.14,1361506530.75,29041.13,KGM,2021,2,85,Electrical Machinery & Electronics,export
Philippines,30584230.02,1033145801.08,23794.28,KGM,2021,2,85,Electrical Machinery & Electronics,export
United Kingdom,32605173.92,1118471004.37,23669.81,KGM,2021,2,85,Electrical Machinery & Electronics,export
Australia,29183716.9,995146920.94,26552.04,KGM,2021,2,85,Electrical Machinery & Electronics,export
Taiwan,39555712.42,1388383325.73,27230.87,KGM,2021,2,85,Electrical Machinery & Electronics,export
Mexico,27011540.09,863483018.74,18597.19,KGM,2021,2,85,Electrical Machinery & Electronics,export
United States of America,429918094.85,13445877360.06,380578.9,KGM,2021,3,85,Electrical Machinery & Electronics,export
China,288392790.55,9805427250.29,276401.6,KGM,2021,3,85,Electrical Machinery & Electronics,export
Japan,202148428.56,7325521376.28,177652.22,KGM,2021,3,85,Electrical Machinery & Electronics,export
Hong Kong,253301048.55,7793402458.03,168580.63,KGM,2021,3,85,Electrical Machinery & Electronics,export
Singapore,132176195.82,4753768766.53,128223.24,KGM,2021,3,85,Electrical Machinery & Electronics,export
Vietnam,134962316.02,4393879463.81,73493.47,KGM,2021,3,85,Electrical Machinery & Electronics,export
Malaysia,82862576.55,2569022333.54,73695.53,KGM,2021,3,85,Electrical Machinery & Electronics,export
Germany,71402706.71,2412369498.33,54132.01,KGM,2021,3,85,Electrical Machinery & Electronics,export
India,57309222.7,1935124859.52,46183.05,KGM,2021,3,85,Electrical Machinery & Electronics,export
"Korea, Republic of",79137124.77,2665656415.29,68184.2,KGM,2021,3,85,Electrical Machinery & Electronics,export
Indonesia,52399231.45,1820912425.67,48974.32,KGM,2021,3,85,Electrical Machinery & Electronics,export
Netherlands,49310926.24,1716624938.23,29381.49,KGM,2021,3,85,Electrical Machinery & Electronics,export
Philippines,39115157.88,1251379402.96,26970.15,KGM,2021,3,85,Electrical Machinery & Electronics,export
United Kingdom,35964359.49,1180055020.11,18994.33,KGM,2021,3,85,Electrical Machinery & Electronics,export
Australia,28231056.01,912264281.19,21972.75,KGM,2021,3,85,Electrical Machinery & Electronics,export
Taiwan,32175914.35,959104730.07,34025.45,KGM,2021,3,85,Electrical Machinery & Electronics,export
Mexico,26881240.46,967062518.23,18996.2,KGM,2021,3,85,Electrical Machinery & Electronics,export
United States of America,468520500.25,15845471834.84,278680.98,KGM,2021,4,85,Electrical Machinery & Electronics,export
China,277590939.38,9417712321.94,278777.36,KGM,2021,4,85,Electrical Machinery & Electronics,export
Japan,312840470.32,10708129861.0,223044.07,KGM,2021,4,85,Electrical Machinery & Electronics,export
Hong Kong,234729292.9,8121312517.97,173753.3,KGM,2021,4,85,Electrical Machinery & Electronics,export
Singapore,136646598.77,4392798931.83,124112.89,KGM,2021,4,85,Electrical Machinery & Electronics,export
Vietnam,126706132.31,4103599971.48,82871.15,KGM,2021,4,85,Electrical Machinery & Electronics,export
Malaysia,93902556.11,3023777388.12,88146.26,KGM,2021,4,85,Electrical Machinery & Electronics,export
Germany,74786649.84,2357687117.07,52244.31,KGM,2021,4,85,Electrical Machinery & Electronics,export
India,64902029.55,2146449963.07,50054.28,KGM,2021,4,85,Electrical Machinery & Electronics,export
"Korea, Republic of",82328224.98,3003064636.88,44838.39,KGM,2021,4,85,Electrical Machinery & Electronics,export
Indonesia,60962956.63,2047553629.76,41923.89,KGM,2021,4,85,Electrical Machinery & Electronics,export
Netherlands,43553972.37,1577732418.15,38829.4,KGM,2021,4,85,Electrical Machinery & Electronics,export
Philippines,36437384.28,1161071809.01,30296.37,KGM,2021,4,85,Electrical Machinery & Electronics,export
United Kingdom,32969555.48,1033848494.2,26692.25,KGM,2021,4,85,Electrical Machinery & Electronics,export
Australia,30342479.35,982952967.2,25093.45,KGM,2021,4,85,Electrical Machinery & Electronics,export
Taiwan,29998874.07,987835701.06,30586.9,KGM,2021,4,85,Electrical Machinery & Electronics,export
Mexico,32442811.57,1116142345.83,21885.01,KGM,2021,4,85,Electrical Machinery & Electronics,export
United States of America,456694123.91,14423855131.32,441046.0,KGM,2021,5,85,Electrical Machinery & Electronics,export
China,334058656.6,11371493363.39,280054.67,KGM,2021,5,85,Electrical Machinery & Electronics,export
Japan,338467468.47,11887205946.44,206990.45,KGM,2021,5,85,Electrical Machinery & Electronics,export
Hong Kong,266062136.18,9514087075.83,191932.58,KGM,2021,5,85,Electrical Machinery & Electronics,export
Singapore,156669725.35,5168812256.51,127540.64,KGM,2021,5,85,Electrical Machinery & Electronics,export
Vietnam,104067260.63,3528722790.23,104117.81,KGM,2021,5,85,Electrical Machinery & Electronics,export
Malaysia,94401359.29,3053333604.95,92462.0,KGM,2021,5,85,Electrical Machinery & Electronics,export
Germany,65748110.55,2269405438.04,78117.64,KGM,2021,5,85,Electrical Machinery & Electronics,export
India,67581624.97,2264872283.55,48807.48,KGM,2021,5,85,Electrical Machinery & Electronics,export
"Korea, Republic of",62531993.31,1978790766.11,55693.54,KGM,2021,5,85,Electrical Machinery & Electronics,export
Indonesia,57107369.23,1794802507.19,49453.54,KGM,2021,5,85,Electrical Machinery & Electronics,export
Netherlands,51157833.49,1740685114.48,39074.69,KGM,2021,5,85,Electrical Machinery & Electronics,export
Philippines,38787156.56,1239493629.17,34486.52,KGM,2021,5,85,Electrical Machinery & Electronics,export
United Kingdom,29756743.12,959531490.71,23626.62,KGM,2021,5,85,Electrical Machinery & Electronics,export
Australia,26672175.31,876867854.25,30172.98,KGM,2021,5,85,Electrical Machinery & Electronics,export
Taiwan,43404108.51,1432753376.25,34803.45,KGM,2021,5,85,Electrical Machinery & Electronics,export
Mexico,37665399.33,1321597456.93,30080.33,KGM,2021,5,85,Electrical Machinery & Electronics,export
United States of America,442498953.57,13441879804.49,456162.79,KGM,2021,6,85,Electrical Machinery & Electronics,export
China,369664866.81,12022080066.71,179894.05,KGM,2021,6,85,Electrical Machinery & Electronics,export
Japan,318131759.47,9792775561.98,237547.25,KGM,2021,6,85,Electrical Machinery & Electronics,export
Hong Kong,247412856.06,8240624078.37,203621.83,KGM,2021,6,85,Electrical Machinery & Electronics,export
Singapore,155574732.05,5401145127.86,143057.0,KGM,2021,6,85,Electrical Machinery & Electronics,export
Vietnam,119759509.11,3923993238.48,115052.95,KGM,2021,6,85,Electrical Machinery & Electronics,export
Malaysia,92541714.47,3237167893.13,90522.07,KGM,2021,6,85,Electrical Machinery & Electronics,export
Germany,76061537.74,2711333488.25,58914.8,KGM,2021,6,85,Electrical Machinery & Electronics,export
India,64206011.32,2094504670.96,51918.06,KGM,2021,6,85,Electrical Machinery & Electronics,export
"Korea, Republic of",82626248.05,2735340284.58,73407.24,KGM,2021,6,85,Electrical Machinery & Electronics,export
Indonesia,70486715.71,2296160938.34,42388.75,KGM,2021,6,85,Electrical Machinery & Electronics,export
Netherlands,51928840.38,1765077822.69,35107.21,KGM,2021,6,85,Electrical Machinery & Electronics,export
Philippines,38442763.32,1168131242.69,26425.77,KGM,2021,6,85,Electrical Machinery & Electronics,export
United Kingdom,35308972.92,1093102788.47,30655.33,KGM,2021,6,85,Electrical Machinery & Electronics,export
Australia,33015279.14,1081202087.16,26513.72,KGM,2021,6,85,Electrical Machinery & Electronics,export
Taiwan,36789531.61,1206199839.97,33371.08,KGM,2021,6,85,Electrical Machinery & Electronics,export
Mexico,31167834.86,1033866610.84,19182.79,KGM,2021,6,85,Electrical Machinery & Electronics,export
United States of America,416333084.93,13055114757.86,370743.91,KGM,2021,7,85,Electrical Machinery & Electronics,export
China,288830520.39,9286351965.03,254282.58,KGM,2021,7,85,Electrical Machinery & Electronics,export
Japan,319060783.74,10914153202.16,254097.85,KGM,2021,7,85,Electrical Machinery & Electronics,export
Hong Kong,257221187.74,8991730971.21,193782.52,KGM,2021,7,85,Electrical Machinery & Electronics,export
Singapore,154324719.73,4874610595.52,159550.09,KGM,2021,7,85,Electrical Machinery & Electronics,export
Vietnam,105788754.81,3297297966.25,79430.34,KGM,2021,7,85,Electrical Machinery & Electronics,export
Malaysia,79855945.36,2737520327.71,78280.78,KGM,2021,7,85,Electrical Machinery & Electronics,export
Germany,79771392.42,2576255470.31,53027.46,KGM,2021,7,85,Electrical Machinery & Electronics,export
India,68951850.64,2192836262.46,48792.32,KGM,2021,7,85,Electrical Machinery & Electronics,export
"Korea, Republic of",60718873.12,1939734596.9,54336.26,KGM,2021,7,85,Electrical Machinery & Electronics,export
Indonesia,55169333.39,1797212370.97,47065.01,KGM,2021,7,85,Electrical Machinery & Electronics,export
Netherlands,48581530.33,1513571499.48,40321.41,KGM,2021,7,85,Electrical Machinery & Electronics,export
Philippines,47247014.16,1595760077.81,28970.71,KGM,2021,7,85,Electrical Machinery & Electronics,export
United Kingdom,31711016.29,1053443066.51,28998.27,KGM,2021,7,85,Electrical Machinery & Electronics,export
Australia,37075935.82,1295774456.57,24729.86,KGM,2021,7,85,Electrical Machinery & Electronics,export
Taiwan,40904571.62,1240629564.51,38867.64,KGM,2021,7,85,Electrical Machinery & Electronics,export
Mexico,29166635.75,959958443.13,15120.16,KGM,2021,7,85,Electrical Machinery & Electronics,export
United States of America,541472381.06,18468505768.68,461231.62,KGM,2021,8,85,Electrical Machinery & Electronics,export
China,318022925.39,11695154354.62,279172.94,KGM,2021,8,85,Electrical Machinery & Electronics,export
Japan,288757834.43,9343040280.12,255719.34,KGM,2021,8,85,Electrical Machinery & Electronics,export
Hong Kong,271950594.21,8725325277.35,217891.41,KGM,2021,8,85,Electrical Machinery & Electronics,export
Singapore,176499942.35,6020397867.81,143983.19,KGM,2021,8,85,Electrical Machinery & Electronics,export
Vietnam,122322114.68,3865086723.77,112754.77,KGM,2021,8,85,Electrical Machinery & Electronics,export
Malaysia,98357786.26,3418627420.77,79660.48,KGM,2021,8,85,Electrical Machinery & Electronics,export
Germany,73971017.6,2386416016.56,67403.24,KGM,2021,8,85,Electrical Machinery & Electronics,export
India,66225002.54,2058429402.27,54873.44,KGM,2021,8,85,Electrical Machinery & Electronics,export
"Korea, Republic of",83012183.17,2632491149.51,61984.05,KGM,2021,8,85,Electrical Machinery & Electronics,export
Indonesia,55363877.87,1861542650.33,54077.67,KGM,2021,8,85,Electrical Machinery & Electronics,export
Netherlands,44390449.33,1506487023.22,35609.34,KGM,2021,8,85,Electrical Machinery & Electronics,export
Philippines,43991878.73,1432498975.64,34180.24,KGM,2021,8,85,Electrical Machinery & Electronics,export
United Kingdom,39831792.08,1263383303.92,28375.31,KGM,2021,8,85,Electrical Machinery & Electronics,export
Australia,37950797.33,1207701150.6,27740.16,KGM,2021,8,85,Electrical Machinery & Electronics,export
Taiwan,41492174.5,1347463502.05,32861.28,KGM,2021,8,85,Electrical Machinery & Electronics,export
Mexico,29329098.11,1006294853.37,20373.11,KGM,2021,8,85,Electrical Machinery & Electronics,export
United States of America,500541417.66,16346567339.73,323294.86,KGM,2021,9,85,Electrical Machinery & Electronics,export
China,313336218.3,10266861849.02,171264.32,KGM,2021,9,85,Electrical Machinery & Electronics,export
Japan,322453260.71,10983472642.75,230706.05,KGM,2021,9,85,Electrical Machinery & Electronics,export
Hong Kong,250637736.47,7995994895.49,189368.48,KGM,2021,9,85,Electrical Machinery & Electronics,export
Singapore,145533741.58,4962136362.71,148397.43,KGM,2021,9,85,Electrical Machinery & Electronics,export
Vietnam,121727940.17,4103220736.42,75837.52,KGM,2021,9,85,Electrical Machinery & Electronics,export
Malaysia,91106847.99,2795898760.13,81519.62,KGM,2021,9,85,Electrical Machinery & Electronics,export
Germany,84242961.53,2475515161.64,65727.68,KGM,2021,9,85,Electrical Machinery & Electronics,export
India,77584728.16,2530122698.3,51336.01,KGM,2021,9,85,Electrical Machinery & Electronics,export
"Korea, Republic of",79144394.42,2654975479.13,59736.57,KGM,2021,9,85,Electrical Machinery & Electronics,export
Indonesia,51745586.45,1559406246.53,45948.43,KGM,2021,9,85,Electrical Machinery & Electronics,export
Netherlands,48894744.15,1503074318.59,47016.12,KGM,2021,9,85,Electrical Machinery & Electronics,export
Philippines,40273564.34,1329507691.08,24879.83,KGM,2021,9,85,Electrical Machinery & Electronics,export
United Kingdom,39314876.6,1261897374.18,31433.86,KGM,2021,9,85,Electrical Machinery & Electronics,export
Australia,26230617.13,915047557.95,22732.26,KGM,2021,9,85,Electrical Machinery & Electronics,export
Taiwan,45406138.97,1509456248.36,33024.02,KGM,2021,9,85,Electrical Machinery & Electronics,export
Mexico,26213933.32,836782193.28,26992.92,KGM,2021,9,85,Electrical Machinery & Electronics,export
United States of America,537686698.2,17599931975.76,346456.16,KGM,2021,10,85,Electrical Machinery & Electronics,export
China,386316329.67,13182672391.64,243531.39,KGM,2021,10,85,Electrical Machinery & Electronics,export
Japan,268031895.76,8841444070.42,214388.8,KGM,2021,10,85,Electrical Machinery & Electronics,export
Hong Kong,282607506.01,9588268725.93,198690.56,KGM,2021,10,85,Electrical Machinery & Electronics,export
Singapore,191367091.08,5877314250.31,124663.52,KGM,2021,10,85,Electrical Machinery & Electronics,export
Vietnam,124211315.99,3947561613.42,118772.26,KGM,2021,10,85,Electrical Machinery & Electronics,export
Malaysia,113489230.15,4044111330.81,79829.19,KGM,2021,10,85,Electrical Machinery & Electronics,export
Germany,105139193.75,3209909655.77,77189.89,KGM,2021,10,85,Electrical Machinery & Electronics,export
India,52180703.45,1792927666.6,55353.81,KGM,2021,10,85,Electrical Machinery & Electronics,export
"Korea, Republic of",81145504.72,2496930067.2,56451.37,KGM,2021,10,85,Electrical Machinery & Electronics,export
Indonesia,65690229.64,2101753393.18,58805.33,KGM,2021,10,85,Electrical Machinery & Electronics,export
Netherlands,55767165.47,1824446206.98,54085.7,KGM,2021,10,85,Electrical Machinery & Electronics,export
Philippines,42202398.01,1374678661.43,36650.81,KGM,2021,10,85,Electrical Machinery & Electronics,export
United Kingdom,43811394.49,1443735565.85,29411.08,KGM,2021,10,85,Electrical Machinery & Electronics,export
Australia,29390068.88,925453019.68,26698.48,KGM,2021,10,85,Electrical Machinery & Electronics,export
Taiwan,44415652.74,1531000061.21,27485.23,KGM,2021,10,85,Electrical Machinery & Electronics,export
Mexico,27433037.91,961696310.49,29187.83,KGM,2021,10,85,Electrical Machinery & Electronics,export
United States of America,532703306.19,17077491398.34,329842.71,KGM,2021,11,85,Electrical Machinery & Electronics,export
China,306867880.5,10852437309.44,244710.6,KGM,2021,11,85,Electrical Machinery & Electronics,export
Japan,290442847.71,9258776535.37,217328.77,KGM,2021,11,85,Electrical Machinery & Electronics,export
Hong Kong,239364609.74,7314830338.16,215174.55,KGM,2021,11,85,Electrical Machinery & Electronics,export
Singapore,170194702.29,5173400367.99,141684.92,KGM,2021,11,85,Electrical Machinery & Electronics,export
Vietnam,108486750.9,3814554068.06,100545.08,KGM,2021,11,85,Electrical Machinery & Electronics,export
Malaysia,113286467.88,3977933403.56,74992.23,KGM,2021,11,85,Electrical Machinery & Electronics,export
Germany,81576505.8,2703528875.55,64760.83,KGM,2021,11,85,Electrical Machinery & Electronics,export
India,73075336.66,2367854729.95,49991.4,KGM,2021,11,85,Electrical Machinery & Electronics,export
"Korea, Republic of",66376522.39,2283352953.48,63230.2,KGM,2021,11,85,Electrical Machinery & Electronics,export
Indonesia,64856192.08,2103004525.62,39452.33,KGM,2021,11,85,Electrical Machinery & Electronics,export
Netherlands,56859334.92,1879266812.52,41576.54,KGM,2021,11,85,Electrical Machinery & Electronics,export
Philippines,42179381.61,1410009228.79,35898.18,KGM,2021,11,85,Electrical Machinery & Electronics,export
United Kingdom,35739550.27,1114919302.88,33544.67,KGM,2021,11,85,Electrical Machinery & Electronics,export
Australia,38164617.01,1290797375.99,24067.12,KGM,2021,11,85,Electrical Machinery & Electronics,export
Taiwan,41440771.31,1451933632.3,31781.07,KGM,2021,11,85,Electrical Machinery & Electronics,export
Mexico,31685664.43,1128572298.23,23428.68,KGM,2021,11,85,Electrical Machinery & Electronics,export
United States of America,481835313.59,14266891904.03,317138.34,KGM,2021,12,85,Electrical Machinery & Electronics,export
China,295686310.74,10028489817.7,272904.59,KGM,2021,12,85,Electrical Machinery & Electronics,export
Japan,296281897.3,9725205514.53,190088.44,KGM,2021,12,85,Electrical Machinery & Electronics,export
Hong Kong,217380675.26,7423803129.04,180617.16,KGM,2021,12,85,Electrical Machinery & Electronics,export
Singapore,170158303.5,6040595297.46,142900.73,KGM,2021,12,85,Electrical Machinery & Electronics,export
Vietnam,117050488.88,3902328415.94,84163.66,KGM,2021,12,85,Electrical Machinery & Electronics,export
Malaysia,93518846.89,2957936460.78,71352.45,KGM,2021,12,85,Electrical Machinery & Electronics,export
Germany,69758213.76,2276227889.4,64606.9,KGM,2021,12,85,Electrical Machinery & Electronics,export
India,58653442.12,1857067745.53,46369.1,KGM,2021,12,85,Electrical Machinery & Electronics,export
"Korea, Republic of",64698593.31,2067915150.8,49767.72,KGM,2021,12,85,Electrical Machinery & Electronics,export
Indonesia,45779669.69,1553178534.3,40463.93,KGM,2021,12,85,Electrical Machinery & Electronics,export
Netherlands,48801553.69,1728043773.23,29233.85,KGM,2021,12,85,Electrical Machinery & Electronics,export
Philippines,37641301.65,1219369386.67,25299.32,KGM,2021,12,85,Electrical Machinery & Electronics,export
United Kingdom,26733960.22,951251449.43,21206.21,KGM,2021,12,85,Electrical Machinery & Electronics,export
Australia,27210125.16,893395844.34,24912.7,KGM,2021,12,85,Electrical Machinery & Electronics,export
Taiwan,36635130.17,1094436744.78,30548.04,KGM,2021,12,85,Electrical Machinery & Electronics,export
Mexico,28974336.02,934236300.73,20236.62,KGM,2021,12,85,Electrical Machinery & Electronics,export
United States of America,502045590.33,16724302333.29,350478.54,KGM,2022,1,85,Electrical Machinery & Electronics,export
China,314444971.91,10275772565.71,277610.7,KGM,2022,1,85,Electrical Machinery & Electronics,export
Japan,250950133.59,8179488281.95,233544.97,KGM,2022,1,85,Electrical Machinery & Electronics,export
Hong Kong,196132486.03,6314256766.28,196390.21,KGM,2022,1,85,Electrical Machinery & Electronics,export
Singapore,165394162.76,5158714172.31,114770.67,KGM,2022,1,85,Electrical Machinery & Electronics,export
Vietnam,134049690.33,4422316793.69,105624.97,KGM,2022,1,85,Electrical Machinery & Electronics,export
Malaysia,100119061.9,3302398768.02,84198.56,KGM,2022,1,85,Electrical Machinery & Electronics,export
Germany,70273339.73,2424664408.28,66244.67,KGM,2022,1,85,Electrical Machinery & Electronics,export
India,67739863.88,2292854615.63,51521.39,KGM,2022,1,85,Electrical Machinery & Electronics,export
"Korea, Republic of",70333975.97,2463150056.97,64763.32,KGM,2022,1,85,Electrical Machinery & Electronics,export
Indonesia,48700759.89,1770561250.82,50756.93,KGM,2022,1,85,Electrical Machinery & Electronics,export
Netherlands,50480721.66,1616864964.84,42897.38,KGM,2022,1,85,Electrical Machinery & Electronics,export
Philippines,37953518.34,1229554553.98,31169.49,KGM,2022,1,85,Electrical Machinery & Electronics,export
United Kingdom,31251369.41,1070502364.08,28179.78,KGM,2022,1,85,Electrical Machinery & Electronics,export
Australia,27821519.96,924305340.83,26128.5,KGM,2022,1,85,Electrical Machinery & Electronics,export
Taiwan,38762408.0,1302571527.41,33878.4,KGM,2022,1,85,Electrical Machinery & Electronics,export
Mexico,26934723.71,911495712.7,25230.63,KGM,2022,1,85,Electrical Machinery & Electronics,export
United States of America,536141234.82,17433893907.21,367645.79,KGM,2022,2,85,Electrical Machinery & Electronics,export
China,302395206.74,9911593917.14,282001.41,KGM,2022,2,85,Electrical Machinery & Electronics,export
Japan,267860775.88,8299205980.51,267054.9,KGM,2022,2,85,Electrical Machinery & Electronics,export
Hong Kong,239889846.19,7826187108.0,183933.47,KGM,2022,2,85,Electrical Machinery & Electronics,export
Singapore,139695158.73,4524427796.15,113691.39,KGM,2022,2,85,Electrical Machinery & Electronics,export
Vietnam,121553794.81,3686943664.24,102127.44,KGM,2022,2,85,Electrical Machinery & Electronics,export
Malaysia,81517500.68,2767387806.41,78993.14,KGM,2022,2,85,Electrical Machinery & Electronics,export
Germany,65907659.99,2173571546.96,68246.89,KGM,2022,2,85,Electrical Machinery & Electronics,export
India,66381080.79,2052168750.6,44362.87,KGM,2022,2,85,Electrical Machinery & Electronics,export
"Korea, Republic of",67342742.9,2189968026.59,53827.07,KGM,2022,2,85,Electrical Machinery & Electronics,export
Indonesia,51936979.49,1581496098.21,52020.05,KGM,2022,2,85,Electrical Machinery & Electronics,export
Netherlands,42411120.96,1401092841.96,35198.47,KGM,2022,2,85,Electrical Machinery & Electronics,export
Philippines,41348976.57,1431285951.32,34090.36,KGM,2022,2,85,Electrical Machinery & Electronics,export
United Kingdom,36416502.73,1110828904.41,22024.69,KGM,2022,2,85,Electrical Machinery & Electronics,export
Australia,34426547.2,1168920071.74,27916.44,KGM,2022,2,85,Electrical Machinery & Electronics,export
Taiwan,35437583.25,1148238058.93,29688.07,KGM,2022,2,85,Electrical Machinery & Electronics,export
Mexico,24253793.74,878792667.84,22290.36,KGM,2022,2,85,Electrical Machinery & Electronics,export
United States of America,492088904.04,15585435057.65,478654.87,KGM,2022,3,85,Electrical Machinery & Electronics,export
China,292126178.48,9544281895.49,308854.99,KGM,2022,3,85,Electrical Machinery & Electronics,export
Japan,340415194.2,11091539956.82,284263.75,KGM,2022,3,85,Electrical Machinery & Electronics,export
Hong Kong,293642332.83,9297392017.19,185328.28,KGM,2022,3,85,Electrical Machinery & Electronics,export
Singapore,191089002.86,6305490269.88,112422.6,KGM,2022,3,85,Electrical Machinery & Electronics,export
Vietnam,145612701.76,4710716267.39,119912.44,KGM,2022,3,85,Electrical Machinery & Electronics,export
Malaysia,114000582.7,3647898427.34,71677.17,KGM,2022,3,85,Electrical Machinery & Electronics,export
Germany,88279908.95,2774497142.22,72162.62,KGM,2022,3,85,Electrical Machinery & Electronics,export
India,81889249.84,2709003317.46,42784.34,KGM,2022,3,85,Electrical Machinery & Electronics,export
"Korea, Republic of",79183966.58,2770345624.7,49105.37,KGM,2022,3,85,Electrical Machinery & Electronics,export
Indonesia,55931380.69,1873257015.06,48894.26,KGM,2022,3,85,Electrical Machinery & Electronics,export
Netherlands,44245579.42,1563839728.72,36091.04,KGM,2022,3,85,Electrical Machinery & Electronics,export
Philippines,42861797.23,1395027951.64,23345.45,KGM,2022,3,85,Electrical Machinery & Electronics,export
United Kingdom,38703487.84,1161169788.62,31882.77,KGM,2022,3,85,Electrical Machinery & Electronics,export
Australia,34415503.08,1147122123.99,24854.26,KGM,2022,3,85,Electrical Machinery & Electronics,export
Taiwan,45330462.22,1591369388.24,36173.44,KGM,2022,3,85,Electrical Machinery & Electronics,export
Mexico,36818061.51,1193900365.71,20874.9,KGM,2022,3,85,Electrical Machinery & Electronics,export
United States of America,573786927.72,16591520054.97,420778.71,KGM,2022,4,85,Electrical Machinery & Electronics,export
China,349210720.12,10793365768.92,327039.44,KGM,2022,4,85,Electrical Machinery & Electronics,export
Japan,318428335.2,10923698197.21,192198.25,KGM,2022,4,85,Electrical Machinery & Electronics,export
Hong Kong,273500974.13,8854067740.37,199076.15,KGM,2022,4,85,Electrical Machinery & Electronics,export
Singapore,151344924.77,4812915989.31,159648.31,KGM,2022,4,85,Electrical Machinery & Electronics,export
Vietnam,140205239.31,5089114276.32,94489.85,KGM,2022,4,85,Electrical Machinery & Electronics,export
Malaysia,123480338.73,4480582115.16,106721.67,KGM,2022,4,85,Electrical Machinery & Electronics,export
Germany,83368373.48,3004529634.0,63657.9,KGM,2022,4,85,Electrical Machinery & Electronics,export
India,70208719.92,2251521899.83,62666.94,KGM,2022,4,85,Electrical Machinery & Electronics,export
"Korea, Republic of",75274186.59,2261627187.21,70475.24,KGM,2022,4,85,Electrical Machinery & Electronics,export
Indonesia,67191760.46,2163895082.53,52986.69,KGM,2022,4,85,Electrical Machinery & Electronics,export
Netherlands,53539162.72,1785827762.73,43655.31,KGM,2022,4,85,Electrical Machinery & Electronics,export
Philippines,47580045.06,1762678347.63,32124.41,KGM,2022,4,85,Electrical Machinery & Electronics,export
United Kingdom,39233941.64,1409166812.13,31543.41,KGM,2022,4,85,Electrical Machinery & Electronics,export
Australia,29094039.52,964182002.22,35097.09,KGM,2022,4,85,Electrical Machinery & Electronics,export
Taiwan,42148606.29,1310667704.33,30822.62,KGM,2022,4,85,Electrical Machinery & Electronics,export
Mexico,30090853.53,1021095344.77,25756.1,KGM,2022,4,85,Electrical Machinery & Electronics,export
United States of America,559497881.95,19587611694.88,409305.93,KGM,2022,5,85,Electrical Machinery & Electronics,export
China,460481512.91,14947719568.12,342799.19,KGM,2022,5,85,Electrical Machinery & Electronics,export
Japan,333878586.4,11821143169.96,271612.99,KGM,2022,5,85,Electrical Machinery & Electronics,export
Hong Kong,263284574.09,9136179276.55,192757.76,KGM,2022,5,85,Electrical Machinery & Electronics,export
Singapore,189049183.89,6438705255.06,125996.54,KGM,2022,5,85,Electrical Machinery & Electronics,export
Vietnam,161296230.66,5107202816.09,99925.63,KGM,2022,5,85,Electrical Machinery & Electronics,export
Malaysia,109327694.89,3595528778.67,94318.65,KGM,2022,5,85,Electrical Machinery & Electronics,export
Germany,101137696.26,3491018458.84,74940.03,KGM,2022,5,85,Electrical Machinery & Electronics,export
India,67428673.75,2190754202.5,49568.75,KGM,2022,5,85,Electrical Machinery & Electronics,export
"Korea, Republic of",70742798.47,2120511432.55,68612.38,KGM,2022,5,85,Electrical Machinery & Electronics,export
Indonesia,60704742.79,1907952814.65,49121.18,KGM,2022,5,85,Electrical Machinery & Electronics,export
Netherlands,52830372.4,1843983350.79,43622.35,KGM,2022,5,85,Electrical Machinery & Electronics,export
Philippines,40689990.92,1376690429.73,37891.32,KGM,2022,5,85,Electrical Machinery & Electronics,export
United Kingdom,40788473.55,1276333017.75,30745.68,KGM,2022,5,85,Electrical Machinery & Electronics,export
Australia,43231454.5,1406175081.87,29320.04,KGM,2022,5,85,Electrical Machinery & Electronics,export
Taiwan,55052040.0,2026754430.8,37302.5,KGM,2022,5,85,Electrical Machinery & Electronics,export
Mexico,27288953.0,844455862.85,24709.59,KGM,2022,5,85,Electrical Machinery & Electronics,export
United States of America,549111166.86,17743402842.87,437947.38,KGM,2022,6,85,Electrical Machinery & Electronics,export
China,372597111.77,12234017508.79,281918.19,KGM,2022,6,85,Electrical Machinery & Electronics,export
Japan,299766547.63,9393747098.24,304335.61,KGM,2022,6,85,Electrical Machinery & Electronics,export
Hong Kong,283852650.32,9011635413.02,190536.41,KGM,2022,6,85,Electrical Machinery & Electronics,export
Singapore,171805255.96,5714781033.15,145895.79,KGM,2022,6,85,Electrical Machinery & Electronics,export
Vietnam,123594260.25,3894860762.14,105663.16,KGM,2022,6,85,Electrical Machinery & Electronics,export
Malaysia,99669425.98,3080983488.12,101042.8,KGM,2022,6,85,Electrical Machinery & Electronics,export
Germany,93341953.76,3249162250.14,89223.34,KGM,2022,6,85,Electrical Machinery & Electronics,export
India,77272757.46,2635384541.41,59180.34,KGM,2022,6,85,Electrical Machinery & Electronics,export
"Korea, Republic of",86465191.05,2836008256.19,78096.06,KGM,2022,6,85,Electrical Machinery & Electronics,export
Indonesia,71347645.04,2557117041.39,49856.0,KGM,2022,6,85,Electrical Machinery & Electronics,export
Netherlands,54690295.78,1811154335.82,35832.33,KGM,2022,6,85,Electrical Machinery & Electronics,export
Philippines,49867017.87,1571098934.48,44303.07,KGM,2022,6,85,Electrical Machinery & Electronics,export
United Kingdom,34419567.41,1159893130.59,35342.08,KGM,2022,6,85,Electrical Machinery & Electronics,export
Australia,31830567.44,1036812933.06,28475.37,KGM,2022,6,85,Electrical Machinery & Electronics,export
Taiwan,50138103.52,1621803880.29,35220.17,KGM,2022,6,85,Electrical Machinery & Electronics,export
Mexico,32799204.82,1175889963.17,21651.88,KGM,2022,6,85,Electrical Machinery & Electronics,export
United States of America,595906716.9,18665909137.55,399281.93,KGM,2022,7,85,Electrical Machinery & Electronics,export
China,325540875.35,10249468655.27,311132.21,KGM,2022,7,85,Electrical Machinery & Electronics,export
Japan,309990137.63,10481355349.52,202729.43,KGM,2022,7,85,Electrical Machinery & Electronics,export
Hong Kong,288270923.32,9596636143.2,213171.68,KGM,2022,7,85,Electrical Machinery & Electronics,export
Singapore,196122628.33,6701761151.11,148240.17,KGM,2022,7,85,Electrical Machinery & Electronics,export
Vietnam,120336318.41,4006017348.21,113953.32,KGM,2022,7,85,Electrical Machinery & Electronics,export
Malaysia,122101635.88,4011522109.36,87517.82,KGM,2022,7,85,Electrical Machinery & Electronics,export
Germany,85772711.39,2527355128.67,85670.18,KGM,2022,7,85,Electrical Machinery & Electronics,export
India,76381172.48,2499541916.5,57991.15,KGM,2022,7,85,Electrical Machinery & Electronics,export
"Korea, Republic of",79057789.06,2665656254.18,64961.65,KGM,2022,7,85,Electrical Machinery & Electronics,export
Indonesia,58528209.49,1962225022.05,51690.87,KGM,2022,7,85,Electrical Machinery & Electronics,export
Netherlands,49302057.98,1653511357.95,46236.26,KGM,2022,7,85,Electrical Machinery & Electronics,export
Philippines,41788033.94,1328100219.16,31153.3,KGM,2022,7,85,Electrical Machinery & Electronics,export
United Kingdom,41428353.07,1453757578.21,32402.04,KGM,2022,7,85,Electrical Machinery & Electronics,export
Australia,34999431.13,1189474249.84,25965.49,KGM,2022,7,85,Electrical Machinery & Electronics,export
Taiwan,40965719.24,1304077403.73,32885.29,KGM,2022,7,85,Electrical Machinery & Electronics,export
Mexico,22262581.23,766054785.39,27163.41,KGM,2022,7,85,Electrical Machinery & Electronics,export
United States of America,612808202.14,21607951732.73,550684.98,KGM,2022,8,85,Electrical Machinery & Electronics,export
China,361735187.44,11884281280.01,339237.68,KGM,2022,8,85,Electrical Machinery & Electronics,export
Japan,313505609.18,10219832694.21,238211.29,KGM,2022,8,85,Electrical Machinery & Electronics,export
Hong Kong,289908428.62,9883838669.06,267143.45,KGM,2022,8,85,Electrical Machinery & Electronics,export
Singapore,172684202.2,5845846538.1,130937.44,KGM,2022,8,85,Electrical Machinery & Electronics,export
Vietnam,153001196.21,4987360608.39,128807.05,KGM,2022,8,85,Electrical Machinery & Electronics,export
Malaysia,117541108.58,3640649080.34,99040.03,KGM,2022,8,85,Electrical Machinery & Electronics,export
Germany,96157117.36,3246801528.12,82969.15,KGM,2022,8,85,Electrical Machinery & Electronics,export
India,74243053.24,2665012157.11,78630.52,KGM,2022,8,85,Electrical Machinery & Electronics,export
"Korea, Republic of",84281614.52,2869824201.76,65828.35,KGM,2022,8,85,Electrical Machinery & Electronics,export
Indonesia,65114072.23,2024990338.12,60387.01,KGM,2022,8,85,Electrical Machinery & Electronics,export
Netherlands,54783832.53,1890350237.27,48600.76,KGM,2022,8,85,Electrical Machinery & Electronics,export
Philippines,39851557.05,1214899060.7,33138.83,KGM,2022,8,85,Electrical Machinery & Electronics,export
United Kingdom,38425059.59,1299101183.3,28518.86,KGM,2022,8,85,Electrical Machinery & Electronics,export
Australia,38280344.7,1264749752.19,29386.01,KGM,2022,8,85,Electrical Machinery & Electronics,export
Taiwan,52365719.85,1576454161.82,32742.71,KGM,2022,8,85,Electrical Machinery & Electronics,export
Mexico,35072017.42,1103798709.72,24967.32,KGM,2022,8,85,Electrical Machinery & Electronics,export
United States of America,603953297.34,19153543770.12,349705.39,KGM,2022,9,85,Electrical Machinery & Electronics,export
China,290372762.81,10267736316.99,314689.1,KGM,2022,9,85,Electrical Machinery & Electronics,export
Japan,314679079.31,11226752202.81,241684.17,KGM,2022,9,85,Electrical Machinery & Electronics,export
Hong Kong,304077491.1,10107901948.28,294285.9,KGM,2022,9,85,Electrical Machinery & Electronics,export
Singapore,195073104.46,6393922411.32,179057.72,KGM,2022,9,85,Electrical Machinery & Electronics,export
Vietnam,146598948.03,5219883613.74,81195.88,KGM,2022,9,85,Electrical Machinery & Electronics,export
Malaysia,118923554.63,4086334343.05,90380.24,KGM,2022,9,85,Electrical Machinery & Electronics,export
Germany,84106814.89,2845333830.17,71251.58,KGM,2022,9,85,Electrical Machinery & Electronics,export
India,76635919.61,2557643784.33,64311.49,KGM,2022,9,85,Electrical Machinery & Electronics,export
"Korea, Republic of",91249925.33,3186193462.62,57786.06,KGM,2022,9,85,Electrical Machinery & Electronics,export
Indonesia,63531954.4,2039301806.31,53780.02,KGM,2022,9,85,Electrical Machinery & Electronics,export
Netherlands,55580323.62,1895442052.17,47038.55,KGM,2022,9,85,Electrical Machinery & Electronics,export
Philippines,51985245.74,1669054276.63,40130.04,KGM,2022,9,85,Electrical Machinery & Electronics,export
United Kingdom,44504367.97,1472587126.52,35325.04,KGM,2022,9,85,Electrical Machinery & Electronics,export
Australia,40188061.91,1204019067.62,25847.67,KGM,2022,9,85,Electrical Machinery & Electronics,export
Taiwan,53362308.79,1794248548.27,37548.57,KGM,2022,9,85,Electrical Machinery & Electronics,export
Mexico,30485207.36,1022020199.11,30749.92,KGM,2022,9,85,Electrical Machinery & Electronics,export
United States of America,578033594.21,17564966417.37,487028.83,KGM,2022,10,85,Electrical Machinery & Electronics,export
China,407041581.86,13624869867.71,369929.38,KGM,2022,10,85,Electrical Machinery & Electronics,export
Japan,349741220.23,12109489820.32,264230.14,KGM,2022,10,85,Electrical Machinery & Electronics,export
Hong Kong,330528604.01,11085258500.32,223236.37,KGM,2022,10,85,Electrical Machinery & Electronics,export
Singapore,200756047.24,6392255642.07,164527.44,KGM,2022,10,85,Electrical Machinery & Electronics,export
Vietnam,163965955.1,5706606832.32,125704.5,KGM,2022,10,85,Electrical Machinery & Electronics,export
Malaysia,104590171.95,3774564388.54,82235.39,KGM,2022,10,85,Electrical Machinery & Electronics,export
Germany,109353338.34,3751063244.47,70803.83,KGM,2022,10,85,Electrical Machinery & Electronics,export
India,74824289.98,2233476933.6,49985.79,KGM,2022,10,85,Electrical Machinery & Electronics,export
"Korea, Republic of",88095860.57,3108205389.13,83861.1,KGM,2022,10,85,Electrical Machinery & Electronics,export
Indonesia,77323415.41,2588482287.6,60407.7,KGM,2022,10,85,Electrical Machinery & Electronics,export
Netherlands,65640460.63,2263590403.17,35725.37,KGM,2022,10,85,Electrical Machinery & Electronics,export
Philippines,43551469.7,1482656576.35,34942.17,KGM,2022,10,85,Electrical Machinery & Electronics,export
United Kingdom,48244881.62,1638844347.7,32732.1,KGM,2022,10,85,Electrical Machinery & Electronics,export
Australia,41448944.91,1377380615.88,30221.78,KGM,2022,10,85,Electrical Machinery & Electronics,export
Taiwan,59256736.26,1933509499.12,37914.15,KGM,2022,10,85,Electrical Machinery & Electronics,export
Mexico,34850049.53,1191375205.91,26864.96,KGM,2022,10,85,Electrical Machinery & Electronics,export
United States of America,662578223.54,21013550608.25,448479.95,KGM,2022,11,85,Electrical Machinery & Electronics,export
China,461193621.25,14040213518.04,312536.36,KGM,2022,11,85,Electrical Machinery & Electronics,export
Japan,399748752.87,14151910859.44,306026.86,KGM,2022,11,85,Electrical Machinery & Electronics,export
Hong Kong,330278239.73,10385465468.01,304424.46,KGM,2022,11,85,Electrical Machinery & Electronics,export
Singapore,177245136.91,5710613332.21,144953.15,KGM,2022,11,85,Electrical Machinery & Electronics,export
Vietnam,146200722.45,4563754104.61,108747.65,KGM,2022,11,85,Electrical Machinery & Electronics,export
Malaysia,105436748.85,3660389691.04,89173.74,KGM,2022,11,85,Electrical Machinery & Electronics,export
Germany,90744055.03,2814706504.89,84513.36,KGM,2022,11,85,Electrical Machinery & Electronics,export
India,52386624.14,1680824149.34,60636.56,KGM,2022,11,85,Electrical Machinery & Electronics,export
"Korea, Republic of",79014306.32,2523616380.58,61014.68,KGM,2022,11,85,Electrical Machinery & Electronics,export
Indonesia,60743759.35,1880731813.87,48116.57,KGM,2022,11,85,Electrical Machinery & Electronics,export
Netherlands,45468452.55,1668311805.91,33962.8,KGM,2022,11,85,Electrical Machinery & Electronics,export
Philippines,47837186.07,1565883950.61,45559.16,KGM,2022,11,85,Electrical Machinery & Electronics,export
United Kingdom,42702385.74,1450177545.04,35937.58,KGM,2022,11,85,Electrical Machinery & Electronics,export
Australia,33711993.71,1127907993.79,29406.53,KGM,2022,11,85,Electrical Machinery & Electronics,export
Taiwan,38833351.5,1343406248.19,44509.11,KGM,2022,11,85,Electrical Machinery & Electronics,export
Mexico,26616355.41,882525805.6,24115.66,KGM,2022,11,85,Electrical Machinery & Electronics,export
United States of America,543609973.42,17419431432.55,474579.22,KGM,2022,12,85,Electrical Machinery & Electronics,export
China,412423918.46,13471335747.55,265848.67,KGM,2022,12,85,Electrical Machinery & Electronics,export
Japan,308912846.18,10312229278.71,242713.17,KGM,2022,12,85,Electrical Machinery & Electronics,export
Hong Kong,300743759.82,9480522552.55,206513.52,KGM,2022,12,85,Electrical Machinery & Electronics,export
Singapore,153098230.01,5209281140.02,157334.64,KGM,2022,12,85,Electrical Machinery & Electronics,export
Vietnam,105841165.77,3496736174.83,80959.75,KGM,2022,12,85,Electrical Machinery & Electronics,export
Malaysia,106462145.42,3244939004.82,73696.52,KGM,2022,12,85,Electrical Machinery & Electronics,export
Germany,74163981.54,2502697302.86,80056.21,KGM,2022,12,85,Electrical Machinery & Electronics,export
India,73539215.29,2357740096.57,60959.5,KGM,2022,12,85,Electrical Machinery & Electronics,export
"Korea, Republic of",72404403.76,2434600049.81,58954.97,KGM,2022,12,85,Electrical Machinery & Electronics,export
Indonesia,64869906.83,2219942484.3,57297.99,KGM,2022,12,85,Electrical Machinery & Electronics,export
Netherlands,54259431.41,1773871678.75,49385.72,KGM,2022,12,85,Electrical Machinery & Electronics,export
Philippines,46751384.06,1585920463.2,35746.27,KGM,2022,12,85,Electrical Machinery & Electronics,export
United Kingdom,36798267.74,1233376793.31,25050.71,KGM,2022,12,85,Electrical Machinery & Electronics,export
Australia,34593536.79,1136567113.61,24894.76,KGM,2022,12,85,Electrical Machinery & Electronics,export
Taiwan,38098488.5,1229764151.99,29923.24,KGM,2022,12,85,Electrical Machinery & Electronics,export
Mexico,25362872.87,864128344.68,21760.35,KGM,2022,12,85,Electrical Machinery & Electronics,export
United States of America,564557490.97,18291549759.25,492426.47,KGM,2023,1,85,Electrical Machinery & Electronics,export
China,367960842.86,12011702303.52,273429.32,KGM,2023,1,85,Electrical Machinery & Electronics,export
Japan,299028664.08,9644436457.63,260388.48,KGM,2023,1,85,Electrical Machinery & Electronics,export
Hong Kong,233554666.62,7487724992.86,187426.9,KGM,2023,1,85,Electrical Machinery & Electronics,export
Singapore,183960310.11,5908543436.81,119367.74,KGM,2023,1,85,Electrical Machinery & Electronics,export
Vietnam,127034022.21,4114025384.04,101284.11,KGM,2023,1,85,Electrical Machinery & Electronics,export
Malaysia,115153771.92,3770522683.34,72881.08,KGM,2023,1,85,Electrical Machinery & Electronics,export
Germany,66308288.91,2056589055.46,63301.82,KGM,2023,1,85,Electrical Machinery & Electronics,export
India,59686194.42,1889739135.82,40228.08,KGM,2023,1,85,Electrical Machinery & Electronics,export
"Korea, Republic of",73365147.46,2375405148.57,57403.21,KGM,2023,1,85,Electrical Machinery & Electronics,export
Indonesia,55625353.38,1832749411.06,43207.44,KGM,2023,1,85,Electrical Machinery & Electronics,export
Netherlands,48736804.33,1593623156.2,40724.9,KGM,2023,1,85,Electrical Machinery & Electronics,export
Philippines,39285770.86,1331956962.38,35921.4,KGM,2023,1,85,Electrical Machinery & Electronics,export
United Kingdom,36840154.64,1220292305.71,33808.42,KGM,2023,1,85,Electrical Machinery & Electronics,export
Australia,32323827.47,1074692141.13,26066.33,KGM,2023,1,85,Electrical Machinery & Electronics,export
Taiwan,37300031.74,1246649371.07,25466.74,KGM,2023,1,85,Electrical Machinery & Electronics,export
Mexico,31144241.61,1077890029.51,20235.01,KGM,2023,1,85,Electrical Machinery & Electronics,export
United States of America,397628702.27,14139288461.08,355265.61,KGM,2023,2,85,Electrical Machinery & Electronics,export
China,328628384.48,10969099117.73,244651.99,KGM,2023,2,85,Electrical Machinery & Electronics,export
Japan,310885129.5,10873763772.16,183611.15,KGM,2023,2,85,Electrical Machinery & Electronics,export
Hong Kong,226337130.56,7260592911.6,206585.18,KGM,2023,2,85,Electrical Machinery & Electronics,export
Singapore,185381743.37,5748089982.96,126458.66,KGM,2023,2,85,Electrical Machinery & Electronics,export
Vietnam,124593909.46,4333674543.8,110065.25,KGM,2023,2,85,Electrical Machinery & Electronics,export
Malaysia,96090123.52,3110211283.11,83581.72,KGM,2023,2,85,Electrical Machinery & Electronics,export
Germany,84022232.06,2407833587.87,66229.85,KGM,2023,2,85,Electrical Machinery & Electronics,export
India,57116157.04,1898968979.94,52039.69,KGM,2023,2,85,Electrical Machinery & Electronics,export
"Korea, Republic of",71192386.71,2478313875.47,57732.61,KGM,2023,2,85,Electrical Machinery & Electronics,export
Indonesia,57499892.05,2065486079.08,31990.97,KGM,2023,2,85,Electrical Machinery & Electronics,export
Netherlands,38524840.55,1180922037.26,42458.33,KGM,2023,2,85,Electrical Machinery & Electronics,export
Philippines,45312978.57,1521447433.97,30674.71,KGM,2023,2,85,Electrical Machinery & Electronics,export
United Kingdom,28609409.06,961975739.24,31060.36,KGM,2023,2,85,Electrical Machinery & Electronics,export
Australia,33692305.83,1120867655.64,28279.58,KGM,2023,2,85,Electrical Machinery & Electronics,export
Taiwan,38830857.99,1255608556.16,28645.4,KGM,2023,2,85,Electrical Machinery & Electronics,export
Mexico,31116700.06,940824514.49,19980.12,KGM,2023,2,85,Electrical Machinery & Electronics,export
United States of America,479463248.3,15604477413.12,456551.81,KGM,2023,3,85,Electrical Machinery & Electronics,export
China,376106041.68,10728871326.13,215621.63,KGM,2023,3,85,Electrical Machinery & Electronics,export
Japan,318529502.61,9693969900.4,278198.48,KGM,2023,3,85,Electrical Machinery & Electronics,export
Hong Kong,279992749.63,9237919698.01,243194.57,KGM,2023,3,85,Electrical Machinery & Electronics,export
Singapore,193312677.55,6303075537.02,145108.17,KGM,2023,3,85,Electrical Machinery & Electronics,export
Vietnam,143919506.7,4628917387.95,130822.6,KGM,2023,3,85,Electrical Machinery & Electronics,export
Malaysia,105466535.06,3504950409.17,75000.74,KGM,2023,3,85,Electrical Machinery & Electronics,export
Germany,87279925.59,3066110816.28,80794.08,KGM,2023,3,85,Electrical Machinery & Electronics,export
India,76522776.82,2444347598.16,63874.71,KGM,2023,3,85,Electrical Machinery & Electronics,export
"Korea, Republic of",72179643.29,2384095811.23,67186.37,KGM,2023,3,85,Electrical Machinery & Electronics,export
Indonesia,74474965.66,2526888755.57,38203.41,KGM,2023,3,85,Electrical Machinery & Electronics,export
Netherlands,56408230.18,1779602622.68,38668.53,KGM,2023,3,85,Electrical Machinery & Electronics,export
Philippines,42829272.52,1506990748.79,28480.39,KGM,2023,3,85,Electrical Machinery & Electronics,export
United Kingdom,50675908.5,1623709684.4,30612.74,KGM,2023,3,85,Electrical Machinery & Electronics,export
Australia,30817489.05,989729343.15,24641.21,KGM,2023,3,85,Electrical Machinery & Electronics,export
Taiwan,49692204.54,1585964526.26,49056.11,KGM,2023,3,85,Electrical Machinery & Electronics,export
Mexico,28233960.96,950812068.29,21346.98,KGM,2023,3,85,Electrical Machinery & Electronics,export
United States of America,567690843.64,18355457112.21,444357.26,KGM,2023,4,85,Electrical Machinery & Electronics,export
China,415595435.93,14164030955.76,319536.63,KGM,2023,4,85,Electrical Machinery & Electronics,export
Japan,331985905.91,10599396219.03,250286.22,KGM,2023,4,85,Electrical Machinery & Electronics,export
Hong Kong,288666193.63,9771577749.37,230667.12,KGM,2023,4,85,Electrical Machinery & Electronics,export
Singapore,154314620.97,5020934780.71,152304.93,KGM,2023,4,85,Electrical Machinery & Electronics,export
Vietnam,125145646.33,4163083255.24,119354.26,KGM,2023,4,85,Electrical Machinery & Electronics,export
Malaysia,135598858.29,4414308156.83,92912.97,KGM,2023,4,85,Electrical Machinery & Electronics,export
Germany,90476215.27,3152758831.09,62883.1,KGM,2023,4,85,Electrical Machinery & Electronics,export
India,75478185.66,2370292208.67,60871.76,KGM,2023,4,85,Electrical Machinery & Electronics,export
"Korea, Republic of",88732737.74,2854455484.23,58463.81,KGM,2023,4,85,Electrical Machinery & Electronics,export
Indonesia,64829803.73,2062333595.29,47650.52,KGM,2023,4,85,Electrical Machinery & Electronics,export
Netherlands,54604857.48,1875273564.6,49225.2,KGM,2023,4,85,Electrical Machinery & Electronics,export
Philippines,48968580.44,1581031609.21,38721.45,KGM,2023,4,85,Electrical Machinery & Electronics,export
United Kingdom,45773511.55,1540309968.53,26068.82,KGM,2023,4,85,Electrical Machinery & Electronics,export
Australia,39664684.58,1265960378.66,28952.2,KGM,2023,4,85,Electrical Machinery & Electronics,export
Taiwan,45563850.07,1538754595.55,33260.52,KGM,2023,4,85,Electrical Machinery & Electronics,export
Mexico,35040942.02,1176699478.12,26983.47,KGM,2023,4,85,Electrical Machinery & Electronics,export
United States of America,602577783.18,19181611175.1,495087.81,KGM,2023,5,85,Electrical Machinery & Electronics,export
China,315914917.67,10863233130.6,308626.12,KGM,2023,5,85,Electrical Machinery & Electronics,export
Japan,275023984.02,9541270533.61,263491.91,KGM,2023,5,85,Electrical Machinery & Electronics,export
Hong Kong,276739173.31,9686080940.93,264888.09,KGM,2023,5,85,Electrical Machinery & Electronics,export
Singapore,183256032.46,5951422178.08,142743.44,KGM,2023,5,85,Electrical Machinery & Electronics,export
Vietnam,141887969.01,4393198209.95,96228.11,KGM,2023,5,85,Electrical Machinery & Electronics,export
Malaysia,86559258.63,3121182087.42,89372.56,KGM,2023,5,85,Electrical Machinery & Electronics,export
Germany,74755165.81,2442900807.08,73016.57,KGM,2023,5,85,Electrical Machinery & Electronics,export
India,73531238.66,2328542830.04,68742.08,KGM,2023,5,85,Electrical Machinery & Electronics,export
"Korea, Republic of",67651473.18,2164728649.89,62891.54,KGM,2023,5,85,Electrical Machinery & Electronics,export
Indonesia,50758035.01,1584715649.78,53806.36,KGM,2023,5,85,Electrical Machinery & Electronics,export
Netherlands,55534642.72,1743175569.78,42849.37,KGM,2023,5,85,Electrical Machinery & Electronics,export
Philippines,50822926.82,1681293944.95,36072.39,KGM,2023,5,85,Electrical Machinery & Electronics,export
United Kingdom,44462906.28,1476946596.78,34763.24,KGM,2023,5,85,Electrical Machinery & Electronics,export
Australia,34256350.0,1138570469.48,25880.38,KGM,2023,5,85,Electrical Machinery & Electronics,export
Taiwan,42177727.62,1383669473.49,40892.43,KGM,2023,5,85,Electrical Machinery & Electronics,export
Mexico,34785465.95,1088374713.2,23041.95,KGM,2023,5,85,Electrical Machinery & Electronics,export
United States of America,667097232.76,22928014739.64,448763.85,KGM,2023,6,85,Electrical Machinery & Electronics,export
China,327034070.84,11430998910.61,294293.39,KGM,2023,6,85,Electrical Machinery & Electronics,export
Japan,281066766.76,9360593684.8,339340.97,KGM,2023,6,85,Electrical Machinery & Electronics,export
Hong Kong,262211220.66,9089212021.44,238129.59,KGM,2023,6,85,Electrical Machinery & Electronics,export
Singapore,174681329.52,5829761427.07,139853.6,KGM,2023,6,85,Electrical Machinery & Electronics,export
Vietnam,149411937.0,5020765458.47,111519.66,KGM,2023,6,85,Electrical Machinery & Electronics,export
Malaysia,123990946.33,3963096235.86,93292.67,KGM,2023,6,85,Electrical Machinery & Electronics,export
Germany,95000680.25,3182485293.9,92210.62,KGM,2023,6,85,Electrical Machinery & Electronics,export
India,85605635.12,2858711279.43,57167.48,KGM,2023,6,85,Electrical Machinery & Electronics,export
"Korea, Republic of",92485691.28,3222329400.79,80863.48,KGM,2023,6,85,Electrical Machinery & Electronics,export
Indonesia,59181202.69,2102648972.18,60680.91,KGM,2023,6,85,Electrical Machinery & Electronics,export
Netherlands,53836202.71,1774621489.11,40791.17,KGM,2023,6,85,Electrical Machinery & Electronics,export
Philippines,48454409.07,1512741697.39,36480.32,KGM,2023,6,85,Electrical Machinery & Electronics,export
United Kingdom,49147787.36,1584505430.07,30735.29,KGM,2023,6,85,Electrical Machinery & Electronics,export
Australia,38495549.72,1180914846.03,25081.08,KGM,2023,6,85,Electrical Machinery & Electronics,export
Taiwan,45545176.07,1515834789.91,41852.8,KGM,2023,6,85,Electrical Machinery & Electronics,export
Mexico,26458092.66,904763954.31,31100.57,KGM,2023,6,85,Electrical Machinery & Electronics,export
United States of America,570696774.23,19409468252.5,456827.07,KGM,2023,7,85,Electrical Machinery & Electronics,export
China,460182570.69,15390461556.45,330224.65,KGM,2023,7,85,Electrical Machinery & Electronics,export
Japan,286581366.91,9789610397.76,266492.65,KGM,2023,7,85,Electrical Machinery & Electronics,export
Hong Kong,276774844.54,9363422708.45,209947.53,KGM,2023,7,85,Electrical Machinery & Electronics,export
Singapore,168222925.39,5441448904.29,164887.24,KGM,2023,7,85,Electrical Machinery & Electronics,export
Vietnam,110285517.39,3629972025.39,105888.11,KGM,2023,7,85,Electrical Machinery & Electronics,export
Malaysia,118187931.21,3671428206.16,94299.17,KGM,2023,7,85,Electrical Machinery & Electronics,export
Germany,94472877.64,3066558252.23,69881.98,KGM,2023,7,85,Electrical Machinery & Electronics,export
India,67213200.35,2533847052.78,59368.43,KGM,2023,7,85,Electrical Machinery & Electronics,export
"Korea, Republic of",99594115.45,3296457311.6,59146.44,KGM,2023,7,85,Electrical Machinery & Electronics,export
Indonesia,63281960.72,2175283459.23,53157.46,KGM,2023,7,85,Electrical Machinery & Electronics,export
Netherlands,55275794.27,1919989572.85,40971.05,KGM,2023,7,85,Electrical Machinery & Electronics,export
Philippines,40907849.49,1258769113.31,38181.41,KGM,2023,7,85,Electrical Machinery & Electronics,export
United Kingdom,37690492.73,1205376363.19,36602.99,KGM,2023,7,85,Electrical Machinery & Electronics,export
Australia,30327502.95,963060275.01,27276.54,KGM,2023,7,85,Electrical Machinery & Electronics,export
Taiwan,40775626.39,1250987287.0,39797.72,KGM,2023,7,85,Electrical Machinery & Electronics,export
Mexico,30746070.89,998811175.56,26551.7,KGM,2023,7,85,Electrical Machinery & Electronics,export
United States of America,553486285.41,17253174897.32,421421.74,KGM,2023,8,85,Electrical Machinery & Electronics,export
China,360047756.7,11647160487.71,331900.6,KGM,2023,8,85,Electrical Machinery & Electronics,export
Japan,342082997.97,11596513123.66,305257.14,KGM,2023,8,85,Electrical Machinery & Electronics,export
Hong Kong,251592088.78,8697916972.36,243122.4,KGM,2023,8,85,Electrical Machinery & Electronics,export
Singapore,181072915.66,5855709165.73,124546.52,KGM,2023,8,85,Electrical Machinery & Electronics,export
Vietnam,146911763.37,4733332554.27,123560.82,KGM,2023,8,85,Electrical Machinery & Electronics,export
Malaysia,91878605.17,3081597520.78,78152.34,KGM,2023,8,85,Electrical Machinery & Electronics,export
Germany,115270352.68,4030925381.48,76704.13,KGM,2023,8,85,Electrical Machinery & Electronics,export
India,68777976.8,2028233189.35,56743.79,KGM,2023,8,85,Electrical Machinery & Electronics,export
"Korea, Republic of",89718189.62,3041325644.76,61793.62,KGM,2023,8,85,Electrical Machinery & Electronics,export
Indonesia,63913080.85,2281045230.8,66895.9,KGM,2023,8,85,Electrical Machinery & Electronics,export
Netherlands,44394157.62,1415510058.33,49417.7,KGM,2023,8,85,Electrical Machinery & Electronics,export
Philippines,51176034.71,1799444098.58,32252.75,KGM,2023,8,85,Electrical Machinery & Electronics,export
United Kingdom,47718774.89,1561741690.18,28736.74,KGM,2023,8,85,Electrical Machinery & Electronics,export
Australia,39077800.31,1288867050.82,33418.04,KGM,2023,8,85,Electrical Machinery & Electronics,export
Taiwan,51846495.64,1758511729.94,38126.79,KGM,2023,8,85,Electrical Machinery & Electronics,export
Mexico,29044256.44,1008567147.6,26833.38,KGM,2023,8,85,Electrical Machinery & Electronics,export
United States of America,670971933.92,22042298485.55,480167.74,KGM,2023,9,85,Electrical Machinery & Electronics,export
China,445626944.66,15470737382.91,309801.86,KGM,2023,9,85,Electrical Machinery & Electronics,export
Japan,339342134.02,10635974187.19,275717.07,KGM,2023,9,85,Electrical Machinery & Electronics,export
Hong Kong,257271092.82,9154793382.41,262806.73,KGM,2023,9,85,Electrical Machinery & Electronics,export
Singapore,198071965.38,6840209798.35,153672.94,KGM,2023,9,85,Electrical Machinery & Electronics,export
Vietnam,151959265.49,5241152340.49,83754.87,KGM,2023,9,85,Electrical Machinery & Electronics,export
Malaysia,101878005.86,3294507560.2,93947.68,KGM,2023,9,85,Electrical Machinery & Electronics,export
Germany,91721545.95,3149758365.35,78841.59,KGM,2023,9,85,Electrical Machinery & Electronics,export
India,78645557.53,2776266929.82,73331.43,KGM,2023,9,85,Electrical Machinery & Electronics,export
"Korea, Republic of",101649361.97,3281513133.01,70087.13,KGM,2023,9,85,Electrical Machinery & Electronics,export
Indonesia,68368834.98,2365428040.5,62290.92,KGM,2023,9,85,Electrical Machinery & Electronics,export
Netherlands,43540178.85,1282170373.73,48766.46,KGM,2023,9,85,Electrical Machinery & Electronics,export
Philippines,48906565.53,1552520350.9,36711.57,KGM,2023,9,85,Electrical Machinery & Electronics,export
United Kingdom,47845217.37,1578210045.23,32539.65,KGM,2023,9,85,Electrical Machinery & Electronics,export
Australia,35545118.02,1224159490.85,31637.43,KGM,2023,9,85,Electrical Machinery & Electronics,export
Taiwan,44698404.23,1478834607.1,42210.26,KGM,2023,9,85,Electrical Machinery & Electronics,export
Mexico,34462306.7,1177236216.0,26286.18,KGM,2023,9,85,Electrical Machinery & Electronics,export
United States of America,645377109.11,21493650493.9,476092.67,KGM,2023,10,85,Electrical Machinery & Electronics,export
China,433156798.82,14094941720.87,343520.69,KGM,2023,10,85,Electrical Machinery & Electronics,export
Japan,393926172.63,14247072156.21,311507.31,KGM,2023,10,85,Electrical Machinery & Electronics,export
Hong Kong,254936220.71,8853459317.09,262298.92,KGM,2023,10,85,Electrical Machinery & Electronics,export
Singapore,221864168.97,6867864167.38,156389.09,KGM,2023,10,85,Electrical Machinery & Electronics,export
Vietnam,174479577.72,5680502416.21,113967.39,KGM,2023,10,85,Electrical Machinery & Electronics,export
Malaysia,145956974.22,4995863762.56,81984.39,KGM,2023,10,85,Electrical Machinery & Electronics,export
Germany,93201820.44,3099098383.73,73133.39,KGM,2023,10,85,Electrical Machinery & Electronics,export
India,86094286.38,2980774441.77,71867.92,KGM,2023,10,85,Electrical Machinery & Electronics,export
"Korea, Republic of",84309837.3,2738892254.04,62616.89,KGM,2023,10,85,Electrical Machinery & Electronics,export
Indonesia,73011809.41,2011671880.94,55055.06,KGM,2023,10,85,Electrical Machinery & Electronics,export
Netherlands,49429216.42,1694572003.97,46987.79,KGM,2023,10,85,Electrical Machinery & Electronics,export
Philippines,45840580.59,1409865768.77,43866.89,KGM,2023,10,85,Electrical Machinery & Electronics,export
United Kingdom,46519258.81,1567843623.5,37432.6,KGM,2023,10,85,Electrical Machinery & Electronics,export
Australia,36254609.09,1235886193.12,26265.55,KGM,2023,10,85,Electrical Machinery & Electronics,export
Taiwan,42708160.09,1498523589.59,36590.03,KGM,2023,10,85,Electrical Machinery & Electronics,export
Mexico,35879368.21,1217641836.34,29472.93,KGM,2023,10,85,Electrical Machinery & Electronics,export
United States of America,628570142.91,19892904555.99,473667.17,KGM,2023,11,85,Electrical Machinery & Electronics,export
China,501950447.95,16813618198.95,305469.36,KGM,2023,11,85,Electrical Machinery & Electronics,export
Japan,361507218.84,11698903771.23,259297.21,KGM,2023,11,85,Electrical Machinery & Electronics,export
Hong Kong,340970747.06,11462974421.68,216384.46,KGM,2023,11,85,Electrical Machinery & Electronics,export
Singapore,215592629.2,7084195738.11,154225.65,KGM,2023,11,85,Electrical Machinery & Electronics,export
Vietnam,162600472.38,4859183019.76,116763.26,KGM,2023,11,85,Electrical Machinery & Electronics,export
Malaysia,136574103.07,4551088219.18,83858.39,KGM,2023,11,85,Electrical Machinery & Electronics,export
Germany,85896113.22,2778333073.3,74294.54,KGM,2023,11,85,Electrical Machinery & Electronics,export
India,80525172.82,2896832855.57,56652.81,KGM,2023,11,85,Electrical Machinery & Electronics,export
"Korea, Republic of",89258434.22,2944342833.41,78763.0,KGM,2023,11,85,Electrical Machinery & Electronics,export
Indonesia,76159747.28,2432761801.27,41436.87,KGM,2023,11,85,Electrical Machinery & Electronics,export
Netherlands,56262619.4,1900439700.98,44468.42,KGM,2023,11,85,Electrical Machinery & Electronics,export
Philippines,52371176.07,1724376246.22,39221.68,KGM,2023,11,85,Electrical Machinery & Electronics,export
United Kingdom,55385157.92,1642845027.35,37003.29,KGM,2023,11,85,Electrical Machinery & Electronics,export
Australia,42620924.8,1480609046.84,33784.1,KGM,2023,11,85,Electrical Machinery & Electronics,export
Taiwan,52426743.24,1800072587.07,35276.83,KGM,2023,11,85,Electrical Machinery & Electronics,export
Mexico,34970530.09,1235223768.24,31178.95,KGM,2023,11,85,Electrical Machinery & Electronics,export
United States of America,508921450.15,17583480496.46,455476.22,KGM,2023,12,85,Electrical Machinery & Electronics,export
China,348919195.46,12061548671.29,339337.05,KGM,2023,12,85,Electrical Machinery & Electronics,export
Japan,282940472.3,9702100479.3,247930.27,KGM,2023,12,85,Electrical Machinery & Electronics,export
Hong Kong,307061503.47,10266352704.04,221433.54,KGM,2023,12,85,Electrical Machinery & Electronics,export
Singapore,193437238.21,6096179754.36,133768.66,KGM,2023,12,85,Electrical Machinery & Electronics,export
Vietnam,137864381.89,5111136311.33,98364.03,KGM,2023,12,85,Electrical Machinery & Electronics,export
Malaysia,105646602.2,3386767255.38,89453.91,KGM,2023,12,85,Electrical Machinery & Electronics,export
Germany,96725368.96,3173868433.72,68471.19,KGM,2023,12,85,Electrical Machinery & Electronics,export
India,68002813.44,2218538071.11,46438.42,KGM,2023,12,85,Electrical Machinery & Electronics,export
"Korea, Republic of",81500769.3,2814425604.2,50358.96,KGM,2023,12,85,Electrical Machinery & Electronics,export
Indonesia,58493773.67,1734280632.23,49497.47,KGM,2023,12,85,Electrical Machinery & Electronics,export
Netherlands,52679133.34,1710639617.0,36056.68,KGM,2023,12,85,Electrical Machinery & Electronics,export
Philippines,36203681.27,1185839362.29,30711.9,KGM,2023,12,85,Electrical Machinery & Electronics,export
United Kingdom,37589948.64,1135137258.57,34193.11,KGM,2023,12,85,Electrical Machinery & Electronics,export
Australia,34170230.26,1104152539.4,27150.63,KGM,2023,12,85,Electrical Machinery & Electronics,export
Taiwan,39012636.06,1407247046.08,38889.4,KGM,2023,12,85,Electrical Machinery & Electronics,export
Mexico,24902008.1,784250375.96,21376.28,KGM,2023,12,85,Electrical Machinery & Electronics,export
United States of America,491755001.91,16617141954.21,465803.96,KGM,2024,1,85,Electrical Machinery & Electronics,export
China,332143373.21,10801794407.32,270396.55,KGM,2024,1,85,Electrical Machinery & Electronics,export
Japan,316969058.93,10741113660.37,260511.79,KGM,2024,1,85,Electrical Machinery & Electronics,export
Hong Kong,197427505.4,6459866761.14,202719.16,KGM,2024,1,85,Electrical Machinery & Electronics,export
Singapore,185386654.27,6272577434.42,138804.95,KGM,2024,1,85,Electrical Machinery & Electronics,export
Vietnam,120234492.37,4190258879.65,112608.05,KGM,2024,1,85,Electrical Machinery & Electronics,export
Malaysia,84734847.26,2893159555.92,68367.26,KGM,2024,1,85,Electrical Machinery & Electronics,export
Germany,82879491.65,2765086201.12,75795.13,KGM,2024,1,85,Electrical Machinery & Electronics,export
India,72141214.18,2417429778.31,49133.63,KGM,2024,1,85,Electrical Machinery & Electronics,export
"Korea, Republic of",78500576.09,2708469283.62,55700.44,KGM,2024,1,85,Electrical Machinery & Electronics,export
Indonesia,47844617.92,1486000437.55,48403.78,KGM,2024,1,85,Electrical Machinery & Electronics,export
Netherlands,45427153.69,1424146389.96,45269.53,KGM,2024,1,85,Electrical Machinery & Electronics,export
Philippines,37350647.2,1170338600.85,36082.48,KGM,2024,1,85,Electrical Machinery & Electronics,export
United Kingdom,41814105.15,1331090746.75,32708.43,KGM,2024,1,85,Electrical Machinery & Electronics,export
Australia,37040467.3,1248587373.29,20708.8,KGM,2024,1,85,Electrical Machinery & Electronics,export
Taiwan,36911723.74,1192689221.9,31615.02,KGM,2024,1,85,Electrical Machinery & Electronics,export
Mexico,33298924.42,1094937593.69,22192.91,KGM,2024,1,85,Electrical Machinery & Electronics,export
United States of America,467334271.49,14699788336.22,344894.52,KGM,2024,2,85,Electrical Machinery & Electronics,export
China,335892731.34,11468645799.57,259841.22,KGM,2024,2,85,Electrical Machinery & Electronics,export
Japan,278202837.06,9500245583.46,222344.97,KGM,2024,2,85,Electrical Machinery & Electronics,export
Hong Kong,235281620.74,8063411828.38,161727.21,KGM,2024,2,85,Electrical Machinery & Electronics,export
Singapore,151884910.86,4869465079.5,131379.44,KGM,2024,2,85,Electrical Machinery & Electronics,export
Vietnam,110304744.63,3696173944.22,75477.99,KGM,2024,2,85,Electrical Machinery & Electronics,export
Malaysia,64574485.63,2230920888.52,90383.67,KGM,2024,2,85,Electrical Machinery & Electronics,export
Germany,74049679.98,2672541720.43,77586.8,KGM,2024,2,85,Electrical Machinery & Electronics,export
India,63385554.33,2104679582.35,54704.36,KGM,2024,2,85,Electrical Machinery & Electronics,export
"Korea, Republic of",84409197.16,2756715381.75,48848.65,KGM,2024,2,85,Electrical Machinery & Electronics,export
Indonesia,62263316.54,2050691376.98,50069.95,KGM,2024,2,85,Electrical Machinery & Electronics,export
Netherlands,55679920.37,1846933597.92,40195.48,KGM,2024,2,85,Electrical Machinery & Electronics,export
Philippines,43568164.82,1441034145.25,32345.23,KGM,2024,2,85,Electrical Machinery & Electronics,export
United Kingdom,33770332.78,1090440016.12,39647.65,KGM,2024,2,85,Electrical Machinery & Electronics,export
Australia,34959454.83,1083245633.97,32037.15,KGM,2024,2,85,Electrical Machinery & Electronics,export
Taiwan,43218429.73,1542556403.88,32673.9,KGM,2024,2,85,Electrical Machinery & Electronics,export
Mexico,25918217.9,853360894.46,20749.41,KGM,2024,2,85,Electrical Machinery & Electronics,export
United States of America,519291776.45,18716648622.57,412915.48,KGM,2024,3,85,Electrical Machinery & Electronics,export
China,368793138.39,11954420314.64,263900.73,KGM,2024,3,85,Electrical Machinery & Electronics,export
Japan,331547534.17,10653983068.0,265236.74,KGM,2024,3,85,Electrical Machinery & Electronics,export
Hong Kong,228659384.43,7519145474.37,217174.83,KGM,2024,3,85,Electrical Machinery & Electronics,export
Singapore,170318378.89,5767298268.33,168037.22,KGM,2024,3,85,Electrical Machinery & Electronics,export
Vietnam,138403613.3,4927105373.91,104521.07,KGM,2024,3,85,Electrical Machinery & Electronics,export
Malaysia,96637384.21,3123460176.45,82191.7,KGM,2024,3,85,Electrical Machinery & Electronics,export
Germany,93763453.92,2906211200.24,78609.47,KGM,2024,3,85,Electrical Machinery & Electronics,export
India,67847090.32,2171261587.76,61396.6,KGM,2024,3,85,Electrical Machinery & Electronics,export
"Korea, Republic of",78645447.19,2479699740.8,66908.02,KGM,2024,3,85,Electrical Machinery & Electronics,export
Indonesia,65498360.49,2165217302.84,54730.97,KGM,2024,3,85,Electrical Machinery & Electronics,export
Netherlands,62411159.09,2055737290.86,47504.12,KGM,2024,3,85,Electrical Machinery & Electronics,export
Philippines,44057680.94,1410190071.93,44084.79,KGM,2024,3,85,Electrical Machinery & Electronics,export
United Kingdom,39853693.06,1338952772.3,31163.19,KGM,2024,3,85,Electrical Machinery & Electronics,export
Australia,44629194.17,1451202549.1,29995.7,KGM,2024,3,85,Electrical Machinery & Electronics,export
Taiwan,46379682.05,1517465436.13,30679.47,KGM,2024,3,85,Electrical Machinery & Electronics,export
Mexico,37294576.92,1299583646.4,27516.69,KGM,2024,3,85,Electrical Machinery & Electronics,export
United States of America,620602069.93,22259744095.04,412456.78,KGM,2024,4,85,Electrical Machinery & Electronics,export
China,308946442.99,9240750278.49,312524.52,KGM,2024,4,85,Electrical Machinery & Electronics,export
Japan,272390484.35,8706417280.49,292489.36,KGM,2024,4,85,Electrical Machinery & Electronics,export
Hong Kong,316824651.15,10413151118.41,166587.71,KGM,2024,4,85,Electrical Machinery & Electronics,export
Singapore,164993880.82,5828000137.55,144342.77,KGM,2024,4,85,Electrical Machinery & Electronics,export
Vietnam,166117013.68,5084521279.32,119636.85,KGM,2024,4,85,Electrical Machinery & Electronics,export
Malaysia,99100661.34,3150522666.01,91891.67,KGM,2024,4,85,Electrical Machinery & Electronics,export
Germany,100096125.42,3155629965.48,90243.47,KGM,2024,4,85,Electrical Machinery & Electronics,export
India,68408437.48,2231388253.13,51592.42,KGM,2024,4,85,Electrical Machinery & Electronics,export
"Korea, Republic of",84966452.77,2918302643.38,67795.12,KGM,2024,4,85,Electrical Machinery & Electronics,export
Indonesia,68325127.55,2258922534.79,52222.78,KGM,2024,4,85,Electrical Machinery & Electronics,export
Netherlands,56831860.78,1817728876.03,44767.3,KGM,2024,4,85,Electrical Machinery & Electronics,export
Philippines,41308914.13,1332255841.13,38208.05,KGM,2024,4,85,Electrical Machinery & Electronics,export
United Kingdom,44481720.44,1468891905.07,34102.05,KGM,2024,4,85,Electrical Machinery & Electronics,export
Australia,41265006.23,1471257321.11,24987.74,KGM,2024,4,85,Electrical Machinery & Electronics,export
Taiwan,36698033.62,1222090593.72,44106.85,KGM,2024,4,85,Electrical Machinery & Electronics,export
Mexico,31148258.44,999882941.7,21652.77,KGM,2024,4,85,Electrical Machinery & Electronics,export
United States of America,565588569.17,19890842820.67,470759.48,KGM,2024,5,85,Electrical Machinery & Electronics,export
China,386147544.3,12945662333.7,318429.93,KGM,2024,5,85,Electrical Machinery & Electronics,export
Japan,324430507.41,10654158787.83,262144.27,KGM,2024,5,85,Electrical Machinery & Electronics,export
Hong Kong,305510570.01,9849701817.0,204803.17,KGM,2024,5,85,Electrical Machinery & Electronics,export
Singapore,198496501.85,6584223308.03,133526.04,KGM,2024,5,85,Electrical Machinery & Electronics,export
Vietnam,135905885.02,4764960148.29,121972.95,KGM,2024,5,85,Electrical Machinery & Electronics,export
Malaysia,108736787.29,3621033399.45,100365.02,KGM,2024,5,85,Electrical Machinery & Electronics,export
Germany,92155053.05,3220536672.86,76727.68,KGM,2024,5,85,Electrical Machinery & Electronics,export
India,75349381.26,2472970479.25,70968.36,KGM,2024,5,85,Electrical Machinery & Electronics,export
"Korea, Republic of",74067815.97,2278662396.03,67784.99,KGM,2024,5,85,Electrical Machinery & Electronics,export
Indonesia,64952014.7,2320429138.18,51373.26,KGM,2024,5,85,Electrical Machinery & Electronics,export
Netherlands,66753863.94,2324171593.47,46471.4,KGM,2024,5,85,Electrical Machinery & Electronics,export
Philippines,46010817.24,1554785565.34,31768.01,KGM,2024,5,85,Electrical Machinery & Electronics,export
United Kingdom,44683463.01,1414680498.27,30618.63,KGM,2024,5,85,Electrical Machinery & Electronics,export
Australia,41935005.93,1418966185.71,24471.28,KGM,2024,5,85,Electrical Machinery & Electronics,export
Taiwan,46409803.47,1600324126.44,40907.33,KGM,2024,5,85,Electrical Machinery & Electronics,export
Mexico,30609038.87,1077420709.86,23161.98,KGM,2024,5,85,Electrical Machinery & Electronics,export
United States of America,583146017.99,20040487057.22,487653.51,KGM,2024,6,85,Electrical Machinery & Electronics,export
China,353413638.17,12002008369.99,346656.04,KGM,2024,6,85,Electrical Machinery & Electronics,export
Japan,392418157.27,12987139661.4,321408.64,KGM,2024,6,85,Electrical Machinery & Electronics,export
Hong Kong,315333372.38,10474701782.63,235854.21,KGM,2024,6,85,Electrical Machinery & Electronics,export
Singapore,173430803.08,5256315146.5,152186.67,KGM,2024,6,85,Electrical Machinery & Electronics,export
Vietnam,144609192.71,4940846941.14,135880.92,KGM,2024,6,85,Electrical Machinery & Electronics,export
Malaysia,118616670.66,3818213700.45,91564.81,KGM,2024,6,85,Electrical Machinery & Electronics,export
Germany,88771563.62,2725060557.93,85882.39,KGM,2024,6,85,Electrical Machinery & Electronics,export
India,66016369.04,2199122738.94,69349.19,KGM,2024,6,85,Electrical Machinery & Electronics,export
"Korea, Republic of",88369350.57,3182633522.22,72128.75,KGM,2024,6,85,Electrical Machinery & Electronics,export
Indonesia,68808445.64,2483096367.69,56666.57,KGM,2024,6,85,Electrical Machinery & Electronics,export
Netherlands,58277037.66,1738956607.23,56639.86,KGM,2024,6,85,Electrical Machinery & Electronics,export
Philippines,43196310.7,1463317689.17,35965.88,KGM,2024,6,85,Electrical Machinery & Electronics,export
United Kingdom,51790840.37,1785094504.58,32695.09,KGM,2024,6,85,Electrical Machinery & Electronics,export
Australia,47847550.04,1549982622.32,37153.49,KGM,2024,6,85,Electrical Machinery & Electronics,export
Taiwan,53120100.88,1700418165.75,40692.5,KGM,2024,6,85,Electrical Machinery & Electronics,export
Mexico,35674376.57,1183908785.16,25813.82,KGM,2024,6,85,Electrical Machinery & Electronics,export
United States of America,495742131.62,16146417728.5,362686.21,KGM,2024,7,85,Electrical Machinery & Electronics,export
China,395528759.88,13364696439.84,265161.28,KGM,2024,7,85,Electrical Machinery & Electronics,export
Japan,336850556.57,11593876677.21,289271.44,KGM,2024,7,85,Electrical Machinery & Electronics,export
Hong Kong,326127828.49,10617777462.49,246650.31,KGM,2024,7,85,Electrical Machinery & Electronics,export
Singapore,195286536.12,6733127677.03,196190.26,KGM,2024,7,85,Electrical Machinery & Electronics,export
Vietnam,144778330.93,4647766775.18,112922.63,KGM,2024,7,85,Electrical Machinery & Electronics,export
Malaysia,101347216.65,3417199969.32,110857.57,KGM,2024,7,85,Electrical Machinery & Electronics,export
Germany,83673481.06,2920684164.22,75513.55,KGM,2024,7,85,Electrical Machinery & Electronics,export
India,73240125.46,2456118826.58,55338.71,KGM,2024,7,85,Electrical Machinery & Electronics,export
"Korea, Republic of",91926547.05,2950905784.84,65309.75,KGM,2024,7,85,Electrical Machinery & Electronics,export
Indonesia,70173105.24,2259061518.56,46422.66,KGM,2024,7,85,Electrical Machinery & Electronics,export
Netherlands,56807934.32,1838218995.85,50079.46,KGM,2024,7,85,Electrical Machinery & Electronics,export
Philippines,50615749.75,1631869129.9,43697.09,KGM,2024,7,85,Electrical Machinery & Electronics,export
United Kingdom,57023878.91,1905092520.06,40377.06,KGM,2024,7,85,Electrical Machinery & Electronics,export
Australia,37636485.0,1335790550.8,28623.09,KGM,2024,7,85,Electrical Machinery & Electronics,export
Taiwan,48925311.09,1488886133.49,31714.76,KGM,2024,7,85,Electrical Machinery & Electronics,export
Mexico,33918814.73,1072667043.77,27266.25,KGM,2024,7,85,Electrical Machinery & Electronics,export
United States of America,502557479.29,16011986306.63,362186.62,KGM,2024,8,85,Electrical Machinery & Electronics,export
China,380510830.96,12482467197.28,342087.56,KGM,2024,8,85,Electrical Machinery & Electronics,export
Japan,382237708.77,12908108213.26,296451.13,KGM,2024,8,85,Electrical Machinery & Electronics,export
Hong Kong,325123000.48,10467541201.17,197479.05,KGM,2024,8,85,Electrical Machinery & Electronics,export
Singapore,244824591.79,7969851124.35,121806.52,KGM,2024,8,85,Electrical Machinery & Electronics,export
Vietnam,155112476.13,4943586547.41,91771.22,KGM,2024,8,85,Electrical Machinery & Electronics,export
Malaysia,142092576.45,4566616890.14,96698.11,KGM,2024,8,85,Electrical Machinery & Electronics,export
Germany,100785849.23,3584829937.86,73505.09,KGM,2024,8,85,Electrical Machinery & Electronics,export
India,71140856.69,2188411372.35,59210.15,KGM,2024,8,85,Electrical Machinery & Electronics,export
"Korea, Republic of",86212838.93,2999643048.62,69581.23,KGM,2024,8,85,Electrical Machinery & Electronics,export
Indonesia,62070644.59,2056406084.62,58484.67,KGM,2024,8,85,Electrical Machinery & Electronics,export
Netherlands,48016639.89,1529445564.03,43256.23,KGM,2024,8,85,Electrical Machinery & Electronics,export
Philippines,57660667.42,1915314710.42,42068.99,KGM,2024,8,85,Electrical Machinery & Electronics,export
United Kingdom,25339160.17,863854591.97,27397.76,KGM,2024,8,85,Electrical Machinery & Electronics,export
Australia,42571098.96,1406613703.44,28773.25,KGM,2024,8,85,Electrical Machinery & Electronics,export
Taiwan,49140776.45,1594224735.38,40286.17,KGM,2024,8,85,Electrical Machinery & Electronics,export
Mexico,37364844.67,1179255998.64,31306.86,KGM,2024,8,85,Electrical Machinery & Electronics,export
United States of America,531639752.36,17582962481.09,436857.22,KGM,2024,9,85,Electrical Machinery & Electronics,export
China,416814157.43,14362220787.77,352465.71,KGM,2024,9,85,Electrical Machinery & Electronics,export
Japan,364952486.94,12946084843.19,289512.5,KGM,2024,9,85,Electrical Machinery & Electronics,export
Hong Kong,302025938.66,10111943791.26,258599.56,KGM,2024,9,85,Electrical Machinery & Electronics,export
Singapore,197764623.5,6918386999.11,157781.52,KGM,2024,9,85,Electrical Machinery & Electronics,export
Vietnam,149575586.31,4770626033.49,115639.82,KGM,2024,9,85,Electrical Machinery & Electronics,export
Malaysia,125852115.26,4215755360.8,90663.3,KGM,2024,9,85,Electrical Machinery & Electronics,export
Germany,102413345.13,3165250715.68,76371.43,KGM,2024,9,85,Electrical Machinery & Electronics,export
India,72214744.3,2274327911.47,57662.18,KGM,2024,9,85,Electrical Machinery & Electronics,export
"Korea, Republic of",94685519.23,3052047093.72,90961.05,KGM,2024,9,85,Electrical Machinery & Electronics,export
Indonesia,67730765.23,2322251907.44,52397.05,KGM,2024,9,85,Electrical Machinery & Electronics,export
Netherlands,62949129.54,1962774808.59,48203.63,KGM,2024,9,85,Electrical Machinery & Electronics,export
Philippines,45443445.73,1514854124.74,41096.67,KGM,2024,9,85,Electrical Machinery & Electronics,export
United Kingdom,45208305.11,1408968092.58,39115.44,KGM,2024,9,85,Electrical Machinery & Electronics,export
Australia,41471949.26,1308982915.43,33158.22,KGM,2024,9,85,Electrical Machinery & Electronics,export
Taiwan,47269098.28,1479149942.33,43597.82,KGM,2024,9,85,Electrical Machinery & Electronics,export
Mexico,43895843.74,1444787571.8,30054.03,KGM,2024,9,85,Electrical Machinery & Electronics,export
United States of America,605341340.04,19602753906.15,543789.42,KGM,2024,10,85,Electrical Machinery & Electronics,export
China,398668906.92,12874080064.76,388931.67,KGM,2024,10,85,Electrical Machinery & Electronics,export
Japan,367179546.85,12259596593.75,263362.86,KGM,2024,10,85,Electrical Machinery & Electronics,export
Hong Kong,328528078.19,10379508436.13,298563.75,KGM,2024,10,85,Electrical Machinery & Electronics,export
Singapore,177029003.97,5678086518.38,160298.34,KGM,2024,10,85,Electrical Machinery & Electronics,export
Vietnam,155010184.73,5641988564.06,131979.71,KGM,2024,10,85,Electrical Machinery & Electronics,export
Malaysia,118592551.86,3871220824.25,73004.91,KGM,2024,10,85,Electrical Machinery & Electronics,export
Germany,107127961.33,3572773611.06,73165.75,KGM,2024,10,85,Electrical Machinery & Electronics,export
India,83938347.11,2869598840.01,68305.51,KGM,2024,10,85,Electrical Machinery & Electronics,export
"Korea, Republic of",92379730.69,2799249793.21,79416.3,KGM,2024,10,85,Electrical Machinery & Electronics,export
Indonesia,65477562.03,2062039438.6,55584.56,KGM,2024,10,85,Electrical Machinery & Electronics,export
Netherlands,62140961.17,2008228023.35,47630.74,KGM,2024,10,85,Electrical Machinery & Electronics,export
Philippines,56323689.82,1767123953.56,41816.43,KGM,2024,10,85,Electrical Machinery & Electronics,export
United Kingdom,43765025.99,1457356285.53,40627.8,KGM,2024,10,85,Electrical Machinery & Electronics,export
Australia,46351192.28,1502538771.25,36484.59,KGM,2024,10,85,Electrical Machinery & Electronics,export
Taiwan,59178756.22,1794410592.25,48940.51,KGM,2024,10,85,Electrical Machinery & Electronics,export
Mexico,36340126.02,1185025573.61,27067.88,KGM,2024,10,85,Electrical Machinery & Electronics,export
United States of America,559755608.43,19228590240.71,432515.58,KGM,2024,11,85,Electrical Machinery & Electronics,export
China,358871098.63,11116496790.4,328708.24,KGM,2024,11,85,Electrical Machinery & Electronics,export
Japan,400674332.47,13670182144.46,285458.45,KGM,2024,11,85,Electrical Machinery & Electronics,export
Hong Kong,310695848.68,10284826839.14,236391.09,KGM,2024,11,85,Electrical Machinery & Electronics,export
Singapore,233790657.31,6821070743.68,145029.92,KGM,2024,11,85,Electrical Machinery & Electronics,export
Vietnam,140385148.91,4836552196.24,104213.47,KGM,2024,11,85,Electrical Machinery & Electronics,export
Malaysia,119757859.88,3957738277.61,107203.16,KGM,2024,11,85,Electrical Machinery & Electronics,export
Germany,101671467.46,3580872787.64,82865.46,KGM,2024,11,85,Electrical Machinery & Electronics,export
India,82782514.09,2861604903.9,73666.63,KGM,2024,11,85,Electrical Machinery & Electronics,export
"Korea, Republic of",89932106.72,2916794637.17,72491.09,KGM,2024,11,85,Electrical Machinery & Electronics,export
Indonesia,80232792.72,2560670691.67,50462.6,KGM,2024,11,85,Electrical Machinery & Electronics,export
Netherlands,59266292.61,1903221881.48,42041.93,KGM,2024,11,85,Electrical Machinery & Electronics,export
Philippines,56561936.2,1830847074.56,43809.59,KGM,2024,11,85,Electrical Machinery & Electronics,export
United Kingdom,49382431.66,1652813584.88,45706.25,KGM,2024,11,85,Electrical Machinery & Electronics,export
Australia,46404727.27,1510861099.08,35828.54,KGM,2024,11,85,Electrical Machinery & Electronics,export
Taiwan,51793775.94,1651317411.97,43199.49,KGM,2024,11,85,Electrical Machinery & Electronics,export
Mexico,26277200.51,782082763.18,25596.47,KGM,2024,11,85,Electrical Machinery & Electronics,export
United States of America,489248113.73,16791075038.13,336489.14,KGM,2024,12,85,Electrical Machinery & Electronics,export
China,310960394.81,10619267348.98,300554.66,KGM,2024,12,85,Electrical Machinery & Electronics,export
Japan,330230724.91,11453711430.73,191519.08,KGM,2024,12,85,Electrical Machinery & Electronics,export
Hong Kong,275617949.78,9851912461.32,232021.92,KGM,2024,12,85,Electrical Machinery & Electronics,export
Singapore,190340056.68,6467740881.33,121046.72,KGM,2024,12,85,Electrical Machinery & Electronics,export
Vietnam,112364666.58,3623216292.68,105000.59,KGM,2024,12,85,Electrical Machinery & Electronics,export
Malaysia,105907392.72,3273431381.01,69307.88,KGM,2024,12,85,Electrical Machinery & Electronics,export
Germany,84204876.21,2724979881.99,68649.9,KGM,2024,12,85,Electrical Machinery & Electronics,export
India,80763858.29,2713204249.8,59295.23,KGM,2024,12,85,Electrical Machinery & Electronics,export
"Korea, Republic of",76316351.57,2517967876.96,52877.58,KGM,2024,12,85,Electrical Machinery & Electronics,export
Indonesia,72870534.47,2526406028.37,50702.74,KGM,2024,12,85,Electrical Machinery & Electronics,export
Netherlands,59456377.79,1981705505.87,45161.57,KGM,2024,12,85,Electrical Machinery & Electronics,export
Philippines,39729083.72,1289552707.26,34384.52,KGM,2024,12,85,Electrical Machinery & Electronics,export
United Kingdom,40984257.37,1319449803.11,26354.1,KGM,2024,12,85,Electrical Machinery & Electronics,export
Australia,36691496.04,1160426731.81,25836.25,KGM,2024,12,85,Electrical Machinery & Electronics,export
Taiwan,40594511.96,1194654375.09,34113.83,KGM,2024,12,85,Electrical Machinery & Electronics,export
Mexico,28555810.98,956214685.63,27509.1,KGM,2024,12,85,Electrical Machinery & Electronics,export
United States of America,541008402.98,17517149606.94,324262.02,KGM,2025,1,85,Electrical Machinery & Electronics,export
China,342122373.06,11860111099.87,292336.85,KGM,2025,1,85,Electrical Machinery & Electronics,export
Japan,331782132.24,10668878046.05,225273.44,KGM,2025,1,85,Electrical Machinery & Electronics,export
Hong Kong,296255935.08,9295358199.29,198706.46,KGM,2025,1,85,Electrical Machinery & Electronics,export
Singapore,169481904.64,5362863917.49,160872.14,KGM,2025,1,85,Electrical Machinery & Electronics,export
Vietnam,124233139.42,4277917405.84,93079.96,KGM,2025,1,85,Electrical Machinery & Electronics,export
Malaysia,106829076.59,3776143810.59,92301.77,KGM,2025,1,85,Electrical Machinery & Electronics,export
Germany,73448612.61,2376041841.01,62920.24,KGM,2025,1,85,Electrical Machinery & Electronics,export
India,69703211.68,2248822141.23,58743.41,KGM,2025,1,85,Electrical Machinery & Electronics,export
"Korea, Republic of",72491159.38,2451589122.95,69456.45,KGM,2025,1,85,Electrical Machinery & Electronics,export
Indonesia,62486734.58,2175164152.16,35980.99,KGM,2025,1,85,Electrical Machinery & Electronics,export
Netherlands,52875167.78,1679897010.4,40728.64,KGM,2025,1,85,Electrical Machinery & Electronics,export
Philippines,40528257.09,1215995141.83,30912.83,KGM,2025,1,85,Electrical Machinery & Electronics,export
United Kingdom,35756570.11,1176723658.6,25174.41,KGM,2025,1,85,Electrical Machinery & Electronics,export
Australia,30630166.39,934327861.16,30116.15,KGM,2025,1,85,Electrical Machinery & Electronics,export
Taiwan,48435929.81,1520919506.13,38088.3,KGM,2025,1,85,Electrical Machinery & Electronics,export
Mexico,30001162.9,1016076355.48,21745.21,KGM,2025,1,85,Electrical Machinery & Electronics,export
United States of America,591762819.68,18917715150.55,458061.15,KGM,2025,2,85,Electrical Machinery & Electronics,export
China,338165950.62,11425412153.4,316325.2,KGM,2025,2,85,Electrical Machinery & Electronics,export
Japan,322091672.82,10665868418.98,252322.44,KGM,2025,2,85,Electrical Machinery & Electronics,export
Hong Kong,249008151.72,7931227852.15,171451.12,KGM,2025,2,85,Electrical Machinery & Electronics,export
Singapore,152091493.41,5041729893.7,128094.93,KGM,2025,2,85,Electrical Machinery & Electronics,export
Vietnam,124021776.21,4216288060.09,102898.14,KGM,2025,2,85,Electrical Machinery & Electronics,export
Malaysia,96131675.68,3336466131.94,87346.02,KGM,2025,2,85,Electrical Machinery & Electronics,export
Germany,87053283.43,2996375480.89,62497.38,KGM,2025,2,85,Electrical Machinery & Electronics,export
India,70093973.7,2474510537.48,57465.69,KGM,2025,2,85,Electrical Machinery & Electronics,export
"Korea, Republic of",80561782.59,2640594026.61,71548.76,KGM,2025,2,85,Electrical Machinery & Electronics,export
Indonesia,55984115.83,1764696639.12,53259.97,KGM,2025,2,85,Electrical Machinery & Electronics,export
Netherlands,59620373.09,1975307772.46,46387.9,KGM,2025,2,85,Electrical Machinery & Electronics,export
Philippines,46811989.4,1454212218.72,36090.61,KGM,2025,2,85,Electrical Machinery & Electronics,export
United Kingdom,34542224.88,1148159906.41,31121.78,KGM,2025,2,85,Electrical Machinery & Electronics,export
Australia,37806843.26,1175676491.04,27716.15,KGM,2025,2,85,Electrical Machinery & Electronics,export
Taiwan,39512651.55,1195892938.73,36414.51,KGM,2025,2,85,Electrical Machinery & Electronics,export
Mexico,25125353.84,864062750.46,22356.77,KGM,2025,2,85,Electrical Machinery & Electronics,export
United States of America,548351269.46,18099552318.46,473201.86,KGM,2025,3,85,Electrical Machinery & Electronics,export
China,368403493.64,12621407335.17,275480.7,KGM,2025,3,85,Electrical Machinery & Electronics,export
Japan,285948999.65,9927918795.01,254232.64,KGM,2025,3,85,Electrical Machinery & Electronics,export
Hong Kong,258832008.72,7719602194.9,182328.3,KGM,2025,3,85,Electrical Machinery & Electronics,export
Singapore,199281563.89,6473393503.25,162624.8,KGM,2025,3,85,Electrical Machinery & Electronics,export
Vietnam,122314715.16,4252533034.37,110134.7,KGM,2025,3,85,Electrical Machinery & Electronics,export
Malaysia,97871181.57,2980877892.9,101067.65,KGM,2025,3,85,Electrical Machinery & Electronics,export
Germany,82795344.31,2849938188.92,75713.33,KGM,2025,3,85,Electrical Machinery & Electronics,export
India,85731409.8,3028753312.66,66901.92,KGM,2025,3,85,Electrical Machinery & Electronics,export
"Korea, Republic of",85605673.55,2977033993.98,62243.04,KGM,2025,3,85,Electrical Machinery & Electronics,export
Indonesia,74307846.7,2520436039.25,58156.67,KGM,2025,3,85,Electrical Machinery & Electronics,export
Netherlands,63852001.14,2105149598.69,46680.08,KGM,2025,3,85,Electrical Machinery & Electronics,export
Philippines,50097123.18,1719730872.52,39508.13,KGM,2025,3,85,Electrical Machinery & Electronics,export
United Kingdom,41482872.65,1422299389.36,37299.37,KGM,2025,3,85,Electrical Machinery & Electronics,export
Australia,38163881.79,1330428658.99,27201.85,KGM,2025,3,85,Electrical Machinery & Electronics,export
Taiwan,41058224.94,1365269502.91,33072.31,KGM,2025,3,85,Electrical Machinery & Electronics,export
Mexico,24496046.92,808909401.18,30999.71,KGM,2025,3,85,Electrical Machinery & Electronics,export
United States of America,667212921.09,21863068188.57,562696.85,KGM,2025,4,85,Electrical Machinery & Electronics,export
China,437456523.97,14720388270.31,269144.12,KGM,2025,4,85,Electrical Machinery & Electronics,export
Japan,321316689.43,11028829147.41,292378.32,KGM,2025,4,85,Electrical Machinery & Electronics,export
Hong Kong,284477062.57,9790863976.04,246400.75,KGM,2025,4,85,Electrical Machinery & Electronics,export
Singapore,196353253.41,6439265939.93,201165.01,KGM,2025,4,85,Electrical Machinery & Electronics,export
Vietnam,168485402.5,5089970433.58,131534.37,KGM,2025,4,85,Electrical Machinery & Electronics,export
Malaysia,132904744.49,4408612369.4,104434.34,KGM,2025,4,85,Electrical Machinery & Electronics,export
Germany,99921377.53,3503539559.63,81652.24,KGM,2025,4,85,Electrical Machinery & Electronics,export
India,73908788.64,2318807823.05,73412.61,KGM,2025,4,85,Electrical Machinery & Electronics,export
"Korea, Republic of",71464362.43,2493287216.27,74325.41,KGM,2025,4,85,Electrical Machinery & Electronics,export
Indonesia,66245257.04,2037941896.31,39302.62,KGM,2025,4,85,Electrical Machinery & Electronics,export
Netherlands,60342593.15,2107550793.17,46200.19,KGM,2025,4,85,Electrical Machinery & Electronics,export
Philippines,48534707.38,1624147086.51,35121.0,KGM,2025,4,85,Electrical Machinery & Electronics,export
United Kingdom,47769201.69,1568429413.3,40317.24,KGM,2025,4,85,Electrical Machinery & Electronics,export
Australia,38806564.47,1237040251.01,33721.01,KGM,2025,4,85,Electrical Machinery & Electronics,export
Taiwan,51733353.21,1701335978.91,37473.34,KGM,2025,4,85,Electrical Machinery & Electronics,export
Mexico,33737360.4,1210181918.01,27402.27,KGM,2025,4,85,Electrical Machinery & Electronics,export
United States of America,562330081.14,19777208777.31,448353.14,KGM,2025,5,85,Electrical Machinery & Electronics,export
China,410824506.58,12922330480.08,343649.57,KGM,2025,5,85,Electrical Machinery & Electronics,export
Japan,352648109.65,11280664855.97,302108.15,KGM,2025,5,85,Electrical Machinery & Electronics,export
Hong Kong,313540539.41,10043289425.92,230211.46,KGM,2025,5,85,Electrical Machinery & Electronics,export
Singapore,216592765.04,7189383865.43,178817.13,KGM,2025,5,85,Electrical Machinery & Electronics,export
Vietnam,154147889.83,4995435121.14,136756.18,KGM,2025,5,85,Electrical Machinery & Electronics,export
Malaysia,122113262.49,3843186818.89,90023.5,KGM,2025,5,85,Electrical Machinery & Electronics,export
Germany,94452629.94,3177229111.64,68047.2,KGM,2025,5,85,Electrical Machinery & Electronics,export
India,72592182.07,2476414074.24,52382.78,KGM,2025,5,85,Electrical Machinery & Electronics,export
"Korea, Republic of",94497404.9,3218090466.98,67994.07,KGM,2025,5,85,Electrical Machinery & Electronics,export
Indonesia,63284706.28,2127061959.95,52606.4,KGM,2025,5,85,Electrical Machinery & Electronics,export
Netherlands,65099430.75,2090091134.52,45033.86,KGM,2025,5,85,Electrical Machinery & Electronics,export
Philippines,53997326.27,1793957774.06,42225.21,KGM,2025,5,85,Electrical Machinery & Electronics,export
United Kingdom,49476450.9,1659879275.1,43670.88,KGM,2025,5,85,Electrical Machinery & Electronics,export
Australia,37013171.05,1175912114.87,33344.51,KGM,2025,5,85,Electrical Machinery & Electronics,export
Taiwan,55273966.93,1808027452.54,36021.55,KGM,2025,5,85,Electrical Machinery & Electronics,export
Mexico,31533663.61,1050896594.82,28135.23,KGM,2025,5,85,Electrical Machinery & Electronics,export
United States of America,614167811.85,20310161388.2,463934.46,KGM,2025,6,85,Electrical Machinery & Electronics,export
China,359267134.31,11105173649.73,294434.71,KGM,2025,6,85,Electrical Machinery & Electronics,export
Japan,379977076.86,13474384087.42,263778.86,KGM,2025,6,85,Electrical Machinery & Electronics,export
Hong Kong,282395324.16,9128261990.81,176485.75,KGM,2025,6,85,Electrical Machinery & Electronics,export
Singapore,190520333.06,6480597871.64,153651.57,KGM,2025,6,85,Electrical Machinery & Electronics,export
Vietnam,145412730.29,4599043373.49,109718.06,KGM,2025,6,85,Electrical Machinery & Electronics,export
Malaysia,109695502.91,3761197616.65,98109.38,KGM,2025,6,85,Electrical Machinery & Electronics,export
Germany,88864153.44,3008371159.39,85439.36,KGM,2025,6,85,Electrical Machinery & Electronics,export
India,69465934.55,2330905162.08,62787.76,KGM,2025,6,85,Electrical Machinery & Electronics,export
"Korea, Republic of",76628211.09,2583192824.77,57420.05,KGM,2025,6,85,Electrical Machinery & Electronics,export
Indonesia,63669501.87,2265462710.8,63041.82,KGM,2025,6,85,Electrical Machinery & Electronics,export
Netherlands,59869409.96,1883744276.23,50960.35,KGM,2025,6,85,Electrical Machinery & Electronics,export
Philippines,41297011.21,1283104709.48,37467.22,KGM,2025,6,85,Electrical Machinery & Electronics,export
United Kingdom,44197346.66,1471138901.72,31076.74,KGM,2025,6,85,Electrical Machinery & Electronics,export
Australia,37454239.35,1254324054.71,32823.24,KGM,2025,6,85,Electrical Machinery & Electronics,export
Taiwan,45718109.18,1519842117.97,31855.44,KGM,2025,6,85,Electrical Machinery & Electronics,export
Mexico,27538634.3,930624115.15,30669.31,KGM,2025,6,85,Electrical Machinery & Electronics,export
United States of America,639723699.76,21452572375.08,417088.42,KGM,2025,7,85,Electrical Machinery & Electronics,export
China,367113622.97,11564940300.74,320295.54,KGM,2025,7,85,Electrical Machinery & Electronics,export
Japan,341294875.96,11180804476.05,229786.69,KGM,2025,7,85,Electrical Machinery & Electronics,export
Hong Kong,246490738.88,8193501898.58,285478.26,KGM,2025,7,85,Electrical Machinery & Electronics,export
Singapore,196778377.58,6110173228.03,170097.29,KGM,2025,7,85,Electrical Machinery & Electronics,export
Vietnam,135983923.24,4520402325.0,125519.81,KGM,2025,7,85,Electrical Machinery & Electronics,export
Malaysia,109508129.05,3663495564.0,101741.06,KGM,2025,7,85,Electrical Machinery & Electronics,export
Germany,103304646.51,3303465190.94,82345.8,KGM,2025,7,85,Electrical Machinery & Electronics,export
India,78069998.59,2516488949.35,48908.84,KGM,2025,7,85,Electrical Machinery & Electronics,export
"Korea, Republic of",86328711.82,2915167481.6,76124.9,KGM,2025,7,85,Electrical Machinery & Electronics,export
Indonesia,63656503.6,2225460740.16,49950.71,KGM,2025,7,85,Electrical Machinery & Electronics,export
Netherlands,57265940.44,1957228037.4,47847.11,KGM,2025,7,85,Electrical Machinery & Electronics,export
Philippines,48775783.47,1586530014.93,38617.5,KGM,2025,7,85,Electrical Machinery & Electronics,export
United Kingdom,41997351.98,1271104643.56,36007.05,KGM,2025,7,85,Electrical Machinery & Electronics,export
Australia,37912941.9,1275221458.07,33506.65,KGM,2025,7,85,Electrical Machinery & Electronics,export
Taiwan,56104401.27,1885802823.02,43285.94,KGM,2025,7,85,Electrical Machinery & Electronics,export
Mexico,34515314.96,1165061087.06,26024.95,KGM,2025,7,85,Electrical Machinery & Electronics,export
United States of America,627358458.79,19886863187.9,464324.69,KGM,2025,8,85,Electrical Machinery & Electronics,export
China,402982150.47,13365028375.78,369067.01,KGM,2025,8,85,Electrical Machinery & Electronics,export
Japan,355498334.68,11988108035.62,297994.21,KGM,2025,8,85,Electrical Machinery & Electronics,export
Hong Kong,311413047.16,10039248778.42,241852.53,KGM,2025,8,85,Electrical Machinery & Electronics,export
Singapore,222921714.38,7882175850.99,153750.47,KGM,2025,8,85,Electrical Machinery & Electronics,export
Vietnam,154270093.12,5266775985.41,122308.49,KGM,2025,8,85,Electrical Machinery & Electronics,export
Malaysia,113601175.49,3768479001.13,103927.79,KGM,2025,8,85,Electrical Machinery & Electronics,export
Germany,105444876.53,3370075655.98,74379.94,KGM,2025,8,85,Electrical Machinery & Electronics,export
India,66178387.5,2133289467.64,61264.56,KGM,2025,8,85,Electrical Machinery & Electronics,export
"Korea, Republic of",85071585.71,2815563064.2,71913.61,KGM,2025,8,85,Electrical Machinery & Electronics,export
Indonesia,74441415.64,2529200527.92,60569.56,KGM,2025,8,85,Electrical Machinery & Electronics,export
Netherlands,64977104.34,2149627167.55,50222.15,KGM,2025,8,85,Electrical Machinery & Electronics,export
Philippines,55346802.19,1703411366.85,43883.81,KGM,2025,8,85,Electrical Machinery & Electronics,export
United Kingdom,44789975.47,1355593758.03,28571.33,KGM,2025,8,85,Electrical Machinery & Electronics,export
Australia,38451710.29,1244440911.09,31912.87,KGM,2025,8,85,Electrical Machinery & Electronics,export
Taiwan,41647251.5,1330195967.77,44281.54,KGM,2025,8,85,Electrical Machinery & Electronics,export
Mexico,37183964.5,1199314912.89,26047.13,KGM,2025,8,85,Electrical Machinery & Electronics,export
United States of America,646366732.43,21495417811.44,474835.52,KGM,2025,9,85,Electrical Machinery & Electronics,export
China,424453414.19,14311161255.01,273817.15,KGM,2025,9,85,Electrical Machinery & Electronics,export
Japan,327491963.75,10450300254.31,250555.0,KGM,2025,9,85,Electrical Machinery & Electronics,export
Hong Kong,334978765.6,11381404944.85,200211.41,KGM,2025,9,85,Electrical Machinery & Electronics,export
Singapore,213511768.72,7124890870.81,166673.59,KGM,2025,9,85,Electrical Machinery & Electronics,export
Vietnam,150382023.0,4866386168.03,134044.25,KGM,2025,9,85,Electrical Machinery & Electronics,export
Malaysia,103767990.28,3549076430.45,98201.49,KGM,2025,9,85,Electrical Machinery & Electronics,export
Germany,108330299.23,3533758007.76,100584.35,KGM,2025,9,85,Electrical Machinery & Electronics,export
India,81272189.8,2587343529.95,64229.95,KGM,2025,9,85,Electrical Machinery & Electronics,export
"Korea, Republic of",88528288.19,2616823795.27,65072.31,KGM,2025,9,85,Electrical Machinery & Electronics,export
Indonesia,68081439.72,2311098085.62,57982.97,KGM,2025,9,85,Electrical Machinery & Electronics,export
Netherlands,58383813.2,2016923094.84,46205.45,KGM,2025,9,85,Electrical Machinery & Electronics,export
Philippines,44752817.21,1541102733.42,40490.82,KGM,2025,9,85,Electrical Machinery & Electronics,export
United Kingdom,43171036.78,1535173912.96,30329.82,KGM,2025,9,85,Electrical Machinery & Electronics,export
Australia,44601089.67,1465861007.45,36332.25,KGM,2025,9,85,Electrical Machinery & Electronics,export
Taiwan,54932237.37,1776731526.73,28957.63,KGM,2025,9,85,Electrical Machinery & Electronics,export
Mexico,39561780.22,1285750745.41,24067.33,KGM,2025,9,85,Electrical Machinery & Electronics,export
United States of America,657568858.23,21707046866.11,461784.85,KGM,2025,10,85,Electrical Machinery & Electronics,export
China,441183895.46,14293866455.45,352154.68,KGM,2025,10,85,Electrical Machinery & Electronics,export
Japan,340884105.96,11422592938.85,311495.93,KGM,2025,10,85,Electrical Machinery & Electronics,export
Hong Kong,327840260.64,10985998643.51,258381.91,KGM,2025,10,85,Electrical Machinery & Electronics,export
Singapore,231026760.02,7657749814.8,176240.05,KGM,2025,10,85,Electrical Machinery & Electronics,export
Vietnam,150907108.88,4725723708.09,148633.96,KGM,2025,10,85,Electrical Machinery & Electronics,export
Malaysia,124855646.3,3778050133.64,95723.87,KGM,2025,10,85,Electrical Machinery & Electronics,export
Germany,109957492.7,3633854783.19,82887.71,KGM,2025,10,85,Electrical Machinery & Electronics,export
India,83440692.82,2863867996.35,74111.84,KGM,2025,10,85,Electrical Machinery & Electronics,export
"Korea, Republic of",85054102.45,2776143570.11,92662.18,KGM,2025,10,85,Electrical Machinery & Electronics,export
Indonesia,78708073.27,2609847184.4,60758.84,KGM,2025,10,85,Electrical Machinery & Electronics,export
Netherlands,67268156.03,2298255926.12,59040.31,KGM,2025,10,85,Electrical Machinery & Electronics,export
Philippines,51807832.28,1665868411.19,42050.53,KGM,2025,10,85,Electrical Machinery & Electronics,export
United Kingdom,51207899.24,1663582009.85,40938.38,KGM,2025,10,85,Electrical Machinery & Electronics,export
Australia,48115011.33,1719402399.68,38363.05,KGM,2025,10,85,Electrical Machinery & Electronics,export
Taiwan,48906019.5,1599482948.73,41969.27,KGM,2025,10,85,Electrical Machinery & Electronics,export
Mexico,46847997.63,1634890083.55,29771.12,KGM,2025,10,85,Electrical Machinery & Electronics,export
United States of America,690114366.44,22831237318.56,495280.13,KGM,2025,11,85,Electrical Machinery & Electronics,export
China,438729905.2,14364890913.29,383892.6,KGM,2025,11,85,Electrical Machinery & Electronics,export
Japan,346262810.07,10830995789.34,324504.17,KGM,2025,11,85,Electrical Machinery & Electronics,export
Hong Kong,320603184.03,10786813165.48,281985.54,KGM,2025,11,85,Electrical Machinery & Electronics,export
Singapore,196647118.9,6839506772.6,146735.84,KGM,2025,11,85,Electrical Machinery & Electronics,export
Vietnam,153603465.74,5331313045.46,111550.24,KGM,2025,11,85,Electrical Machinery & Electronics,export
Malaysia,135098935.57,4967784786.86,87435.03,KGM,2025,11,85,Electrical Machinery & Electronics,export
Germany,98599188.45,3547586620.69,91232.18,KGM,2025,11,85,Electrical Machinery & Electronics,export
India,90793238.1,2801116632.52,68784.1,KGM,2025,11,85,Electrical Machinery & Electronics,export
"Korea, Republic of",112956892.49,3487851208.12,82839.21,KGM,2025,11,85,Electrical Machinery & Electronics,export
Indonesia,84233444.83,2744621569.17,58799.01,KGM,2025,11,85,Electrical Machinery & Electronics,export
Netherlands,58962063.9,2017206927.58,51059.63,KGM,2025,11,85,Electrical Machinery & Electronics,export
Philippines,49538493.27,1885976099.93,42331.66,KGM,2025,11,85,Electrical Machinery & Electronics,export
United Kingdom,49136269.2,1550868233.7,41873.37,KGM,2025,11,85,Electrical Machinery & Electronics,export
Australia,36033867.89,1252847234.04,39216.55,KGM,2025,11,85,Electrical Machinery & Electronics,export
Taiwan,61048724.11,2129469284.33,41295.1,KGM,2025,11,85,Electrical Machinery & Electronics,export
Mexico,27163287.36,938479076.31,31080.82,KGM,2025,11,85,Electrical Machinery & Electronics,export
United States of America,505439520.46,16543195394.11,489258.24,KGM,2025,12,85,Electrical Machinery & Electronics,export
China,358982566.68,12697923034.47,280509.79,KGM,2025,12,85,Electrical Machinery & Electronics,export
Japan,302246653.46,9585497328.53,235777.91,KGM,2025,12,85,Electrical Machinery & Electronics,export
Hong Kong,261396854.31,8876483927.01,222200.69,KGM,2025,12,85,Electrical Machinery & Electronics,export
Singapore,167303789.08,5674602608.6,151223.86,KGM,2025,12,85,Electrical Machinery & Electronics,export
Vietnam,123042238.3,4044733945.03,109382.49,KGM,2025,12,85,Electrical Machinery & Electronics,export
Malaysia,109361712.26,3586708781.85,81324.58,KGM,2025,12,85,Electrical Machinery & Electronics,export
Germany,90747754.19,3000765856.09,88562.22,KGM,2025,12,85,Electrical Machinery & Electronics,export
India,82059883.03,2545624511.45,67723.68,KGM,2025,12,85,Electrical Machinery & Electronics,export
"Korea, Republic of",79049137.52,2630096239.94,76205.26,KGM,2025,12,85,Electrical Machinery & Electronics,export
Indonesia,62589646.38,2165682368.44,55221.04,KGM,2025,12,85,Electrical Machinery & Electronics,export
Netherlands,54120573.47,1594102334.63,41974.05,KGM,2025,12,85,Electrical Machinery & Electronics,export
Philippines,45446171.99,1431109447.51,34531.54,KGM,2025,12,85,Electrical Machinery & Electronics,export
United Kingdom,39874080.47,1325962602.07,30936.69,KGM,2025,12,85,Electrical Machinery & Electronics,export
Australia,35177048.05,1170018816.98,30502.17,KGM,2025,12,85,Electrical Machinery & Electronics,export
Taiwan,50994021.55,1818945201.09,33866.53,KGM,2025,12,85,Electrical Machinery & Electronics,export
Mexico,35042574.66,1169691428.88,29849.89,KGM,2025,12,85,Electrical Machinery & Electronics,export
United States of America,517422711.1,18435038841.52,398425.29,KGM,2026,1,85,Electrical Machinery & Electronics,export
China,393857504.42,13574859337.08,249596.51,KGM,2026,1,85,Electrical Machinery & Electronics,export
Japan,284933733.98,9755817308.56,258121.87,KGM,2026,1,85,Electrical Machinery & Electronics,export
Hong Kong,305011324.18,10004068214.56,219030.5,KGM,2026,1,85,Electrical Machinery & Electronics,export
Singapore,178249866.21,6093038982.59,160148.98,KGM,2026,1,85,Electrical Machinery & Electronics,export
Vietnam,132882597.77,3899876859.13,82670.86,KGM,2026,1,85,Electrical Machinery & Electronics,export
Malaysia,108879377.92,3506649175.83,73109.17,KGM,2026,1,85,Electrical Machinery & Electronics,export
Germany,86719599.74,2877664933.0,88675.0,KGM,2026,1,85,Electrical Machinery & Electronics,export
India,76097541.95,2234769351.06,60227.68,KGM,2026,1,85,Electrical Machinery & Electronics,export
"Korea, Republic of",76669664.57,2728735053.79,54534.56,KGM,2026,1,85,Electrical Machinery & Electronics,export
Indonesia,50812965.43,1656955361.46,47181.34,KGM,2026,1,85,Electrical Machinery & Electronics,export
Netherlands,47991389.35,1580672376.78,43110.38,KGM,2026,1,85,Electrical Machinery & Electronics,export
Philippines,45090045.86,1503988773.23,37633.54,KGM,2026,1,85,Electrical Machinery & Electronics,export
United Kingdom,41449241.65,1265258939.22,36207.42,KGM,2026,1,85,Electrical Machinery & Electronics,export
Australia,37977747.74,1216670375.57,24831.58,KGM,2026,1,85,Electrical Machinery & Electronics,export
Taiwan,44903883.08,1517463012.88,37245.23,KGM,2026,1,85,Electrical Machinery & Electronics,export
Mexico,28121433.26,910381380.98,29708.64,KGM,2026,1,85,Electrical Machinery & Electronics,export
United States of America,429529036.83,13291445404.76,313746.36,KGM,2026,2,85,Electrical Machinery & Electronics,export
China,265359197.69,8997340241.47,256151.55,KGM,2026,2,85,Electrical Machinery & Electronics,export
Japan,246649334.82,8061124695.93,186389.56,KGM,2026,2,85,Electrical Machinery & Electronics,export
Hong Kong,233663828.98,7372928002.08,190972.2,KGM,2026,2,85,Electrical Machinery & Electronics,export
Singapore,151695579.52,4734093472.64,146630.53,KGM,2026,2,85,Electrical Machinery & Electronics,export
Vietnam,115369216.37,3639689298.51,98118.69,KGM,2026,2,85,Electrical Machinery & Electronics,export
Malaysia,98223631.25,3334866721.13,62151.23,KGM,2026,2,85,Electrical Machinery & Electronics,export
Germany,77471941.35,2636486255.93,51198.91,KGM,2026,2,85,Electrical Machinery & Electronics,export
India,56181645.57,1907100023.06,48459.76,KGM,2026,2,85,Electrical Machinery & Electronics,export
"Korea, Republic of",62728221.03,2175994241.25,52018.13,KGM,2026,2,85,Electrical Machinery & Electronics,export
Indonesia,42820066.89,1319013000.98,50550.89,KGM,2026,2,85,Electrical Machinery & Electronics,export
Netherlands,43046101.46,1459465577.0,38280.79,KGM,2026,2,85,Electrical Machinery & Electronics,export
Philippines,39718060.28,1284717697.36,31030.0,KGM,2026,2,85,Electrical Machinery & Electronics,export
United Kingdom,40131407.97,1395104482.83,30345.25,KGM,2026,2,85,Electrical Machinery & Electronics,export
Australia,29554902.05,1020532112.04,17787.65,KGM,2026,2,85,Electrical Machinery & Electronics,export
Taiwan,39943469.71,1284140121.32,31532.06,KGM,2026,2,85,Electrical Machinery & Electronics,export
Mexico,26058270.09,861688406.2,20045.87,KGM,2026,2,85,Electrical Machinery & Electronics,export
United States of America,458529243.61,16532246031.2,451690.04,KGM,2026,3,85,Electrical Machinery & Electronics,export
China,324239950.24,10650302326.97,223149.71,KGM,2026,3,85,Electrical Machinery & Electronics,export
Japan,311255417.17,11019613871.23,254524.59,KGM,2026,3,85,Electrical Machinery & Electronics,export
Hong Kong,279737223.29,8712706704.71,161929.87,KGM,2026,3,85,Electrical Machinery & Electronics,export
Singapore,179419485.38,6328607993.42,130422.49,KGM,2026,3,85,Electrical Machinery & Electronics,export
Vietnam,117199867.23,3753441744.01,115381.83,KGM,2026,3,85,Electrical Machinery & Electronics,export
Malaysia,106167519.63,3592527250.51,74541.31,KGM,2026,3,85,Electrical Machinery & Electronics,export
Germany,95460612.34,3423570648.8,71063.89,KGM,2026,3,85,Electrical Machinery & Electronics,export
India,64001151.4,2193240999.73,55824.66,KGM,2026,3,85,Electrical Machinery & Electronics,export
"Korea, Republic of",70221804.91,2387264681.34,62536.97,KGM,2026,3,85,Electrical Machinery & Electronics,export
Indonesia,65956355.01,2090579386.6,54894.25,KGM,2026,3,85,Electrical Machinery & Electronics,export
Netherlands,53218588.61,1698388164.51,34852.36,KGM,2026,3,85,Electrical Machinery & Electronics,export
Philippines,42355713.77,1431278894.29,39219.21,KGM,2026,3,85,Electrical Machinery & Electronics,export
United Kingdom,38951160.55,1315840542.73,32707.47,KGM,2026,3,85,Electrical Machinery & Electronics,export
Australia,35757577.08,1128686690.52,25684.17,KGM,2026,3,85,Electrical Machinery & Electronics,export
Taiwan,42143728.99,1430017530.06,31199.84,KGM,2026,3,85,Electrical Machinery & Electronics,export
Mexico,34787904.67,1053544467.22,25772.22,KGM,2026,3,85,Electrical Machinery & Electronics,export
Australia,206068480.83,6356760389.3,176383.31,KGM,2019,1,87,Vehicles & Parts,export
Philippines,147124215.43,5166014932.85,123941.35,KGM,2019,1,87,Vehicles & Parts,export
Indonesia,156006932.72,5120945943.28,90501.01,KGM,2019,1,87,Vehicles & Parts,export
Japan,108856368.35,3608367926.76,80470.63,KGM,2019,1,87,Vehicles & Parts,export
Malaysia,87295386.94,3058386975.71,75585.41,KGM,2019,1,87,Vehicles & Parts,export
Vietnam,74304002.3,2337731951.79,55216.72,KGM,2019,1,87,Vehicles & Parts,export
Saudi Arabia,70649103.79,2373779250.38,52040.86,KGM,2019,1,87,Vehicles & Parts,export
United Arab Emirates,43269684.87,1417539268.36,42008.58,KGM,2019,1,87,Vehicles & Parts,export
New Zealand,30388904.09,946866311.03,30266.23,KGM,2019,1,87,Vehicles & Parts,export
Mexico,30121698.0,918447833.46,27251.75,KGM,2019,1,87,Vehicles & Parts,export
South Africa,23357605.26,753301312.94,22664.02,KGM,2019,1,87,Vehicles & Parts,export
Chile,22913361.66,786715490.84,18481.37,KGM,2019,1,87,Vehicles & Parts,export
Argentina,17147915.3,576089306.75,10175.45,KGM,2019,1,87,Vehicles & Parts,export
United Kingdom,18548191.76,610914449.39,19575.09,KGM,2019,1,87,Vehicles & Parts,export
Germany,14232487.43,432485926.56,12705.64,KGM,2019,1,87,Vehicles & Parts,export
Australia,208245603.58,6951085324.14,179136.63,KGM,2019,2,87,Vehicles & Parts,export
Philippines,134741568.57,4758380052.34,106822.56,KGM,2019,2,87,Vehicles & Parts,export
Indonesia,139136563.69,4872936935.02,93870.52,KGM,2019,2,87,Vehicles & Parts,export
Japan,114272735.8,3861262625.36,89981.57,KGM,2019,2,87,Vehicles & Parts,export
Malaysia,75257970.67,2590925842.88,80282.95,KGM,2019,2,87,Vehicles & Parts,export
Vietnam,72569624.3,2384840142.11,58323.19,KGM,2019,2,87,Vehicles & Parts,export
Saudi Arabia,53443983.22,1699886885.94,48241.28,KGM,2019,2,87,Vehicles & Parts,export
United Arab Emirates,43140469.49,1448560863.99,34397.25,KGM,2019,2,87,Vehicles & Parts,export
New Zealand,38750260.27,1319072407.86,29704.68,KGM,2019,2,87,Vehicles & Parts,export
Mexico,22836829.36,756186451.33,23918.99,KGM,2019,2,87,Vehicles & Parts,export
South Africa,25713234.76,892927767.5,18574.12,KGM,2019,2,87,Vehicles & Parts,export
Chile,21782164.73,700242750.99,15480.58,KGM,2019,2,87,Vehicles & Parts,export
Argentina,19306994.82,636994239.56,14021.68,KGM,2019,2,87,Vehicles & Parts,export
United Kingdom,20829860.82,702455706.27,19062.71,KGM,2019,2,87,Vehicles & Parts,export
Germany,12484894.15,412087045.15,10006.28,KGM,2019,2,87,Vehicles & Parts,export
Australia,222227760.48,7085167830.5,140739.89,KGM,2019,3,87,Vehicles & Parts,export
Philippines,153923392.82,5245885218.36,120586.64,KGM,2019,3,87,Vehicles & Parts,export
Indonesia,110657810.52,3783777186.34,103434.04,KGM,2019,3,87,Vehicles & Parts,export
Japan,110821518.07,3543955770.72,81190.14,KGM,2019,3,87,Vehicles & Parts,export
Malaysia,99238969.12,3166969696.56,73688.96,KGM,2019,3,87,Vehicles & Parts,export
Vietnam,82980758.62,2581095974.5,66182.33,KGM,2019,3,87,Vehicles & Parts,export
Saudi Arabia,63933644.32,2222022567.3,42765.8,KGM,2019,3,87,Vehicles & Parts,export
United Arab Emirates,53348186.61,1845710814.63,36688.21,KGM,2019,3,87,Vehicles & Parts,export
New Zealand,36589985.23,1175373364.93,31135.11,KGM,2019,3,87,Vehicles & Parts,export
Mexico,31588490.38,1042293999.21,25534.72,KGM,2019,3,87,Vehicles & Parts,export
South Africa,27458449.3,957835440.54,22505.25,KGM,2019,3,87,Vehicles & Parts,export
Chile,18974169.93,616164037.67,23379.7,KGM,2019,3,87,Vehicles & Parts,export
Argentina,19637480.29,665907615.24,18359.01,KGM,2019,3,87,Vehicles & Parts,export
United Kingdom,25020669.81,819498591.43,21840.04,KGM,2019,3,87,Vehicles & Parts,export
Germany,17288441.24,581346075.3,10750.73,KGM,2019,3,87,Vehicles & Parts,export
Australia,258764509.58,8813971566.53,222955.09,KGM,2019,4,87,Vehicles & Parts,export
Philippines,166673249.85,5418028492.03,125686.55,KGM,2019,4,87,Vehicles & Parts,export
Indonesia,142291865.45,5067745401.83,99284.33,KGM,2019,4,87,Vehicles & Parts,export
Japan,134733769.61,4610913755.26,100992.92,KGM,2019,4,87,Vehicles & Parts,export
Malaysia,105379915.6,3578188406.85,69058.07,KGM,2019,4,87,Vehicles & Parts,export
Vietnam,92036258.89,2825462434.21,60018.64,KGM,2019,4,87,Vehicles & Parts,export
Saudi Arabia,57741322.32,1799818482.63,51662.41,KGM,2019,4,87,Vehicles & Parts,export
United Arab Emirates,48157174.76,1589129042.72,36120.22,KGM,2019,4,87,Vehicles & Parts,export
New Zealand,38752211.2,1313846184.81,32525.63,KGM,2019,4,87,Vehicles & Parts,export
Mexico,29537007.93,936961773.87,27015.61,KGM,2019,4,87,Vehicles & Parts,export
South Africa,28566891.72,957944136.35,22642.05,KGM,2019,4,87,Vehicles & Parts,export
Chile,24952336.9,822451637.46,22513.85,KGM,2019,4,87,Vehicles & Parts,export
Argentina,19135513.34,640972263.64,18155.6,KGM,2019,4,87,Vehicles & Parts,export
United Kingdom,26666161.2,827636354.58,19317.83,KGM,2019,4,87,Vehicles & Parts,export
Germany,19998389.19,625121961.61,12121.72,KGM,2019,4,87,Vehicles & Parts,export
Australia,267924719.05,8683813797.87,177316.38,KGM,2019,5,87,Vehicles & Parts,export
Philippines,168742889.23,5476530242.71,131040.22,KGM,2019,5,87,Vehicles & Parts,export
Indonesia,173845341.64,5502354679.76,118394.91,KGM,2019,5,87,Vehicles & Parts,export
Japan,137211910.16,4505545114.99,91329.55,KGM,2019,5,87,Vehicles & Parts,export
Malaysia,90953733.03,3006900436.44,82029.76,KGM,2019,5,87,Vehicles & Parts,export
Vietnam,83091589.56,2843951086.4,67866.81,KGM,2019,5,87,Vehicles & Parts,export
Saudi Arabia,71353961.6,2282471958.2,46681.13,KGM,2019,5,87,Vehicles & Parts,export
United Arab Emirates,54621863.09,1842824001.05,36242.41,KGM,2019,5,87,Vehicles & Parts,export
New Zealand,45164510.71,1462900718.48,26767.01,KGM,2019,5,87,Vehicles & Parts,export
Mexico,36050113.78,1167797909.76,26196.35,KGM,2019,5,87,Vehicles & Parts,export
South Africa,31590751.44,1010347587.26,26424.27,KGM,2019,5,87,Vehicles & Parts,export
Chile,29417826.95,904284289.98,15717.88,KGM,2019,5,87,Vehicles & Parts,export
Argentina,19886709.28,647647541.25,15997.61,KGM,2019,5,87,Vehicles & Parts,export
United Kingdom,23663737.11,773083202.52,18258.53,KGM,2019,5,87,Vehicles & Parts,export
Germany,15683589.34,518278665.16,14424.42,KGM,2019,5,87,Vehicles & Parts,export
Australia,249360348.73,8645633008.67,202234.54,KGM,2019,6,87,Vehicles & Parts,export
Philippines,161782089.27,5101628780.2,115218.25,KGM,2019,6,87,Vehicles & Parts,export
Indonesia,149434775.65,5128558355.62,129472.32,KGM,2019,6,87,Vehicles & Parts,export
Japan,148520138.87,4704461251.52,111047.26,KGM,2019,6,87,Vehicles & Parts,export
Malaysia,99927096.07,3250897185.4,60413.44,KGM,2019,6,87,Vehicles & Parts,export
Vietnam,79856591.39,2887718426.93,49125.71,KGM,2019,6,87,Vehicles & Parts,export
Saudi Arabia,65429710.52,2132275056.8,40644.13,KGM,2019,6,87,Vehicles & Parts,export
United Arab Emirates,59418928.17,1966027100.47,50137.16,KGM,2019,6,87,Vehicles & Parts,export
New Zealand,42909605.43,1406329368.53,39000.42,KGM,2019,6,87,Vehicles & Parts,export
Mexico,35564965.03,1116245395.81,29940.42,KGM,2019,6,87,Vehicles & Parts,export
South Africa,34321882.8,1099992749.16,21287.61,KGM,2019,6,87,Vehicles & Parts,export
Chile,25754546.87,876069433.01,22700.14,KGM,2019,6,87,Vehicles & Parts,export
Argentina,21145025.68,731827956.0,17579.71,KGM,2019,6,87,Vehicles & Parts,export
United Kingdom,25521403.24,819124960.16,18412.09,KGM,2019,6,87,Vehicles & Parts,export
Germany,18545777.12,568395325.21,12276.06,KGM,2019,6,87,Vehicles & Parts,export
Australia,242395282.96,8311915431.76,198191.66,KGM,2019,7,87,Vehicles & Parts,export
Philippines,142370393.43,4944080779.49,138876.88,KGM,2019,7,87,Vehicles & Parts,export
Indonesia,137739821.99,4101080981.16,121175.67,KGM,2019,7,87,Vehicles & Parts,export
Japan,135914546.35,4481107121.94,109547.16,KGM,2019,7,87,Vehicles & Parts,export
Malaysia,86727188.3,2830125241.11,86402.08,KGM,2019,7,87,Vehicles & Parts,export
Vietnam,60163480.55,2090405624.0,72892.37,KGM,2019,7,87,Vehicles & Parts,export
Saudi Arabia,75595371.89,2277296141.66,45160.51,KGM,2019,7,87,Vehicles & Parts,export
United Arab Emirates,47948074.28,1514478951.56,42485.75,KGM,2019,7,87,Vehicles & Parts,export
New Zealand,35037356.61,1138090065.17,36231.61,KGM,2019,7,87,Vehicles & Parts,export
Mexico,35408630.77,1159662479.17,26717.22,KGM,2019,7,87,Vehicles & Parts,export
South Africa,28979603.39,936394345.43,22329.69,KGM,2019,7,87,Vehicles & Parts,export
Chile,22246797.2,775774866.53,21160.04,KGM,2019,7,87,Vehicles & Parts,export
Argentina,19790668.11,664271142.25,20398.87,KGM,2019,7,87,Vehicles & Parts,export
United Kingdom,25645436.44,883810004.56,21572.04,KGM,2019,7,87,Vehicles & Parts,export
Germany,15909043.46,549974869.08,14221.05,KGM,2019,7,87,Vehicles & Parts,export
Australia,247731036.15,7890013828.77,206117.14,KGM,2019,8,87,Vehicles & Parts,export
Philippines,163202671.87,5164337169.38,131570.43,KGM,2019,8,87,Vehicles & Parts,export
Indonesia,153527462.37,5164959433.75,128506.86,KGM,2019,8,87,Vehicles & Parts,export
Japan,118340932.17,4056298251.87,95505.86,KGM,2019,8,87,Vehicles & Parts,export
Malaysia,96730110.52,3085816605.63,90549.6,KGM,2019,8,87,Vehicles & Parts,export
Vietnam,89069215.88,2585275904.58,74866.04,KGM,2019,8,87,Vehicles & Parts,export
Saudi Arabia,74630139.83,2428213120.63,63529.77,KGM,2019,8,87,Vehicles & Parts,export
United Arab Emirates,53280552.73,1787307905.95,37051.38,KGM,2019,8,87,Vehicles & Parts,export
New Zealand,53478671.98,1724630093.93,25282.78,KGM,2019,8,87,Vehicles & Parts,export
Mexico,37068856.65,1146405044.67,31624.85,KGM,2019,8,87,Vehicles & Parts,export
South Africa,28124435.34,900558659.1,22359.7,KGM,2019,8,87,Vehicles & Parts,export
Chile,25450850.43,830161232.51,17068.28,KGM,2019,8,87,Vehicles & Parts,export
Argentina,19449513.83,621262303.39,17024.83,KGM,2019,8,87,Vehicles & Parts,export
United Kingdom,25314730.45,871562143.88,18037.93,KGM,2019,8,87,Vehicles & Parts,export
Germany,16607725.82,544422358.3,13756.12,KGM,2019,8,87,Vehicles & Parts,export
Australia,262689845.74,8986017417.03,210055.25,KGM,2019,9,87,Vehicles & Parts,export
Philippines,169993829.26,5620433378.38,127907.47,KGM,2019,9,87,Vehicles & Parts,export
Indonesia,147846758.67,4645634803.29,124867.31,KGM,2019,9,87,Vehicles & Parts,export
Japan,145028394.95,5046858411.18,95165.29,KGM,2019,9,87,Vehicles & Parts,export
Malaysia,104358179.88,3323707015.87,92630.02,KGM,2019,9,87,Vehicles & Parts,export
Vietnam,70290105.48,2583467384.5,56150.0,KGM,2019,9,87,Vehicles & Parts,export
Saudi Arabia,65814417.91,2043759179.24,63366.18,KGM,2019,9,87,Vehicles & Parts,export
United Arab Emirates,53438987.3,1990849059.02,43755.97,KGM,2019,9,87,Vehicles & Parts,export
New Zealand,42359368.02,1420157133.45,32012.67,KGM,2019,9,87,Vehicles & Parts,export
Mexico,31763330.95,1045641463.98,29376.18,KGM,2019,9,87,Vehicles & Parts,export
South Africa,28316433.43,939043215.57,25953.49,KGM,2019,9,87,Vehicles & Parts,export
Chile,28245841.15,910858761.95,25164.18,KGM,2019,9,87,Vehicles & Parts,export
Argentina,20974826.15,708562042.24,14674.14,KGM,2019,9,87,Vehicles & Parts,export
United Kingdom,24557527.19,853330107.65,21870.73,KGM,2019,9,87,Vehicles & Parts,export
Germany,16302302.74,562784329.33,13203.2,KGM,2019,9,87,Vehicles & Parts,export
Australia,289100416.5,9370588585.62,231590.45,KGM,2019,10,87,Vehicles & Parts,export
Philippines,154150746.65,4853556376.68,131699.51,KGM,2019,10,87,Vehicles & Parts,export
Indonesia,171421050.29,5502971346.53,134024.88,KGM,2019,10,87,Vehicles & Parts,export
Japan,129223680.37,4202483735.7,114164.42,KGM,2019,10,87,Vehicles & Parts,export
Malaysia,101723615.55,3273014672.65,106914.03,KGM,2019,10,87,Vehicles & Parts,export
Vietnam,96017757.11,2949196557.68,75391.85,KGM,2019,10,87,Vehicles & Parts,export
Saudi Arabia,67111244.04,2201435093.29,63261.77,KGM,2019,10,87,Vehicles & Parts,export
United Arab Emirates,46089326.27,1480690723.84,45245.03,KGM,2019,10,87,Vehicles & Parts,export
New Zealand,46961514.79,1576669865.12,47611.19,KGM,2019,10,87,Vehicles & Parts,export
Mexico,38203822.86,1196567361.51,27922.19,KGM,2019,10,87,Vehicles & Parts,export
South Africa,34725363.5,1133999368.61,23367.94,KGM,2019,10,87,Vehicles & Parts,export
Chile,31842383.95,1108847087.72,20724.66,KGM,2019,10,87,Vehicles & Parts,export
Argentina,23371825.77,783239218.62,16805.32,KGM,2019,10,87,Vehicles & Parts,export
United Kingdom,25065662.36,874055707.02,23945.05,KGM,2019,10,87,Vehicles & Parts,export
Germany,18088212.83,601254195.47,16719.8,KGM,2019,10,87,Vehicles & Parts,export
Australia,289234597.1,10618575362.49,287078.44,KGM,2019,11,87,Vehicles & Parts,export
Philippines,173441578.46,5449372406.29,146311.18,KGM,2019,11,87,Vehicles & Parts,export
Indonesia,171698465.18,5466702577.37,133141.0,KGM,2019,11,87,Vehicles & Parts,export
Japan,148225742.51,4775631542.49,102621.45,KGM,2019,11,87,Vehicles & Parts,export
Malaysia,110234660.89,3632505536.57,80067.42,KGM,2019,11,87,Vehicles & Parts,export
Vietnam,103758547.96,3529151343.56,65454.14,KGM,2019,11,87,Vehicles & Parts,export
Saudi Arabia,66543272.59,2187788178.21,49931.2,KGM,2019,11,87,Vehicles & Parts,export
United Arab Emirates,67227461.95,2265100183.15,46376.91,KGM,2019,11,87,Vehicles & Parts,export
New Zealand,41849895.26,1287921493.8,33702.7,KGM,2019,11,87,Vehicles & Parts,export
Mexico,41675793.81,1386675511.08,29178.81,KGM,2019,11,87,Vehicles & Parts,export
South Africa,31546895.29,1055220011.38,30936.9,KGM,2019,11,87,Vehicles & Parts,export
Chile,25989787.97,852608439.72,25776.94,KGM,2019,11,87,Vehicles & Parts,export
Argentina,18347751.77,600199642.47,14429.41,KGM,2019,11,87,Vehicles & Parts,export
United Kingdom,27272842.58,862436736.74,23291.03,KGM,2019,11,87,Vehicles & Parts,export
Germany,17268709.66,598716025.89,12760.17,KGM,2019,11,87,Vehicles & Parts,export
Australia,259495650.86,8700189189.43,227238.43,KGM,2019,12,87,Vehicles & Parts,export
Philippines,181934538.55,6062770686.63,112467.14,KGM,2019,12,87,Vehicles & Parts,export
Indonesia,123360695.81,4123592215.48,117995.53,KGM,2019,12,87,Vehicles & Parts,export
Japan,86780762.08,2975107038.96,104250.06,KGM,2019,12,87,Vehicles & Parts,export
Malaysia,86888096.7,2672624625.79,76083.72,KGM,2019,12,87,Vehicles & Parts,export
Vietnam,70761642.79,2212609031.61,73617.76,KGM,2019,12,87,Vehicles & Parts,export
Saudi Arabia,61391884.08,2057052815.34,40844.89,KGM,2019,12,87,Vehicles & Parts,export
United Arab Emirates,48588627.48,1637532757.62,39997.76,KGM,2019,12,87,Vehicles & Parts,export
New Zealand,43802869.57,1375961506.15,28627.84,KGM,2019,12,87,Vehicles & Parts,export
Mexico,28866003.66,955989202.94,20570.03,KGM,2019,12,87,Vehicles & Parts,export
South Africa,26458681.91,808991074.61,22696.8,KGM,2019,12,87,Vehicles & Parts,export
Chile,22970071.54,777728587.71,21081.57,KGM,2019,12,87,Vehicles & Parts,export
Argentina,15533556.24,495533454.27,15311.79,KGM,2019,12,87,Vehicles & Parts,export
United Kingdom,23029582.34,820059121.89,17559.52,KGM,2019,12,87,Vehicles & Parts,export
Germany,15464760.21,509314937.33,12732.94,KGM,2019,12,87,Vehicles & Parts,export
Australia,237351050.96,8107977580.25,176561.96,KGM,2020,1,87,Vehicles & Parts,export
Philippines,145145979.04,4897903258.13,140815.21,KGM,2020,1,87,Vehicles & Parts,export
Indonesia,133885831.18,4517247035.53,119759.12,KGM,2020,1,87,Vehicles & Parts,export
Japan,122673480.66,4003843847.44,91572.62,KGM,2020,1,87,Vehicles & Parts,export
Malaysia,91866143.32,3166533447.91,68158.0,KGM,2020,1,87,Vehicles & Parts,export
Vietnam,86630591.07,3043093253.37,64625.38,KGM,2020,1,87,Vehicles & Parts,export
Saudi Arabia,67235933.5,2303078738.87,46785.22,KGM,2020,1,87,Vehicles & Parts,export
United Arab Emirates,39505598.57,1233620327.8,37065.53,KGM,2020,1,87,Vehicles & Parts,export
New Zealand,37352532.87,1293946126.8,24993.58,KGM,2020,1,87,Vehicles & Parts,export
Mexico,29020256.74,954381030.36,26799.44,KGM,2020,1,87,Vehicles & Parts,export
South Africa,21561204.05,694355560.12,19920.57,KGM,2020,1,87,Vehicles & Parts,export
Chile,22626514.19,803477138.19,21408.52,KGM,2020,1,87,Vehicles & Parts,export
Argentina,18446689.94,588151252.56,12822.03,KGM,2020,1,87,Vehicles & Parts,export
United Kingdom,23746794.38,727530927.1,17892.53,KGM,2020,1,87,Vehicles & Parts,export
Germany,14345906.13,479703917.0,13987.43,KGM,2020,1,87,Vehicles & Parts,export
Australia,219910090.92,7105309010.53,166930.66,KGM,2020,2,87,Vehicles & Parts,export
Philippines,153853957.97,5255116451.87,118723.32,KGM,2020,2,87,Vehicles & Parts,export
Indonesia,138503845.39,4650448700.14,105308.62,KGM,2020,2,87,Vehicles & Parts,export
Japan,102952972.67,3604530346.44,87043.94,KGM,2020,2,87,Vehicles & Parts,export
Malaysia,87643766.29,2919915759.85,68214.56,KGM,2020,2,87,Vehicles & Parts,export
Vietnam,64454526.43,2290975942.95,59913.49,KGM,2020,2,87,Vehicles & Parts,export
Saudi Arabia,53647054.22,1768462194.01,48189.7,KGM,2020,2,87,Vehicles & Parts,export
United Arab Emirates,43560119.93,1484157028.64,34737.9,KGM,2020,2,87,Vehicles & Parts,export
New Zealand,32473311.52,1074986817.74,31595.07,KGM,2020,2,87,Vehicles & Parts,export
Mexico,24039121.1,797398797.22,24410.82,KGM,2020,2,87,Vehicles & Parts,export
South Africa,23309357.02,723186851.75,20821.96,KGM,2020,2,87,Vehicles & Parts,export
Chile,20388854.65,621280490.17,17587.69,KGM,2020,2,87,Vehicles & Parts,export
Argentina,16139504.93,534520369.55,12837.37,KGM,2020,2,87,Vehicles & Parts,export
United Kingdom,22853480.92,721635306.27,15634.04,KGM,2020,2,87,Vehicles & Parts,export
Germany,14793195.25,472637290.82,11829.03,KGM,2020,2,87,Vehicles & Parts,export
Australia,217020053.17,7106267903.37,150022.68,KGM,2020,3,87,Vehicles & Parts,export
Philippines,117590131.03,3976612086.71,109695.7,KGM,2020,3,87,Vehicles & Parts,export
Indonesia,90953042.47,2940495553.95,80711.81,KGM,2020,3,87,Vehicles & Parts,export
Japan,91624741.86,2876537882.12,78910.36,KGM,2020,3,87,Vehicles & Parts,export
Malaysia,72804748.36,2405730298.64,70681.67,KGM,2020,3,87,Vehicles & Parts,export
Vietnam,56910199.51,1836472038.17,41091.84,KGM,2020,3,87,Vehicles & Parts,export
Saudi Arabia,43647223.93,1475855605.78,37286.64,KGM,2020,3,87,Vehicles & Parts,export
United Arab Emirates,36829366.52,1116444518.39,27664.1,KGM,2020,3,87,Vehicles & Parts,export
New Zealand,33122209.73,1098398058.87,23427.79,KGM,2020,3,87,Vehicles & Parts,export
Mexico,22232166.6,714322334.33,18609.61,KGM,2020,3,87,Vehicles & Parts,export
South Africa,18549475.97,611723486.66,15258.02,KGM,2020,3,87,Vehicles & Parts,export
Chile,18894662.27,589436961.85,13472.89,KGM,2020,3,87,Vehicles & Parts,export
Argentina,14744102.14,465784928.6,13375.55,KGM,2020,3,87,Vehicles & Parts,export
United Kingdom,18370509.68,637323788.69,13514.27,KGM,2020,3,87,Vehicles & Parts,export
Germany,11611607.79,400862923.05,10562.33,KGM,2020,3,87,Vehicles & Parts,export
Australia,218436947.99,6750320856.95,126821.4,KGM,2020,4,87,Vehicles & Parts,export
Philippines,140877156.57,4518579686.86,113070.78,KGM,2020,4,87,Vehicles & Parts,export
Indonesia,76799008.87,2359553807.09,91727.79,KGM,2020,4,87,Vehicles & Parts,export
Japan,86798626.38,2905450778.98,77351.06,KGM,2020,4,87,Vehicles & Parts,export
Malaysia,87676343.06,2764921359.3,57855.07,KGM,2020,4,87,Vehicles & Parts,export
Vietnam,68874465.77,2235341593.62,52753.69,KGM,2020,4,87,Vehicles & Parts,export
Saudi Arabia,50630295.21,1723356737.34,38544.38,KGM,2020,4,87,Vehicles & Parts,export
United Arab Emirates,44241772.95,1487909975.53,27645.68,KGM,2020,4,87,Vehicles & Parts,export
New Zealand,26718324.25,904250592.96,21987.07,KGM,2020,4,87,Vehicles & Parts,export
Mexico,25057343.45,827221645.06,17500.98,KGM,2020,4,87,Vehicles & Parts,export
South Africa,24021319.87,855634723.42,14597.39,KGM,2020,4,87,Vehicles & Parts,export
Chile,20010777.22,660315268.71,16218.37,KGM,2020,4,87,Vehicles & Parts,export
Argentina,18527423.81,601189631.13,14074.55,KGM,2020,4,87,Vehicles & Parts,export
United Kingdom,20359704.64,663311593.46,13808.94,KGM,2020,4,87,Vehicles & Parts,export
Germany,14468025.12,491801239.52,10563.47,KGM,2020,4,87,Vehicles & Parts,export
Australia,215713384.51,6856068647.98,164664.06,KGM,2020,5,87,Vehicles & Parts,export
Philippines,150138996.6,5086738574.38,109379.58,KGM,2020,5,87,Vehicles & Parts,export
Indonesia,116522461.35,4179944358.14,105056.1,KGM,2020,5,87,Vehicles & Parts,export
Japan,92938093.27,3071748877.86,87126.4,KGM,2020,5,87,Vehicles & Parts,export
Malaysia,61814620.53,2079223595.94,51387.53,KGM,2020,5,87,Vehicles & Parts,export
Vietnam,70879159.18,2420781842.49,55264.09,KGM,2020,5,87,Vehicles & Parts,export
Saudi Arabia,64836469.21,2113838549.18,43812.33,KGM,2020,5,87,Vehicles & Parts,export
United Arab Emirates,38135835.41,1185880193.6,36962.59,KGM,2020,5,87,Vehicles & Parts,export
New Zealand,36172182.32,1148561953.69,25799.96,KGM,2020,5,87,Vehicles & Parts,export
Mexico,22015866.09,698210226.7,24260.03,KGM,2020,5,87,Vehicles & Parts,export
South Africa,22671759.3,815022310.39,15916.62,KGM,2020,5,87,Vehicles & Parts,export
Chile,19502096.66,631024986.09,12953.81,KGM,2020,5,87,Vehicles & Parts,export
Argentina,18335827.0,595141579.22,11365.8,KGM,2020,5,87,Vehicles & Parts,export
United Kingdom,21605187.91,673451275.6,16084.61,KGM,2020,5,87,Vehicles & Parts,export
Germany,13162565.99,435399549.16,10111.2,KGM,2020,5,87,Vehicles & Parts,export
Australia,215633504.47,7085895138.55,162139.66,KGM,2020,6,87,Vehicles & Parts,export
Philippines,129461368.88,4132339736.77,118635.48,KGM,2020,6,87,Vehicles & Parts,export
Indonesia,92569460.2,3107315719.62,91997.69,KGM,2020,6,87,Vehicles & Parts,export
Japan,94392845.65,3063390345.75,73827.63,KGM,2020,6,87,Vehicles & Parts,export
Malaysia,78601513.59,2671828516.14,53215.29,KGM,2020,6,87,Vehicles & Parts,export
Vietnam,48180938.62,1612613606.0,55933.99,KGM,2020,6,87,Vehicles & Parts,export
Saudi Arabia,55140876.68,1843869264.28,32299.18,KGM,2020,6,87,Vehicles & Parts,export
United Arab Emirates,37260182.07,1249802681.36,37577.74,KGM,2020,6,87,Vehicles & Parts,export
New Zealand,28967902.64,929227842.54,20936.86,KGM,2020,6,87,Vehicles & Parts,export
Mexico,28396565.82,944813281.2,23917.85,KGM,2020,6,87,Vehicles & Parts,export
South Africa,23165801.45,763729379.24,17652.92,KGM,2020,6,87,Vehicles & Parts,export
Chile,22093574.16,750920847.77,15103.51,KGM,2020,6,87,Vehicles & Parts,export
Argentina,15548193.24,526587521.72,14729.32,KGM,2020,6,87,Vehicles & Parts,export
United Kingdom,21613703.81,629542800.31,19318.24,KGM,2020,6,87,Vehicles & Parts,export
Germany,14122389.1,475518447.96,11097.44,KGM,2020,6,87,Vehicles & Parts,export
Australia,197771409.92,6626242046.65,158947.42,KGM,2020,7,87,Vehicles & Parts,export
Philippines,140414683.6,4628427731.09,113213.02,KGM,2020,7,87,Vehicles & Parts,export
Indonesia,113702616.19,3681768713.53,92924.19,KGM,2020,7,87,Vehicles & Parts,export
Japan,113752890.84,3881781547.16,65470.02,KGM,2020,7,87,Vehicles & Parts,export
Malaysia,82996167.01,2775730123.1,57866.62,KGM,2020,7,87,Vehicles & Parts,export
Vietnam,72505301.54,2535358298.56,49460.44,KGM,2020,7,87,Vehicles & Parts,export
Saudi Arabia,57258911.56,1794374546.22,37690.45,KGM,2020,7,87,Vehicles & Parts,export
United Arab Emirates,39263981.94,1124636167.08,26300.97,KGM,2020,7,87,Vehicles & Parts,export
New Zealand,30612204.19,989670074.32,32468.44,KGM,2020,7,87,Vehicles & Parts,export
Mexico,26727220.65,880347507.17,22330.38,KGM,2020,7,87,Vehicles & Parts,export
South Africa,21779555.36,720029366.27,20682.71,KGM,2020,7,87,Vehicles & Parts,export
Chile,19136010.98,601935783.03,16928.55,KGM,2020,7,87,Vehicles & Parts,export
Argentina,14060928.59,475990817.44,10364.52,KGM,2020,7,87,Vehicles & Parts,export
United Kingdom,18996426.58,628332763.46,16982.07,KGM,2020,7,87,Vehicles & Parts,export
Germany,11109892.63,381571415.66,9860.46,KGM,2020,7,87,Vehicles & Parts,export
Australia,193703696.79,6260434843.53,181798.65,KGM,2020,8,87,Vehicles & Parts,export
Philippines,142152083.94,4642734037.92,83396.2,KGM,2020,8,87,Vehicles & Parts,export
Indonesia,114731537.8,3977499301.05,79464.6,KGM,2020,8,87,Vehicles & Parts,export
Japan,93093319.39,3253792964.37,72470.6,KGM,2020,8,87,Vehicles & Parts,export
Malaysia,80852114.45,2461618749.28,69610.5,KGM,2020,8,87,Vehicles & Parts,export
Vietnam,61011418.64,2091536774.33,66325.7,KGM,2020,8,87,Vehicles & Parts,export
Saudi Arabia,47351500.66,1491881211.92,43581.93,KGM,2020,8,87,Vehicles & Parts,export
United Arab Emirates,45328950.13,1514573764.05,23158.29,KGM,2020,8,87,Vehicles & Parts,export
New Zealand,34016039.42,1108591983.65,22981.33,KGM,2020,8,87,Vehicles & Parts,export
Mexico,27518534.91,855294364.28,16690.61,KGM,2020,8,87,Vehicles & Parts,export
South Africa,22847228.05,738086675.19,16709.78,KGM,2020,8,87,Vehicles & Parts,export
Chile,19851939.68,654322612.57,14174.87,KGM,2020,8,87,Vehicles & Parts,export
Argentina,17070540.77,531427414.39,14500.7,KGM,2020,8,87,Vehicles & Parts,export
United Kingdom,18641861.88,573738080.12,17037.39,KGM,2020,8,87,Vehicles & Parts,export
Germany,13402071.26,390264860.96,10644.77,KGM,2020,8,87,Vehicles & Parts,export
Australia,192756845.77,6299722254.42,168664.33,KGM,2020,9,87,Vehicles & Parts,export
Philippines,128775788.67,4440619687.64,110176.81,KGM,2020,9,87,Vehicles & Parts,export
Indonesia,128209528.46,3950329832.38,88506.48,KGM,2020,9,87,Vehicles & Parts,export
Japan,106657533.97,3435220374.67,69648.98,KGM,2020,9,87,Vehicles & Parts,export
Malaysia,82742414.14,2890086646.72,73817.77,KGM,2020,9,87,Vehicles & Parts,export
Vietnam,68003946.09,2121657661.76,50768.91,KGM,2020,9,87,Vehicles & Parts,export
Saudi Arabia,64666292.37,2199736647.27,41755.14,KGM,2020,9,87,Vehicles & Parts,export
United Arab Emirates,41354316.63,1331322243.74,30515.42,KGM,2020,9,87,Vehicles & Parts,export
New Zealand,29122344.73,955772173.77,30679.21,KGM,2020,9,87,Vehicles & Parts,export
Mexico,30902708.98,1005974934.86,20465.18,KGM,2020,9,87,Vehicles & Parts,export
South Africa,20976757.71,653212490.15,18218.92,KGM,2020,9,87,Vehicles & Parts,export
Chile,21094646.93,742791330.36,16432.37,KGM,2020,9,87,Vehicles & Parts,export
Argentina,14435057.95,455171071.67,15491.41,KGM,2020,9,87,Vehicles & Parts,export
United Kingdom,20976162.15,698593470.33,13992.67,KGM,2020,9,87,Vehicles & Parts,export
Germany,10124737.69,335727681.85,9944.72,KGM,2020,9,87,Vehicles & Parts,export
Australia,245189227.84,8090406765.81,124250.34,KGM,2020,10,87,Vehicles & Parts,export
Philippines,131836857.35,4128175532.5,85663.0,KGM,2020,10,87,Vehicles & Parts,export
Indonesia,119249286.07,3950949165.57,105727.42,KGM,2020,10,87,Vehicles & Parts,export
Japan,90599933.04,3046556222.1,65068.37,KGM,2020,10,87,Vehicles & Parts,export
Malaysia,81800884.5,2656170096.22,79650.35,KGM,2020,10,87,Vehicles & Parts,export
Vietnam,77473312.81,2652098256.82,59249.79,KGM,2020,10,87,Vehicles & Parts,export
Saudi Arabia,58025078.19,1715349777.7,46921.91,KGM,2020,10,87,Vehicles & Parts,export
United Arab Emirates,40726719.08,1421606072.52,30714.45,KGM,2020,10,87,Vehicles & Parts,export
New Zealand,31280428.59,1069831278.2,26874.65,KGM,2020,10,87,Vehicles & Parts,export
Mexico,28646984.76,993013209.29,22694.67,KGM,2020,10,87,Vehicles & Parts,export
South Africa,24966629.83,775353568.55,18194.01,KGM,2020,10,87,Vehicles & Parts,export
Chile,21872638.16,713885549.64,15144.0,KGM,2020,10,87,Vehicles & Parts,export
Argentina,19255569.59,622602829.67,13535.78,KGM,2020,10,87,Vehicles & Parts,export
United Kingdom,20274293.47,638907906.06,16180.16,KGM,2020,10,87,Vehicles & Parts,export
Germany,16237366.48,554937673.88,10390.73,KGM,2020,10,87,Vehicles & Parts,export
Australia,183863368.04,6114198610.54,174569.51,KGM,2020,11,87,Vehicles & Parts,export
Philippines,136816625.21,4600313868.92,111471.95,KGM,2020,11,87,Vehicles & Parts,export
Indonesia,120040515.32,4065310665.12,96174.61,KGM,2020,11,87,Vehicles & Parts,export
Japan,90667633.47,3016368827.57,69147.31,KGM,2020,11,87,Vehicles & Parts,export
Malaysia,65427953.71,2336292865.15,52279.27,KGM,2020,11,87,Vehicles & Parts,export
Vietnam,78810190.26,2718854529.04,50851.05,KGM,2020,11,87,Vehicles & Parts,export
Saudi Arabia,60233513.62,1980575026.36,46140.82,KGM,2020,11,87,Vehicles & Parts,export
United Arab Emirates,43507335.42,1477646760.0,35890.48,KGM,2020,11,87,Vehicles & Parts,export
New Zealand,28832614.73,1055417617.11,33954.11,KGM,2020,11,87,Vehicles & Parts,export
Mexico,22083853.29,796533304.25,23174.9,KGM,2020,11,87,Vehicles & Parts,export
South Africa,26276887.16,810437607.43,21428.93,KGM,2020,11,87,Vehicles & Parts,export
Chile,22090719.84,754834984.49,16847.08,KGM,2020,11,87,Vehicles & Parts,export
Argentina,15292831.08,501393236.84,11892.72,KGM,2020,11,87,Vehicles & Parts,export
United Kingdom,19695007.62,635768689.76,16067.6,KGM,2020,11,87,Vehicles & Parts,export
Germany,13373162.06,440345947.7,10045.31,KGM,2020,11,87,Vehicles & Parts,export
Australia,152381839.76,5088153874.06,150908.99,KGM,2020,12,87,Vehicles & Parts,export
Philippines,103503642.53,3287247265.17,109842.29,KGM,2020,12,87,Vehicles & Parts,export
Indonesia,119279814.0,4115254293.1,88655.36,KGM,2020,12,87,Vehicles & Parts,export
Japan,90402721.86,3117484162.41,75904.22,KGM,2020,12,87,Vehicles & Parts,export
Malaysia,84624397.64,2849501749.34,64187.87,KGM,2020,12,87,Vehicles & Parts,export
Vietnam,51238433.12,1680845242.14,33644.53,KGM,2020,12,87,Vehicles & Parts,export
Saudi Arabia,43994786.63,1446388098.25,34821.39,KGM,2020,12,87,Vehicles & Parts,export
United Arab Emirates,37890238.17,1301256426.18,26309.9,KGM,2020,12,87,Vehicles & Parts,export
New Zealand,29711682.29,1064049463.71,23796.92,KGM,2020,12,87,Vehicles & Parts,export
Mexico,24111941.7,814642518.09,18828.87,KGM,2020,12,87,Vehicles & Parts,export
South Africa,24454006.53,823112984.12,16489.98,KGM,2020,12,87,Vehicles & Parts,export
Chile,17575102.43,567058242.05,14038.25,KGM,2020,12,87,Vehicles & Parts,export
Argentina,13976975.79,449628835.03,14255.78,KGM,2020,12,87,Vehicles & Parts,export
United Kingdom,15030166.16,518942427.62,14427.9,KGM,2020,12,87,Vehicles & Parts,export
Germany,13316760.35,461680554.99,8117.75,KGM,2020,12,87,Vehicles & Parts,export
Australia,253093008.49,8285987077.42,154119.33,KGM,2021,1,87,Vehicles & Parts,export
Philippines,122688075.93,3774059471.27,136835.49,KGM,2021,1,87,Vehicles & Parts,export
Indonesia,120893546.89,3865447912.63,110228.57,KGM,2021,1,87,Vehicles & Parts,export
Japan,94560215.73,3459507639.93,83425.71,KGM,2021,1,87,Vehicles & Parts,export
Malaysia,81802823.87,2562609327.48,65492.73,KGM,2021,1,87,Vehicles & Parts,export
Vietnam,72654128.1,2331510482.19,61903.23,KGM,2021,1,87,Vehicles & Parts,export
Saudi Arabia,58966382.67,1778391774.52,41558.55,KGM,2021,1,87,Vehicles & Parts,export
United Arab Emirates,43895833.78,1369820213.18,41939.93,KGM,2021,1,87,Vehicles & Parts,export
New Zealand,35607470.66,1169599345.99,32382.26,KGM,2021,1,87,Vehicles & Parts,export
Mexico,23991147.47,845341035.66,22507.98,KGM,2021,1,87,Vehicles & Parts,export
South Africa,23245699.64,730373106.47,20134.72,KGM,2021,1,87,Vehicles & Parts,export
Chile,20779226.12,689637147.85,17569.52,KGM,2021,1,87,Vehicles & Parts,export
Argentina,16735311.08,569071640.53,14735.8,KGM,2021,1,87,Vehicles & Parts,export
United Kingdom,22531875.17,722563132.95,16200.19,KGM,2021,1,87,Vehicles & Parts,export
Germany,16738796.12,545915230.55,11378.46,KGM,2021,1,87,Vehicles & Parts,export
Australia,172780854.43,5535297762.59,144032.44,KGM,2021,2,87,Vehicles & Parts,export
Philippines,141088673.68,4659142481.15,103498.17,KGM,2021,2,87,Vehicles & Parts,export
Indonesia,104201664.89,3323383412.27,113707.46,KGM,2021,2,87,Vehicles & Parts,export
Japan,103745760.76,3374102817.81,75927.23,KGM,2021,2,87,Vehicles & Parts,export
Malaysia,74651083.57,2353710344.68,67178.61,KGM,2021,2,87,Vehicles & Parts,export
Vietnam,69698576.23,2365920242.22,53289.16,KGM,2021,2,87,Vehicles & Parts,export
Saudi Arabia,57999251.97,1945819636.17,41599.83,KGM,2021,2,87,Vehicles & Parts,export
United Arab Emirates,38727439.87,1257151939.79,37558.6,KGM,2021,2,87,Vehicles & Parts,export
New Zealand,33105745.72,1056086052.79,25509.37,KGM,2021,2,87,Vehicles & Parts,export
Mexico,32527085.4,1076715834.03,22886.18,KGM,2021,2,87,Vehicles & Parts,export
South Africa,22524927.96,724886848.59,21448.34,KGM,2021,2,87,Vehicles & Parts,export
Chile,20517349.61,647612097.59,20505.3,KGM,2021,2,87,Vehicles & Parts,export
Argentina,17805293.59,601680734.69,13982.96,KGM,2021,2,87,Vehicles & Parts,export
United Kingdom,19694929.18,656623807.18,15065.38,KGM,2021,2,87,Vehicles & Parts,export
Germany,12898676.41,409704541.68,7786.84,KGM,2021,2,87,Vehicles & Parts,export
Australia,219400117.47,7289893664.33,157815.49,KGM,2021,3,87,Vehicles & Parts,export
Philippines,139606509.75,5060988530.7,120210.1,KGM,2021,3,87,Vehicles & Parts,export
Indonesia,152625486.49,5450842715.92,116475.4,KGM,2021,3,87,Vehicles & Parts,export
Japan,112465192.24,3533274588.41,89951.28,KGM,2021,3,87,Vehicles & Parts,export
Malaysia,102213920.31,3512184216.97,89530.77,KGM,2021,3,87,Vehicles & Parts,export
Vietnam,86275123.46,3149865461.35,40573.21,KGM,2021,3,87,Vehicles & Parts,export
Saudi Arabia,59789558.41,2128357349.62,62001.37,KGM,2021,3,87,Vehicles & Parts,export
United Arab Emirates,48815245.75,1622489832.56,34759.71,KGM,2021,3,87,Vehicles & Parts,export
New Zealand,30549769.75,891060177.03,33584.33,KGM,2021,3,87,Vehicles & Parts,export
Mexico,29307660.91,998836950.62,28643.64,KGM,2021,3,87,Vehicles & Parts,export
South Africa,22389611.57,718792653.81,17745.79,KGM,2021,3,87,Vehicles & Parts,export
Chile,22835079.93,774250950.71,20032.6,KGM,2021,3,87,Vehicles & Parts,export
Argentina,16882189.71,575480175.98,16226.52,KGM,2021,3,87,Vehicles & Parts,export
United Kingdom,23764364.58,810114793.8,23516.35,KGM,2021,3,87,Vehicles & Parts,export
Germany,16566896.59,567833290.68,14804.14,KGM,2021,3,87,Vehicles & Parts,export
Australia,220850175.62,7155083822.83,214867.87,KGM,2021,4,87,Vehicles & Parts,export
Philippines,140508996.78,4896320301.49,111238.36,KGM,2021,4,87,Vehicles & Parts,export
Indonesia,148936202.67,5054542670.66,126472.27,KGM,2021,4,87,Vehicles & Parts,export
Japan,119071963.89,4034946120.82,97059.78,KGM,2021,4,87,Vehicles & Parts,export
Malaysia,87859201.07,2835420902.52,63212.86,KGM,2021,4,87,Vehicles & Parts,export
Vietnam,82149265.02,2973345409.24,57482.59,KGM,2021,4,87,Vehicles & Parts,export
Saudi Arabia,65078305.38,2088394969.94,50577.35,KGM,2021,4,87,Vehicles & Parts,export
United Arab Emirates,51026704.24,1708050403.45,31958.07,KGM,2021,4,87,Vehicles & Parts,export
New Zealand,37258394.13,1256703643.74,31616.24,KGM,2021,4,87,Vehicles & Parts,export
Mexico,27593657.94,872029149.51,19932.2,KGM,2021,4,87,Vehicles & Parts,export
South Africa,29666060.34,961051248.76,22791.58,KGM,2021,4,87,Vehicles & Parts,export
Chile,27973150.22,966897335.46,21581.91,KGM,2021,4,87,Vehicles & Parts,export
Argentina,18066928.95,605441980.37,17512.32,KGM,2021,4,87,Vehicles & Parts,export
United Kingdom,21684850.26,681822608.08,18464.82,KGM,2021,4,87,Vehicles & Parts,export
Germany,14470248.29,498280557.23,10754.06,KGM,2021,4,87,Vehicles & Parts,export
Australia,236808419.17,7998455728.23,169241.15,KGM,2021,5,87,Vehicles & Parts,export
Philippines,159023902.73,5279594375.86,143234.92,KGM,2021,5,87,Vehicles & Parts,export
Indonesia,122533844.14,3830923549.89,107655.93,KGM,2021,5,87,Vehicles & Parts,export
Japan,125963869.26,3865078896.51,107814.91,KGM,2021,5,87,Vehicles & Parts,export
Malaysia,94212307.65,2888676147.03,86877.35,KGM,2021,5,87,Vehicles & Parts,export
Vietnam,76041624.2,2631128814.44,63598.25,KGM,2021,5,87,Vehicles & Parts,export
Saudi Arabia,67064223.52,2273724642.3,55453.31,KGM,2021,5,87,Vehicles & Parts,export
United Arab Emirates,45920162.78,1469152981.5,45685.49,KGM,2021,5,87,Vehicles & Parts,export
New Zealand,28705817.48,942258803.08,24929.14,KGM,2021,5,87,Vehicles & Parts,export
Mexico,30745687.7,1021534899.47,23802.59,KGM,2021,5,87,Vehicles & Parts,export
South Africa,31165190.74,1058769580.46,23472.8,KGM,2021,5,87,Vehicles & Parts,export
Chile,21274706.63,724415112.72,17890.67,KGM,2021,5,87,Vehicles & Parts,export
Argentina,20089673.97,681453509.95,16810.23,KGM,2021,5,87,Vehicles & Parts,export
United Kingdom,24246363.32,780798265.08,22701.93,KGM,2021,5,87,Vehicles & Parts,export
Germany,14597644.35,498114030.38,10025.95,KGM,2021,5,87,Vehicles & Parts,export
Australia,229402289.98,7655596857.77,224182.2,KGM,2021,6,87,Vehicles & Parts,export
Philippines,156684808.61,5369551943.23,113324.05,KGM,2021,6,87,Vehicles & Parts,export
Indonesia,145175448.33,4922414858.22,120522.14,KGM,2021,6,87,Vehicles & Parts,export
Japan,124867486.22,4218261188.9,87384.7,KGM,2021,6,87,Vehicles & Parts,export
Malaysia,105289209.38,3574413099.93,81211.5,KGM,2021,6,87,Vehicles & Parts,export
Vietnam,86973438.84,2813561529.23,61788.79,KGM,2021,6,87,Vehicles & Parts,export
Saudi Arabia,79317612.42,2611745845.91,60154.05,KGM,2021,6,87,Vehicles & Parts,export
United Arab Emirates,51976236.0,1668524397.3,34543.48,KGM,2021,6,87,Vehicles & Parts,export
New Zealand,35489404.82,1186980328.23,33547.89,KGM,2021,6,87,Vehicles & Parts,export
Mexico,35951498.36,1243917595.75,25288.56,KGM,2021,6,87,Vehicles & Parts,export
South Africa,30234565.96,1073347468.64,29405.68,KGM,2021,6,87,Vehicles & Parts,export
Chile,27956969.67,885080251.06,21413.25,KGM,2021,6,87,Vehicles & Parts,export
Argentina,20866066.67,704447427.32,20592.1,KGM,2021,6,87,Vehicles & Parts,export
United Kingdom,22327859.29,703675720.29,20246.22,KGM,2021,6,87,Vehicles & Parts,export
Germany,14829424.25,505821560.6,13617.25,KGM,2021,6,87,Vehicles & Parts,export
Australia,219469561.01,6772926640.78,177988.4,KGM,2021,7,87,Vehicles & Parts,export
Philippines,156944225.23,5108735811.9,97495.84,KGM,2021,7,87,Vehicles & Parts,export
Indonesia,144238747.17,4541950226.41,90359.67,KGM,2021,7,87,Vehicles & Parts,export
Japan,118533406.74,3884867877.48,93149.59,KGM,2021,7,87,Vehicles & Parts,export
Malaysia,98147643.03,3343202192.94,61010.06,KGM,2021,7,87,Vehicles & Parts,export
Vietnam,76966116.98,2324585833.89,59049.82,KGM,2021,7,87,Vehicles & Parts,export
Saudi Arabia,61898209.21,2055785496.43,54006.25,KGM,2021,7,87,Vehicles & Parts,export
United Arab Emirates,48514777.31,1596581404.31,36607.45,KGM,2021,7,87,Vehicles & Parts,export
New Zealand,35347841.22,1140439692.53,31781.81,KGM,2021,7,87,Vehicles & Parts,export
Mexico,28223138.54,864686402.98,27744.01,KGM,2021,7,87,Vehicles & Parts,export
South Africa,29283824.68,943206860.2,23828.39,KGM,2021,7,87,Vehicles & Parts,export
Chile,26307525.38,844031333.71,17824.52,KGM,2021,7,87,Vehicles & Parts,export
Argentina,17489293.96,551997330.1,15883.89,KGM,2021,7,87,Vehicles & Parts,export
United Kingdom,21961923.71,723969081.46,18930.32,KGM,2021,7,87,Vehicles & Parts,export
Germany,17896934.47,605390445.72,14141.13,KGM,2021,7,87,Vehicles & Parts,export
Australia,242054935.38,7978157590.35,186996.14,KGM,2021,8,87,Vehicles & Parts,export
Philippines,154659763.84,5085493012.52,119996.03,KGM,2021,8,87,Vehicles & Parts,export
Indonesia,134446240.69,4629294790.2,106355.13,KGM,2021,8,87,Vehicles & Parts,export
Japan,105881246.63,3696304868.98,86001.52,KGM,2021,8,87,Vehicles & Parts,export
Malaysia,94408761.7,2950174892.78,91589.86,KGM,2021,8,87,Vehicles & Parts,export
Vietnam,82489165.31,2610043201.52,71575.3,KGM,2021,8,87,Vehicles & Parts,export
Saudi Arabia,76476219.41,2582115152.69,49951.58,KGM,2021,8,87,Vehicles & Parts,export
United Arab Emirates,45799649.88,1532229098.92,46340.11,KGM,2021,8,87,Vehicles & Parts,export
New Zealand,49529288.23,1696652976.87,37388.32,KGM,2021,8,87,Vehicles & Parts,export
Mexico,29625609.64,963572480.19,26466.87,KGM,2021,8,87,Vehicles & Parts,export
South Africa,28734916.67,909430049.9,23334.23,KGM,2021,8,87,Vehicles & Parts,export
Chile,24180896.49,761327241.23,19425.09,KGM,2021,8,87,Vehicles & Parts,export
Argentina,22109804.03,756594836.51,16814.24,KGM,2021,8,87,Vehicles & Parts,export
United Kingdom,25762376.71,817956549.26,15611.18,KGM,2021,8,87,Vehicles & Parts,export
Germany,19084464.17,583365143.81,14335.91,KGM,2021,8,87,Vehicles & Parts,export
Australia,262195251.28,7827908910.04,180340.1,KGM,2021,9,87,Vehicles & Parts,export
Philippines,194617104.29,6485705997.75,134767.26,KGM,2021,9,87,Vehicles & Parts,export
Indonesia,131371385.57,4021612348.4,103570.59,KGM,2021,9,87,Vehicles & Parts,export
Japan,142954811.76,5064199574.39,80416.53,KGM,2021,9,87,Vehicles & Parts,export
Malaysia,90285587.47,2971925400.48,68328.32,KGM,2021,9,87,Vehicles & Parts,export
Vietnam,77763562.27,2463881330.55,67559.69,KGM,2021,9,87,Vehicles & Parts,export
Saudi Arabia,64686562.2,2218221149.51,48562.03,KGM,2021,9,87,Vehicles & Parts,export
United Arab Emirates,52652472.25,1820739399.0,41259.07,KGM,2021,9,87,Vehicles & Parts,export
New Zealand,42835945.54,1405878705.95,34106.41,KGM,2021,9,87,Vehicles & Parts,export
Mexico,30998447.43,1029789541.77,24423.18,KGM,2021,9,87,Vehicles & Parts,export
South Africa,32190191.93,1089539084.25,24972.73,KGM,2021,9,87,Vehicles & Parts,export
Chile,22272408.51,721652513.53,21290.93,KGM,2021,9,87,Vehicles & Parts,export
Argentina,21235490.37,663942242.0,17800.91,KGM,2021,9,87,Vehicles & Parts,export
United Kingdom,25436678.25,877513309.16,20601.99,KGM,2021,9,87,Vehicles & Parts,export
Germany,15832076.42,526494853.1,13257.89,KGM,2021,9,87,Vehicles & Parts,export
Australia,244268628.0,7850680402.33,192833.51,KGM,2021,10,87,Vehicles & Parts,export
Philippines,169526740.08,5570968552.31,166176.94,KGM,2021,10,87,Vehicles & Parts,export
Indonesia,162082833.09,5273966358.11,124107.13,KGM,2021,10,87,Vehicles & Parts,export
Japan,128478357.8,4229481694.74,112544.07,KGM,2021,10,87,Vehicles & Parts,export
Malaysia,101373859.36,3194267984.77,80103.44,KGM,2021,10,87,Vehicles & Parts,export
Vietnam,94790214.09,3337005530.81,65004.1,KGM,2021,10,87,Vehicles & Parts,export
Saudi Arabia,70368836.55,2301067004.58,64220.88,KGM,2021,10,87,Vehicles & Parts,export
United Arab Emirates,47738962.4,1535212404.34,46372.12,KGM,2021,10,87,Vehicles & Parts,export
New Zealand,48448809.56,1705237913.62,36729.04,KGM,2021,10,87,Vehicles & Parts,export
Mexico,30990405.26,988156319.82,30628.84,KGM,2021,10,87,Vehicles & Parts,export
South Africa,22849503.38,753814190.0,26625.43,KGM,2021,10,87,Vehicles & Parts,export
Chile,28236986.12,932730135.04,20833.93,KGM,2021,10,87,Vehicles & Parts,export
Argentina,24679820.5,796831185.71,17415.76,KGM,2021,10,87,Vehicles & Parts,export
United Kingdom,25530363.38,733564449.67,20996.2,KGM,2021,10,87,Vehicles & Parts,export
Germany,18015325.79,593181927.47,15977.77,KGM,2021,10,87,Vehicles & Parts,export
Australia,242172825.63,8625062943.19,211659.02,KGM,2021,11,87,Vehicles & Parts,export
Philippines,176447810.21,5719402457.1,138300.53,KGM,2021,11,87,Vehicles & Parts,export
Indonesia,135463236.84,4478734999.42,121689.66,KGM,2021,11,87,Vehicles & Parts,export
Japan,101982324.5,3542691756.52,92304.57,KGM,2021,11,87,Vehicles & Parts,export
Malaysia,98514297.22,3487579804.2,57058.28,KGM,2021,11,87,Vehicles & Parts,export
Vietnam,76757253.0,2655292911.65,63611.58,KGM,2021,11,87,Vehicles & Parts,export
Saudi Arabia,62413237.63,2080005295.54,41183.34,KGM,2021,11,87,Vehicles & Parts,export
United Arab Emirates,54590993.3,1791443530.31,38172.56,KGM,2021,11,87,Vehicles & Parts,export
New Zealand,37163928.54,1208477453.42,29681.39,KGM,2021,11,87,Vehicles & Parts,export
Mexico,35894342.1,1239434287.11,27282.8,KGM,2021,11,87,Vehicles & Parts,export
South Africa,34371742.89,1052292793.44,26105.9,KGM,2021,11,87,Vehicles & Parts,export
Chile,24563580.75,806193486.79,22353.25,KGM,2021,11,87,Vehicles & Parts,export
Argentina,17655953.62,522463016.39,15737.63,KGM,2021,11,87,Vehicles & Parts,export
United Kingdom,24579463.31,797825564.52,18562.51,KGM,2021,11,87,Vehicles & Parts,export
Germany,18845258.25,601591078.15,11329.01,KGM,2021,11,87,Vehicles & Parts,export
Australia,194367448.82,6743939349.6,198102.97,KGM,2021,12,87,Vehicles & Parts,export
Philippines,151547180.99,4728195161.18,121353.27,KGM,2021,12,87,Vehicles & Parts,export
Indonesia,134274362.85,4439350911.95,91142.23,KGM,2021,12,87,Vehicles & Parts,export
Japan,105943123.59,3500620739.1,81510.14,KGM,2021,12,87,Vehicles & Parts,export
Malaysia,93712192.25,3169953353.89,85173.92,KGM,2021,12,87,Vehicles & Parts,export
Vietnam,89801217.43,3203733056.33,59922.78,KGM,2021,12,87,Vehicles & Parts,export
Saudi Arabia,61060689.61,1999594581.14,48156.53,KGM,2021,12,87,Vehicles & Parts,export
United Arab Emirates,45196574.64,1395390946.71,36925.38,KGM,2021,12,87,Vehicles & Parts,export
New Zealand,39130097.67,1332448578.6,24046.11,KGM,2021,12,87,Vehicles & Parts,export
Mexico,31008298.16,983175342.73,27396.48,KGM,2021,12,87,Vehicles & Parts,export
South Africa,23072116.06,724181605.82,23200.29,KGM,2021,12,87,Vehicles & Parts,export
Chile,19367691.48,637777357.6,17993.04,KGM,2021,12,87,Vehicles & Parts,export
Argentina,18569067.23,627912367.08,15571.9,KGM,2021,12,87,Vehicles & Parts,export
United Kingdom,21771131.37,716259817.57,17655.03,KGM,2021,12,87,Vehicles & Parts,export
Germany,14679599.33,501082030.25,9754.02,KGM,2021,12,87,Vehicles & Parts,export
Australia,264955820.43,8966304966.18,206514.13,KGM,2022,1,87,Vehicles & Parts,export
Philippines,144030256.27,4932509006.62,106173.09,KGM,2022,1,87,Vehicles & Parts,export
Indonesia,144291042.71,4808028238.49,117445.66,KGM,2022,1,87,Vehicles & Parts,export
Japan,122982062.66,4040804119.37,103361.94,KGM,2022,1,87,Vehicles & Parts,export
Malaysia,77646343.39,2629595907.26,83075.06,KGM,2022,1,87,Vehicles & Parts,export
Vietnam,69584807.8,2388462824.46,54998.89,KGM,2022,1,87,Vehicles & Parts,export
Saudi Arabia,71102769.45,2393409135.67,34805.56,KGM,2022,1,87,Vehicles & Parts,export
United Arab Emirates,46901780.1,1556994487.08,38709.46,KGM,2022,1,87,Vehicles & Parts,export
New Zealand,36920636.23,1180270623.09,34477.5,KGM,2022,1,87,Vehicles & Parts,export
Mexico,34361782.28,1088985409.67,28553.04,KGM,2022,1,87,Vehicles & Parts,export
South Africa,25605030.46,902717765.15,22686.58,KGM,2022,1,87,Vehicles & Parts,export
Chile,22558683.76,755301011.46,18255.81,KGM,2022,1,87,Vehicles & Parts,export
Argentina,21295799.54,703792962.61,16997.6,KGM,2022,1,87,Vehicles & Parts,export
United Kingdom,23247365.5,655555833.13,19947.88,KGM,2022,1,87,Vehicles & Parts,export
Germany,18974980.46,631362999.42,12504.17,KGM,2022,1,87,Vehicles & Parts,export
Australia,280251884.88,10228682773.37,168816.21,KGM,2022,2,87,Vehicles & Parts,export
Philippines,165838266.68,5632837365.63,130152.84,KGM,2022,2,87,Vehicles & Parts,export
Indonesia,127280462.32,3974880311.76,89180.28,KGM,2022,2,87,Vehicles & Parts,export
Japan,128406142.04,3918808102.45,82248.32,KGM,2022,2,87,Vehicles & Parts,export
Malaysia,91915131.31,3038528290.25,79231.63,KGM,2022,2,87,Vehicles & Parts,export
Vietnam,81890146.53,2772547965.72,70327.63,KGM,2022,2,87,Vehicles & Parts,export
Saudi Arabia,60815133.82,2077214294.94,46185.75,KGM,2022,2,87,Vehicles & Parts,export
United Arab Emirates,47600393.65,1663789568.82,33232.0,KGM,2022,2,87,Vehicles & Parts,export
New Zealand,39616225.66,1284040004.75,33303.03,KGM,2022,2,87,Vehicles & Parts,export
Mexico,34375358.51,1220780571.57,20006.4,KGM,2022,2,87,Vehicles & Parts,export
South Africa,21783606.95,727087685.74,18047.1,KGM,2022,2,87,Vehicles & Parts,export
Chile,21933136.11,706320775.13,17799.92,KGM,2022,2,87,Vehicles & Parts,export
Argentina,17790584.69,585793381.71,16029.03,KGM,2022,2,87,Vehicles & Parts,export
United Kingdom,25211996.77,816232761.42,18708.27,KGM,2022,2,87,Vehicles & Parts,export
Germany,16637574.63,484609145.37,9637.22,KGM,2022,2,87,Vehicles & Parts,export
Australia,217770254.31,7314293559.64,198562.8,KGM,2022,3,87,Vehicles & Parts,export
Philippines,126483241.23,4106674736.09,137874.31,KGM,2022,3,87,Vehicles & Parts,export
Indonesia,157452363.98,5813597887.86,95815.66,KGM,2022,3,87,Vehicles & Parts,export
Japan,129858262.83,4310536205.05,88425.34,KGM,2022,3,87,Vehicles & Parts,export
Malaysia,119029069.51,3661071845.18,70049.68,KGM,2022,3,87,Vehicles & Parts,export
Vietnam,85273080.93,2904751372.23,68762.42,KGM,2022,3,87,Vehicles & Parts,export
Saudi Arabia,79217771.64,2449292274.07,60395.89,KGM,2022,3,87,Vehicles & Parts,export
United Arab Emirates,46229680.9,1579507002.94,37452.13,KGM,2022,3,87,Vehicles & Parts,export
New Zealand,45763517.36,1548507930.93,39741.95,KGM,2022,3,87,Vehicles & Parts,export
Mexico,32350845.41,996660555.1,26961.21,KGM,2022,3,87,Vehicles & Parts,export
South Africa,32099209.74,1118222432.64,22346.47,KGM,2022,3,87,Vehicles & Parts,export
Chile,27441518.81,922849876.69,25526.32,KGM,2022,3,87,Vehicles & Parts,export
Argentina,22438148.65,727515151.83,16880.34,KGM,2022,3,87,Vehicles & Parts,export
United Kingdom,25217915.05,781177480.27,23193.08,KGM,2022,3,87,Vehicles & Parts,export
Germany,17367625.53,582848181.59,11045.89,KGM,2022,3,87,Vehicles & Parts,export
Australia,254804966.61,8124775573.85,226551.26,KGM,2022,4,87,Vehicles & Parts,export
Philippines,173458260.8,5756875327.85,153234.39,KGM,2022,4,87,Vehicles & Parts,export
Indonesia,184950177.62,5945781725.55,120776.82,KGM,2022,4,87,Vehicles & Parts,export
Japan,150039262.64,4858297220.39,102113.26,KGM,2022,4,87,Vehicles & Parts,export
Malaysia,110912290.29,3608274271.12,83775.72,KGM,2022,4,87,Vehicles & Parts,export
Vietnam,82847849.65,2715258316.39,82855.22,KGM,2022,4,87,Vehicles & Parts,export
Saudi Arabia,67210087.27,2253714337.26,54941.03,KGM,2022,4,87,Vehicles & Parts,export
United Arab Emirates,61214717.95,1940862128.36,41860.87,KGM,2022,4,87,Vehicles & Parts,export
New Zealand,53048900.57,1742184721.8,36185.85,KGM,2022,4,87,Vehicles & Parts,export
Mexico,35862445.72,1181018171.57,24228.05,KGM,2022,4,87,Vehicles & Parts,export
South Africa,33522455.26,1088228880.44,28574.0,KGM,2022,4,87,Vehicles & Parts,export
Chile,27206929.61,899360244.14,24537.77,KGM,2022,4,87,Vehicles & Parts,export
Argentina,23855297.72,763455076.62,18709.83,KGM,2022,4,87,Vehicles & Parts,export
United Kingdom,24258462.59,703205555.23,24079.76,KGM,2022,4,87,Vehicles & Parts,export
Germany,16612961.76,574662130.63,11857.93,KGM,2022,4,87,Vehicles & Parts,export
Australia,309690295.13,11504175244.77,199051.46,KGM,2022,5,87,Vehicles & Parts,export
Philippines,206686100.52,7285681792.43,148771.72,KGM,2022,5,87,Vehicles & Parts,export
Indonesia,153007742.41,5155567667.94,126458.63,KGM,2022,5,87,Vehicles & Parts,export
Japan,126820795.94,4006650938.91,92201.22,KGM,2022,5,87,Vehicles & Parts,export
Malaysia,106856148.42,3472094387.27,92110.92,KGM,2022,5,87,Vehicles & Parts,export
Vietnam,75938097.98,2651003648.73,76767.86,KGM,2022,5,87,Vehicles & Parts,export
Saudi Arabia,67871067.86,2328202261.31,69732.96,KGM,2022,5,87,Vehicles & Parts,export
United Arab Emirates,48754838.58,1586020742.35,40210.14,KGM,2022,5,87,Vehicles & Parts,export
New Zealand,44575201.54,1420623304.55,25702.0,KGM,2022,5,87,Vehicles & Parts,export
Mexico,34321795.27,1144301986.33,35660.94,KGM,2022,5,87,Vehicles & Parts,export
South Africa,29254642.77,984056888.14,24094.94,KGM,2022,5,87,Vehicles & Parts,export
Chile,26220075.8,843504747.97,20268.73,KGM,2022,5,87,Vehicles & Parts,export
Argentina,23797721.06,746526201.49,15154.53,KGM,2022,5,87,Vehicles & Parts,export
United Kingdom,24722167.73,785288512.71,18911.69,KGM,2022,5,87,Vehicles & Parts,export
Germany,19795966.36,661334945.5,16340.74,KGM,2022,5,87,Vehicles & Parts,export
Australia,283920721.12,8483085603.07,204482.74,KGM,2022,6,87,Vehicles & Parts,export
Philippines,187965570.76,6012922251.68,153536.37,KGM,2022,6,87,Vehicles & Parts,export
Indonesia,148824349.46,4948625944.45,113028.72,KGM,2022,6,87,Vehicles & Parts,export
Japan,140113263.13,4454457800.27,127117.29,KGM,2022,6,87,Vehicles & Parts,export
Malaysia,107978738.77,3474238744.65,89127.59,KGM,2022,6,87,Vehicles & Parts,export
Vietnam,100423482.42,3147437574.56,85132.57,KGM,2022,6,87,Vehicles & Parts,export
Saudi Arabia,70724687.47,2368198192.44,68720.9,KGM,2022,6,87,Vehicles & Parts,export
United Arab Emirates,56241580.4,1911304541.3,46293.08,KGM,2022,6,87,Vehicles & Parts,export
New Zealand,48127801.29,1588908681.84,38009.9,KGM,2022,6,87,Vehicles & Parts,export
Mexico,42056519.28,1387943173.27,28700.63,KGM,2022,6,87,Vehicles & Parts,export
South Africa,37460227.03,1232446016.45,26956.0,KGM,2022,6,87,Vehicles & Parts,export
Chile,29548160.42,942330050.95,22842.48,KGM,2022,6,87,Vehicles & Parts,export
Argentina,23730216.64,848121704.22,16731.63,KGM,2022,6,87,Vehicles & Parts,export
United Kingdom,28458680.53,922375823.18,19732.56,KGM,2022,6,87,Vehicles & Parts,export
Germany,19937498.5,739296331.17,12883.01,KGM,2022,6,87,Vehicles & Parts,export
Australia,232844360.01,7513907567.13,242215.13,KGM,2022,7,87,Vehicles & Parts,export
Philippines,166972262.19,5396387287.53,154711.38,KGM,2022,7,87,Vehicles & Parts,export
Indonesia,189521889.11,6414068458.84,108805.32,KGM,2022,7,87,Vehicles & Parts,export
Japan,132500093.21,4474679495.46,112875.33,KGM,2022,7,87,Vehicles & Parts,export
Malaysia,90125358.11,3121363808.45,89648.65,KGM,2022,7,87,Vehicles & Parts,export
Vietnam,95069683.09,2935684574.22,69450.99,KGM,2022,7,87,Vehicles & Parts,export
Saudi Arabia,76357772.75,2595614767.09,71221.06,KGM,2022,7,87,Vehicles & Parts,export
United Arab Emirates,60809568.1,1970861313.27,48481.54,KGM,2022,7,87,Vehicles & Parts,export
New Zealand,45827632.98,1403719635.57,40120.09,KGM,2022,7,87,Vehicles & Parts,export
Mexico,38701333.08,1274162483.61,33457.77,KGM,2022,7,87,Vehicles & Parts,export
South Africa,34379571.23,1136497570.19,23741.39,KGM,2022,7,87,Vehicles & Parts,export
Chile,26505768.87,870534575.18,23002.87,KGM,2022,7,87,Vehicles & Parts,export
Argentina,18902009.3,678842280.11,16601.15,KGM,2022,7,87,Vehicles & Parts,export
United Kingdom,28796533.37,1002457090.81,16311.84,KGM,2022,7,87,Vehicles & Parts,export
Germany,16072374.54,561542267.18,16091.38,KGM,2022,7,87,Vehicles & Parts,export
Australia,283529184.74,9052308379.93,197678.92,KGM,2022,8,87,Vehicles & Parts,export
Philippines,198891135.22,6389807378.68,129296.4,KGM,2022,8,87,Vehicles & Parts,export
Indonesia,177042391.1,6219706706.14,124196.54,KGM,2022,8,87,Vehicles & Parts,export
Japan,125769352.68,4003574154.99,67970.64,KGM,2022,8,87,Vehicles & Parts,export
Malaysia,115751755.56,3748900387.25,99120.9,KGM,2022,8,87,Vehicles & Parts,export
Vietnam,90964614.07,3239510826.93,74569.26,KGM,2022,8,87,Vehicles & Parts,export
Saudi Arabia,77681551.17,2802567631.99,56336.62,KGM,2022,8,87,Vehicles & Parts,export
United Arab Emirates,56197917.45,1737626112.01,33724.2,KGM,2022,8,87,Vehicles & Parts,export
New Zealand,49390551.62,1666786730.31,29442.16,KGM,2022,8,87,Vehicles & Parts,export
Mexico,34504433.23,1147316201.49,34169.78,KGM,2022,8,87,Vehicles & Parts,export
South Africa,27384918.58,959715324.99,29070.25,KGM,2022,8,87,Vehicles & Parts,export
Chile,24483748.11,826414059.24,20290.9,KGM,2022,8,87,Vehicles & Parts,export
Argentina,24984086.07,857862644.19,23995.64,KGM,2022,8,87,Vehicles & Parts,export
United Kingdom,34805900.65,1168623428.97,22506.3,KGM,2022,8,87,Vehicles & Parts,export
Germany,17648602.99,586298071.72,14030.57,KGM,2022,8,87,Vehicles & Parts,export
Australia,269458099.54,8622605018.21,158469.68,KGM,2022,9,87,Vehicles & Parts,export
Philippines,211287940.44,6997352501.18,153933.28,KGM,2022,9,87,Vehicles & Parts,export
Indonesia,158568559.18,5627279031.7,142827.29,KGM,2022,9,87,Vehicles & Parts,export
Japan,163101355.58,5173479410.78,119474.84,KGM,2022,9,87,Vehicles & Parts,export
Malaysia,134675581.83,4145143904.03,103198.11,KGM,2022,9,87,Vehicles & Parts,export
Vietnam,78619575.29,2536227994.05,63248.75,KGM,2022,9,87,Vehicles & Parts,export
Saudi Arabia,83180602.92,2787471819.5,67470.82,KGM,2022,9,87,Vehicles & Parts,export
United Arab Emirates,56421251.53,1864777772.0,58807.02,KGM,2022,9,87,Vehicles & Parts,export
New Zealand,47272688.69,1716849033.27,35826.31,KGM,2022,9,87,Vehicles & Parts,export
Mexico,40900233.16,1278973002.4,26731.29,KGM,2022,9,87,Vehicles & Parts,export
South Africa,27773075.25,854085506.1,26394.89,KGM,2022,9,87,Vehicles & Parts,export
Chile,25271696.5,867741467.14,25824.52,KGM,2022,9,87,Vehicles & Parts,export
Argentina,27399811.59,862998708.36,15709.44,KGM,2022,9,87,Vehicles & Parts,export
United Kingdom,26814019.5,887391827.06,27394.99,KGM,2022,9,87,Vehicles & Parts,export
Germany,22550513.56,740364208.32,16408.98,KGM,2022,9,87,Vehicles & Parts,export
Australia,311188050.61,9310324430.76,186580.14,KGM,2022,10,87,Vehicles & Parts,export
Philippines,201286636.28,7226276051.44,157231.27,KGM,2022,10,87,Vehicles & Parts,export
Indonesia,152230505.71,5182370600.13,147577.69,KGM,2022,10,87,Vehicles & Parts,export
Japan,152194490.02,4878052813.83,133244.15,KGM,2022,10,87,Vehicles & Parts,export
Malaysia,127517030.85,4431061428.2,100521.86,KGM,2022,10,87,Vehicles & Parts,export
Vietnam,93085485.37,2984056824.71,67308.81,KGM,2022,10,87,Vehicles & Parts,export
Saudi Arabia,70137118.49,2279356408.15,58527.41,KGM,2022,10,87,Vehicles & Parts,export
United Arab Emirates,53495549.85,1670744893.7,47131.93,KGM,2022,10,87,Vehicles & Parts,export
New Zealand,48690951.92,1597947132.39,36908.1,KGM,2022,10,87,Vehicles & Parts,export
Mexico,40783536.69,1298264613.11,29816.51,KGM,2022,10,87,Vehicles & Parts,export
South Africa,32087676.15,1120324287.98,30840.38,KGM,2022,10,87,Vehicles & Parts,export
Chile,27914652.26,849816980.51,23107.4,KGM,2022,10,87,Vehicles & Parts,export
Argentina,24078790.65,776962228.8,16202.46,KGM,2022,10,87,Vehicles & Parts,export
United Kingdom,32600707.01,1031714048.68,19300.71,KGM,2022,10,87,Vehicles & Parts,export
Germany,17859894.85,612488273.66,12552.68,KGM,2022,10,87,Vehicles & Parts,export
Australia,296858020.61,9353112305.16,281238.8,KGM,2022,11,87,Vehicles & Parts,export
Philippines,158440938.41,5142793742.19,171454.93,KGM,2022,11,87,Vehicles & Parts,export
Indonesia,165222938.11,5494429912.15,163239.05,KGM,2022,11,87,Vehicles & Parts,export
Japan,157483848.04,5025669130.84,106907.12,KGM,2022,11,87,Vehicles & Parts,export
Malaysia,111318478.23,3682008962.38,99867.6,KGM,2022,11,87,Vehicles & Parts,export
Vietnam,100789017.59,3041514972.21,52964.47,KGM,2022,11,87,Vehicles & Parts,export
Saudi Arabia,60437593.43,1867733784.4,58816.62,KGM,2022,11,87,Vehicles & Parts,export
United Arab Emirates,67531135.57,2250477299.71,46097.4,KGM,2022,11,87,Vehicles & Parts,export
New Zealand,42895225.79,1515353548.31,33332.57,KGM,2022,11,87,Vehicles & Parts,export
Mexico,45377997.33,1359178940.09,32348.08,KGM,2022,11,87,Vehicles & Parts,export
South Africa,32265340.82,1053723133.06,27972.79,KGM,2022,11,87,Vehicles & Parts,export
Chile,22760900.25,722584816.38,28236.63,KGM,2022,11,87,Vehicles & Parts,export
Argentina,20842575.62,724829334.09,19185.32,KGM,2022,11,87,Vehicles & Parts,export
United Kingdom,30366848.04,934664543.58,19459.78,KGM,2022,11,87,Vehicles & Parts,export
Germany,15036416.56,485531357.88,14866.26,KGM,2022,11,87,Vehicles & Parts,export
Australia,263582736.06,9083209018.15,184061.69,KGM,2022,12,87,Vehicles & Parts,export
Philippines,178075288.41,5980972310.51,122011.91,KGM,2022,12,87,Vehicles & Parts,export
Indonesia,170410398.2,5569013209.14,106463.1,KGM,2022,12,87,Vehicles & Parts,export
Japan,122432000.01,4187522653.83,95975.4,KGM,2022,12,87,Vehicles & Parts,export
Malaysia,109115496.1,3659559444.73,84138.99,KGM,2022,12,87,Vehicles & Parts,export
Vietnam,78868478.29,2450620722.19,69504.96,KGM,2022,12,87,Vehicles & Parts,export
Saudi Arabia,83423212.86,2872662072.82,62148.57,KGM,2022,12,87,Vehicles & Parts,export
United Arab Emirates,52187403.62,1589879762.95,42081.57,KGM,2022,12,87,Vehicles & Parts,export
New Zealand,36524434.81,1208503188.96,28878.09,KGM,2022,12,87,Vehicles & Parts,export
Mexico,32485636.28,1024976350.75,29344.85,KGM,2022,12,87,Vehicles & Parts,export
South Africa,32251006.4,1044063589.17,21095.17,KGM,2022,12,87,Vehicles & Parts,export
Chile,27314880.0,850115984.9,21270.56,KGM,2022,12,87,Vehicles & Parts,export
Argentina,23114666.65,688509413.22,16891.8,KGM,2022,12,87,Vehicles & Parts,export
United Kingdom,22957396.46,717326634.25,19070.14,KGM,2022,12,87,Vehicles & Parts,export
Germany,18957453.73,638681819.49,12769.37,KGM,2022,12,87,Vehicles & Parts,export
Australia,251490320.02,8930314622.58,213813.98,KGM,2023,1,87,Vehicles & Parts,export
Philippines,175366174.37,5971810603.15,158893.66,KGM,2023,1,87,Vehicles & Parts,export
Indonesia,149784568.26,4353031213.15,122834.31,KGM,2023,1,87,Vehicles & Parts,export
Japan,117592484.73,3957819836.77,96861.82,KGM,2023,1,87,Vehicles & Parts,export
Malaysia,98308577.19,3049061666.07,82007.05,KGM,2023,1,87,Vehicles & Parts,export
Vietnam,69145237.21,2444753746.38,56377.91,KGM,2023,1,87,Vehicles & Parts,export
Saudi Arabia,57375725.9,1902448840.54,47590.94,KGM,2023,1,87,Vehicles & Parts,export
United Arab Emirates,41436482.13,1409469095.66,35297.04,KGM,2023,1,87,Vehicles & Parts,export
New Zealand,39267772.54,1195788723.9,39490.31,KGM,2023,1,87,Vehicles & Parts,export
Mexico,31717911.65,1046266025.48,24901.95,KGM,2023,1,87,Vehicles & Parts,export
South Africa,25220130.25,862116991.64,21395.4,KGM,2023,1,87,Vehicles & Parts,export
Chile,23976195.17,866021977.1,17181.62,KGM,2023,1,87,Vehicles & Parts,export
Argentina,20634151.61,704578207.57,17635.69,KGM,2023,1,87,Vehicles & Parts,export
United Kingdom,24465652.72,814676791.66,17843.91,KGM,2023,1,87,Vehicles & Parts,export
Germany,15276616.63,500364793.69,13727.28,KGM,2023,1,87,Vehicles & Parts,export
Australia,262500077.23,8945418670.31,164319.0,KGM,2023,2,87,Vehicles & Parts,export
Philippines,168405313.59,5741828562.92,123292.53,KGM,2023,2,87,Vehicles & Parts,export
Indonesia,148781790.16,5044487386.2,123385.85,KGM,2023,2,87,Vehicles & Parts,export
Japan,119596432.43,3837654237.88,88388.96,KGM,2023,2,87,Vehicles & Parts,export
Malaysia,93156566.08,3162513882.67,83865.66,KGM,2023,2,87,Vehicles & Parts,export
Vietnam,87314119.72,2852946075.97,71892.08,KGM,2023,2,87,Vehicles & Parts,export
Saudi Arabia,75921502.91,2449163553.5,50139.8,KGM,2023,2,87,Vehicles & Parts,export
United Arab Emirates,49186664.99,1568447646.69,40290.37,KGM,2023,2,87,Vehicles & Parts,export
New Zealand,39037347.06,1296520642.31,30031.27,KGM,2023,2,87,Vehicles & Parts,export
Mexico,34258859.27,1159973199.2,24576.6,KGM,2023,2,87,Vehicles & Parts,export
South Africa,23910299.88,772777412.22,24585.15,KGM,2023,2,87,Vehicles & Parts,export
Chile,22678397.68,763793741.58,19954.7,KGM,2023,2,87,Vehicles & Parts,export
Argentina,19610589.17,633042498.89,14174.39,KGM,2023,2,87,Vehicles & Parts,export
United Kingdom,24026676.95,763221241.75,20159.19,KGM,2023,2,87,Vehicles & Parts,export
Germany,14850974.57,488228136.92,13093.85,KGM,2023,2,87,Vehicles & Parts,export
Australia,269896854.33,8787202352.88,146037.63,KGM,2023,3,87,Vehicles & Parts,export
Philippines,192464645.31,6491791754.42,131382.01,KGM,2023,3,87,Vehicles & Parts,export
Indonesia,140308435.47,4718113366.96,103735.63,KGM,2023,3,87,Vehicles & Parts,export
Japan,132275616.14,4533045632.75,102111.4,KGM,2023,3,87,Vehicles & Parts,export
Malaysia,103082014.41,3287158647.67,78658.17,KGM,2023,3,87,Vehicles & Parts,export
Vietnam,80222539.4,2609787851.52,74905.44,KGM,2023,3,87,Vehicles & Parts,export
Saudi Arabia,79037615.22,2717649943.67,36642.47,KGM,2023,3,87,Vehicles & Parts,export
United Arab Emirates,55113229.55,1711975641.6,42096.14,KGM,2023,3,87,Vehicles & Parts,export
New Zealand,36974543.88,1233589838.54,38663.31,KGM,2023,3,87,Vehicles & Parts,export
Mexico,36258349.1,1242744453.14,28024.44,KGM,2023,3,87,Vehicles & Parts,export
South Africa,29215177.71,956361957.08,23824.45,KGM,2023,3,87,Vehicles & Parts,export
Chile,26031664.7,810062273.49,24693.07,KGM,2023,3,87,Vehicles & Parts,export
Argentina,17834035.35,606811549.45,14639.17,KGM,2023,3,87,Vehicles & Parts,export
United Kingdom,26331939.5,872890563.87,17197.51,KGM,2023,3,87,Vehicles & Parts,export
Germany,17158799.27,586683362.44,15139.15,KGM,2023,3,87,Vehicles & Parts,export
Australia,343498281.73,10375660925.92,188379.31,KGM,2023,4,87,Vehicles & Parts,export
Philippines,193710256.93,6021765848.1,163674.92,KGM,2023,4,87,Vehicles & Parts,export
Indonesia,143652864.72,5109980088.44,137154.86,KGM,2023,4,87,Vehicles & Parts,export
Japan,125172927.95,3774124363.24,110906.77,KGM,2023,4,87,Vehicles & Parts,export
Malaysia,107580325.1,3786968445.66,86610.5,KGM,2023,4,87,Vehicles & Parts,export
Vietnam,85002920.45,2706693351.76,79200.57,KGM,2023,4,87,Vehicles & Parts,export
Saudi Arabia,73834324.6,2635121361.23,73131.1,KGM,2023,4,87,Vehicles & Parts,export
United Arab Emirates,65639596.84,2145404380.87,45998.6,KGM,2023,4,87,Vehicles & Parts,export
New Zealand,47036393.45,1579668924.61,38632.81,KGM,2023,4,87,Vehicles & Parts,export
Mexico,33983940.44,1091075244.38,26629.61,KGM,2023,4,87,Vehicles & Parts,export
South Africa,35439769.79,1338742650.76,29234.18,KGM,2023,4,87,Vehicles & Parts,export
Chile,28607972.0,923512964.89,19875.09,KGM,2023,4,87,Vehicles & Parts,export
Argentina,22506511.7,767458730.35,21599.85,KGM,2023,4,87,Vehicles & Parts,export
United Kingdom,23744357.18,731154890.51,21802.26,KGM,2023,4,87,Vehicles & Parts,export
Germany,19377172.99,621680725.88,13393.4,KGM,2023,4,87,Vehicles & Parts,export
Australia,227395523.0,7916320358.92,244343.28,KGM,2023,5,87,Vehicles & Parts,export
Philippines,173731744.43,5608241323.09,146430.03,KGM,2023,5,87,Vehicles & Parts,export
Indonesia,164333233.91,5151784937.62,121180.6,KGM,2023,5,87,Vehicles & Parts,export
Japan,159160675.98,5372655058.92,76522.22,KGM,2023,5,87,Vehicles & Parts,export
Malaysia,115173320.92,3759881571.81,107382.94,KGM,2023,5,87,Vehicles & Parts,export
Vietnam,89867839.52,3013569314.97,67422.86,KGM,2023,5,87,Vehicles & Parts,export
Saudi Arabia,69378537.69,2212785038.07,51642.2,KGM,2023,5,87,Vehicles & Parts,export
United Arab Emirates,50697846.27,1679516390.55,39391.98,KGM,2023,5,87,Vehicles & Parts,export
New Zealand,45758829.22,1520146964.43,39795.51,KGM,2023,5,87,Vehicles & Parts,export
Mexico,32843172.26,1031793292.87,22259.44,KGM,2023,5,87,Vehicles & Parts,export
South Africa,35161637.12,1212268335.25,28457.45,KGM,2023,5,87,Vehicles & Parts,export
Chile,30346231.9,1019920909.4,25322.25,KGM,2023,5,87,Vehicles & Parts,export
Argentina,27540195.63,991416630.77,19324.44,KGM,2023,5,87,Vehicles & Parts,export
United Kingdom,26246111.99,858547754.74,20647.59,KGM,2023,5,87,Vehicles & Parts,export
Germany,18596705.02,628745332.15,14357.66,KGM,2023,5,87,Vehicles & Parts,export
Australia,282677723.19,9160442332.26,211832.71,KGM,2023,6,87,Vehicles & Parts,export
Philippines,213583545.25,6511219251.37,158117.28,KGM,2023,6,87,Vehicles & Parts,export
Indonesia,197246060.05,6698219027.17,144219.46,KGM,2023,6,87,Vehicles & Parts,export
Japan,156067140.08,4935050478.38,127684.66,KGM,2023,6,87,Vehicles & Parts,export
Malaysia,102013866.26,3259637171.52,117673.43,KGM,2023,6,87,Vehicles & Parts,export
Vietnam,98804781.04,3194827010.63,91070.28,KGM,2023,6,87,Vehicles & Parts,export
Saudi Arabia,73417307.49,2446214087.12,67701.71,KGM,2023,6,87,Vehicles & Parts,export
United Arab Emirates,59948082.34,1930954755.95,45254.98,KGM,2023,6,87,Vehicles & Parts,export
New Zealand,46015200.31,1498097173.57,43535.99,KGM,2023,6,87,Vehicles & Parts,export
Mexico,39712579.74,1432052253.81,26922.38,KGM,2023,6,87,Vehicles & Parts,export
South Africa,34382490.87,1182393853.45,27742.32,KGM,2023,6,87,Vehicles & Parts,export
Chile,27186561.67,835321855.45,26120.97,KGM,2023,6,87,Vehicles & Parts,export
Argentina,22337679.3,674131130.81,17209.35,KGM,2023,6,87,Vehicles & Parts,export
United Kingdom,27050075.49,848428923.88,22705.56,KGM,2023,6,87,Vehicles & Parts,export
Germany,16689848.62,548762434.94,15307.08,KGM,2023,6,87,Vehicles & Parts,export
Australia,272559156.94,8833150184.03,189966.38,KGM,2023,7,87,Vehicles & Parts,export
Philippines,174229545.11,5603527344.48,150872.28,KGM,2023,7,87,Vehicles & Parts,export
Indonesia,167348933.71,5171873566.29,113259.13,KGM,2023,7,87,Vehicles & Parts,export
Japan,147805559.97,4790513264.19,122286.34,KGM,2023,7,87,Vehicles & Parts,export
Malaysia,112309524.63,3891057663.55,84764.68,KGM,2023,7,87,Vehicles & Parts,export
Vietnam,91437724.31,3149979154.26,70196.74,KGM,2023,7,87,Vehicles & Parts,export
Saudi Arabia,68886867.04,2164927893.3,60855.96,KGM,2023,7,87,Vehicles & Parts,export
United Arab Emirates,59721477.87,1855364722.53,49183.69,KGM,2023,7,87,Vehicles & Parts,export
New Zealand,39925004.97,1433755975.72,38626.0,KGM,2023,7,87,Vehicles & Parts,export
Mexico,40633492.0,1288835370.13,29105.66,KGM,2023,7,87,Vehicles & Parts,export
South Africa,28694002.91,986619220.75,28382.08,KGM,2023,7,87,Vehicles & Parts,export
Chile,26232753.69,867528562.96,21736.79,KGM,2023,7,87,Vehicles & Parts,export
Argentina,27563308.4,869031759.57,18812.61,KGM,2023,7,87,Vehicles & Parts,export
United Kingdom,24761401.55,864074685.92,19950.63,KGM,2023,7,87,Vehicles & Parts,export
Germany,19624528.74,561498096.7,14314.21,KGM,2023,7,87,Vehicles & Parts,export
Australia,263810089.13,8845090995.97,240243.28,KGM,2023,8,87,Vehicles & Parts,export
Philippines,198870239.79,6615518376.43,128945.32,KGM,2023,8,87,Vehicles & Parts,export
Indonesia,156152844.83,4973208671.62,138463.41,KGM,2023,8,87,Vehicles & Parts,export
Japan,159635628.53,5233678182.1,120031.35,KGM,2023,8,87,Vehicles & Parts,export
Malaysia,131284036.72,4053708468.47,88162.81,KGM,2023,8,87,Vehicles & Parts,export
Vietnam,106283797.59,3456559988.87,79234.26,KGM,2023,8,87,Vehicles & Parts,export
Saudi Arabia,71955836.27,2462361282.08,65296.47,KGM,2023,8,87,Vehicles & Parts,export
United Arab Emirates,53257588.35,1777520430.36,49274.45,KGM,2023,8,87,Vehicles & Parts,export
New Zealand,44079923.87,1418492881.58,38471.14,KGM,2023,8,87,Vehicles & Parts,export
Mexico,43222847.18,1524180689.03,28367.18,KGM,2023,8,87,Vehicles & Parts,export
South Africa,34088822.33,1013812555.75,21279.19,KGM,2023,8,87,Vehicles & Parts,export
Chile,28238377.0,983992501.58,26764.33,KGM,2023,8,87,Vehicles & Parts,export
Argentina,24433039.1,790996475.48,17526.1,KGM,2023,8,87,Vehicles & Parts,export
United Kingdom,29437997.24,996588061.04,26082.36,KGM,2023,8,87,Vehicles & Parts,export
Germany,21088355.13,725615026.67,16569.4,KGM,2023,8,87,Vehicles & Parts,export
Australia,227520732.86,7131132461.53,210008.45,KGM,2023,9,87,Vehicles & Parts,export
Philippines,172482807.23,5317486415.57,156904.81,KGM,2023,9,87,Vehicles & Parts,export
Indonesia,159751962.78,4887545294.69,139448.48,KGM,2023,9,87,Vehicles & Parts,export
Japan,139853328.89,4358091775.96,126615.35,KGM,2023,9,87,Vehicles & Parts,export
Malaysia,126964473.43,4241562326.7,84978.62,KGM,2023,9,87,Vehicles & Parts,export
Vietnam,87159207.57,2836563797.51,82665.21,KGM,2023,9,87,Vehicles & Parts,export
Saudi Arabia,82054984.12,2776255966.9,58616.61,KGM,2023,9,87,Vehicles & Parts,export
United Arab Emirates,63779770.36,2058854828.83,47715.82,KGM,2023,9,87,Vehicles & Parts,export
New Zealand,47854895.59,1593777516.88,33252.9,KGM,2023,9,87,Vehicles & Parts,export
Mexico,41642016.04,1455907563.53,37254.18,KGM,2023,9,87,Vehicles & Parts,export
South Africa,30947791.22,1015103659.43,28138.43,KGM,2023,9,87,Vehicles & Parts,export
Chile,32980908.89,1131809856.28,21518.43,KGM,2023,9,87,Vehicles & Parts,export
Argentina,22081770.7,699401068.98,19350.73,KGM,2023,9,87,Vehicles & Parts,export
United Kingdom,23622780.13,770427005.93,20967.37,KGM,2023,9,87,Vehicles & Parts,export
Germany,22395291.84,718696381.19,13634.04,KGM,2023,9,87,Vehicles & Parts,export
Australia,258843842.76,8363065153.5,275458.21,KGM,2023,10,87,Vehicles & Parts,export
Philippines,194778527.95,5857797369.07,154550.08,KGM,2023,10,87,Vehicles & Parts,export
Indonesia,154829907.35,5252453659.78,128573.63,KGM,2023,10,87,Vehicles & Parts,export
Japan,113411423.77,3800943907.74,128817.18,KGM,2023,10,87,Vehicles & Parts,export
Malaysia,99007095.22,3440079805.11,93087.27,KGM,2023,10,87,Vehicles & Parts,export
Vietnam,90009145.25,3343082224.55,75298.63,KGM,2023,10,87,Vehicles & Parts,export
Saudi Arabia,83268040.47,2688259730.5,62514.76,KGM,2023,10,87,Vehicles & Parts,export
United Arab Emirates,62736264.59,1867430094.6,52360.63,KGM,2023,10,87,Vehicles & Parts,export
New Zealand,39140964.79,1282619469.48,35491.05,KGM,2023,10,87,Vehicles & Parts,export
Mexico,40624695.27,1328136033.74,25662.39,KGM,2023,10,87,Vehicles & Parts,export
South Africa,35026552.36,1127794196.45,25345.67,KGM,2023,10,87,Vehicles & Parts,export
Chile,28043061.43,925709990.88,25539.88,KGM,2023,10,87,Vehicles & Parts,export
Argentina,22321445.15,690827768.91,22470.45,KGM,2023,10,87,Vehicles & Parts,export
United Kingdom,25060164.17,817579600.08,23480.32,KGM,2023,10,87,Vehicles & Parts,export
Germany,20306738.64,697325702.4,13841.72,KGM,2023,10,87,Vehicles & Parts,export
Australia,347693419.3,11638694947.09,236823.18,KGM,2023,11,87,Vehicles & Parts,export
Philippines,156015076.62,4985618608.84,150032.51,KGM,2023,11,87,Vehicles & Parts,export
Indonesia,162798871.64,5236169679.22,131223.58,KGM,2023,11,87,Vehicles & Parts,export
Japan,126808794.8,3986548677.83,111778.19,KGM,2023,11,87,Vehicles & Parts,export
Malaysia,128079093.56,4290335843.12,98740.81,KGM,2023,11,87,Vehicles & Parts,export
Vietnam,108597006.65,3627648640.13,71299.0,KGM,2023,11,87,Vehicles & Parts,export
Saudi Arabia,87617099.53,2624679134.72,56508.23,KGM,2023,11,87,Vehicles & Parts,export
United Arab Emirates,55260048.91,1744581595.85,52938.79,KGM,2023,11,87,Vehicles & Parts,export
New Zealand,47165975.94,1543009884.27,35870.72,KGM,2023,11,87,Vehicles & Parts,export
Mexico,35424060.26,1145569107.63,26024.22,KGM,2023,11,87,Vehicles & Parts,export
South Africa,33690331.17,1115129520.64,31412.7,KGM,2023,11,87,Vehicles & Parts,export
Chile,26202349.61,892720319.06,21659.23,KGM,2023,11,87,Vehicles & Parts,export
Argentina,23685094.36,784533069.84,17191.19,KGM,2023,11,87,Vehicles & Parts,export
United Kingdom,27335611.9,916958045.23,25106.37,KGM,2023,11,87,Vehicles & Parts,export
Germany,17516383.63,574810231.06,19219.92,KGM,2023,11,87,Vehicles & Parts,export
Australia,188981150.94,5499841146.7,215490.97,KGM,2023,12,87,Vehicles & Parts,export
Philippines,189590680.87,6214920373.24,138327.42,KGM,2023,12,87,Vehicles & Parts,export
Indonesia,153251653.29,4927388118.05,131092.76,KGM,2023,12,87,Vehicles & Parts,export
Japan,127577796.8,3642482142.73,103452.65,KGM,2023,12,87,Vehicles & Parts,export
Malaysia,108287858.71,3633181747.28,89139.68,KGM,2023,12,87,Vehicles & Parts,export
Vietnam,88414477.24,2900562399.42,81152.54,KGM,2023,12,87,Vehicles & Parts,export
Saudi Arabia,68043279.25,2041427191.64,50093.49,KGM,2023,12,87,Vehicles & Parts,export
United Arab Emirates,53441377.34,1602467566.36,38104.08,KGM,2023,12,87,Vehicles & Parts,export
New Zealand,42245592.26,1374132876.96,33571.23,KGM,2023,12,87,Vehicles & Parts,export
Mexico,34520697.39,1186156154.51,22050.12,KGM,2023,12,87,Vehicles & Parts,export
South Africa,31100788.43,996487835.48,27382.97,KGM,2023,12,87,Vehicles & Parts,export
Chile,26649202.39,842711133.83,15776.7,KGM,2023,12,87,Vehicles & Parts,export
Argentina,18338660.29,572456805.75,17533.72,KGM,2023,12,87,Vehicles & Parts,export
United Kingdom,24414406.49,787641151.86,20388.02,KGM,2023,12,87,Vehicles & Parts,export
Germany,14767082.99,487987000.96,16312.37,KGM,2023,12,87,Vehicles & Parts,export
Australia,292723546.26,9457592008.54,175275.06,KGM,2024,1,87,Vehicles & Parts,export
Philippines,168701770.84,5962688080.51,158371.11,KGM,2024,1,87,Vehicles & Parts,export
Indonesia,143920554.49,4729870270.47,109569.6,KGM,2024,1,87,Vehicles & Parts,export
Japan,140609835.16,4689330101.41,101817.81,KGM,2024,1,87,Vehicles & Parts,export
Malaysia,112394014.05,3874807645.08,90139.11,KGM,2024,1,87,Vehicles & Parts,export
Vietnam,89579223.13,2792849642.33,78413.24,KGM,2024,1,87,Vehicles & Parts,export
Saudi Arabia,82641692.12,2707303610.17,60841.07,KGM,2024,1,87,Vehicles & Parts,export
United Arab Emirates,56215156.58,1895138754.24,38792.24,KGM,2024,1,87,Vehicles & Parts,export
New Zealand,44662827.38,1443077749.54,37223.32,KGM,2024,1,87,Vehicles & Parts,export
Mexico,36713280.12,1251792913.13,25555.61,KGM,2024,1,87,Vehicles & Parts,export
South Africa,29463894.14,939746805.63,18444.96,KGM,2024,1,87,Vehicles & Parts,export
Chile,27445750.17,955669852.28,19502.49,KGM,2024,1,87,Vehicles & Parts,export
Argentina,18525307.94,610014336.33,18275.65,KGM,2024,1,87,Vehicles & Parts,export
United Kingdom,24675633.38,822069479.22,17378.13,KGM,2024,1,87,Vehicles & Parts,export
Germany,15164993.98,497244960.02,12463.42,KGM,2024,1,87,Vehicles & Parts,export
Australia,235437588.61,6854711271.38,219611.95,KGM,2024,2,87,Vehicles & Parts,export
Philippines,160010632.13,5278308079.89,124659.48,KGM,2024,2,87,Vehicles & Parts,export
Indonesia,138644571.17,4521675121.1,131712.15,KGM,2024,2,87,Vehicles & Parts,export
Japan,123811937.22,4095451730.61,108216.16,KGM,2024,2,87,Vehicles & Parts,export
Malaysia,85343476.89,2800445858.62,74196.93,KGM,2024,2,87,Vehicles & Parts,export
Vietnam,68045712.21,2238540616.62,59600.32,KGM,2024,2,87,Vehicles & Parts,export
Saudi Arabia,78279529.01,2601746067.76,54454.95,KGM,2024,2,87,Vehicles & Parts,export
United Arab Emirates,57137944.2,1948023495.85,41858.18,KGM,2024,2,87,Vehicles & Parts,export
New Zealand,39071914.05,1304707769.66,27635.33,KGM,2024,2,87,Vehicles & Parts,export
Mexico,38520665.31,1309192653.01,30799.43,KGM,2024,2,87,Vehicles & Parts,export
South Africa,26552878.58,843495444.68,18564.25,KGM,2024,2,87,Vehicles & Parts,export
Chile,24969532.72,861525873.11,18445.01,KGM,2024,2,87,Vehicles & Parts,export
Argentina,17331913.87,552020887.8,16039.94,KGM,2024,2,87,Vehicles & Parts,export
United Kingdom,26859958.98,852897483.31,20822.97,KGM,2024,2,87,Vehicles & Parts,export
Germany,17683316.67,536162715.89,10495.33,KGM,2024,2,87,Vehicles & Parts,export
Australia,248948789.96,8173276285.26,166508.33,KGM,2024,3,87,Vehicles & Parts,export
Philippines,180612317.57,6106208698.4,138578.46,KGM,2024,3,87,Vehicles & Parts,export
Indonesia,152020418.2,4834880541.33,110685.59,KGM,2024,3,87,Vehicles & Parts,export
Japan,119896740.12,4063783226.54,101229.87,KGM,2024,3,87,Vehicles & Parts,export
Malaysia,90061130.83,3101383588.61,83837.34,KGM,2024,3,87,Vehicles & Parts,export
Vietnam,100798697.41,3660992141.87,66872.43,KGM,2024,3,87,Vehicles & Parts,export
Saudi Arabia,65174117.23,2036337166.35,56669.2,KGM,2024,3,87,Vehicles & Parts,export
United Arab Emirates,56990731.68,2038308370.77,58389.6,KGM,2024,3,87,Vehicles & Parts,export
New Zealand,49373688.3,1616894507.95,33761.93,KGM,2024,3,87,Vehicles & Parts,export
Mexico,40480935.59,1340905734.73,31753.61,KGM,2024,3,87,Vehicles & Parts,export
South Africa,32316781.31,1129635366.1,28721.06,KGM,2024,3,87,Vehicles & Parts,export
Chile,23213609.66,786181350.29,22445.27,KGM,2024,3,87,Vehicles & Parts,export
Argentina,21549206.93,701797739.14,21002.99,KGM,2024,3,87,Vehicles & Parts,export
United Kingdom,30881670.41,1031110008.26,20884.21,KGM,2024,3,87,Vehicles & Parts,export
Germany,18640347.5,635850130.67,17472.94,KGM,2024,3,87,Vehicles & Parts,export
Australia,268855843.65,8760868269.34,218036.06,KGM,2024,4,87,Vehicles & Parts,export
Philippines,188180776.55,6187008069.28,133234.52,KGM,2024,4,87,Vehicles & Parts,export
Indonesia,192177303.4,5890757848.62,156721.25,KGM,2024,4,87,Vehicles & Parts,export
Japan,116599487.19,3536619037.56,104678.49,KGM,2024,4,87,Vehicles & Parts,export
Malaysia,98461622.44,3243638503.87,93959.8,KGM,2024,4,87,Vehicles & Parts,export
Vietnam,77754186.85,2516674315.69,85682.35,KGM,2024,4,87,Vehicles & Parts,export
Saudi Arabia,71239339.46,2394804355.06,67438.88,KGM,2024,4,87,Vehicles & Parts,export
United Arab Emirates,56110959.06,1899604601.98,42404.48,KGM,2024,4,87,Vehicles & Parts,export
New Zealand,44925917.8,1403272562.0,36537.18,KGM,2024,4,87,Vehicles & Parts,export
Mexico,41858884.99,1394647625.62,35652.61,KGM,2024,4,87,Vehicles & Parts,export
South Africa,31272823.33,1059616334.55,29248.57,KGM,2024,4,87,Vehicles & Parts,export
Chile,26924679.26,871371868.39,25653.61,KGM,2024,4,87,Vehicles & Parts,export
Argentina,20459446.85,708439364.65,18635.04,KGM,2024,4,87,Vehicles & Parts,export
United Kingdom,28464549.88,922118014.16,19368.26,KGM,2024,4,87,Vehicles & Parts,export
Germany,21030411.7,693408013.4,15520.43,KGM,2024,4,87,Vehicles & Parts,export
Australia,283750622.88,9795639438.37,259804.61,KGM,2024,5,87,Vehicles & Parts,export
Philippines,164810747.58,5566422712.92,170628.01,KGM,2024,5,87,Vehicles & Parts,export
Indonesia,199979005.61,6939841250.32,136855.18,KGM,2024,5,87,Vehicles & Parts,export
Japan,150490911.54,5196586089.21,99628.21,KGM,2024,5,87,Vehicles & Parts,export
Malaysia,124308344.67,4156158492.94,84824.81,KGM,2024,5,87,Vehicles & Parts,export
Vietnam,116032643.37,3955466121.15,72222.71,KGM,2024,5,87,Vehicles & Parts,export
Saudi Arabia,68272586.89,2336004256.88,57135.86,KGM,2024,5,87,Vehicles & Parts,export
United Arab Emirates,58975916.9,2096814701.32,44889.17,KGM,2024,5,87,Vehicles & Parts,export
New Zealand,43499648.04,1467576282.3,37661.83,KGM,2024,5,87,Vehicles & Parts,export
Mexico,34992554.23,1211162747.97,32540.63,KGM,2024,5,87,Vehicles & Parts,export
South Africa,33157272.33,1078650492.58,24626.8,KGM,2024,5,87,Vehicles & Parts,export
Chile,21049576.68,702990302.27,25776.9,KGM,2024,5,87,Vehicles & Parts,export
Argentina,23535645.29,815829228.85,15333.05,KGM,2024,5,87,Vehicles & Parts,export
United Kingdom,27491909.55,906763181.76,24560.07,KGM,2024,5,87,Vehicles & Parts,export
Germany,16071444.7,556359269.52,17667.45,KGM,2024,5,87,Vehicles & Parts,export
Australia,315655284.5,9849638644.04,243463.58,KGM,2024,6,87,Vehicles & Parts,export
Philippines,212488247.86,7049128412.16,197783.42,KGM,2024,6,87,Vehicles & Parts,export
Indonesia,178337435.73,5331290667.65,122148.61,KGM,2024,6,87,Vehicles & Parts,export
Japan,141359467.57,4949791954.42,138155.96,KGM,2024,6,87,Vehicles & Parts,export
Malaysia,116532760.89,3632612520.76,98683.6,KGM,2024,6,87,Vehicles & Parts,export
Vietnam,98837236.68,3269734129.05,73278.74,KGM,2024,6,87,Vehicles & Parts,export
Saudi Arabia,76052210.1,2623390445.39,60364.1,KGM,2024,6,87,Vehicles & Parts,export
United Arab Emirates,70168406.92,2464871979.62,45965.9,KGM,2024,6,87,Vehicles & Parts,export
New Zealand,42806854.47,1329397239.32,38667.22,KGM,2024,6,87,Vehicles & Parts,export
Mexico,37878657.38,1313554231.64,33966.45,KGM,2024,6,87,Vehicles & Parts,export
South Africa,31548969.77,1099323584.0,28874.47,KGM,2024,6,87,Vehicles & Parts,export
Chile,32514761.18,1044251341.82,24189.02,KGM,2024,6,87,Vehicles & Parts,export
Argentina,22754157.77,749808268.26,17573.14,KGM,2024,6,87,Vehicles & Parts,export
United Kingdom,26911096.64,897283375.71,25368.82,KGM,2024,6,87,Vehicles & Parts,export
Germany,19907798.0,657786889.12,12185.8,KGM,2024,6,87,Vehicles & Parts,export
Australia,274300348.51,8525276416.49,289793.13,KGM,2024,7,87,Vehicles & Parts,export
Philippines,187729362.19,5921158825.39,160382.35,KGM,2024,7,87,Vehicles & Parts,export
Indonesia,205762358.85,6525212777.12,170271.93,KGM,2024,7,87,Vehicles & Parts,export
Japan,135242757.2,4746061389.11,144626.02,KGM,2024,7,87,Vehicles & Parts,export
Malaysia,110752512.64,3424457441.74,96763.05,KGM,2024,7,87,Vehicles & Parts,export
Vietnam,116885408.39,3959888235.66,77336.99,KGM,2024,7,87,Vehicles & Parts,export
Saudi Arabia,69497981.19,2340458279.61,52971.71,KGM,2024,7,87,Vehicles & Parts,export
United Arab Emirates,68518719.68,2160487426.68,43016.56,KGM,2024,7,87,Vehicles & Parts,export
New Zealand,49378752.13,1582199736.36,45864.42,KGM,2024,7,87,Vehicles & Parts,export
Mexico,37375410.67,1286335426.88,33747.28,KGM,2024,7,87,Vehicles & Parts,export
South Africa,32587594.87,1101237564.07,30364.53,KGM,2024,7,87,Vehicles & Parts,export
Chile,28796549.49,983313102.61,25490.78,KGM,2024,7,87,Vehicles & Parts,export
Argentina,21449865.3,718958713.09,22578.74,KGM,2024,7,87,Vehicles & Parts,export
United Kingdom,32704889.12,1091409866.16,23142.95,KGM,2024,7,87,Vehicles & Parts,export
Germany,19931199.43,703417852.03,16339.54,KGM,2024,7,87,Vehicles & Parts,export
Australia,309937495.36,10697275572.18,236104.32,KGM,2024,8,87,Vehicles & Parts,export
Philippines,205913854.76,6885167688.14,213946.6,KGM,2024,8,87,Vehicles & Parts,export
Indonesia,199665203.99,5975011694.08,157185.5,KGM,2024,8,87,Vehicles & Parts,export
Japan,137153428.55,4217539648.56,112204.02,KGM,2024,8,87,Vehicles & Parts,export
Malaysia,113768181.71,3565068479.27,79167.98,KGM,2024,8,87,Vehicles & Parts,export
Vietnam,101092951.06,3129502598.54,97154.88,KGM,2024,8,87,Vehicles & Parts,export
Saudi Arabia,69368391.27,2273842782.04,59134.74,KGM,2024,8,87,Vehicles & Parts,export
United Arab Emirates,50091713.45,1593558865.15,43405.28,KGM,2024,8,87,Vehicles & Parts,export
New Zealand,50925419.2,1668869701.33,41499.96,KGM,2024,8,87,Vehicles & Parts,export
Mexico,37991792.81,1256668478.37,28896.62,KGM,2024,8,87,Vehicles & Parts,export
South Africa,31175743.77,958752241.63,32769.9,KGM,2024,8,87,Vehicles & Parts,export
Chile,27669020.44,896532818.47,26158.12,KGM,2024,8,87,Vehicles & Parts,export
Argentina,26335317.25,901975514.48,23809.7,KGM,2024,8,87,Vehicles & Parts,export
United Kingdom,26053002.98,852425583.1,20408.76,KGM,2024,8,87,Vehicles & Parts,export
Germany,20616316.86,656063152.96,18079.2,KGM,2024,8,87,Vehicles & Parts,export
Australia,287236958.03,9362180273.46,234236.16,KGM,2024,9,87,Vehicles & Parts,export
Philippines,231349859.75,7687658612.5,158989.81,KGM,2024,9,87,Vehicles & Parts,export
Indonesia,197634241.32,6511496096.56,172565.84,KGM,2024,9,87,Vehicles & Parts,export
Japan,169943419.61,5580005586.23,147234.4,KGM,2024,9,87,Vehicles & Parts,export
Malaysia,113944065.54,3951765149.73,121952.48,KGM,2024,9,87,Vehicles & Parts,export
Vietnam,100750688.14,3166849605.59,86778.63,KGM,2024,9,87,Vehicles & Parts,export
Saudi Arabia,89430821.5,3094839718.66,50489.37,KGM,2024,9,87,Vehicles & Parts,export
United Arab Emirates,56017670.63,1680414601.81,38714.12,KGM,2024,9,87,Vehicles & Parts,export
New Zealand,47916857.33,1481357416.98,43684.68,KGM,2024,9,87,Vehicles & Parts,export
Mexico,35276820.33,1206866924.7,30290.33,KGM,2024,9,87,Vehicles & Parts,export
South Africa,38503002.28,1327393100.2,28647.9,KGM,2024,9,87,Vehicles & Parts,export
Chile,32263224.91,1108702112.62,22941.57,KGM,2024,9,87,Vehicles & Parts,export
Argentina,21925741.01,685200859.08,21299.86,KGM,2024,9,87,Vehicles & Parts,export
United Kingdom,30618579.13,1020204849.25,27681.41,KGM,2024,9,87,Vehicles & Parts,export
Germany,20099687.48,683288157.08,16536.69,KGM,2024,9,87,Vehicles & Parts,export
Australia,376760762.68,12149113928.19,267847.95,KGM,2024,10,87,Vehicles & Parts,export
Philippines,202680883.87,6311714343.19,147692.81,KGM,2024,10,87,Vehicles & Parts,export
Indonesia,140982969.09,4355435303.04,140784.34,KGM,2024,10,87,Vehicles & Parts,export
Japan,156756752.92,4917728548.4,116606.79,KGM,2024,10,87,Vehicles & Parts,export
Malaysia,98074462.98,2978661092.92,95194.76,KGM,2024,10,87,Vehicles & Parts,export
Vietnam,110808775.13,3618992698.17,85332.66,KGM,2024,10,87,Vehicles & Parts,export
Saudi Arabia,94812187.31,3183710122.12,66318.11,KGM,2024,10,87,Vehicles & Parts,export
United Arab Emirates,66369154.25,2139281185.55,46598.55,KGM,2024,10,87,Vehicles & Parts,export
New Zealand,51964487.81,1853987477.16,34710.46,KGM,2024,10,87,Vehicles & Parts,export
Mexico,42065621.52,1519758992.65,32321.38,KGM,2024,10,87,Vehicles & Parts,export
South Africa,32234843.19,1103074422.26,34322.12,KGM,2024,10,87,Vehicles & Parts,export
Chile,34518376.56,1141998996.83,24316.72,KGM,2024,10,87,Vehicles & Parts,export
Argentina,24986728.54,839244331.81,23174.91,KGM,2024,10,87,Vehicles & Parts,export
United Kingdom,29315903.58,966773434.47,23312.17,KGM,2024,10,87,Vehicles & Parts,export
Germany,20012173.27,684662926.45,19425.09,KGM,2024,10,87,Vehicles & Parts,export
Australia,329316261.06,10459163909.5,250643.48,KGM,2024,11,87,Vehicles & Parts,export
Philippines,217309251.8,7227941017.36,121610.38,KGM,2024,11,87,Vehicles & Parts,export
Indonesia,168000405.31,5427252886.43,130672.8,KGM,2024,11,87,Vehicles & Parts,export
Japan,151096012.16,5165271151.65,121557.48,KGM,2024,11,87,Vehicles & Parts,export
Malaysia,119780344.53,3702000897.18,96329.47,KGM,2024,11,87,Vehicles & Parts,export
Vietnam,88729099.0,3011998222.95,84066.16,KGM,2024,11,87,Vehicles & Parts,export
Saudi Arabia,79149898.56,2444794898.42,72291.9,KGM,2024,11,87,Vehicles & Parts,export
United Arab Emirates,63379093.52,2003024933.05,43776.08,KGM,2024,11,87,Vehicles & Parts,export
New Zealand,46906531.2,1578796228.45,40239.52,KGM,2024,11,87,Vehicles & Parts,export
Mexico,42108238.85,1429507378.55,31373.55,KGM,2024,11,87,Vehicles & Parts,export
South Africa,41551235.13,1377099081.48,28035.76,KGM,2024,11,87,Vehicles & Parts,export
Chile,28610752.89,997729078.1,23233.29,KGM,2024,11,87,Vehicles & Parts,export
Argentina,28592300.77,964572059.95,19826.46,KGM,2024,11,87,Vehicles & Parts,export
United Kingdom,33280093.58,1033051965.03,23073.67,KGM,2024,11,87,Vehicles & Parts,export
Germany,21717112.68,741072976.74,18001.65,KGM,2024,11,87,Vehicles & Parts,export
Australia,254603763.6,8510486514.92,250274.83,KGM,2024,12,87,Vehicles & Parts,export
Philippines,156097503.95,5081630717.29,114048.1,KGM,2024,12,87,Vehicles & Parts,export
Indonesia,162267758.98,5840072400.71,122573.08,KGM,2024,12,87,Vehicles & Parts,export
Japan,137592682.13,4071984892.63,93444.9,KGM,2024,12,87,Vehicles & Parts,export
Malaysia,108286448.64,3876183903.31,94684.61,KGM,2024,12,87,Vehicles & Parts,export
Vietnam,86382069.77,2674527829.2,85108.33,KGM,2024,12,87,Vehicles & Parts,export
Saudi Arabia,68107635.25,2328474142.88,49557.98,KGM,2024,12,87,Vehicles & Parts,export
United Arab Emirates,46017300.66,1432852468.47,44360.25,KGM,2024,12,87,Vehicles & Parts,export
New Zealand,51832220.35,1739849485.2,33682.82,KGM,2024,12,87,Vehicles & Parts,export
Mexico,28958261.88,922028315.87,23152.53,KGM,2024,12,87,Vehicles & Parts,export
South Africa,33482890.52,1159448377.11,26639.16,KGM,2024,12,87,Vehicles & Parts,export
Chile,22456761.97,722212918.85,22447.04,KGM,2024,12,87,Vehicles & Parts,export
Argentina,20260470.03,665055972.45,16496.56,KGM,2024,12,87,Vehicles & Parts,export
United Kingdom,28198462.48,952589411.14,24011.03,KGM,2024,12,87,Vehicles & Parts,export
Germany,18750000.73,638355205.61,17192.72,KGM,2024,12,87,Vehicles & Parts,export
Australia,254048847.77,9034350188.12,222162.06,KGM,2025,1,87,Vehicles & Parts,export
Philippines,158003624.75,5557807777.96,131293.57,KGM,2025,1,87,Vehicles & Parts,export
Indonesia,151235593.84,5283208411.89,136036.39,KGM,2025,1,87,Vehicles & Parts,export
Japan,113499450.18,3950579213.11,98750.73,KGM,2025,1,87,Vehicles & Parts,export
Malaysia,102527186.2,3304968495.65,62949.38,KGM,2025,1,87,Vehicles & Parts,export
Vietnam,93408081.78,3089590741.32,79830.75,KGM,2025,1,87,Vehicles & Parts,export
Saudi Arabia,72575725.48,2493322815.17,52928.65,KGM,2025,1,87,Vehicles & Parts,export
United Arab Emirates,59319615.33,1947032897.07,45364.95,KGM,2025,1,87,Vehicles & Parts,export
New Zealand,45144920.54,1491658263.64,38569.59,KGM,2025,1,87,Vehicles & Parts,export
Mexico,37384231.1,1313272026.53,28921.16,KGM,2025,1,87,Vehicles & Parts,export
South Africa,32407150.22,1137709429.71,22779.77,KGM,2025,1,87,Vehicles & Parts,export
Chile,27154303.28,840941467.83,20419.76,KGM,2025,1,87,Vehicles & Parts,export
Argentina,22133883.08,639800599.53,21117.36,KGM,2025,1,87,Vehicles & Parts,export
United Kingdom,18977504.71,632980596.95,22680.33,KGM,2025,1,87,Vehicles & Parts,export
Germany,18470338.75,550182149.41,12970.77,KGM,2025,1,87,Vehicles & Parts,export
Australia,229887976.09,7430580808.44,238152.45,KGM,2025,2,87,Vehicles & Parts,export
Philippines,159762375.74,4839726385.34,91536.72,KGM,2025,2,87,Vehicles & Parts,export
Indonesia,167152464.98,5764554102.1,116613.03,KGM,2025,2,87,Vehicles & Parts,export
Japan,115925494.13,3780169763.69,82633.78,KGM,2025,2,87,Vehicles & Parts,export
Malaysia,94553280.22,3005800170.57,72218.34,KGM,2025,2,87,Vehicles & Parts,export
Vietnam,82455475.69,2605724755.26,62922.32,KGM,2025,2,87,Vehicles & Parts,export
Saudi Arabia,78934190.11,2623592835.37,56433.04,KGM,2025,2,87,Vehicles & Parts,export
United Arab Emirates,49816274.81,1683677262.15,43324.54,KGM,2025,2,87,Vehicles & Parts,export
New Zealand,37469241.7,1108672638.64,27285.87,KGM,2025,2,87,Vehicles & Parts,export
Mexico,39424356.35,1336016108.86,25317.4,KGM,2025,2,87,Vehicles & Parts,export
South Africa,29845280.07,982005016.42,25966.16,KGM,2025,2,87,Vehicles & Parts,export
Chile,21745117.56,706147961.3,17563.45,KGM,2025,2,87,Vehicles & Parts,export
Argentina,17583279.4,548629375.61,15002.89,KGM,2025,2,87,Vehicles & Parts,export
United Kingdom,24250817.93,804623287.1,18865.95,KGM,2025,2,87,Vehicles & Parts,export
Germany,18145051.24,557894735.76,12983.98,KGM,2025,2,87,Vehicles & Parts,export
Australia,222845344.99,7131441175.4,228567.0,KGM,2025,3,87,Vehicles & Parts,export
Philippines,183893298.05,6466564706.81,155377.32,KGM,2025,3,87,Vehicles & Parts,export
Indonesia,138765695.24,4561526548.76,118176.5,KGM,2025,3,87,Vehicles & Parts,export
Japan,124148037.39,4340757423.94,92069.22,KGM,2025,3,87,Vehicles & Parts,export
Malaysia,100352401.58,3138799914.24,75591.07,KGM,2025,3,87,Vehicles & Parts,export
Vietnam,103561658.7,3202289691.83,68497.15,KGM,2025,3,87,Vehicles & Parts,export
Saudi Arabia,68454523.39,2350567909.73,59441.07,KGM,2025,3,87,Vehicles & Parts,export
United Arab Emirates,60577542.33,1950797605.39,40654.98,KGM,2025,3,87,Vehicles & Parts,export
New Zealand,56530554.35,1844158382.84,41831.32,KGM,2025,3,87,Vehicles & Parts,export
Mexico,28790447.05,892793805.86,28247.42,KGM,2025,3,87,Vehicles & Parts,export
South Africa,29875224.65,975521319.82,23126.68,KGM,2025,3,87,Vehicles & Parts,export
Chile,28220501.33,877190274.81,20451.75,KGM,2025,3,87,Vehicles & Parts,export
Argentina,22936287.6,691613733.86,17566.19,KGM,2025,3,87,Vehicles & Parts,export
United Kingdom,29727717.57,968999379.2,20459.11,KGM,2025,3,87,Vehicles & Parts,export
Germany,18272587.03,606998256.02,14918.97,KGM,2025,3,87,Vehicles & Parts,export
Australia,251384078.53,8165910104.72,239949.07,KGM,2025,4,87,Vehicles & Parts,export
Philippines,213634164.53,7473808427.72,169265.73,KGM,2025,4,87,Vehicles & Parts,export
Indonesia,157183112.94,5209223118.87,160193.75,KGM,2025,4,87,Vehicles & Parts,export
Japan,154526664.29,5205784277.17,124998.25,KGM,2025,4,87,Vehicles & Parts,export
Malaysia,103055776.45,3455204375.93,103114.77,KGM,2025,4,87,Vehicles & Parts,export
Vietnam,82171033.35,2562123839.85,72618.71,KGM,2025,4,87,Vehicles & Parts,export
Saudi Arabia,66098225.98,2034565509.5,67990.09,KGM,2025,4,87,Vehicles & Parts,export
United Arab Emirates,50181294.02,1622269468.93,57236.56,KGM,2025,4,87,Vehicles & Parts,export
New Zealand,51352162.26,1754257668.88,43749.69,KGM,2025,4,87,Vehicles & Parts,export
Mexico,39123220.12,1322615601.14,30699.44,KGM,2025,4,87,Vehicles & Parts,export
South Africa,32970583.99,1075222231.35,29232.65,KGM,2025,4,87,Vehicles & Parts,export
Chile,28489255.13,919616478.68,28350.56,KGM,2025,4,87,Vehicles & Parts,export
Argentina,24138022.38,814469741.87,20269.14,KGM,2025,4,87,Vehicles & Parts,export
United Kingdom,29756665.25,989202758.57,19657.72,KGM,2025,4,87,Vehicles & Parts,export
Germany,19741345.63,673354839.6,17527.87,KGM,2025,4,87,Vehicles & Parts,export
Australia,330572880.61,10415019066.64,207589.22,KGM,2025,5,87,Vehicles & Parts,export
Philippines,203119293.53,6641868691.26,178721.58,KGM,2025,5,87,Vehicles & Parts,export
Indonesia,163896875.2,5497845924.89,114387.87,KGM,2025,5,87,Vehicles & Parts,export
Japan,145834521.25,5010551134.41,111855.32,KGM,2025,5,87,Vehicles & Parts,export
Malaysia,116975823.45,4018097378.4,94410.05,KGM,2025,5,87,Vehicles & Parts,export
Vietnam,119875568.5,3798334148.74,74470.94,KGM,2025,5,87,Vehicles & Parts,export
Saudi Arabia,70886069.44,2223286384.5,66534.31,KGM,2025,5,87,Vehicles & Parts,export
United Arab Emirates,56797988.13,2006934113.93,45584.17,KGM,2025,5,87,Vehicles & Parts,export
New Zealand,55031562.74,1946864603.81,32080.04,KGM,2025,5,87,Vehicles & Parts,export
Mexico,34549805.2,1096893594.19,32071.93,KGM,2025,5,87,Vehicles & Parts,export
South Africa,33080251.64,1174788363.99,24294.06,KGM,2025,5,87,Vehicles & Parts,export
Chile,29086718.15,913078204.71,24238.87,KGM,2025,5,87,Vehicles & Parts,export
Argentina,21104632.19,712960696.58,18618.49,KGM,2025,5,87,Vehicles & Parts,export
United Kingdom,29141716.15,967104462.34,26359.9,KGM,2025,5,87,Vehicles & Parts,export
Germany,19679381.59,652380341.66,16743.63,KGM,2025,5,87,Vehicles & Parts,export
Australia,312840546.83,10751218191.89,243920.14,KGM,2025,6,87,Vehicles & Parts,export
Philippines,204223516.27,6993307808.79,177341.77,KGM,2025,6,87,Vehicles & Parts,export
Indonesia,201486535.38,6901352317.3,128299.65,KGM,2025,6,87,Vehicles & Parts,export
Japan,123193260.25,4075807976.02,127336.83,KGM,2025,6,87,Vehicles & Parts,export
Malaysia,125053565.31,4277037656.19,109909.31,KGM,2025,6,87,Vehicles & Parts,export
Vietnam,91352153.53,3088069685.4,66275.93,KGM,2025,6,87,Vehicles & Parts,export
Saudi Arabia,74048359.13,2387310890.43,65838.54,KGM,2025,6,87,Vehicles & Parts,export
United Arab Emirates,51857082.14,1750250587.96,44410.03,KGM,2025,6,87,Vehicles & Parts,export
New Zealand,48224685.18,1721658450.3,34395.21,KGM,2025,6,87,Vehicles & Parts,export
Mexico,37585195.31,1292872314.29,22215.31,KGM,2025,6,87,Vehicles & Parts,export
South Africa,33312718.76,1089805891.06,26133.86,KGM,2025,6,87,Vehicles & Parts,export
Chile,28057345.92,945442723.56,27448.42,KGM,2025,6,87,Vehicles & Parts,export
Argentina,24441502.61,869939332.37,18456.16,KGM,2025,6,87,Vehicles & Parts,export
United Kingdom,30995059.16,1035769701.41,25582.57,KGM,2025,6,87,Vehicles & Parts,export
Germany,20962580.94,680090399.85,15964.92,KGM,2025,6,87,Vehicles & Parts,export
Australia,305897766.58,10188147656.82,295389.46,KGM,2025,7,87,Vehicles & Parts,export
Philippines,221646671.31,7501477438.35,179826.58,KGM,2025,7,87,Vehicles & Parts,export
Indonesia,206324906.34,6240386196.78,104677.67,KGM,2025,7,87,Vehicles & Parts,export
Japan,172985441.47,5737521980.2,108832.45,KGM,2025,7,87,Vehicles & Parts,export
Malaysia,138656823.02,4927088835.56,96661.64,KGM,2025,7,87,Vehicles & Parts,export
Vietnam,94515643.12,3127258252.81,84480.71,KGM,2025,7,87,Vehicles & Parts,export
Saudi Arabia,90392984.38,2852219097.93,60957.62,KGM,2025,7,87,Vehicles & Parts,export
United Arab Emirates,56241047.82,1801359983.62,44802.7,KGM,2025,7,87,Vehicles & Parts,export
New Zealand,45780445.03,1607430591.35,44627.84,KGM,2025,7,87,Vehicles & Parts,export
Mexico,40874914.82,1313063893.03,29022.35,KGM,2025,7,87,Vehicles & Parts,export
South Africa,27282396.95,872379324.02,28787.81,KGM,2025,7,87,Vehicles & Parts,export
Chile,33839746.04,1086644035.63,19697.18,KGM,2025,7,87,Vehicles & Parts,export
Argentina,24348410.9,869345852.31,20764.61,KGM,2025,7,87,Vehicles & Parts,export
United Kingdom,25457228.84,785552711.1,22744.91,KGM,2025,7,87,Vehicles & Parts,export
Germany,21220238.13,696979663.93,14512.0,KGM,2025,7,87,Vehicles & Parts,export
Australia,298615772.39,9784323304.07,246472.04,KGM,2025,8,87,Vehicles & Parts,export
Philippines,182883627.56,5817239096.95,163704.33,KGM,2025,8,87,Vehicles & Parts,export
Indonesia,197160301.74,6198795957.03,146852.84,KGM,2025,8,87,Vehicles & Parts,export
Japan,188491458.56,6911078713.82,145734.02,KGM,2025,8,87,Vehicles & Parts,export
Malaysia,117372450.42,4015282038.26,87487.18,KGM,2025,8,87,Vehicles & Parts,export
Vietnam,112505811.38,3357667261.74,82939.49,KGM,2025,8,87,Vehicles & Parts,export
Saudi Arabia,73077103.34,2339179080.16,68107.81,KGM,2025,8,87,Vehicles & Parts,export
United Arab Emirates,52474832.75,1476119271.68,47112.86,KGM,2025,8,87,Vehicles & Parts,export
New Zealand,47586426.62,1592508099.58,38442.18,KGM,2025,8,87,Vehicles & Parts,export
Mexico,42731929.16,1467665422.5,33879.69,KGM,2025,8,87,Vehicles & Parts,export
South Africa,34853694.54,1152482432.86,23405.79,KGM,2025,8,87,Vehicles & Parts,export
Chile,27724791.47,938997785.09,20350.01,KGM,2025,8,87,Vehicles & Parts,export
Argentina,21743296.31,675385092.84,21910.12,KGM,2025,8,87,Vehicles & Parts,export
United Kingdom,29502176.85,1023883152.05,22662.77,KGM,2025,8,87,Vehicles & Parts,export
Germany,21460594.52,703126490.93,14602.47,KGM,2025,8,87,Vehicles & Parts,export
Australia,350928553.02,10860110777.39,292196.43,KGM,2025,9,87,Vehicles & Parts,export
Philippines,233679462.66,7774029621.94,189774.78,KGM,2025,9,87,Vehicles & Parts,export
Indonesia,184163224.05,5731140050.91,138859.35,KGM,2025,9,87,Vehicles & Parts,export
Japan,160124381.2,5388566639.91,121371.6,KGM,2025,9,87,Vehicles & Parts,export
Malaysia,129584664.82,4508901718.42,129068.93,KGM,2025,9,87,Vehicles & Parts,export
Vietnam,108896914.4,3657680102.6,61418.44,KGM,2025,9,87,Vehicles & Parts,export
Saudi Arabia,95669529.95,3471466621.43,62694.37,KGM,2025,9,87,Vehicles & Parts,export
United Arab Emirates,65319239.93,2058460419.99,51311.78,KGM,2025,9,87,Vehicles & Parts,export
New Zealand,59387852.89,1909523737.18,37183.42,KGM,2025,9,87,Vehicles & Parts,export
Mexico,33531151.97,1136085649.64,36593.07,KGM,2025,9,87,Vehicles & Parts,export
South Africa,36174367.94,1228806564.15,31478.06,KGM,2025,9,87,Vehicles & Parts,export
Chile,29842811.94,908029972.58,22446.21,KGM,2025,9,87,Vehicles & Parts,export
Argentina,25353872.94,842864206.62,17408.41,KGM,2025,9,87,Vehicles & Parts,export
United Kingdom,30478107.2,1053621284.97,23584.52,KGM,2025,9,87,Vehicles & Parts,export
Germany,18613157.92,607941296.88,12856.56,KGM,2025,9,87,Vehicles & Parts,export
Australia,295025408.58,9331537411.06,258598.27,KGM,2025,10,87,Vehicles & Parts,export
Philippines,221332015.18,6977369274.6,150082.57,KGM,2025,10,87,Vehicles & Parts,export
Indonesia,202943768.17,6335782480.9,152075.54,KGM,2025,10,87,Vehicles & Parts,export
Japan,144137576.43,4509424408.14,121738.62,KGM,2025,10,87,Vehicles & Parts,export
Malaysia,123770556.92,3914169928.95,98859.87,KGM,2025,10,87,Vehicles & Parts,export
Vietnam,113103407.12,3943746421.93,74557.0,KGM,2025,10,87,Vehicles & Parts,export
Saudi Arabia,83103758.51,2809658974.11,62587.72,KGM,2025,10,87,Vehicles & Parts,export
United Arab Emirates,63939491.56,1918083380.28,55624.35,KGM,2025,10,87,Vehicles & Parts,export
New Zealand,55844481.08,1846016187.81,39832.93,KGM,2025,10,87,Vehicles & Parts,export
Mexico,42105453.77,1271974408.89,39475.61,KGM,2025,10,87,Vehicles & Parts,export
South Africa,43169589.34,1434447950.71,32256.82,KGM,2025,10,87,Vehicles & Parts,export
Chile,27292789.56,877697354.82,20373.88,KGM,2025,10,87,Vehicles & Parts,export
Argentina,28236198.53,956285506.27,21224.7,KGM,2025,10,87,Vehicles & Parts,export
United Kingdom,27197746.55,942213493.65,25623.8,KGM,2025,10,87,Vehicles & Parts,export
Germany,24323807.5,789845509.41,14435.11,KGM,2025,10,87,Vehicles & Parts,export
Australia,302043276.08,10378706847.1,231357.03,KGM,2025,11,87,Vehicles & Parts,export
Philippines,268327356.7,9025768112.81,144484.79,KGM,2025,11,87,Vehicles & Parts,export
Indonesia,193164780.3,6760669927.26,155805.36,KGM,2025,11,87,Vehicles & Parts,export
Japan,162186435.65,5002602188.49,93015.02,KGM,2025,11,87,Vehicles & Parts,export
Malaysia,111734703.84,3663851026.1,91075.46,KGM,2025,11,87,Vehicles & Parts,export
Vietnam,101995360.45,3119726644.22,65141.02,KGM,2025,11,87,Vehicles & Parts,export
Saudi Arabia,65717183.91,2266371854.19,54269.27,KGM,2025,11,87,Vehicles & Parts,export
United Arab Emirates,60848585.67,1832980667.84,44312.12,KGM,2025,11,87,Vehicles & Parts,export
New Zealand,46838165.4,1579078303.03,44731.19,KGM,2025,11,87,Vehicles & Parts,export
Mexico,40640731.33,1233166666.19,32285.83,KGM,2025,11,87,Vehicles & Parts,export
South Africa,33650483.93,1076404208.77,31131.11,KGM,2025,11,87,Vehicles & Parts,export
Chile,36346610.72,1174698410.37,28635.01,KGM,2025,11,87,Vehicles & Parts,export
Argentina,25366833.71,869341491.25,26407.91,KGM,2025,11,87,Vehicles & Parts,export
United Kingdom,31489750.57,1046194641.33,25573.46,KGM,2025,11,87,Vehicles & Parts,export
Germany,20811282.38,674213241.68,14534.01,KGM,2025,11,87,Vehicles & Parts,export
Australia,232425887.46,7623863898.87,236004.51,KGM,2025,12,87,Vehicles & Parts,export
Philippines,194964437.71,6849708770.4,122610.36,KGM,2025,12,87,Vehicles & Parts,export
Indonesia,183971910.54,5931471429.05,105659.53,KGM,2025,12,87,Vehicles & Parts,export
Japan,130308245.83,4249377689.09,89828.25,KGM,2025,12,87,Vehicles & Parts,export
Malaysia,114618645.27,3487922988.13,81955.73,KGM,2025,12,87,Vehicles & Parts,export
Vietnam,97455109.05,3115697713.96,65497.61,KGM,2025,12,87,Vehicles & Parts,export
Saudi Arabia,84541406.9,2687267884.84,60654.56,KGM,2025,12,87,Vehicles & Parts,export
United Arab Emirates,47825576.51,1642596563.43,48457.14,KGM,2025,12,87,Vehicles & Parts,export
New Zealand,42941219.94,1441897413.37,30719.54,KGM,2025,12,87,Vehicles & Parts,export
Mexico,38335872.0,1201647679.84,27654.46,KGM,2025,12,87,Vehicles & Parts,export
South Africa,31741727.31,1024284963.73,26734.24,KGM,2025,12,87,Vehicles & Parts,export
Chile,27850778.17,966928772.89,22652.5,KGM,2025,12,87,Vehicles & Parts,export
Argentina,21665221.39,712764562.52,15619.78,KGM,2025,12,87,Vehicles & Parts,export
United Kingdom,31719880.61,936701080.92,17118.29,KGM,2025,12,87,Vehicles & Parts,export
Germany,17897855.54,585035302.62,13815.88,KGM,2025,12,87,Vehicles & Parts,export
Australia,259662822.7,8552334540.89,238657.72,KGM,2026,1,87,Vehicles & Parts,export
Philippines,192011646.56,6184012086.36,99764.6,KGM,2026,1,87,Vehicles & Parts,export
Indonesia,146698089.31,4863789068.6,92745.16,KGM,2026,1,87,Vehicles & Parts,export
Japan,131764874.13,4323341981.82,100512.25,KGM,2026,1,87,Vehicles & Parts,export
Malaysia,107580902.93,3653855693.0,95539.98,KGM,2026,1,87,Vehicles & Parts,export
Vietnam,91648708.95,2927066439.11,90640.65,KGM,2026,1,87,Vehicles & Parts,export
Saudi Arabia,61333180.23,2195743625.1,64790.85,KGM,2026,1,87,Vehicles & Parts,export
United Arab Emirates,49858237.12,1605426074.93,49634.0,KGM,2026,1,87,Vehicles & Parts,export
New Zealand,46961020.88,1505261356.91,38220.38,KGM,2026,1,87,Vehicles & Parts,export
Mexico,42047975.98,1323173707.26,35078.48,KGM,2026,1,87,Vehicles & Parts,export
South Africa,31681074.14,956012053.11,27571.87,KGM,2026,1,87,Vehicles & Parts,export
Chile,26689825.89,907486812.2,17071.27,KGM,2026,1,87,Vehicles & Parts,export
Argentina,22374050.54,685756770.71,16950.69,KGM,2026,1,87,Vehicles & Parts,export
United Kingdom,25026521.97,824337215.6,22622.82,KGM,2026,1,87,Vehicles & Parts,export
Germany,19863011.38,687815207.55,16118.67,KGM,2026,1,87,Vehicles & Parts,export
Australia,218967860.47,6908906481.0,191683.05,KGM,2026,2,87,Vehicles & Parts,export
Philippines,134837361.83,4209651286.86,140923.72,KGM,2026,2,87,Vehicles & Parts,export
Indonesia,120881276.1,3940002642.59,112480.18,KGM,2026,2,87,Vehicles & Parts,export
Japan,113574729.29,3578546696.72,118175.75,KGM,2026,2,87,Vehicles & Parts,export
Malaysia,97147274.92,3352941861.89,74822.37,KGM,2026,2,87,Vehicles & Parts,export
Vietnam,71076121.08,2357681649.41,60047.79,KGM,2026,2,87,Vehicles & Parts,export
Saudi Arabia,52861889.46,1742793169.11,38671.63,KGM,2026,2,87,Vehicles & Parts,export
United Arab Emirates,52473420.47,1714693538.79,35461.12,KGM,2026,2,87,Vehicles & Parts,export
New Zealand,43006878.15,1469345623.22,30303.99,KGM,2026,2,87,Vehicles & Parts,export
Mexico,39082386.12,1279339160.53,22974.69,KGM,2026,2,87,Vehicles & Parts,export
South Africa,28067839.7,921391670.14,25464.52,KGM,2026,2,87,Vehicles & Parts,export
Chile,24828870.2,816662261.59,19285.85,KGM,2026,2,87,Vehicles & Parts,export
Argentina,18473618.23,694576434.37,14299.66,KGM,2026,2,87,Vehicles & Parts,export
United Kingdom,19575071.78,653163586.37,15299.98,KGM,2026,2,87,Vehicles & Parts,export
Germany,15741088.62,498806488.52,12973.45,KGM,2026,2,87,Vehicles & Parts,export
Australia,232089072.01,7974910395.88,199821.34,KGM,2026,3,87,Vehicles & Parts,export
Philippines,154876714.12,4991925954.59,140441.54,KGM,2026,3,87,Vehicles & Parts,export
Indonesia,131525224.15,4519932940.7,105056.2,KGM,2026,3,87,Vehicles & Parts,export
Japan,121510057.68,4003042962.84,118896.39,KGM,2026,3,87,Vehicles & Parts,export
Malaysia,89304153.77,2839692435.25,87503.39,KGM,2026,3,87,Vehicles & Parts,export
Vietnam,82963623.12,2577304954.72,78344.88,KGM,2026,3,87,Vehicles & Parts,export
Saudi Arabia,65869003.73,2056068057.35,48001.8,KGM,2026,3,87,Vehicles & Parts,export
United Arab Emirates,49279800.28,1605986284.18,37123.45,KGM,2026,3,87,Vehicles & Parts,export
New Zealand,45860049.94,1412385247.87,31377.79,KGM,2026,3,87,Vehicles & Parts,export
Mexico,36697129.97,1311616103.99,25079.99,KGM,2026,3,87,Vehicles & Parts,export
South Africa,28940254.71,855006878.54,23745.62,KGM,2026,3,87,Vehicles & Parts,export
Chile,22859071.01,764433187.85,15032.08,KGM,2026,3,87,Vehicles & Parts,export
Argentina,21376827.44,731325101.07,18546.29,KGM,2026,3,87,Vehicles & Parts,export
United Kingdom,28350476.98,939197979.85,20132.24,KGM,2026,3,87,Vehicles & Parts,export
Germany,18240740.78,576279382.92,12478.5,KGM,2026,3,87,Vehicles & Parts,export
China,169254319.52,5712334320.86,91902.54,KGM,2019,1,39,Plastics & Articles,export
Japan,91002663.11,2911924637.2,60910.19,KGM,2019,1,39,Plastics & Articles,export
Vietnam,70716499.11,2370947912.24,60192.04,KGM,2019,1,39,Plastics & Articles,export
Indonesia,58485213.34,1987864174.7,47994.36,KGM,2019,1,39,Plastics & Articles,export
India,54481417.91,1883134062.08,48627.73,KGM,2019,1,39,Plastics & Articles,export
Malaysia,44078281.83,1482605394.28,37906.24,KGM,2019,1,39,Plastics & Articles,export
Australia,37269490.79,1238963986.96,26275.87,KGM,2019,1,39,Plastics & Articles,export
Philippines,23275270.52,780315583.88,26486.33,KGM,2019,1,39,Plastics & Articles,export
United States of America,36082988.21,1226163222.66,27852.4,KGM,2019,1,39,Plastics & Articles,export
"Korea, Republic of",30382952.81,1089331302.83,21457.53,KGM,2019,1,39,Plastics & Articles,export
Myanmar,23725579.27,800301604.64,15898.99,KGM,2019,1,39,Plastics & Articles,export
Cambodia,19048458.16,616949281.77,13248.12,KGM,2019,1,39,Plastics & Articles,export
Bangladesh,14039592.9,457409120.25,11874.45,KGM,2019,1,39,Plastics & Articles,export
Hong Kong,15060711.37,525641457.92,12339.74,KGM,2019,1,39,Plastics & Articles,export
Singapore,19340089.62,699466336.76,13431.25,KGM,2019,1,39,Plastics & Articles,export
China,131814214.18,4468006731.13,108062.08,KGM,2019,2,39,Plastics & Articles,export
Japan,109610047.35,3511645833.39,71276.94,KGM,2019,2,39,Plastics & Articles,export
Vietnam,59221437.87,1955280888.99,45067.06,KGM,2019,2,39,Plastics & Articles,export
Indonesia,59753559.36,1991762902.59,37609.55,KGM,2019,2,39,Plastics & Articles,export
India,43070205.34,1462131071.17,35266.5,KGM,2019,2,39,Plastics & Articles,export
Malaysia,39322587.67,1263176506.82,39345.13,KGM,2019,2,39,Plastics & Articles,export
Australia,39345939.9,1254406714.78,36035.06,KGM,2019,2,39,Plastics & Articles,export
Philippines,35320414.58,1132059871.99,22703.35,KGM,2019,2,39,Plastics & Articles,export
United States of America,34368187.74,1206415683.83,26961.62,KGM,2019,2,39,Plastics & Articles,export
"Korea, Republic of",28058805.2,871250611.17,22941.54,KGM,2019,2,39,Plastics & Articles,export
Myanmar,21652268.22,747363716.15,13838.62,KGM,2019,2,39,Plastics & Articles,export
Cambodia,16851863.94,543425632.96,15021.9,KGM,2019,2,39,Plastics & Articles,export
Bangladesh,11679208.32,402273824.71,12537.14,KGM,2019,2,39,Plastics & Articles,export
Hong Kong,14364106.26,490182760.06,8461.83,KGM,2019,2,39,Plastics & Articles,export
Singapore,16402187.73,529201756.16,15044.85,KGM,2019,2,39,Plastics & Articles,export
China,152190614.89,4834889253.59,134230.45,KGM,2019,3,39,Plastics & Articles,export
Japan,93416500.8,3386317671.64,80647.54,KGM,2019,3,39,Plastics & Articles,export
Vietnam,78577117.9,2454928930.21,69713.45,KGM,2019,3,39,Plastics & Articles,export
Indonesia,74066008.01,2429491914.42,45753.8,KGM,2019,3,39,Plastics & Articles,export
India,58249651.86,2016682318.46,40184.19,KGM,2019,3,39,Plastics & Articles,export
Malaysia,44356415.1,1534800846.24,41787.65,KGM,2019,3,39,Plastics & Articles,export
Australia,41872947.69,1540770040.07,34358.7,KGM,2019,3,39,Plastics & Articles,export
Philippines,32985723.53,1105165206.28,25667.24,KGM,2019,3,39,Plastics & Articles,export
United States of America,44615668.26,1461176581.89,40517.91,KGM,2019,3,39,Plastics & Articles,export
"Korea, Republic of",25180282.29,779464899.38,25259.05,KGM,2019,3,39,Plastics & Articles,export
Myanmar,24362177.1,800029394.61,19694.55,KGM,2019,3,39,Plastics & Articles,export
Cambodia,19695597.57,624302738.92,12693.6,KGM,2019,3,39,Plastics & Articles,export
Bangladesh,17317060.48,569229245.3,9563.94,KGM,2019,3,39,Plastics & Articles,export
Hong Kong,15338437.35,545106047.76,9638.16,KGM,2019,3,39,Plastics & Articles,export
Singapore,17752594.4,573349391.65,16876.29,KGM,2019,3,39,Plastics & Articles,export
China,149533956.94,4854690025.83,126966.49,KGM,2019,4,39,Plastics & Articles,export
Japan,96170011.58,3027338019.3,70996.36,KGM,2019,4,39,Plastics & Articles,export
Vietnam,89869727.46,2957570474.01,65387.71,KGM,2019,4,39,Plastics & Articles,export
Indonesia,59509010.0,1955993148.12,62141.3,KGM,2019,4,39,Plastics & Articles,export
India,46329529.13,1475767350.35,47247.05,KGM,2019,4,39,Plastics & Articles,export
Malaysia,53463086.42,1838296183.79,44084.78,KGM,2019,4,39,Plastics & Articles,export
Australia,38949255.14,1299849925.18,32224.11,KGM,2019,4,39,Plastics & Articles,export
Philippines,35582693.64,1179215410.93,22878.94,KGM,2019,4,39,Plastics & Articles,export
United States of America,48460685.33,1597307504.99,30567.92,KGM,2019,4,39,Plastics & Articles,export
"Korea, Republic of",36053551.93,1106548726.48,22204.71,KGM,2019,4,39,Plastics & Articles,export
Myanmar,24359417.46,842472204.28,23534.73,KGM,2019,4,39,Plastics & Articles,export
Cambodia,18416464.17,602885656.99,17147.51,KGM,2019,4,39,Plastics & Articles,export
Bangladesh,17659655.09,595868136.06,12101.72,KGM,2019,4,39,Plastics & Articles,export
Hong Kong,19453412.94,659263303.88,8970.48,KGM,2019,4,39,Plastics & Articles,export
Singapore,23109761.94,737642911.39,13282.91,KGM,2019,4,39,Plastics & Articles,export
China,160104939.35,5089940876.89,121638.77,KGM,2019,5,39,Plastics & Articles,export
Japan,96252570.81,3391120377.68,88176.27,KGM,2019,5,39,Plastics & Articles,export
Vietnam,94188784.06,3367076913.27,74617.07,KGM,2019,5,39,Plastics & Articles,export
Indonesia,80208850.96,2819056200.22,54396.11,KGM,2019,5,39,Plastics & Articles,export
India,60806195.32,2002065076.65,45455.73,KGM,2019,5,39,Plastics & Articles,export
Malaysia,55062587.33,1865007360.62,47034.84,KGM,2019,5,39,Plastics & Articles,export
Australia,40016508.81,1209301828.62,31375.42,KGM,2019,5,39,Plastics & Articles,export
Philippines,34536446.77,1085585650.13,27603.92,KGM,2019,5,39,Plastics & Articles,export
United States of America,43637937.17,1342932702.59,35158.67,KGM,2019,5,39,Plastics & Articles,export
"Korea, Republic of",28228246.73,904721778.05,27278.66,KGM,2019,5,39,Plastics & Articles,export
Myanmar,25044104.21,825466089.18,20385.1,KGM,2019,5,39,Plastics & Articles,export
Cambodia,22268133.44,777088247.54,18537.11,KGM,2019,5,39,Plastics & Articles,export
Bangladesh,16144170.12,553095134.28,14171.52,KGM,2019,5,39,Plastics & Articles,export
Hong Kong,16469444.28,547038640.68,12182.67,KGM,2019,5,39,Plastics & Articles,export
Singapore,19571392.64,652318447.93,15258.21,KGM,2019,5,39,Plastics & Articles,export
China,166798622.59,5116240863.08,138864.52,KGM,2019,6,39,Plastics & Articles,export
Japan,100209419.28,3149761897.68,59467.49,KGM,2019,6,39,Plastics & Articles,export
Vietnam,84244064.81,2847893886.93,77899.08,KGM,2019,6,39,Plastics & Articles,export
Indonesia,68613882.7,2238466946.61,51940.61,KGM,2019,6,39,Plastics & Articles,export
India,67269386.23,2146679975.29,41280.54,KGM,2019,6,39,Plastics & Articles,export
Malaysia,56440452.59,2026699271.48,39116.13,KGM,2019,6,39,Plastics & Articles,export
Australia,45435474.51,1388578922.06,38712.22,KGM,2019,6,39,Plastics & Articles,export
Philippines,37602050.52,1281238990.37,24427.59,KGM,2019,6,39,Plastics & Articles,export
United States of America,40954269.47,1283533613.0,34909.04,KGM,2019,6,39,Plastics & Articles,export
"Korea, Republic of",24631273.31,801977021.13,24229.99,KGM,2019,6,39,Plastics & Articles,export
Myanmar,23220821.16,673111671.52,16282.34,KGM,2019,6,39,Plastics & Articles,export
Cambodia,22362563.37,717708638.02,16479.67,KGM,2019,6,39,Plastics & Articles,export
Bangladesh,17361779.56,579958957.35,15255.51,KGM,2019,6,39,Plastics & Articles,export
Hong Kong,16246680.66,520647155.58,17080.22,KGM,2019,6,39,Plastics & Articles,export
Singapore,18254534.32,595401917.93,17203.62,KGM,2019,6,39,Plastics & Articles,export
China,182451570.72,5975702949.31,124912.71,KGM,2019,7,39,Plastics & Articles,export
Japan,91342322.49,3033967667.7,87753.52,KGM,2019,7,39,Plastics & Articles,export
Vietnam,81040126.98,2671733681.91,65466.74,KGM,2019,7,39,Plastics & Articles,export
Indonesia,57084260.28,1978314548.59,60774.67,KGM,2019,7,39,Plastics & Articles,export
India,58570635.6,1845268635.0,46296.0,KGM,2019,7,39,Plastics & Articles,export
Malaysia,58636674.81,1969699262.38,47130.18,KGM,2019,7,39,Plastics & Articles,export
Australia,45083533.69,1557239583.18,38255.26,KGM,2019,7,39,Plastics & Articles,export
Philippines,30479350.1,1027223386.27,25671.06,KGM,2019,7,39,Plastics & Articles,export
United States of America,42513853.88,1444008049.78,36345.57,KGM,2019,7,39,Plastics & Articles,export
"Korea, Republic of",29886999.71,1038849826.6,16042.87,KGM,2019,7,39,Plastics & Articles,export
Myanmar,27097589.54,874811904.43,24966.11,KGM,2019,7,39,Plastics & Articles,export
Cambodia,16993945.56,572441404.8,16305.77,KGM,2019,7,39,Plastics & Articles,export
Bangladesh,15929935.23,509913893.74,15528.2,KGM,2019,7,39,Plastics & Articles,export
Hong Kong,16498524.46,613109375.42,12939.75,KGM,2019,7,39,Plastics & Articles,export
Singapore,18945671.54,591070636.6,17834.13,KGM,2019,7,39,Plastics & Articles,export
China,177554228.18,6152239242.48,121603.71,KGM,2019,8,39,Plastics & Articles,export
Japan,112353724.74,3473174490.68,85084.79,KGM,2019,8,39,Plastics & Articles,export
Vietnam,85376663.07,2923774139.06,66160.57,KGM,2019,8,39,Plastics & Articles,export
Indonesia,62469579.57,2152144520.79,62547.5,KGM,2019,8,39,Plastics & Articles,export
India,51825474.43,1706249928.48,46800.0,KGM,2019,8,39,Plastics & Articles,export
Malaysia,56680631.48,1888111541.81,37804.36,KGM,2019,8,39,Plastics & Articles,export
Australia,47633459.48,1439198229.75,35368.56,KGM,2019,8,39,Plastics & Articles,export
Philippines,32635478.86,1115123739.67,30447.02,KGM,2019,8,39,Plastics & Articles,export
United States of America,33263031.71,1144880515.93,35160.37,KGM,2019,8,39,Plastics & Articles,export
"Korea, Republic of",31660685.65,1142744154.29,25918.24,KGM,2019,8,39,Plastics & Articles,export
Myanmar,25638108.17,809927238.14,21353.41,KGM,2019,8,39,Plastics & Articles,export
Cambodia,20096434.88,688797035.6,16482.8,KGM,2019,8,39,Plastics & Articles,export
Bangladesh,15883271.6,498103378.4,15767.99,KGM,2019,8,39,Plastics & Articles,export
Hong Kong,18264655.08,609787740.44,14643.14,KGM,2019,8,39,Plastics & Articles,export
Singapore,23571203.79,761368973.79,15637.03,KGM,2019,8,39,Plastics & Articles,export
China,158141318.86,5190211822.57,140151.4,KGM,2019,9,39,Plastics & Articles,export
Japan,113992778.11,3879644571.9,87899.06,KGM,2019,9,39,Plastics & Articles,export
Vietnam,85775120.39,3063810370.91,73407.67,KGM,2019,9,39,Plastics & Articles,export
Indonesia,60581205.41,2057057216.59,43641.29,KGM,2019,9,39,Plastics & Articles,export
India,56052675.76,1894628740.32,40875.42,KGM,2019,9,39,Plastics & Articles,export
Malaysia,47227025.21,1569576223.59,49756.84,KGM,2019,9,39,Plastics & Articles,export
Australia,42863599.48,1428334405.31,31549.36,KGM,2019,9,39,Plastics & Articles,export
Philippines,29431775.31,902636316.09,19706.55,KGM,2019,9,39,Plastics & Articles,export
United States of America,48725206.93,1503087199.2,31118.62,KGM,2019,9,39,Plastics & Articles,export
"Korea, Republic of",30353045.7,1051363998.68,31040.58,KGM,2019,9,39,Plastics & Articles,export
Myanmar,24148832.54,768079393.73,18937.47,KGM,2019,9,39,Plastics & Articles,export
Cambodia,19883796.12,646145375.21,18641.97,KGM,2019,9,39,Plastics & Articles,export
Bangladesh,15552005.21,566894702.12,11755.07,KGM,2019,9,39,Plastics & Articles,export
Hong Kong,18792805.89,654338048.49,12561.77,KGM,2019,9,39,Plastics & Articles,export
Singapore,19354148.68,631528846.57,17212.07,KGM,2019,9,39,Plastics & Articles,export
China,183281871.0,6083626917.83,127720.47,KGM,2019,10,39,Plastics & Articles,export
Japan,89117499.84,3119366136.66,82494.04,KGM,2019,10,39,Plastics & Articles,export
Vietnam,99228172.36,3047405944.74,65986.44,KGM,2019,10,39,Plastics & Articles,export
Indonesia,56281356.79,1880786984.94,61867.96,KGM,2019,10,39,Plastics & Articles,export
India,65429741.08,2174187202.05,60624.77,KGM,2019,10,39,Plastics & Articles,export
Malaysia,55231643.48,1957183304.72,35955.98,KGM,2019,10,39,Plastics & Articles,export
Australia,44262189.82,1474452549.22,32471.1,KGM,2019,10,39,Plastics & Articles,export
Philippines,43201121.8,1362753494.15,36179.25,KGM,2019,10,39,Plastics & Articles,export
United States of America,50289172.24,1734040473.97,37450.36,KGM,2019,10,39,Plastics & Articles,export
"Korea, Republic of",32371656.37,1132423919.52,27059.41,KGM,2019,10,39,Plastics & Articles,export
Myanmar,22277241.7,696068717.25,22534.09,KGM,2019,10,39,Plastics & Articles,export
Cambodia,21456901.58,675640322.29,18002.1,KGM,2019,10,39,Plastics & Articles,export
Bangladesh,16953501.97,544378305.41,11979.56,KGM,2019,10,39,Plastics & Articles,export
Hong Kong,18921332.72,602567472.73,15895.5,KGM,2019,10,39,Plastics & Articles,export
Singapore,25487530.51,895888828.35,19247.15,KGM,2019,10,39,Plastics & Articles,export
China,145382924.19,4930926430.4,146612.15,KGM,2019,11,39,Plastics & Articles,export
Japan,87783644.85,2813040609.75,109367.39,KGM,2019,11,39,Plastics & Articles,export
Vietnam,93137418.43,3087670677.29,78525.46,KGM,2019,11,39,Plastics & Articles,export
Indonesia,80459851.71,2521256322.8,70068.86,KGM,2019,11,39,Plastics & Articles,export
India,62551503.21,1910976066.35,54902.12,KGM,2019,11,39,Plastics & Articles,export
Malaysia,58640648.41,2048073334.5,51082.85,KGM,2019,11,39,Plastics & Articles,export
Australia,46103131.58,1546122777.06,41860.64,KGM,2019,11,39,Plastics & Articles,export
Philippines,30670687.49,1000372436.47,26496.4,KGM,2019,11,39,Plastics & Articles,export
United States of America,43884219.18,1425913456.15,34933.8,KGM,2019,11,39,Plastics & Articles,export
"Korea, Republic of",31593257.89,1052724278.36,29197.91,KGM,2019,11,39,Plastics & Articles,export
Myanmar,28166098.68,934803685.06,15618.66,KGM,2019,11,39,Plastics & Articles,export
Cambodia,24483426.86,850007135.06,20309.99,KGM,2019,11,39,Plastics & Articles,export
Bangladesh,18202693.78,582320886.77,14835.37,KGM,2019,11,39,Plastics & Articles,export
Hong Kong,19159532.41,651832991.62,13001.43,KGM,2019,11,39,Plastics & Articles,export
Singapore,22175007.75,765079075.14,17698.34,KGM,2019,11,39,Plastics & Articles,export
China,161938506.47,5223069011.96,126826.5,KGM,2019,12,39,Plastics & Articles,export
Japan,106741281.76,3642127920.0,76540.73,KGM,2019,12,39,Plastics & Articles,export
Vietnam,77287261.18,2591628758.07,56227.46,KGM,2019,12,39,Plastics & Articles,export
Indonesia,57679302.7,1620906537.71,51644.3,KGM,2019,12,39,Plastics & Articles,export
India,51515631.79,1626263877.93,42859.41,KGM,2019,12,39,Plastics & Articles,export
Malaysia,47673398.05,1572799540.49,34935.46,KGM,2019,12,39,Plastics & Articles,export
Australia,36219151.55,1224893956.33,34243.3,KGM,2019,12,39,Plastics & Articles,export
Philippines,31580244.93,1162025054.86,24715.83,KGM,2019,12,39,Plastics & Articles,export
United States of America,37729929.19,1178698408.48,28102.12,KGM,2019,12,39,Plastics & Articles,export
"Korea, Republic of",29262702.89,928444577.95,25668.69,KGM,2019,12,39,Plastics & Articles,export
Myanmar,22344737.64,733216975.52,17606.38,KGM,2019,12,39,Plastics & Articles,export
Cambodia,15778436.75,548858700.69,16817.71,KGM,2019,12,39,Plastics & Articles,export
Bangladesh,12413016.43,439747332.46,14854.35,KGM,2019,12,39,Plastics & Articles,export
Hong Kong,10626228.95,348546740.9,9067.54,KGM,2019,12,39,Plastics & Articles,export
Singapore,21689077.46,716435267.05,15866.51,KGM,2019,12,39,Plastics & Articles,export
China,159732788.22,5577236354.04,109134.03,KGM,2020,1,39,Plastics & Articles,export
Japan,89700818.72,2853094518.62,58302.3,KGM,2020,1,39,Plastics & Articles,export
Vietnam,78320578.56,2538378083.1,58326.14,KGM,2020,1,39,Plastics & Articles,export
Indonesia,61652921.56,1920761521.94,50421.7,KGM,2020,1,39,Plastics & Articles,export
India,59342341.69,1995655030.44,41633.11,KGM,2020,1,39,Plastics & Articles,export
Malaysia,45761334.88,1572701100.92,34471.7,KGM,2020,1,39,Plastics & Articles,export
Australia,38073215.7,1114287259.73,30479.15,KGM,2020,1,39,Plastics & Articles,export
Philippines,32690681.6,1115811375.02,23676.04,KGM,2020,1,39,Plastics & Articles,export
United States of America,43979137.29,1454883823.59,33198.53,KGM,2020,1,39,Plastics & Articles,export
"Korea, Republic of",25679448.85,866041414.71,27559.42,KGM,2020,1,39,Plastics & Articles,export
Myanmar,23135021.78,732342928.33,17730.04,KGM,2020,1,39,Plastics & Articles,export
Cambodia,15199786.36,483823265.83,17864.26,KGM,2020,1,39,Plastics & Articles,export
Bangladesh,14819163.3,520888579.74,11931.52,KGM,2020,1,39,Plastics & Articles,export
Hong Kong,13949055.03,471035107.84,12458.55,KGM,2020,1,39,Plastics & Articles,export
Singapore,16269025.56,519428836.74,12426.51,KGM,2020,1,39,Plastics & Articles,export
China,149472217.47,4905883874.37,118365.13,KGM,2020,2,39,Plastics & Articles,export
Japan,93261639.43,3053776168.7,62838.8,KGM,2020,2,39,Plastics & Articles,export
Vietnam,72129946.28,2629319927.09,52554.83,KGM,2020,2,39,Plastics & Articles,export
Indonesia,45756910.27,1564891287.66,53645.12,KGM,2020,2,39,Plastics & Articles,export
India,55198825.49,1931979197.55,41326.59,KGM,2020,2,39,Plastics & Articles,export
Malaysia,41812305.86,1384397111.37,36669.19,KGM,2020,2,39,Plastics & Articles,export
Australia,35631715.84,1125137751.52,29610.06,KGM,2020,2,39,Plastics & Articles,export
Philippines,27245464.86,1016866048.2,27774.07,KGM,2020,2,39,Plastics & Articles,export
United States of America,38375920.38,1280913282.83,32102.45,KGM,2020,2,39,Plastics & Articles,export
"Korea, Republic of",26697417.44,922479673.31,21761.38,KGM,2020,2,39,Plastics & Articles,export
Myanmar,25251498.91,940408691.16,15651.67,KGM,2020,2,39,Plastics & Articles,export
Cambodia,18491780.16,598775602.0,14834.35,KGM,2020,2,39,Plastics & Articles,export
Bangladesh,13994747.82,475201948.42,12536.75,KGM,2020,2,39,Plastics & Articles,export
Hong Kong,15416422.21,446278060.37,11036.2,KGM,2020,2,39,Plastics & Articles,export
Singapore,14964604.86,501371457.71,14614.93,KGM,2020,2,39,Plastics & Articles,export
China,117179096.01,3919059531.48,89713.94,KGM,2020,3,39,Plastics & Articles,export
Japan,72597620.89,2219798667.1,55353.01,KGM,2020,3,39,Plastics & Articles,export
Vietnam,55995062.48,1766983035.37,54400.25,KGM,2020,3,39,Plastics & Articles,export
Indonesia,52171929.52,1659766810.64,45651.66,KGM,2020,3,39,Plastics & Articles,export
India,40905839.71,1425537737.24,38305.21,KGM,2020,3,39,Plastics & Articles,export
Malaysia,34327756.69,1197431609.11,23643.71,KGM,2020,3,39,Plastics & Articles,export
Australia,32363452.0,1112441499.65,25638.55,KGM,2020,3,39,Plastics & Articles,export
Philippines,21563428.08,702366140.41,20488.69,KGM,2020,3,39,Plastics & Articles,export
United States of America,32421239.28,1117392499.02,26808.08,KGM,2020,3,39,Plastics & Articles,export
"Korea, Republic of",22685888.56,758304043.22,17638.87,KGM,2020,3,39,Plastics & Articles,export
Myanmar,19019772.85,617082367.55,13577.91,KGM,2020,3,39,Plastics & Articles,export
Cambodia,15904197.51,509308239.15,13185.99,KGM,2020,3,39,Plastics & Articles,export
Bangladesh,10914394.51,339524952.24,7817.86,KGM,2020,3,39,Plastics & Articles,export
Hong Kong,11571303.9,376943843.24,9260.58,KGM,2020,3,39,Plastics & Articles,export
Singapore,13446702.32,446293966.69,9570.89,KGM,2020,3,39,Plastics & Articles,export
China,127777023.95,4372856488.78,108466.12,KGM,2020,4,39,Plastics & Articles,export
Japan,78675346.78,2699666564.82,61397.37,KGM,2020,4,39,Plastics & Articles,export
Vietnam,72071532.16,2461631361.55,46371.78,KGM,2020,4,39,Plastics & Articles,export
Indonesia,47319780.26,1637468323.99,41437.25,KGM,2020,4,39,Plastics & Articles,export
India,42952699.08,1387852478.21,31292.69,KGM,2020,4,39,Plastics & Articles,export
Malaysia,34244974.25,1192062762.59,26378.48,KGM,2020,4,39,Plastics & Articles,export
Australia,33223047.25,1047303828.33,23056.05,KGM,2020,4,39,Plastics & Articles,export
Philippines,22924971.09,796161030.21,18444.42,KGM,2020,4,39,Plastics & Articles,export
United States of America,31196484.94,1027624417.59,31689.95,KGM,2020,4,39,Plastics & Articles,export
"Korea, Republic of",20809565.26,634583248.24,19631.13,KGM,2020,4,39,Plastics & Articles,export
Myanmar,19282912.07,573219366.56,12938.58,KGM,2020,4,39,Plastics & Articles,export
Cambodia,15586322.5,519350121.03,13881.43,KGM,2020,4,39,Plastics & Articles,export
Bangladesh,12735770.61,417320058.44,6946.15,KGM,2020,4,39,Plastics & Articles,export
Hong Kong,12434308.21,390596471.17,10846.52,KGM,2020,4,39,Plastics & Articles,export
Singapore,17080397.64,555984883.1,11846.25,KGM,2020,4,39,Plastics & Articles,export
China,135547220.8,4640636613.52,88298.7,KGM,2020,5,39,Plastics & Articles,export
Japan,66785394.43,2180328972.99,66658.78,KGM,2020,5,39,Plastics & Articles,export
Vietnam,63385106.97,2035540605.42,32557.44,KGM,2020,5,39,Plastics & Articles,export
Indonesia,50417356.02,1661056282.92,48856.4,KGM,2020,5,39,Plastics & Articles,export
India,42120061.95,1358045746.77,39656.41,KGM,2020,5,39,Plastics & Articles,export
Malaysia,42611920.7,1348695626.72,31869.08,KGM,2020,5,39,Plastics & Articles,export
Australia,35206254.7,1209108160.75,27607.2,KGM,2020,5,39,Plastics & Articles,export
Philippines,25281050.71,907102619.85,22086.0,KGM,2020,5,39,Plastics & Articles,export
United States of America,32739197.31,1156215509.08,24518.19,KGM,2020,5,39,Plastics & Articles,export
"Korea, Republic of",24034329.95,855686796.08,17050.6,KGM,2020,5,39,Plastics & Articles,export
Myanmar,16988400.94,589832744.57,16431.07,KGM,2020,5,39,Plastics & Articles,export
Cambodia,17818589.57,554855901.78,11484.55,KGM,2020,5,39,Plastics & Articles,export
Bangladesh,13170489.4,413330274.38,11171.07,KGM,2020,5,39,Plastics & Articles,export
Hong Kong,13263545.38,458802832.57,8498.55,KGM,2020,5,39,Plastics & Articles,export
Singapore,15174342.12,520426454.73,12621.58,KGM,2020,5,39,Plastics & Articles,export
China,141452828.52,4886378103.76,111035.13,KGM,2020,6,39,Plastics & Articles,export
Japan,82018082.68,2496123880.81,73985.6,KGM,2020,6,39,Plastics & Articles,export
Vietnam,65271369.9,2132516427.79,51886.62,KGM,2020,6,39,Plastics & Articles,export
Indonesia,55142993.47,1887943363.96,43103.16,KGM,2020,6,39,Plastics & Articles,export
India,40522225.33,1313468845.82,46885.43,KGM,2020,6,39,Plastics & Articles,export
Malaysia,40527248.38,1342327309.03,30737.96,KGM,2020,6,39,Plastics & Articles,export
Australia,31075071.96,1052517196.48,26913.65,KGM,2020,6,39,Plastics & Articles,export
Philippines,19956845.73,647602252.86,20183.59,KGM,2020,6,39,Plastics & Articles,export
United States of America,40451608.05,1425922801.44,28975.77,KGM,2020,6,39,Plastics & Articles,export
"Korea, Republic of",24264529.91,813983647.16,18567.2,KGM,2020,6,39,Plastics & Articles,export
Myanmar,21910869.18,732985988.72,19068.61,KGM,2020,6,39,Plastics & Articles,export
Cambodia,15393044.17,488271042.54,14589.54,KGM,2020,6,39,Plastics & Articles,export
Bangladesh,13645190.18,448079199.47,11364.95,KGM,2020,6,39,Plastics & Articles,export
Hong Kong,11944244.63,388490963.02,9932.94,KGM,2020,6,39,Plastics & Articles,export
Singapore,14686087.04,452655365.81,12524.05,KGM,2020,6,39,Plastics & Articles,export
China,136360772.25,4554251729.99,107120.09,KGM,2020,7,39,Plastics & Articles,export
Japan,74268940.89,2358527703.67,59930.8,KGM,2020,7,39,Plastics & Articles,export
Vietnam,67627036.53,2240189295.83,43108.55,KGM,2020,7,39,Plastics & Articles,export
Indonesia,48236458.05,1629918304.25,49888.14,KGM,2020,7,39,Plastics & Articles,export
India,45060492.81,1394834997.01,31265.34,KGM,2020,7,39,Plastics & Articles,export
Malaysia,40540028.51,1362689413.98,37569.93,KGM,2020,7,39,Plastics & Articles,export
Australia,32751716.37,1085867695.74,26336.32,KGM,2020,7,39,Plastics & Articles,export
Philippines,26273595.52,828659986.16,18906.29,KGM,2020,7,39,Plastics & Articles,export
United States of America,32539094.47,1111715927.44,30364.66,KGM,2020,7,39,Plastics & Articles,export
"Korea, Republic of",19752193.82,673421316.53,17473.03,KGM,2020,7,39,Plastics & Articles,export
Myanmar,22241953.81,726954363.91,18771.05,KGM,2020,7,39,Plastics & Articles,export
Cambodia,17420246.7,571739610.09,13260.12,KGM,2020,7,39,Plastics & Articles,export
Bangladesh,12955271.35,450360802.64,10392.24,KGM,2020,7,39,Plastics & Articles,export
Hong Kong,11066745.42,390757118.92,10878.63,KGM,2020,7,39,Plastics & Articles,export
Singapore,18398033.05,586242732.91,13754.06,KGM,2020,7,39,Plastics & Articles,export
China,142913551.18,4605716377.49,122957.55,KGM,2020,8,39,Plastics & Articles,export
Japan,82412919.54,2643725628.99,62086.05,KGM,2020,8,39,Plastics & Articles,export
Vietnam,64216476.22,2030694891.57,53863.15,KGM,2020,8,39,Plastics & Articles,export
Indonesia,47304947.16,1584330247.66,37905.84,KGM,2020,8,39,Plastics & Articles,export
India,39610895.98,1388708726.6,27253.13,KGM,2020,8,39,Plastics & Articles,export
Malaysia,35752775.16,1229303164.78,31086.03,KGM,2020,8,39,Plastics & Articles,export
Australia,28384845.53,909766240.8,21941.19,KGM,2020,8,39,Plastics & Articles,export
Philippines,29072120.32,959027785.65,21162.88,KGM,2020,8,39,Plastics & Articles,export
United States of America,32173705.26,1130833984.51,28311.61,KGM,2020,8,39,Plastics & Articles,export
"Korea, Republic of",30132269.12,1063335288.64,18235.83,KGM,2020,8,39,Plastics & Articles,export
Myanmar,21879600.06,649496139.61,16423.36,KGM,2020,8,39,Plastics & Articles,export
Cambodia,15950155.48,534939524.34,12722.95,KGM,2020,8,39,Plastics & Articles,export
Bangladesh,12999384.37,468563003.61,9892.0,KGM,2020,8,39,Plastics & Articles,export
Hong Kong,14996056.47,488547060.23,8033.78,KGM,2020,8,39,Plastics & Articles,export
Singapore,17622415.71,570438210.9,15379.19,KGM,2020,8,39,Plastics & Articles,export
China,132275961.0,4496426478.09,109380.11,KGM,2020,9,39,Plastics & Articles,export
Japan,68657376.43,2394894622.58,49196.66,KGM,2020,9,39,Plastics & Articles,export
Vietnam,60901463.43,1930859040.16,67848.94,KGM,2020,9,39,Plastics & Articles,export
Indonesia,53074840.96,1581739845.54,45173.48,KGM,2020,9,39,Plastics & Articles,export
India,60868671.3,1932107499.61,36058.31,KGM,2020,9,39,Plastics & Articles,export
Malaysia,35825900.81,1197884906.17,33853.45,KGM,2020,9,39,Plastics & Articles,export
Australia,29968940.27,1036412397.19,22586.24,KGM,2020,9,39,Plastics & Articles,export
Philippines,25264631.05,828127041.7,17162.93,KGM,2020,9,39,Plastics & Articles,export
United States of America,32439165.81,1045083613.49,33364.37,KGM,2020,9,39,Plastics & Articles,export
"Korea, Republic of",22928617.15,737010527.6,19424.67,KGM,2020,9,39,Plastics & Articles,export
Myanmar,21172302.79,691085788.27,14242.96,KGM,2020,9,39,Plastics & Articles,export
Cambodia,17585889.45,564871417.95,15364.28,KGM,2020,9,39,Plastics & Articles,export
Bangladesh,12710157.41,408914610.27,12815.21,KGM,2020,9,39,Plastics & Articles,export
Hong Kong,13442042.6,444947553.12,13037.81,KGM,2020,9,39,Plastics & Articles,export
Singapore,16479769.57,525528678.29,13237.84,KGM,2020,9,39,Plastics & Articles,export
China,145318141.93,4965195871.9,98905.41,KGM,2020,10,39,Plastics & Articles,export
Japan,83556943.02,2974171964.06,68629.97,KGM,2020,10,39,Plastics & Articles,export
Vietnam,59450277.89,2018760372.91,55783.0,KGM,2020,10,39,Plastics & Articles,export
Indonesia,52192508.4,1679709968.07,49574.5,KGM,2020,10,39,Plastics & Articles,export
India,50086756.55,1665017902.54,38357.02,KGM,2020,10,39,Plastics & Articles,export
Malaysia,42023477.13,1356929646.54,33243.99,KGM,2020,10,39,Plastics & Articles,export
Australia,32451819.98,1073475674.19,28864.51,KGM,2020,10,39,Plastics & Articles,export
Philippines,25885275.72,836254117.5,23164.75,KGM,2020,10,39,Plastics & Articles,export
United States of America,40169598.29,1409292924.27,36116.89,KGM,2020,10,39,Plastics & Articles,export
"Korea, Republic of",27578228.59,901401369.73,21368.93,KGM,2020,10,39,Plastics & Articles,export
Myanmar,16896534.81,540433820.51,14633.61,KGM,2020,10,39,Plastics & Articles,export
Cambodia,19480448.08,623583068.08,14332.38,KGM,2020,10,39,Plastics & Articles,export
Bangladesh,11339268.39,383266935.29,14218.45,KGM,2020,10,39,Plastics & Articles,export
Hong Kong,15168282.92,497399571.26,10408.96,KGM,2020,10,39,Plastics & Articles,export
Singapore,16783568.86,600326116.16,14012.35,KGM,2020,10,39,Plastics & Articles,export
China,120039573.45,4026284761.13,108639.37,KGM,2020,11,39,Plastics & Articles,export
Japan,80928441.76,2459944080.25,73332.21,KGM,2020,11,39,Plastics & Articles,export
Vietnam,81091869.01,2538567862.7,45612.0,KGM,2020,11,39,Plastics & Articles,export
Indonesia,52136435.14,1753700505.08,40278.24,KGM,2020,11,39,Plastics & Articles,export
India,49240755.1,1520218568.77,38733.72,KGM,2020,11,39,Plastics & Articles,export
Malaysia,40371546.91,1406884283.41,32831.56,KGM,2020,11,39,Plastics & Articles,export
Australia,34799226.46,1250814427.22,28548.36,KGM,2020,11,39,Plastics & Articles,export
Philippines,24128488.76,755130617.84,20819.03,KGM,2020,11,39,Plastics & Articles,export
United States of America,39599993.37,1397594211.66,32780.78,KGM,2020,11,39,Plastics & Articles,export
"Korea, Republic of",25190480.49,813978429.32,19978.91,KGM,2020,11,39,Plastics & Articles,export
Myanmar,22046376.01,685043289.66,13858.8,KGM,2020,11,39,Plastics & Articles,export
Cambodia,16343098.97,526735089.38,16737.84,KGM,2020,11,39,Plastics & Articles,export
Bangladesh,13131107.59,451026227.81,11295.03,KGM,2020,11,39,Plastics & Articles,export
Hong Kong,15356195.3,504527608.26,9450.13,KGM,2020,11,39,Plastics & Articles,export
Singapore,17442381.03,598250825.97,14179.37,KGM,2020,11,39,Plastics & Articles,export
China,128163894.85,4450948635.95,95049.9,KGM,2020,12,39,Plastics & Articles,export
Japan,77955155.24,2510685096.44,62917.18,KGM,2020,12,39,Plastics & Articles,export
Vietnam,63447137.06,2044852083.75,54223.0,KGM,2020,12,39,Plastics & Articles,export
Indonesia,48003326.37,1612659054.13,45021.22,KGM,2020,12,39,Plastics & Articles,export
India,41093287.9,1327076967.93,38983.07,KGM,2020,12,39,Plastics & Articles,export
Malaysia,29507817.5,1024039714.57,25769.98,KGM,2020,12,39,Plastics & Articles,export
Australia,31154404.11,1077683622.57,23883.63,KGM,2020,12,39,Plastics & Articles,export
Philippines,24085288.05,824985681.35,18446.35,KGM,2020,12,39,Plastics & Articles,export
United States of America,28481227.91,905928105.41,25083.67,KGM,2020,12,39,Plastics & Articles,export
"Korea, Republic of",18542804.3,611187574.07,14860.24,KGM,2020,12,39,Plastics & Articles,export
Myanmar,16616250.66,544511835.47,13156.69,KGM,2020,12,39,Plastics & Articles,export
Cambodia,14699318.61,429460660.1,9640.34,KGM,2020,12,39,Plastics & Articles,export
Bangladesh,12318762.32,381199758.35,9634.31,KGM,2020,12,39,Plastics & Articles,export
Hong Kong,12361771.64,402334641.98,9970.02,KGM,2020,12,39,Plastics & Articles,export
Singapore,17707336.75,573742377.91,13649.06,KGM,2020,12,39,Plastics & Articles,export
China,134597148.45,4688972811.61,92353.28,KGM,2021,1,39,Plastics & Articles,export
Japan,86024103.71,2563438528.17,73794.97,KGM,2021,1,39,Plastics & Articles,export
Vietnam,75399590.52,2554270947.47,52545.13,KGM,2021,1,39,Plastics & Articles,export
Indonesia,58885187.99,1881617061.21,44663.47,KGM,2021,1,39,Plastics & Articles,export
India,50925305.08,1760786262.2,35247.72,KGM,2021,1,39,Plastics & Articles,export
Malaysia,38946804.58,1241675179.89,33672.45,KGM,2021,1,39,Plastics & Articles,export
Australia,35535259.69,1129533856.34,24519.27,KGM,2021,1,39,Plastics & Articles,export
Philippines,34405011.38,1154431743.07,24655.16,KGM,2021,1,39,Plastics & Articles,export
United States of America,36778381.14,1208782620.23,29010.37,KGM,2021,1,39,Plastics & Articles,export
"Korea, Republic of",26338905.04,932220846.14,17644.84,KGM,2021,1,39,Plastics & Articles,export
Myanmar,21240559.1,751067738.68,18405.71,KGM,2021,1,39,Plastics & Articles,export
Cambodia,18349121.87,639087369.04,12631.16,KGM,2021,1,39,Plastics & Articles,export
Bangladesh,16365309.9,537554428.08,8578.97,KGM,2021,1,39,Plastics & Articles,export
Hong Kong,14399780.42,448280812.63,10838.91,KGM,2021,1,39,Plastics & Articles,export
Singapore,15945539.33,549047382.47,10887.25,KGM,2021,1,39,Plastics & Articles,export
China,153713621.49,5065731533.2,125760.36,KGM,2021,2,39,Plastics & Articles,export
Japan,83294974.2,2719636798.76,73200.97,KGM,2021,2,39,Plastics & Articles,export
Vietnam,61160229.17,2034392384.42,50357.65,KGM,2021,2,39,Plastics & Articles,export
Indonesia,50202070.51,1554624823.49,45704.3,KGM,2021,2,39,Plastics & Articles,export
India,46154689.65,1532278812.76,39683.62,KGM,2021,2,39,Plastics & Articles,export
Malaysia,37564449.83,1254417240.68,35297.04,KGM,2021,2,39,Plastics & Articles,export
Australia,26729302.89,865139427.0,28506.87,KGM,2021,2,39,Plastics & Articles,export
Philippines,25611020.0,806630827.2,19470.44,KGM,2021,2,39,Plastics & Articles,export
United States of America,34485493.08,1145944607.42,28801.09,KGM,2021,2,39,Plastics & Articles,export
"Korea, Republic of",25896826.18,776634342.25,20241.09,KGM,2021,2,39,Plastics & Articles,export
Myanmar,18414485.0,572615437.89,18530.85,KGM,2021,2,39,Plastics & Articles,export
Cambodia,12273262.06,410478252.93,16485.25,KGM,2021,2,39,Plastics & Articles,export
Bangladesh,12591848.73,427419088.94,9711.25,KGM,2021,2,39,Plastics & Articles,export
Hong Kong,14161014.14,463304139.3,11236.53,KGM,2021,2,39,Plastics & Articles,export
Singapore,14730364.97,509637006.64,13456.67,KGM,2021,2,39,Plastics & Articles,export
China,142863830.26,4627795641.4,129555.98,KGM,2021,3,39,Plastics & Articles,export
Japan,97891675.65,3232435152.6,63978.0,KGM,2021,3,39,Plastics & Articles,export
Vietnam,78972518.1,2649047835.27,55522.71,KGM,2021,3,39,Plastics & Articles,export
Indonesia,60241448.44,1926724493.94,48079.88,KGM,2021,3,39,Plastics & Articles,export
India,58140200.79,1943024993.28,37497.2,KGM,2021,3,39,Plastics & Articles,export
Malaysia,41466813.87,1408391063.42,35964.14,KGM,2021,3,39,Plastics & Articles,export
Australia,36671725.25,1136198451.02,19058.17,KGM,2021,3,39,Plastics & Articles,export
Philippines,23690688.29,781614595.75,24364.95,KGM,2021,3,39,Plastics & Articles,export
United States of America,36438455.78,1214555596.36,27938.97,KGM,2021,3,39,Plastics & Articles,export
"Korea, Republic of",22607942.82,748609576.78,23573.13,KGM,2021,3,39,Plastics & Articles,export
Myanmar,20516830.03,673013564.97,17215.89,KGM,2021,3,39,Plastics & Articles,export
Cambodia,16274151.01,560615310.49,16321.03,KGM,2021,3,39,Plastics & Articles,export
Bangladesh,15282353.5,565065217.44,13447.87,KGM,2021,3,39,Plastics & Articles,export
Hong Kong,12267686.87,380118246.2,12159.27,KGM,2021,3,39,Plastics & Articles,export
Singapore,21828078.95,697469487.02,15551.46,KGM,2021,3,39,Plastics & Articles,export
China,151763110.46,5111142840.9,144645.33,KGM,2021,4,39,Plastics & Articles,export
Japan,98904439.57,3405433880.22,88149.46,KGM,2021,4,39,Plastics & Articles,export
Vietnam,86667142.96,2567009118.82,61383.09,KGM,2021,4,39,Plastics & Articles,export
Indonesia,62973490.34,2152615098.43,45886.62,KGM,2021,4,39,Plastics & Articles,export
India,44882214.11,1493806262.01,47965.87,KGM,2021,4,39,Plastics & Articles,export
Malaysia,48399863.52,1595128992.31,40173.56,KGM,2021,4,39,Plastics & Articles,export
Australia,37657841.94,1276214447.66,35408.45,KGM,2021,4,39,Plastics & Articles,export
Philippines,33310702.65,1104725997.3,24684.31,KGM,2021,4,39,Plastics & Articles,export
United States of America,38903422.69,1203217211.46,24641.41,KGM,2021,4,39,Plastics & Articles,export
"Korea, Republic of",26932597.41,884326227.49,16900.12,KGM,2021,4,39,Plastics & Articles,export
Myanmar,21282846.98,707761191.28,18527.92,KGM,2021,4,39,Plastics & Articles,export
Cambodia,15858154.98,512625716.69,16189.84,KGM,2021,4,39,Plastics & Articles,export
Bangladesh,11962604.23,401578738.25,11776.18,KGM,2021,4,39,Plastics & Articles,export
Hong Kong,14949868.06,496796052.71,11767.55,KGM,2021,4,39,Plastics & Articles,export
Singapore,18544054.78,575056860.91,15082.47,KGM,2021,4,39,Plastics & Articles,export
China,150759279.77,5015402889.32,155958.59,KGM,2021,5,39,Plastics & Articles,export
Japan,97967445.68,3174925969.78,70434.14,KGM,2021,5,39,Plastics & Articles,export
Vietnam,77683544.68,2703253126.1,70271.88,KGM,2021,5,39,Plastics & Articles,export
Indonesia,60710331.58,1982037521.03,50737.02,KGM,2021,5,39,Plastics & Articles,export
India,59892554.16,1968372970.2,47023.38,KGM,2021,5,39,Plastics & Articles,export
Malaysia,52516011.94,1672283798.65,40532.55,KGM,2021,5,39,Plastics & Articles,export
Australia,39782643.4,1253876862.08,31126.4,KGM,2021,5,39,Plastics & Articles,export
Philippines,31083515.21,1076806587.67,28917.41,KGM,2021,5,39,Plastics & Articles,export
United States of America,43380167.5,1445079051.84,34773.21,KGM,2021,5,39,Plastics & Articles,export
"Korea, Republic of",26151708.35,798424981.99,23765.91,KGM,2021,5,39,Plastics & Articles,export
Myanmar,22247561.47,717747616.98,21609.45,KGM,2021,5,39,Plastics & Articles,export
Cambodia,21146952.49,715300983.75,15207.28,KGM,2021,5,39,Plastics & Articles,export
Bangladesh,13451253.3,421374863.21,14661.27,KGM,2021,5,39,Plastics & Articles,export
Hong Kong,13734680.76,453186385.92,14579.25,KGM,2021,5,39,Plastics & Articles,export
Singapore,19266333.12,656916886.49,18891.07,KGM,2021,5,39,Plastics & Articles,export
China,154889994.25,5360876993.47,127651.71,KGM,2021,6,39,Plastics & Articles,export
Japan,87931636.53,2843266052.53,91330.55,KGM,2021,6,39,Plastics & Articles,export
Vietnam,74023091.47,2524328691.9,73333.23,KGM,2021,6,39,Plastics & Articles,export
Indonesia,53346882.63,1672008782.57,51232.32,KGM,2021,6,39,Plastics & Articles,export
India,61294608.47,2072160991.69,54781.0,KGM,2021,6,39,Plastics & Articles,export
Malaysia,44957912.93,1480215346.57,43079.92,KGM,2021,6,39,Plastics & Articles,export
Australia,40245839.33,1334432384.68,30547.08,KGM,2021,6,39,Plastics & Articles,export
Philippines,32205785.6,1064040457.21,18462.48,KGM,2021,6,39,Plastics & Articles,export
United States of America,39987031.35,1199207141.49,33785.93,KGM,2021,6,39,Plastics & Articles,export
"Korea, Republic of",29834640.59,1006701422.55,22783.14,KGM,2021,6,39,Plastics & Articles,export
Myanmar,20363822.48,614733294.65,16578.05,KGM,2021,6,39,Plastics & Articles,export
Cambodia,20569122.01,674338221.63,15546.44,KGM,2021,6,39,Plastics & Articles,export
Bangladesh,13959722.37,408403714.02,11090.78,KGM,2021,6,39,Plastics & Articles,export
Hong Kong,14035790.71,450583665.73,11962.34,KGM,2021,6,39,Plastics & Articles,export
Singapore,20135407.52,643659104.55,17700.25,KGM,2021,6,39,Plastics & Articles,export
China,166771746.44,5791158415.14,139079.38,KGM,2021,7,39,Plastics & Articles,export
Japan,100072560.57,3140271364.41,76991.2,KGM,2021,7,39,Plastics & Articles,export
Vietnam,81666452.64,2863612244.56,60728.17,KGM,2021,7,39,Plastics & Articles,export
Indonesia,64180469.84,2254267924.43,49903.29,KGM,2021,7,39,Plastics & Articles,export
India,52965581.17,1907507115.99,44502.92,KGM,2021,7,39,Plastics & Articles,export
Malaysia,48969943.3,1726468903.74,43312.23,KGM,2021,7,39,Plastics & Articles,export
Australia,37556343.51,1220614093.69,35267.88,KGM,2021,7,39,Plastics & Articles,export
Philippines,38287006.1,1306158861.45,29847.09,KGM,2021,7,39,Plastics & Articles,export
United States of America,43902275.82,1561881479.93,29145.62,KGM,2021,7,39,Plastics & Articles,export
"Korea, Republic of",25308559.34,808078504.72,23347.27,KGM,2021,7,39,Plastics & Articles,export
Myanmar,25902024.5,872310623.83,23075.52,KGM,2021,7,39,Plastics & Articles,export
Cambodia,20501224.5,679629802.72,15683.22,KGM,2021,7,39,Plastics & Articles,export
Bangladesh,15366176.2,525384311.94,15213.14,KGM,2021,7,39,Plastics & Articles,export
Hong Kong,15347620.96,573599461.74,12812.19,KGM,2021,7,39,Plastics & Articles,export
Singapore,20415905.15,656068422.79,18672.23,KGM,2021,7,39,Plastics & Articles,export
China,171526095.71,5522631574.48,121197.66,KGM,2021,8,39,Plastics & Articles,export
Japan,106061468.14,3310384569.07,70161.33,KGM,2021,8,39,Plastics & Articles,export
Vietnam,87495983.76,2850619081.27,61670.37,KGM,2021,8,39,Plastics & Articles,export
Indonesia,53709252.82,1790184047.28,44424.08,KGM,2021,8,39,Plastics & Articles,export
India,55980647.03,1771810859.28,50858.49,KGM,2021,8,39,Plastics & Articles,export
Malaysia,48315121.71,1579605284.09,39524.05,KGM,2021,8,39,Plastics & Articles,export
Australia,43388848.37,1465173906.19,28486.38,KGM,2021,8,39,Plastics & Articles,export
Philippines,36485028.86,1225933583.13,23614.32,KGM,2021,8,39,Plastics & Articles,export
United States of America,42405692.89,1399482714.59,35068.22,KGM,2021,8,39,Plastics & Articles,export
"Korea, Republic of",32724540.39,1110593229.07,28733.91,KGM,2021,8,39,Plastics & Articles,export
Myanmar,25336640.92,786188154.26,19684.9,KGM,2021,8,39,Plastics & Articles,export
Cambodia,17549155.78,586117389.28,14109.18,KGM,2021,8,39,Plastics & Articles,export
Bangladesh,16061366.32,469670002.23,15502.52,KGM,2021,8,39,Plastics & Articles,export
Hong Kong,16443699.15,564783932.47,13782.97,KGM,2021,8,39,Plastics & Articles,export
Singapore,20764650.9,690716341.04,17093.91,KGM,2021,8,39,Plastics & Articles,export
China,174291664.45,6304873345.85,133250.96,KGM,2021,9,39,Plastics & Articles,export
Japan,105958268.64,3379307275.91,82034.16,KGM,2021,9,39,Plastics & Articles,export
Vietnam,80617712.0,2359884890.98,78881.5,KGM,2021,9,39,Plastics & Articles,export
Indonesia,67159303.54,2266635038.8,53264.22,KGM,2021,9,39,Plastics & Articles,export
India,59982219.96,1988249192.74,55248.97,KGM,2021,9,39,Plastics & Articles,export
Malaysia,49763913.94,1756628675.38,44644.36,KGM,2021,9,39,Plastics & Articles,export
Australia,44604227.43,1457393783.56,37443.05,KGM,2021,9,39,Plastics & Articles,export
Philippines,33808726.65,1142399145.05,31474.43,KGM,2021,9,39,Plastics & Articles,export
United States of America,40727327.81,1407362418.48,33520.42,KGM,2021,9,39,Plastics & Articles,export
"Korea, Republic of",32506662.99,1090399827.21,21011.02,KGM,2021,9,39,Plastics & Articles,export
Myanmar,25022859.56,875686529.06,19876.45,KGM,2021,9,39,Plastics & Articles,export
Cambodia,20373037.59,647404467.89,15541.89,KGM,2021,9,39,Plastics & Articles,export
Bangladesh,16403593.9,520040305.38,12177.61,KGM,2021,9,39,Plastics & Articles,export
Hong Kong,15209194.88,484545958.77,12024.87,KGM,2021,9,39,Plastics & Articles,export
Singapore,21701523.15,693306592.37,12768.37,KGM,2021,9,39,Plastics & Articles,export
China,170000569.23,5547307179.67,156311.21,KGM,2021,10,39,Plastics & Articles,export
Japan,101452278.68,3070399294.21,81555.71,KGM,2021,10,39,Plastics & Articles,export
Vietnam,91518973.36,3131938899.49,73777.13,KGM,2021,10,39,Plastics & Articles,export
Indonesia,85900169.11,2642972967.33,46387.89,KGM,2021,10,39,Plastics & Articles,export
India,64344403.73,2028235829.81,46134.36,KGM,2021,10,39,Plastics & Articles,export
Malaysia,50060351.19,1781506007.91,38154.76,KGM,2021,10,39,Plastics & Articles,export
Australia,52639960.22,1620530481.11,27603.39,KGM,2021,10,39,Plastics & Articles,export
Philippines,31736026.52,1010383346.17,25201.81,KGM,2021,10,39,Plastics & Articles,export
United States of America,42096152.67,1303700214.47,32502.47,KGM,2021,10,39,Plastics & Articles,export
"Korea, Republic of",26965338.56,875398102.84,28501.83,KGM,2021,10,39,Plastics & Articles,export
Myanmar,24705448.55,798113836.59,16846.71,KGM,2021,10,39,Plastics & Articles,export
Cambodia,23527577.07,805034845.01,18399.22,KGM,2021,10,39,Plastics & Articles,export
Bangladesh,15105183.1,524152173.51,11727.05,KGM,2021,10,39,Plastics & Articles,export
Hong Kong,18590877.95,637287123.73,13311.52,KGM,2021,10,39,Plastics & Articles,export
Singapore,18882768.29,577318137.24,14607.6,KGM,2021,10,39,Plastics & Articles,export
China,174632222.68,5626017211.24,138338.46,KGM,2021,11,39,Plastics & Articles,export
Japan,93232357.77,3040428716.3,104339.41,KGM,2021,11,39,Plastics & Articles,export
Vietnam,95967240.73,3094840918.69,66232.05,KGM,2021,11,39,Plastics & Articles,export
Indonesia,76966551.75,2537112825.24,59045.4,KGM,2021,11,39,Plastics & Articles,export
India,65676666.17,2095182192.37,61463.55,KGM,2021,11,39,Plastics & Articles,export
Malaysia,52947194.83,1673035441.24,38463.31,KGM,2021,11,39,Plastics & Articles,export
Australia,38080488.9,1152424469.52,40148.92,KGM,2021,11,39,Plastics & Articles,export
Philippines,35419892.33,1263028817.24,24295.94,KGM,2021,11,39,Plastics & Articles,export
United States of America,40984391.54,1448972996.6,32235.6,KGM,2021,11,39,Plastics & Articles,export
"Korea, Republic of",32080578.0,1097435444.03,25164.88,KGM,2021,11,39,Plastics & Articles,export
Myanmar,22542376.04,737167676.91,22024.92,KGM,2021,11,39,Plastics & Articles,export
Cambodia,21827878.11,683959892.27,17834.0,KGM,2021,11,39,Plastics & Articles,export
Bangladesh,17854828.6,556001466.55,13181.68,KGM,2021,11,39,Plastics & Articles,export
Hong Kong,16606977.99,562817921.29,13515.6,KGM,2021,11,39,Plastics & Articles,export
Singapore,16035967.86,516874682.12,17639.0,KGM,2021,11,39,Plastics & Articles,export
China,158126828.77,5139110509.46,116997.79,KGM,2021,12,39,Plastics & Articles,export
Japan,86210114.52,2962340240.24,73023.62,KGM,2021,12,39,Plastics & Articles,export
Vietnam,66622411.97,2345376661.85,56099.01,KGM,2021,12,39,Plastics & Articles,export
Indonesia,56399063.26,1756758183.83,48872.5,KGM,2021,12,39,Plastics & Articles,export
India,42420065.57,1355964264.45,35845.78,KGM,2021,12,39,Plastics & Articles,export
Malaysia,48447546.15,1458853456.39,39950.0,KGM,2021,12,39,Plastics & Articles,export
Australia,34590666.53,1136025643.15,31705.74,KGM,2021,12,39,Plastics & Articles,export
Philippines,33657736.25,1097190784.21,25296.38,KGM,2021,12,39,Plastics & Articles,export
United States of America,35916606.11,1139672123.72,29056.63,KGM,2021,12,39,Plastics & Articles,export
"Korea, Republic of",28003294.27,943190327.75,22303.72,KGM,2021,12,39,Plastics & Articles,export
Myanmar,22474257.38,758647545.24,15408.84,KGM,2021,12,39,Plastics & Articles,export
Cambodia,18521063.87,575265417.21,18142.7,KGM,2021,12,39,Plastics & Articles,export
Bangladesh,13569963.51,443371014.79,9474.29,KGM,2021,12,39,Plastics & Articles,export
Hong Kong,12081412.4,418480263.41,13367.19,KGM,2021,12,39,Plastics & Articles,export
Singapore,17993112.93,552637702.7,12848.55,KGM,2021,12,39,Plastics & Articles,export
China,148614217.69,4728818354.19,137491.03,KGM,2022,1,39,Plastics & Articles,export
Japan,114227062.68,3769634243.4,90462.8,KGM,2022,1,39,Plastics & Articles,export
Vietnam,76241466.41,2698762273.8,59578.89,KGM,2022,1,39,Plastics & Articles,export
Indonesia,59747318.92,1973614563.81,56893.31,KGM,2022,1,39,Plastics & Articles,export
India,59945951.77,1948280725.44,40355.89,KGM,2022,1,39,Plastics & Articles,export
Malaysia,47844020.64,1668504541.38,35461.09,KGM,2022,1,39,Plastics & Articles,export
Australia,36911981.84,1293323866.68,29759.38,KGM,2022,1,39,Plastics & Articles,export
Philippines,35697994.02,1075851516.61,30452.87,KGM,2022,1,39,Plastics & Articles,export
United States of America,40768888.59,1311021485.3,32319.72,KGM,2022,1,39,Plastics & Articles,export
"Korea, Republic of",28884395.89,960203637.47,21518.02,KGM,2022,1,39,Plastics & Articles,export
Myanmar,32137697.6,1077856514.79,19914.06,KGM,2022,1,39,Plastics & Articles,export
Cambodia,21624403.3,677988856.9,16333.22,KGM,2022,1,39,Plastics & Articles,export
Bangladesh,13354123.52,435295463.15,12744.38,KGM,2022,1,39,Plastics & Articles,export
Hong Kong,12847521.47,426030294.37,15289.99,KGM,2022,1,39,Plastics & Articles,export
Singapore,22859806.98,804384729.28,11705.06,KGM,2022,1,39,Plastics & Articles,export
China,146924291.56,4895855718.82,142199.09,KGM,2022,2,39,Plastics & Articles,export
Japan,96849421.95,3134269414.0,78162.66,KGM,2022,2,39,Plastics & Articles,export
Vietnam,72216700.8,2223706486.12,59089.75,KGM,2022,2,39,Plastics & Articles,export
Indonesia,58797479.36,1808383622.66,45281.64,KGM,2022,2,39,Plastics & Articles,export
India,56524733.44,1886177418.72,43276.71,KGM,2022,2,39,Plastics & Articles,export
Malaysia,49555940.79,1565567583.62,36002.19,KGM,2022,2,39,Plastics & Articles,export
Australia,39777509.52,1306208183.84,20053.67,KGM,2022,2,39,Plastics & Articles,export
Philippines,33246429.1,1070729015.39,27810.59,KGM,2022,2,39,Plastics & Articles,export
United States of America,29951478.04,1017064680.85,21124.45,KGM,2022,2,39,Plastics & Articles,export
"Korea, Republic of",26066351.19,805016104.75,26851.61,KGM,2022,2,39,Plastics & Articles,export
Myanmar,23955435.54,797948200.86,22226.41,KGM,2022,2,39,Plastics & Articles,export
Cambodia,16229316.76,574045234.85,20579.32,KGM,2022,2,39,Plastics & Articles,export
Bangladesh,15090760.94,516775438.49,13567.35,KGM,2022,2,39,Plastics & Articles,export
Hong Kong,16432668.18,550268212.0,10305.03,KGM,2022,2,39,Plastics & Articles,export
Singapore,22121568.95,743190180.38,16376.56,KGM,2022,2,39,Plastics & Articles,export
China,163318639.43,5004283001.14,123089.55,KGM,2022,3,39,Plastics & Articles,export
Japan,111393545.91,3451855468.07,80644.23,KGM,2022,3,39,Plastics & Articles,export
Vietnam,94717259.78,3003787653.97,64171.36,KGM,2022,3,39,Plastics & Articles,export
Indonesia,65607567.88,2210124311.12,53947.03,KGM,2022,3,39,Plastics & Articles,export
India,55116907.86,1858891815.89,54182.29,KGM,2022,3,39,Plastics & Articles,export
Malaysia,49110333.63,1589507689.88,40625.78,KGM,2022,3,39,Plastics & Articles,export
Australia,43430012.19,1404986758.03,40811.98,KGM,2022,3,39,Plastics & Articles,export
Philippines,35170639.53,1188694903.09,25298.51,KGM,2022,3,39,Plastics & Articles,export
United States of America,44338412.87,1408020152.98,40023.94,KGM,2022,3,39,Plastics & Articles,export
"Korea, Republic of",32287764.67,1044301686.49,27826.75,KGM,2022,3,39,Plastics & Articles,export
Myanmar,25558848.87,834371995.11,21184.02,KGM,2022,3,39,Plastics & Articles,export
Cambodia,21955445.89,720776121.39,18653.02,KGM,2022,3,39,Plastics & Articles,export
Bangladesh,17048128.91,552380642.46,14248.47,KGM,2022,3,39,Plastics & Articles,export
Hong Kong,16654786.53,548555170.09,12317.43,KGM,2022,3,39,Plastics & Articles,export
Singapore,22538843.69,717630774.94,16700.95,KGM,2022,3,39,Plastics & Articles,export
China,176320355.68,5852417123.78,149213.37,KGM,2022,4,39,Plastics & Articles,export
Japan,130636052.8,4281534533.15,78724.64,KGM,2022,4,39,Plastics & Articles,export
Vietnam,95953712.94,3444002167.91,65276.88,KGM,2022,4,39,Plastics & Articles,export
Indonesia,71246205.91,2353156769.09,60806.91,KGM,2022,4,39,Plastics & Articles,export
India,68658969.47,2427628139.76,43491.48,KGM,2022,4,39,Plastics & Articles,export
Malaysia,54647610.14,1742845464.66,46104.16,KGM,2022,4,39,Plastics & Articles,export
Australia,46009345.78,1599444357.44,31470.64,KGM,2022,4,39,Plastics & Articles,export
Philippines,31014088.83,1005394908.2,29012.34,KGM,2022,4,39,Plastics & Articles,export
United States of America,37553337.04,1264585739.58,31610.07,KGM,2022,4,39,Plastics & Articles,export
"Korea, Republic of",28362535.29,951847162.63,22923.2,KGM,2022,4,39,Plastics & Articles,export
Myanmar,29148084.27,959850334.35,23058.02,KGM,2022,4,39,Plastics & Articles,export
Cambodia,22738504.27,715022863.63,18057.02,KGM,2022,4,39,Plastics & Articles,export
Bangladesh,18300828.06,620789969.09,12456.19,KGM,2022,4,39,Plastics & Articles,export
Hong Kong,18043919.82,621950021.78,10543.79,KGM,2022,4,39,Plastics & Articles,export
Singapore,21092428.52,726293631.98,16511.23,KGM,2022,4,39,Plastics & Articles,export
China,178700740.67,5721991735.22,155752.2,KGM,2022,5,39,Plastics & Articles,export
Japan,117759994.82,3957604304.97,89263.5,KGM,2022,5,39,Plastics & Articles,export
Vietnam,89211743.8,3194285795.83,86878.26,KGM,2022,5,39,Plastics & Articles,export
Indonesia,56652988.25,1777792811.47,64595.59,KGM,2022,5,39,Plastics & Articles,export
India,66824028.6,2245611947.35,40015.73,KGM,2022,5,39,Plastics & Articles,export
Malaysia,49942505.4,1615732879.85,41199.45,KGM,2022,5,39,Plastics & Articles,export
Australia,42080582.14,1363536209.53,33249.03,KGM,2022,5,39,Plastics & Articles,export
Philippines,35774050.01,1280391300.69,30193.75,KGM,2022,5,39,Plastics & Articles,export
United States of America,41116272.08,1404489859.66,36885.78,KGM,2022,5,39,Plastics & Articles,export
"Korea, Republic of",29537981.0,890159050.88,18544.15,KGM,2022,5,39,Plastics & Articles,export
Myanmar,21199165.64,719101835.79,25828.95,KGM,2022,5,39,Plastics & Articles,export
Cambodia,24425027.38,784942071.94,20306.14,KGM,2022,5,39,Plastics & Articles,export
Bangladesh,22350531.2,735127773.04,15118.39,KGM,2022,5,39,Plastics & Articles,export
Hong Kong,20183169.96,706462797.15,15697.1,KGM,2022,5,39,Plastics & Articles,export
Singapore,25873496.33,861083857.8,17396.59,KGM,2022,5,39,Plastics & Articles,export
China,168452609.85,5770377138.12,119274.81,KGM,2022,6,39,Plastics & Articles,export
Japan,121820324.74,3889014937.55,67787.0,KGM,2022,6,39,Plastics & Articles,export
Vietnam,93169612.68,3360395132.61,75466.5,KGM,2022,6,39,Plastics & Articles,export
Indonesia,69473134.67,2360334887.51,58077.07,KGM,2022,6,39,Plastics & Articles,export
India,62583757.85,2010153386.11,48739.98,KGM,2022,6,39,Plastics & Articles,export
Malaysia,56885137.24,1935443979.03,43534.4,KGM,2022,6,39,Plastics & Articles,export
Australia,47980924.83,1457310722.18,24094.68,KGM,2022,6,39,Plastics & Articles,export
Philippines,35204173.38,1127325020.29,33134.61,KGM,2022,6,39,Plastics & Articles,export
United States of America,48060293.51,1624937718.24,39721.63,KGM,2022,6,39,Plastics & Articles,export
"Korea, Republic of",30652339.92,951193095.34,22367.96,KGM,2022,6,39,Plastics & Articles,export
Myanmar,36052714.4,1289276590.15,23451.22,KGM,2022,6,39,Plastics & Articles,export
Cambodia,21232808.36,685496630.85,21305.76,KGM,2022,6,39,Plastics & Articles,export
Bangladesh,18476358.54,585346668.0,14314.59,KGM,2022,6,39,Plastics & Articles,export
Hong Kong,16928571.28,543735218.8,14754.43,KGM,2022,6,39,Plastics & Articles,export
Singapore,23456015.74,798939839.93,16667.0,KGM,2022,6,39,Plastics & Articles,export
China,173310664.57,5706091173.18,173881.46,KGM,2022,7,39,Plastics & Articles,export
Japan,107886222.91,3480094558.21,103979.39,KGM,2022,7,39,Plastics & Articles,export
Vietnam,87137272.17,2902250675.44,66554.18,KGM,2022,7,39,Plastics & Articles,export
Indonesia,67324356.33,2216999952.78,63551.35,KGM,2022,7,39,Plastics & Articles,export
India,68917278.61,2221291829.59,55299.3,KGM,2022,7,39,Plastics & Articles,export
Malaysia,50483495.24,1666626887.54,41882.02,KGM,2022,7,39,Plastics & Articles,export
Australia,46933683.3,1546563879.27,38274.11,KGM,2022,7,39,Plastics & Articles,export
Philippines,33858381.49,1143652515.61,27020.52,KGM,2022,7,39,Plastics & Articles,export
United States of America,42463750.19,1439072747.45,38775.96,KGM,2022,7,39,Plastics & Articles,export
"Korea, Republic of",36668243.16,1192167783.73,23965.77,KGM,2022,7,39,Plastics & Articles,export
Myanmar,20947899.42,661237338.84,19332.92,KGM,2022,7,39,Plastics & Articles,export
Cambodia,23856629.47,808051164.66,22106.75,KGM,2022,7,39,Plastics & Articles,export
Bangladesh,19966605.34,623018746.25,13292.77,KGM,2022,7,39,Plastics & Articles,export
Hong Kong,17726994.38,562093994.82,13445.51,KGM,2022,7,39,Plastics & Articles,export
Singapore,23203966.96,794497355.4,15581.36,KGM,2022,7,39,Plastics & Articles,export
China,179642457.28,5955089876.72,148880.71,KGM,2022,8,39,Plastics & Articles,export
Japan,107030196.36,3274195926.37,103455.98,KGM,2022,8,39,Plastics & Articles,export
Vietnam,105565001.67,3629443113.7,71729.57,KGM,2022,8,39,Plastics & Articles,export
Indonesia,76352888.03,2506083666.67,65988.39,KGM,2022,8,39,Plastics & Articles,export
India,67052370.73,2222368576.37,59295.33,KGM,2022,8,39,Plastics & Articles,export
Malaysia,63601394.02,2028942985.53,46805.97,KGM,2022,8,39,Plastics & Articles,export
Australia,45119389.86,1405032652.94,41411.65,KGM,2022,8,39,Plastics & Articles,export
Philippines,40390554.66,1254749586.6,28624.59,KGM,2022,8,39,Plastics & Articles,export
United States of America,47748694.05,1534765406.35,34278.92,KGM,2022,8,39,Plastics & Articles,export
"Korea, Republic of",30696417.41,995025913.95,26557.51,KGM,2022,8,39,Plastics & Articles,export
Myanmar,29164795.3,986135574.34,25181.95,KGM,2022,8,39,Plastics & Articles,export
Cambodia,27612123.66,899178193.02,23317.76,KGM,2022,8,39,Plastics & Articles,export
Bangladesh,16554920.91,549251403.27,14449.96,KGM,2022,8,39,Plastics & Articles,export
Hong Kong,22876455.49,764460123.86,14296.07,KGM,2022,8,39,Plastics & Articles,export
Singapore,21796375.63,679576570.67,17933.24,KGM,2022,8,39,Plastics & Articles,export
China,162848379.42,5634439204.75,177521.36,KGM,2022,9,39,Plastics & Articles,export
Japan,110219904.74,3421186223.94,103243.6,KGM,2022,9,39,Plastics & Articles,export
Vietnam,93721548.38,3270795941.24,77895.55,KGM,2022,9,39,Plastics & Articles,export
Indonesia,77807235.8,2512789259.04,65030.19,KGM,2022,9,39,Plastics & Articles,export
India,68524749.76,2095160349.17,61513.54,KGM,2022,9,39,Plastics & Articles,export
Malaysia,63726187.07,1968570117.62,44626.5,KGM,2022,9,39,Plastics & Articles,export
Australia,46413617.64,1498069014.9,44055.99,KGM,2022,9,39,Plastics & Articles,export
Philippines,39291981.02,1189034307.06,24611.87,KGM,2022,9,39,Plastics & Articles,export
United States of America,42552800.8,1400997903.99,42786.64,KGM,2022,9,39,Plastics & Articles,export
"Korea, Republic of",37052173.42,1180584979.0,30416.29,KGM,2022,9,39,Plastics & Articles,export
Myanmar,33096081.66,1141832799.18,21394.7,KGM,2022,9,39,Plastics & Articles,export
Cambodia,26131537.55,864953737.84,19223.86,KGM,2022,9,39,Plastics & Articles,export
Bangladesh,19686278.77,638126680.08,15471.39,KGM,2022,9,39,Plastics & Articles,export
Hong Kong,18167218.75,632715624.92,14560.22,KGM,2022,9,39,Plastics & Articles,export
Singapore,20056551.7,652060333.39,17937.73,KGM,2022,9,39,Plastics & Articles,export
China,191724712.61,5939176406.35,162549.82,KGM,2022,10,39,Plastics & Articles,export
Japan,129790020.69,4414353407.77,104199.57,KGM,2022,10,39,Plastics & Articles,export
Vietnam,96063850.25,3123246882.54,71526.5,KGM,2022,10,39,Plastics & Articles,export
Indonesia,78957669.38,2595972874.57,67803.1,KGM,2022,10,39,Plastics & Articles,export
India,71145228.1,2378348604.69,52075.53,KGM,2022,10,39,Plastics & Articles,export
Malaysia,57393209.18,1741860249.52,48602.08,KGM,2022,10,39,Plastics & Articles,export
Australia,51439246.95,1738309296.1,41782.77,KGM,2022,10,39,Plastics & Articles,export
Philippines,35365275.59,1120977281.02,28716.91,KGM,2022,10,39,Plastics & Articles,export
United States of America,50668555.04,1619121565.12,42339.45,KGM,2022,10,39,Plastics & Articles,export
"Korea, Republic of",38852156.32,1290161155.05,31760.88,KGM,2022,10,39,Plastics & Articles,export
Myanmar,30521517.32,982989424.76,18798.8,KGM,2022,10,39,Plastics & Articles,export
Cambodia,21453588.31,724525827.28,17477.53,KGM,2022,10,39,Plastics & Articles,export
Bangladesh,21103384.63,704062454.65,17198.78,KGM,2022,10,39,Plastics & Articles,export
Hong Kong,20646860.82,641409223.25,12702.84,KGM,2022,10,39,Plastics & Articles,export
Singapore,24011894.46,776283040.26,21026.72,KGM,2022,10,39,Plastics & Articles,export
China,166362512.92,5257017532.79,141265.13,KGM,2022,11,39,Plastics & Articles,export
Japan,95615257.93,3332125507.37,117104.61,KGM,2022,11,39,Plastics & Articles,export
Vietnam,77261028.58,2456206623.71,59260.76,KGM,2022,11,39,Plastics & Articles,export
Indonesia,65554826.25,2084415355.43,79239.75,KGM,2022,11,39,Plastics & Articles,export
India,69835054.97,2182291232.16,50646.05,KGM,2022,11,39,Plastics & Articles,export
Malaysia,63820524.7,2100374788.39,49847.64,KGM,2022,11,39,Plastics & Articles,export
Australia,59608697.45,1926272754.35,39599.66,KGM,2022,11,39,Plastics & Articles,export
Philippines,45889688.38,1626416803.65,32303.91,KGM,2022,11,39,Plastics & Articles,export
United States of America,47953487.69,1470343562.24,24581.79,KGM,2022,11,39,Plastics & Articles,export
"Korea, Republic of",37347810.94,1246669468.88,25053.64,KGM,2022,11,39,Plastics & Articles,export
Myanmar,32160118.21,1019826254.46,23605.7,KGM,2022,11,39,Plastics & Articles,export
Cambodia,24044146.71,778736212.77,19503.76,KGM,2022,11,39,Plastics & Articles,export
Bangladesh,16589660.43,545149164.0,14748.17,KGM,2022,11,39,Plastics & Articles,export
Hong Kong,16477579.93,526042190.21,13708.11,KGM,2022,11,39,Plastics & Articles,export
Singapore,19592787.33,653525948.34,19552.99,KGM,2022,11,39,Plastics & Articles,export
China,158035831.85,5311660136.83,111747.51,KGM,2022,12,39,Plastics & Articles,export
Japan,105756087.77,3496543987.47,81173.04,KGM,2022,12,39,Plastics & Articles,export
Vietnam,88530054.47,2799618043.22,66087.45,KGM,2022,12,39,Plastics & Articles,export
Indonesia,66383461.32,2183652554.56,50966.51,KGM,2022,12,39,Plastics & Articles,export
India,63669329.81,2118037405.2,40046.85,KGM,2022,12,39,Plastics & Articles,export
Malaysia,43859536.56,1550906390.43,35692.39,KGM,2022,12,39,Plastics & Articles,export
Australia,43694112.13,1333207516.24,34072.23,KGM,2022,12,39,Plastics & Articles,export
Philippines,32638665.53,1078899781.26,20089.83,KGM,2022,12,39,Plastics & Articles,export
United States of America,36573103.34,1215761487.54,35664.29,KGM,2022,12,39,Plastics & Articles,export
"Korea, Republic of",25691464.86,928491656.8,24470.12,KGM,2022,12,39,Plastics & Articles,export
Myanmar,24561767.33,733058726.42,22174.64,KGM,2022,12,39,Plastics & Articles,export
Cambodia,21868761.44,712844596.16,15571.6,KGM,2022,12,39,Plastics & Articles,export
Bangladesh,17707968.03,541400632.99,12980.01,KGM,2022,12,39,Plastics & Articles,export
Hong Kong,19265827.63,611510801.29,11043.85,KGM,2022,12,39,Plastics & Articles,export
Singapore,21159327.7,711841228.61,16988.97,KGM,2022,12,39,Plastics & Articles,export
China,166455826.75,5615461861.25,149523.45,KGM,2023,1,39,Plastics & Articles,export
Japan,86873738.22,2886521705.11,54265.5,KGM,2023,1,39,Plastics & Articles,export
Vietnam,94175253.11,2959464502.78,55831.96,KGM,2023,1,39,Plastics & Articles,export
Indonesia,68038304.24,2359801559.93,55611.98,KGM,2023,1,39,Plastics & Articles,export
India,66928623.27,2115610349.43,47297.7,KGM,2023,1,39,Plastics & Articles,export
Malaysia,44863937.87,1549906064.13,36852.16,KGM,2023,1,39,Plastics & Articles,export
Australia,39012989.46,1198196155.73,36644.26,KGM,2023,1,39,Plastics & Articles,export
Philippines,33796752.01,1141761205.27,23913.78,KGM,2023,1,39,Plastics & Articles,export
United States of America,40014233.68,1294365596.24,35997.52,KGM,2023,1,39,Plastics & Articles,export
"Korea, Republic of",28672002.52,941793926.2,25227.38,KGM,2023,1,39,Plastics & Articles,export
Myanmar,24783677.14,815008021.72,21510.86,KGM,2023,1,39,Plastics & Articles,export
Cambodia,17279186.99,520359680.38,15301.03,KGM,2023,1,39,Plastics & Articles,export
Bangladesh,16016095.47,531524518.69,13884.57,KGM,2023,1,39,Plastics & Articles,export
Hong Kong,18717623.43,624889792.42,15164.05,KGM,2023,1,39,Plastics & Articles,export
Singapore,15621388.36,497423147.22,17750.02,KGM,2023,1,39,Plastics & Articles,export
China,172648823.82,5867319291.51,131695.62,KGM,2023,2,39,Plastics & Articles,export
Japan,99975892.46,3377363091.15,98004.34,KGM,2023,2,39,Plastics & Articles,export
Vietnam,69177557.72,2238193916.06,71625.78,KGM,2023,2,39,Plastics & Articles,export
Indonesia,72004158.37,2443300418.85,60173.82,KGM,2023,2,39,Plastics & Articles,export
India,48438209.08,1695876303.03,41972.61,KGM,2023,2,39,Plastics & Articles,export
Malaysia,57115252.32,1861260469.5,38362.98,KGM,2023,2,39,Plastics & Articles,export
Australia,34985494.48,1166737315.19,27289.21,KGM,2023,2,39,Plastics & Articles,export
Philippines,33957040.8,1162825088.95,20855.59,KGM,2023,2,39,Plastics & Articles,export
United States of America,45110033.42,1600472081.71,34134.62,KGM,2023,2,39,Plastics & Articles,export
"Korea, Republic of",28753687.88,963806200.4,23187.25,KGM,2023,2,39,Plastics & Articles,export
Myanmar,27035426.9,870685910.14,20268.4,KGM,2023,2,39,Plastics & Articles,export
Cambodia,20673139.53,675629190.02,16691.95,KGM,2023,2,39,Plastics & Articles,export
Bangladesh,17489165.43,595644781.36,12832.68,KGM,2023,2,39,Plastics & Articles,export
Hong Kong,16675486.31,525789336.76,11587.83,KGM,2023,2,39,Plastics & Articles,export
Singapore,18414727.4,651647309.14,15712.14,KGM,2023,2,39,Plastics & Articles,export
China,176492564.81,6055375828.78,148229.47,KGM,2023,3,39,Plastics & Articles,export
Japan,102581803.37,3547008834.98,80884.37,KGM,2023,3,39,Plastics & Articles,export
Vietnam,93704443.03,3034288697.21,66132.66,KGM,2023,3,39,Plastics & Articles,export
Indonesia,71538513.16,2494259408.34,58991.25,KGM,2023,3,39,Plastics & Articles,export
India,65368582.37,2080066347.19,43793.21,KGM,2023,3,39,Plastics & Articles,export
Malaysia,54847723.81,1740539973.95,43289.21,KGM,2023,3,39,Plastics & Articles,export
Australia,49001176.96,1641707806.29,25899.47,KGM,2023,3,39,Plastics & Articles,export
Philippines,29980113.56,977427100.87,31371.94,KGM,2023,3,39,Plastics & Articles,export
United States of America,47648254.56,1667146451.34,33802.6,KGM,2023,3,39,Plastics & Articles,export
"Korea, Republic of",25243133.87,810007424.99,27446.84,KGM,2023,3,39,Plastics & Articles,export
Myanmar,27597765.82,853084700.65,22345.08,KGM,2023,3,39,Plastics & Articles,export
Cambodia,24377603.24,808737021.1,18571.13,KGM,2023,3,39,Plastics & Articles,export
Bangladesh,18416382.59,630798275.78,14399.86,KGM,2023,3,39,Plastics & Articles,export
Hong Kong,16897344.65,572117843.01,15610.19,KGM,2023,3,39,Plastics & Articles,export
Singapore,21785360.85,733674364.96,21662.14,KGM,2023,3,39,Plastics & Articles,export
China,186500534.74,6125208913.28,156426.34,KGM,2023,4,39,Plastics & Articles,export
Japan,122943278.99,4208243006.48,87582.96,KGM,2023,4,39,Plastics & Articles,export
Vietnam,81695465.54,2745290363.09,57404.59,KGM,2023,4,39,Plastics & Articles,export
Indonesia,70364893.28,2074912579.52,57185.28,KGM,2023,4,39,Plastics & Articles,export
India,74915205.12,2622171655.58,51864.0,KGM,2023,4,39,Plastics & Articles,export
Malaysia,47237526.31,1587713680.02,44423.73,KGM,2023,4,39,Plastics & Articles,export
Australia,46346009.63,1432792794.46,37611.82,KGM,2023,4,39,Plastics & Articles,export
Philippines,37746505.9,1210659849.82,26309.57,KGM,2023,4,39,Plastics & Articles,export
United States of America,45808828.83,1491460929.89,35041.63,KGM,2023,4,39,Plastics & Articles,export
"Korea, Republic of",35611554.51,1153980224.09,25131.08,KGM,2023,4,39,Plastics & Articles,export
Myanmar,27102431.02,900988974.36,19024.07,KGM,2023,4,39,Plastics & Articles,export
Cambodia,24517275.34,810418174.03,18982.59,KGM,2023,4,39,Plastics & Articles,export
Bangladesh,19393636.08,641131727.01,13661.56,KGM,2023,4,39,Plastics & Articles,export
Hong Kong,20851304.87,707105886.99,14118.22,KGM,2023,4,39,Plastics & Articles,export
Singapore,24313894.65,827448334.8,16630.08,KGM,2023,4,39,Plastics & Articles,export
China,175338832.44,5622337723.86,157022.14,KGM,2023,5,39,Plastics & Articles,export
Japan,115147875.33,3819214047.13,90989.41,KGM,2023,5,39,Plastics & Articles,export
Vietnam,95871637.75,2996034357.2,69912.0,KGM,2023,5,39,Plastics & Articles,export
Indonesia,75275994.94,2549964234.46,67638.16,KGM,2023,5,39,Plastics & Articles,export
India,68255351.53,2271520135.48,49062.38,KGM,2023,5,39,Plastics & Articles,export
Malaysia,51349223.91,1722029493.21,42522.79,KGM,2023,5,39,Plastics & Articles,export
Australia,38188904.45,1183808094.21,45081.67,KGM,2023,5,39,Plastics & Articles,export
Philippines,44384537.15,1408180575.95,26860.04,KGM,2023,5,39,Plastics & Articles,export
United States of America,44811199.52,1438102659.81,35364.72,KGM,2023,5,39,Plastics & Articles,export
"Korea, Republic of",31456139.21,995708529.84,26420.95,KGM,2023,5,39,Plastics & Articles,export
Myanmar,30353998.92,913137532.71,26196.04,KGM,2023,5,39,Plastics & Articles,export
Cambodia,27662571.38,923552041.18,20397.16,KGM,2023,5,39,Plastics & Articles,export
Bangladesh,17594767.82,604313054.06,15231.91,KGM,2023,5,39,Plastics & Articles,export
Hong Kong,23538505.4,722798549.21,18861.28,KGM,2023,5,39,Plastics & Articles,export
Singapore,22848417.64,800044961.55,18840.32,KGM,2023,5,39,Plastics & Articles,export
China,188803398.21,6245745433.25,138515.25,KGM,2023,6,39,Plastics & Articles,export
Japan,109837934.44,4018024047.32,102211.13,KGM,2023,6,39,Plastics & Articles,export
Vietnam,103868521.93,3620169313.79,84850.03,KGM,2023,6,39,Plastics & Articles,export
Indonesia,79621781.96,2591662940.48,58012.64,KGM,2023,6,39,Plastics & Articles,export
India,73943760.76,2331194237.87,55160.46,KGM,2023,6,39,Plastics & Articles,export
Malaysia,64597705.11,2022484844.85,41451.12,KGM,2023,6,39,Plastics & Articles,export
Australia,43425977.99,1496419521.51,39480.06,KGM,2023,6,39,Plastics & Articles,export
Philippines,39049898.72,1241322529.66,28428.31,KGM,2023,6,39,Plastics & Articles,export
United States of America,51270533.99,1718152835.64,37656.36,KGM,2023,6,39,Plastics & Articles,export
"Korea, Republic of",32852618.3,1103367403.37,27613.83,KGM,2023,6,39,Plastics & Articles,export
Myanmar,35486869.79,1150445843.06,23951.53,KGM,2023,6,39,Plastics & Articles,export
Cambodia,24217958.22,764375915.61,16870.28,KGM,2023,6,39,Plastics & Articles,export
Bangladesh,21419384.73,742792406.62,15787.96,KGM,2023,6,39,Plastics & Articles,export
Hong Kong,15946159.92,533356667.38,13448.89,KGM,2023,6,39,Plastics & Articles,export
Singapore,21838024.03,685312874.1,15786.51,KGM,2023,6,39,Plastics & Articles,export
China,180671608.36,6426983878.56,156736.12,KGM,2023,7,39,Plastics & Articles,export
Japan,100210961.48,3088861895.82,78838.34,KGM,2023,7,39,Plastics & Articles,export
Vietnam,98682402.52,3113701215.15,75784.96,KGM,2023,7,39,Plastics & Articles,export
Indonesia,68463190.24,2252367942.45,58845.01,KGM,2023,7,39,Plastics & Articles,export
India,58540755.4,1810994245.86,53377.99,KGM,2023,7,39,Plastics & Articles,export
Malaysia,56274473.03,1890915917.61,43845.34,KGM,2023,7,39,Plastics & Articles,export
Australia,52319302.73,1726568305.32,35672.7,KGM,2023,7,39,Plastics & Articles,export
Philippines,29938793.45,904424322.02,36933.31,KGM,2023,7,39,Plastics & Articles,export
United States of America,46279945.81,1469920954.88,25915.6,KGM,2023,7,39,Plastics & Articles,export
"Korea, Republic of",38335795.8,1321723078.01,29723.14,KGM,2023,7,39,Plastics & Articles,export
Myanmar,27460293.54,916790485.93,26837.7,KGM,2023,7,39,Plastics & Articles,export
Cambodia,24942967.68,863911740.7,24595.74,KGM,2023,7,39,Plastics & Articles,export
Bangladesh,18544478.58,651026200.85,15848.02,KGM,2023,7,39,Plastics & Articles,export
Hong Kong,19828612.8,692651158.24,16336.58,KGM,2023,7,39,Plastics & Articles,export
Singapore,29236991.49,995610752.55,16572.7,KGM,2023,7,39,Plastics & Articles,export
China,201102989.53,6441112859.12,146694.39,KGM,2023,8,39,Plastics & Articles,export
Japan,134418100.21,4151694966.04,80967.14,KGM,2023,8,39,Plastics & Articles,export
Vietnam,90721163.98,2878689340.28,60461.85,KGM,2023,8,39,Plastics & Articles,export
Indonesia,68811805.71,2419989076.9,62160.62,KGM,2023,8,39,Plastics & Articles,export
India,63328018.94,2161188585.2,59423.36,KGM,2023,8,39,Plastics & Articles,export
Malaysia,44872320.72,1455477774.3,43087.85,KGM,2023,8,39,Plastics & Articles,export
Australia,49900206.97,1671469309.81,41083.84,KGM,2023,8,39,Plastics & Articles,export
Philippines,35011786.81,1076442154.5,28424.75,KGM,2023,8,39,Plastics & Articles,export
United States of America,48385759.16,1635390344.36,36758.99,KGM,2023,8,39,Plastics & Articles,export
"Korea, Republic of",35991434.64,1202947047.05,25839.22,KGM,2023,8,39,Plastics & Articles,export
Myanmar,28217577.65,897312100.13,19989.15,KGM,2023,8,39,Plastics & Articles,export
Cambodia,18580403.27,596610876.27,18313.6,KGM,2023,8,39,Plastics & Articles,export
Bangladesh,17121083.71,578511514.99,16893.34,KGM,2023,8,39,Plastics & Articles,export
Hong Kong,20291338.35,669559615.93,16657.91,KGM,2023,8,39,Plastics & Articles,export
Singapore,24004309.49,816168355.27,21142.12,KGM,2023,8,39,Plastics & Articles,export
China,216137346.53,6812742210.4,155979.47,KGM,2023,9,39,Plastics & Articles,export
Japan,120388333.83,4090832107.46,87551.76,KGM,2023,9,39,Plastics & Articles,export
Vietnam,100820444.17,3267788201.47,78883.96,KGM,2023,9,39,Plastics & Articles,export
Indonesia,86245303.19,2773585756.9,69673.64,KGM,2023,9,39,Plastics & Articles,export
India,60173293.03,2092758160.63,56061.76,KGM,2023,9,39,Plastics & Articles,export
Malaysia,51380681.78,1632289149.24,49695.1,KGM,2023,9,39,Plastics & Articles,export
Australia,44017169.27,1495505884.37,43580.29,KGM,2023,9,39,Plastics & Articles,export
Philippines,38603021.53,1313478597.62,34331.05,KGM,2023,9,39,Plastics & Articles,export
United States of America,41717385.08,1465081518.95,39596.41,KGM,2023,9,39,Plastics & Articles,export
"Korea, Republic of",35925182.16,1127836109.6,18826.77,KGM,2023,9,39,Plastics & Articles,export
Myanmar,32327575.47,1121185254.0,21947.46,KGM,2023,9,39,Plastics & Articles,export
Cambodia,29512951.08,946575983.9,19040.35,KGM,2023,9,39,Plastics & Articles,export
Bangladesh,17627942.9,565786100.5,17106.71,KGM,2023,9,39,Plastics & Articles,export
Hong Kong,18811616.39,608577484.37,13594.11,KGM,2023,9,39,Plastics & Articles,export
Singapore,22768545.34,722718871.19,14938.38,KGM,2023,9,39,Plastics & Articles,export
China,216643182.82,7114561120.75,187387.92,KGM,2023,10,39,Plastics & Articles,export
Japan,121367576.72,4362426012.91,100088.87,KGM,2023,10,39,Plastics & Articles,export
Vietnam,90620708.18,2983470026.71,68426.5,KGM,2023,10,39,Plastics & Articles,export
Indonesia,83818904.72,2594462263.94,64253.69,KGM,2023,10,39,Plastics & Articles,export
India,76803201.35,2598372567.82,55512.29,KGM,2023,10,39,Plastics & Articles,export
Malaysia,69871283.9,2125656369.08,39888.03,KGM,2023,10,39,Plastics & Articles,export
Australia,53250445.57,1725324190.31,30476.38,KGM,2023,10,39,Plastics & Articles,export
Philippines,38016531.18,1216560836.55,33648.89,KGM,2023,10,39,Plastics & Articles,export
United States of America,52879509.54,1646503007.63,35157.48,KGM,2023,10,39,Plastics & Articles,export
"Korea, Republic of",35348030.23,1182137481.36,28580.58,KGM,2023,10,39,Plastics & Articles,export
Myanmar,34714239.45,1169086223.16,27909.66,KGM,2023,10,39,Plastics & Articles,export
Cambodia,27239670.94,947103025.48,20794.17,KGM,2023,10,39,Plastics & Articles,export
Bangladesh,20893587.29,665905839.42,15059.21,KGM,2023,10,39,Plastics & Articles,export
Hong Kong,22480378.23,806487970.66,15773.66,KGM,2023,10,39,Plastics & Articles,export
Singapore,22416811.15,725414078.11,23187.48,KGM,2023,10,39,Plastics & Articles,export
China,205925099.79,6227639942.68,133566.7,KGM,2023,11,39,Plastics & Articles,export
Japan,136290389.53,4699027792.86,89976.26,KGM,2023,11,39,Plastics & Articles,export
Vietnam,92438900.9,2991051540.14,88518.22,KGM,2023,11,39,Plastics & Articles,export
Indonesia,69566138.61,2394250890.45,68229.38,KGM,2023,11,39,Plastics & Articles,export
India,73688537.76,2238415668.21,54440.3,KGM,2023,11,39,Plastics & Articles,export
Malaysia,53014731.13,1728948638.64,43487.55,KGM,2023,11,39,Plastics & Articles,export
Australia,55060353.04,1643004507.67,39015.99,KGM,2023,11,39,Plastics & Articles,export
Philippines,29320181.59,944989852.31,29019.26,KGM,2023,11,39,Plastics & Articles,export
United States of America,51225937.01,1584212710.43,32675.71,KGM,2023,11,39,Plastics & Articles,export
"Korea, Republic of",36197297.62,1087898672.64,32136.45,KGM,2023,11,39,Plastics & Articles,export
Myanmar,27397788.93,942473356.51,26910.23,KGM,2023,11,39,Plastics & Articles,export
Cambodia,22443789.81,742156889.96,22540.68,KGM,2023,11,39,Plastics & Articles,export
Bangladesh,21092688.44,705310496.89,14492.01,KGM,2023,11,39,Plastics & Articles,export
Hong Kong,17479920.79,569053277.28,14789.64,KGM,2023,11,39,Plastics & Articles,export
Singapore,25079914.71,923938781.45,25500.73,KGM,2023,11,39,Plastics & Articles,export
China,165071711.02,5172731889.91,161779.93,KGM,2023,12,39,Plastics & Articles,export
Japan,107154151.51,3463603122.64,75649.64,KGM,2023,12,39,Plastics & Articles,export
Vietnam,108713722.01,3481582681.24,65503.35,KGM,2023,12,39,Plastics & Articles,export
Indonesia,61821797.02,1908273862.87,49881.69,KGM,2023,12,39,Plastics & Articles,export
India,61446151.69,2058850144.08,49267.47,KGM,2023,12,39,Plastics & Articles,export
Malaysia,51461132.14,1647514402.7,38409.79,KGM,2023,12,39,Plastics & Articles,export
Australia,43615989.03,1397733279.56,34134.34,KGM,2023,12,39,Plastics & Articles,export
Philippines,33362294.2,1199549925.24,32553.33,KGM,2023,12,39,Plastics & Articles,export
United States of America,41987807.05,1382883152.7,31322.33,KGM,2023,12,39,Plastics & Articles,export
"Korea, Republic of",33467036.48,1122237941.83,23916.67,KGM,2023,12,39,Plastics & Articles,export
Myanmar,24066193.16,821675915.88,17722.82,KGM,2023,12,39,Plastics & Articles,export
Cambodia,21884933.21,666041904.9,18524.88,KGM,2023,12,39,Plastics & Articles,export
Bangladesh,20320592.09,615493495.09,14154.59,KGM,2023,12,39,Plastics & Articles,export
Hong Kong,18868183.42,623513496.6,13123.08,KGM,2023,12,39,Plastics & Articles,export
Singapore,20441155.59,673101081.41,16971.59,KGM,2023,12,39,Plastics & Articles,export
China,140498147.39,4660225562.43,148951.75,KGM,2024,1,39,Plastics & Articles,export
Japan,105715437.86,3507774527.55,88887.13,KGM,2024,1,39,Plastics & Articles,export
Vietnam,87125555.88,2766623297.5,55562.13,KGM,2024,1,39,Plastics & Articles,export
Indonesia,68040218.08,2286223531.73,55176.11,KGM,2024,1,39,Plastics & Articles,export
India,67333692.69,2258664254.42,46692.77,KGM,2024,1,39,Plastics & Articles,export
Malaysia,50898493.66,1663553776.08,39266.96,KGM,2024,1,39,Plastics & Articles,export
Australia,38859595.75,1269608329.06,33259.68,KGM,2024,1,39,Plastics & Articles,export
Philippines,33221628.7,1091383264.95,21345.69,KGM,2024,1,39,Plastics & Articles,export
United States of America,38468424.72,1206286920.31,33482.96,KGM,2024,1,39,Plastics & Articles,export
"Korea, Republic of",29664034.19,951046078.45,22771.85,KGM,2024,1,39,Plastics & Articles,export
Myanmar,26032022.92,857131316.11,21151.96,KGM,2024,1,39,Plastics & Articles,export
Cambodia,22282528.38,748691351.18,16030.15,KGM,2024,1,39,Plastics & Articles,export
Bangladesh,16795449.24,534061217.67,11875.22,KGM,2024,1,39,Plastics & Articles,export
Hong Kong,18832310.99,641614586.41,16045.74,KGM,2024,1,39,Plastics & Articles,export
Singapore,19853777.4,673416771.36,19756.38,KGM,2024,1,39,Plastics & Articles,export
China,168384909.74,5339491681.14,159147.06,KGM,2024,2,39,Plastics & Articles,export
Japan,105305937.26,3379273323.83,70555.79,KGM,2024,2,39,Plastics & Articles,export
Vietnam,102654293.32,3672332196.83,69095.15,KGM,2024,2,39,Plastics & Articles,export
Indonesia,68709001.31,2202869226.91,54650.87,KGM,2024,2,39,Plastics & Articles,export
India,62596001.17,2073224281.38,45755.21,KGM,2024,2,39,Plastics & Articles,export
Malaysia,47598738.46,1572538198.51,38627.15,KGM,2024,2,39,Plastics & Articles,export
Australia,41229651.99,1264296076.66,32385.02,KGM,2024,2,39,Plastics & Articles,export
Philippines,34349160.97,962601660.45,25681.86,KGM,2024,2,39,Plastics & Articles,export
United States of America,34261844.17,1196351458.0,30732.12,KGM,2024,2,39,Plastics & Articles,export
"Korea, Republic of",30243038.77,989369278.27,20927.6,KGM,2024,2,39,Plastics & Articles,export
Myanmar,27136727.39,851308087.77,18104.08,KGM,2024,2,39,Plastics & Articles,export
Cambodia,22157783.79,711102119.44,18473.58,KGM,2024,2,39,Plastics & Articles,export
Bangladesh,17086069.19,548702015.44,12969.84,KGM,2024,2,39,Plastics & Articles,export
Hong Kong,18195726.33,621093009.79,11994.88,KGM,2024,2,39,Plastics & Articles,export
Singapore,20503217.85,659530312.55,15954.44,KGM,2024,2,39,Plastics & Articles,export
China,164118713.67,5289771458.4,141298.38,KGM,2024,3,39,Plastics & Articles,export
Japan,110260742.23,3613518804.73,74841.14,KGM,2024,3,39,Plastics & Articles,export
Vietnam,94737620.92,3231639859.89,66948.92,KGM,2024,3,39,Plastics & Articles,export
Indonesia,79020999.4,2517798015.27,49826.28,KGM,2024,3,39,Plastics & Articles,export
India,55186728.57,1831747797.58,53571.73,KGM,2024,3,39,Plastics & Articles,export
Malaysia,45878843.64,1535220014.19,40280.67,KGM,2024,3,39,Plastics & Articles,export
Australia,46035000.11,1439612077.53,41705.04,KGM,2024,3,39,Plastics & Articles,export
Philippines,36384267.6,1206692613.45,25631.18,KGM,2024,3,39,Plastics & Articles,export
United States of America,44696661.0,1447558216.81,37604.25,KGM,2024,3,39,Plastics & Articles,export
"Korea, Republic of",34293709.03,1079466236.89,23305.46,KGM,2024,3,39,Plastics & Articles,export
Myanmar,27927645.75,857881922.92,26710.85,KGM,2024,3,39,Plastics & Articles,export
Cambodia,20155367.68,699206587.56,18714.28,KGM,2024,3,39,Plastics & Articles,export
Bangladesh,18766299.4,631118966.69,13503.89,KGM,2024,3,39,Plastics & Articles,export
Hong Kong,19148487.88,655591917.56,13377.7,KGM,2024,3,39,Plastics & Articles,export
Singapore,22681855.12,743913920.91,14385.24,KGM,2024,3,39,Plastics & Articles,export
China,177144437.86,5492641960.41,173796.48,KGM,2024,4,39,Plastics & Articles,export
Japan,107255199.18,3928603220.36,92942.77,KGM,2024,4,39,Plastics & Articles,export
Vietnam,112276665.54,3763956089.22,74725.47,KGM,2024,4,39,Plastics & Articles,export
Indonesia,79656246.21,2629867981.41,52804.17,KGM,2024,4,39,Plastics & Articles,export
India,74657666.94,2682054824.83,53487.08,KGM,2024,4,39,Plastics & Articles,export
Malaysia,53838826.08,1770163951.09,44600.43,KGM,2024,4,39,Plastics & Articles,export
Australia,40847438.86,1327516418.1,42552.39,KGM,2024,4,39,Plastics & Articles,export
Philippines,38536321.93,1371420797.45,27895.35,KGM,2024,4,39,Plastics & Articles,export
United States of America,52746680.39,1643782189.2,37829.71,KGM,2024,4,39,Plastics & Articles,export
"Korea, Republic of",35316265.27,1116312854.81,29714.1,KGM,2024,4,39,Plastics & Articles,export
Myanmar,27770987.35,961722239.86,22747.86,KGM,2024,4,39,Plastics & Articles,export
Cambodia,23123821.65,736277640.13,20951.78,KGM,2024,4,39,Plastics & Articles,export
Bangladesh,16800888.14,521354021.91,18329.27,KGM,2024,4,39,Plastics & Articles,export
Hong Kong,17372266.09,559456807.65,16442.09,KGM,2024,4,39,Plastics & Articles,export
Singapore,22170648.19,659932352.79,18338.12,KGM,2024,4,39,Plastics & Articles,export
China,213144803.88,6774347041.47,156569.6,KGM,2024,5,39,Plastics & Articles,export
Japan,95262509.53,2915846882.87,76926.46,KGM,2024,5,39,Plastics & Articles,export
Vietnam,98011247.78,3324368833.89,78849.29,KGM,2024,5,39,Plastics & Articles,export
Indonesia,82283166.52,2905152341.47,65956.62,KGM,2024,5,39,Plastics & Articles,export
India,75101411.45,2505020300.62,59838.72,KGM,2024,5,39,Plastics & Articles,export
Malaysia,61644248.35,2013825194.14,43733.46,KGM,2024,5,39,Plastics & Articles,export
Australia,56165112.46,1800312115.99,35770.6,KGM,2024,5,39,Plastics & Articles,export
Philippines,36945388.02,1193453449.7,28645.22,KGM,2024,5,39,Plastics & Articles,export
United States of America,49077680.02,1686634901.69,39598.48,KGM,2024,5,39,Plastics & Articles,export
"Korea, Republic of",40880842.33,1345047447.33,25647.28,KGM,2024,5,39,Plastics & Articles,export
Myanmar,23465896.14,769228108.08,19433.23,KGM,2024,5,39,Plastics & Articles,export
Cambodia,25068999.29,850481352.29,20296.85,KGM,2024,5,39,Plastics & Articles,export
Bangladesh,21576811.0,704157185.44,18471.8,KGM,2024,5,39,Plastics & Articles,export
Hong Kong,17629258.25,606459456.26,16538.33,KGM,2024,5,39,Plastics & Articles,export
Singapore,24283763.16,782999607.14,18754.98,KGM,2024,5,39,Plastics & Articles,export
China,194674297.07,6229111674.19,169351.2,KGM,2024,6,39,Plastics & Articles,export
Japan,107904800.13,3423596264.42,100591.9,KGM,2024,6,39,Plastics & Articles,export
Vietnam,99227625.69,3274572786.36,79121.62,KGM,2024,6,39,Plastics & Articles,export
Indonesia,73174413.72,2458477107.47,75576.78,KGM,2024,6,39,Plastics & Articles,export
India,64905167.74,2320251850.26,56913.86,KGM,2024,6,39,Plastics & Articles,export
Malaysia,59174992.32,1850897251.18,55553.38,KGM,2024,6,39,Plastics & Articles,export
Australia,44715008.44,1608114711.54,29057.24,KGM,2024,6,39,Plastics & Articles,export
Philippines,32445741.23,1155277904.34,31933.89,KGM,2024,6,39,Plastics & Articles,export
United States of America,53621559.81,1872716108.78,40865.57,KGM,2024,6,39,Plastics & Articles,export
"Korea, Republic of",31925778.35,1048156124.24,29070.29,KGM,2024,6,39,Plastics & Articles,export
Myanmar,28934256.34,1005840995.43,23996.54,KGM,2024,6,39,Plastics & Articles,export
Cambodia,28265731.43,886610108.93,18923.58,KGM,2024,6,39,Plastics & Articles,export
Bangladesh,17947721.23,632139644.91,19295.62,KGM,2024,6,39,Plastics & Articles,export
Hong Kong,17416545.66,556154039.43,18757.38,KGM,2024,6,39,Plastics & Articles,export
Singapore,26061629.11,944585634.23,17878.69,KGM,2024,6,39,Plastics & Articles,export
China,180738965.66,5840618226.42,134016.83,KGM,2024,7,39,Plastics & Articles,export
Japan,145209088.84,4567940721.62,94876.52,KGM,2024,7,39,Plastics & Articles,export
Vietnam,88278018.61,2984697335.52,60588.02,KGM,2024,7,39,Plastics & Articles,export
Indonesia,67079171.24,2293110078.37,69470.98,KGM,2024,7,39,Plastics & Articles,export
India,66412372.47,2283814173.31,61627.29,KGM,2024,7,39,Plastics & Articles,export
Malaysia,58402235.51,1963500737.12,41759.82,KGM,2024,7,39,Plastics & Articles,export
Australia,49870220.45,1651629320.63,40594.03,KGM,2024,7,39,Plastics & Articles,export
Philippines,39587424.38,1387267525.84,31778.58,KGM,2024,7,39,Plastics & Articles,export
United States of America,41811602.71,1384494848.11,33726.03,KGM,2024,7,39,Plastics & Articles,export
"Korea, Republic of",30992539.05,971004545.89,27512.34,KGM,2024,7,39,Plastics & Articles,export
Myanmar,26003281.82,849163199.02,28686.97,KGM,2024,7,39,Plastics & Articles,export
Cambodia,21152233.51,730907633.32,18902.57,KGM,2024,7,39,Plastics & Articles,export
Bangladesh,21477266.8,684038814.08,12644.96,KGM,2024,7,39,Plastics & Articles,export
Hong Kong,19593521.43,599561572.51,15270.82,KGM,2024,7,39,Plastics & Articles,export
Singapore,20513148.95,622444189.22,16711.18,KGM,2024,7,39,Plastics & Articles,export
China,188365682.75,6027934507.56,180571.43,KGM,2024,8,39,Plastics & Articles,export
Japan,131269317.71,4295778818.21,95097.69,KGM,2024,8,39,Plastics & Articles,export
Vietnam,82266095.98,2729148204.11,90051.85,KGM,2024,8,39,Plastics & Articles,export
Indonesia,66332847.58,2130494777.38,66068.1,KGM,2024,8,39,Plastics & Articles,export
India,69519539.58,2420920883.52,56869.52,KGM,2024,8,39,Plastics & Articles,export
Malaysia,52548692.11,1838807279.46,50631.49,KGM,2024,8,39,Plastics & Articles,export
Australia,61793819.09,2072695058.08,44456.15,KGM,2024,8,39,Plastics & Articles,export
Philippines,40569211.15,1321353183.64,37469.75,KGM,2024,8,39,Plastics & Articles,export
United States of America,53282277.36,1749573571.25,49878.99,KGM,2024,8,39,Plastics & Articles,export
"Korea, Republic of",27590131.33,922618629.97,24783.36,KGM,2024,8,39,Plastics & Articles,export
Myanmar,27134080.52,883415960.42,22702.94,KGM,2024,8,39,Plastics & Articles,export
Cambodia,26061342.6,837203768.33,17500.67,KGM,2024,8,39,Plastics & Articles,export
Bangladesh,22519412.33,767657002.18,14879.92,KGM,2024,8,39,Plastics & Articles,export
Hong Kong,19769182.8,674271715.74,15749.52,KGM,2024,8,39,Plastics & Articles,export
Singapore,20081069.68,679325387.97,20791.95,KGM,2024,8,39,Plastics & Articles,export
China,218324927.52,7204894745.68,153745.91,KGM,2024,9,39,Plastics & Articles,export
Japan,91135692.9,3031480997.72,88835.2,KGM,2024,9,39,Plastics & Articles,export
Vietnam,115423531.08,3749686706.98,98330.22,KGM,2024,9,39,Plastics & Articles,export
Indonesia,87535954.32,2676504774.18,63262.39,KGM,2024,9,39,Plastics & Articles,export
India,74699358.13,2422339167.32,68733.15,KGM,2024,9,39,Plastics & Articles,export
Malaysia,54897436.44,1801503989.62,48690.47,KGM,2024,9,39,Plastics & Articles,export
Australia,63444273.16,2105974605.28,45108.31,KGM,2024,9,39,Plastics & Articles,export
Philippines,28596297.82,1023128064.62,31646.29,KGM,2024,9,39,Plastics & Articles,export
United States of America,50715239.04,1703420354.88,44219.53,KGM,2024,9,39,Plastics & Articles,export
"Korea, Republic of",33504787.06,1115151851.9,33893.34,KGM,2024,9,39,Plastics & Articles,export
Myanmar,28053635.35,985841776.86,24212.38,KGM,2024,9,39,Plastics & Articles,export
Cambodia,21434504.51,709706135.76,20777.69,KGM,2024,9,39,Plastics & Articles,export
Bangladesh,17025531.19,568391869.44,17581.4,KGM,2024,9,39,Plastics & Articles,export
Hong Kong,21893037.69,720645676.58,18298.77,KGM,2024,9,39,Plastics & Articles,export
Singapore,23758559.39,761069629.31,16684.76,KGM,2024,9,39,Plastics & Articles,export
China,207226621.02,7019838652.15,146451.8,KGM,2024,10,39,Plastics & Articles,export
Japan,112979451.28,3630379667.04,78341.55,KGM,2024,10,39,Plastics & Articles,export
Vietnam,105406759.96,3337979826.85,70286.15,KGM,2024,10,39,Plastics & Articles,export
Indonesia,77582169.49,2594877115.53,62274.52,KGM,2024,10,39,Plastics & Articles,export
India,77071577.39,2423253118.32,54660.24,KGM,2024,10,39,Plastics & Articles,export
Malaysia,62949128.77,2229699739.78,52766.47,KGM,2024,10,39,Plastics & Articles,export
Australia,57681436.17,1891288478.48,35146.04,KGM,2024,10,39,Plastics & Articles,export
Philippines,43288509.28,1405748631.79,29741.0,KGM,2024,10,39,Plastics & Articles,export
United States of America,55237739.19,1822988604.42,42641.86,KGM,2024,10,39,Plastics & Articles,export
"Korea, Republic of",33857517.97,1101430678.67,23952.77,KGM,2024,10,39,Plastics & Articles,export
Myanmar,30766741.17,1017516321.59,20462.91,KGM,2024,10,39,Plastics & Articles,export
Cambodia,26889414.22,903623263.37,18981.09,KGM,2024,10,39,Plastics & Articles,export
Bangladesh,21270711.19,688661474.59,15954.83,KGM,2024,10,39,Plastics & Articles,export
Hong Kong,20012353.52,670753342.75,14858.56,KGM,2024,10,39,Plastics & Articles,export
Singapore,23687858.68,799368069.84,18759.8,KGM,2024,10,39,Plastics & Articles,export
China,198248593.3,6033215721.64,163736.67,KGM,2024,11,39,Plastics & Articles,export
Japan,115520930.47,3503609771.54,117189.04,KGM,2024,11,39,Plastics & Articles,export
Vietnam,119356644.46,3843345951.39,83814.02,KGM,2024,11,39,Plastics & Articles,export
Indonesia,79605405.85,2355027049.81,74613.31,KGM,2024,11,39,Plastics & Articles,export
India,81173211.83,2801966519.53,58700.06,KGM,2024,11,39,Plastics & Articles,export
Malaysia,50293972.33,1484048012.97,47429.05,KGM,2024,11,39,Plastics & Articles,export
Australia,56874391.49,1791764780.94,35841.65,KGM,2024,11,39,Plastics & Articles,export
Philippines,32773101.73,1085046465.51,34240.06,KGM,2024,11,39,Plastics & Articles,export
United States of America,46993108.82,1495795429.28,41916.22,KGM,2024,11,39,Plastics & Articles,export
"Korea, Republic of",29299164.43,1039155739.07,27201.62,KGM,2024,11,39,Plastics & Articles,export
Myanmar,33436153.25,1115631927.49,25712.23,KGM,2024,11,39,Plastics & Articles,export
Cambodia,24473124.26,828365959.53,22110.98,KGM,2024,11,39,Plastics & Articles,export
Bangladesh,20147807.56,616345799.04,16641.62,KGM,2024,11,39,Plastics & Articles,export
Hong Kong,19340862.76,603081586.87,13926.3,KGM,2024,11,39,Plastics & Articles,export
Singapore,26590131.94,908109737.84,17233.55,KGM,2024,11,39,Plastics & Articles,export
China,194530941.25,6242833625.33,140022.14,KGM,2024,12,39,Plastics & Articles,export
Japan,116708224.81,4060602358.5,90250.3,KGM,2024,12,39,Plastics & Articles,export
Vietnam,78631363.08,2569055899.38,68329.74,KGM,2024,12,39,Plastics & Articles,export
Indonesia,72010475.27,2391233633.26,60657.9,KGM,2024,12,39,Plastics & Articles,export
India,69958326.9,2198544275.87,47153.04,KGM,2024,12,39,Plastics & Articles,export
Malaysia,49378613.57,1595724827.76,38307.67,KGM,2024,12,39,Plastics & Articles,export
Australia,42896657.22,1430513059.63,34306.95,KGM,2024,12,39,Plastics & Articles,export
Philippines,33640536.77,1012334827.61,31764.15,KGM,2024,12,39,Plastics & Articles,export
United States of America,34266605.62,1178226355.29,39504.21,KGM,2024,12,39,Plastics & Articles,export
"Korea, Republic of",34681753.51,1144629394.09,26572.91,KGM,2024,12,39,Plastics & Articles,export
Myanmar,25766456.32,856000481.07,17091.86,KGM,2024,12,39,Plastics & Articles,export
Cambodia,18874721.36,593646362.46,22851.63,KGM,2024,12,39,Plastics & Articles,export
Bangladesh,17500319.67,567902127.89,16656.72,KGM,2024,12,39,Plastics & Articles,export
Hong Kong,16999801.3,527594473.38,9727.76,KGM,2024,12,39,Plastics & Articles,export
Singapore,23279387.74,737101613.76,21173.05,KGM,2024,12,39,Plastics & Articles,export
China,176471578.24,5973598679.18,183452.66,KGM,2025,1,39,Plastics & Articles,export
Japan,113975560.78,4026592443.51,75435.28,KGM,2025,1,39,Plastics & Articles,export
Vietnam,80542537.39,2836633070.37,62015.98,KGM,2025,1,39,Plastics & Articles,export
Indonesia,64817354.67,2297080256.96,55356.91,KGM,2025,1,39,Plastics & Articles,export
India,55036198.03,1765818990.2,47081.62,KGM,2025,1,39,Plastics & Articles,export
Malaysia,50213241.03,1757972935.83,41731.59,KGM,2025,1,39,Plastics & Articles,export
Australia,50372312.1,1607386824.85,35260.63,KGM,2025,1,39,Plastics & Articles,export
Philippines,36960247.47,1221789228.34,27708.16,KGM,2025,1,39,Plastics & Articles,export
United States of America,38802311.78,1279375080.37,27896.61,KGM,2025,1,39,Plastics & Articles,export
"Korea, Republic of",27047632.58,952725664.68,22687.57,KGM,2025,1,39,Plastics & Articles,export
Myanmar,25777872.54,862120698.14,23527.05,KGM,2025,1,39,Plastics & Articles,export
Cambodia,22896366.48,795176319.01,16164.35,KGM,2025,1,39,Plastics & Articles,export
Bangladesh,17844606.78,597177794.23,13406.05,KGM,2025,1,39,Plastics & Articles,export
Hong Kong,16068820.33,528938850.94,13357.4,KGM,2025,1,39,Plastics & Articles,export
Singapore,20496093.02,663606628.1,20543.82,KGM,2025,1,39,Plastics & Articles,export
China,201979456.23,6594327407.35,134812.84,KGM,2025,2,39,Plastics & Articles,export
Japan,95240588.23,3270684602.99,84307.29,KGM,2025,2,39,Plastics & Articles,export
Vietnam,62370415.11,1872226181.82,66905.85,KGM,2025,2,39,Plastics & Articles,export
Indonesia,73431807.76,2427762823.33,59910.52,KGM,2025,2,39,Plastics & Articles,export
India,59727614.04,1921979118.3,38775.96,KGM,2025,2,39,Plastics & Articles,export
Malaysia,47079916.99,1615230089.33,37958.31,KGM,2025,2,39,Plastics & Articles,export
Australia,47148124.07,1533016079.34,35882.96,KGM,2025,2,39,Plastics & Articles,export
Philippines,30938660.46,1034736796.94,27037.21,KGM,2025,2,39,Plastics & Articles,export
United States of America,40868144.37,1386365289.59,30789.16,KGM,2025,2,39,Plastics & Articles,export
"Korea, Republic of",31341522.51,1016229943.91,19718.9,KGM,2025,2,39,Plastics & Articles,export
Myanmar,27025588.5,894461854.45,22439.71,KGM,2025,2,39,Plastics & Articles,export
Cambodia,21659229.83,745758968.21,17223.26,KGM,2025,2,39,Plastics & Articles,export
Bangladesh,14862437.58,470644533.19,13802.79,KGM,2025,2,39,Plastics & Articles,export
Hong Kong,18535575.28,623031351.17,11674.9,KGM,2025,2,39,Plastics & Articles,export
Singapore,19049684.96,641192077.98,18226.03,KGM,2025,2,39,Plastics & Articles,export
China,191311041.23,6111662299.22,184638.0,KGM,2025,3,39,Plastics & Articles,export
Japan,122481253.07,4212073494.01,102292.73,KGM,2025,3,39,Plastics & Articles,export
Vietnam,87089099.83,2794781042.72,72629.46,KGM,2025,3,39,Plastics & Articles,export
Indonesia,72511510.28,2353370901.13,53751.78,KGM,2025,3,39,Plastics & Articles,export
India,74988724.23,2486532759.96,50309.29,KGM,2025,3,39,Plastics & Articles,export
Malaysia,51983955.92,1779930974.07,44759.33,KGM,2025,3,39,Plastics & Articles,export
Australia,48994468.19,1527906612.92,43726.29,KGM,2025,3,39,Plastics & Articles,export
Philippines,34540372.26,1218839129.19,28412.18,KGM,2025,3,39,Plastics & Articles,export
United States of America,48103909.73,1666240303.23,31012.57,KGM,2025,3,39,Plastics & Articles,export
"Korea, Republic of",33054155.66,1169301549.97,28951.2,KGM,2025,3,39,Plastics & Articles,export
Myanmar,25285278.63,831599906.52,26679.53,KGM,2025,3,39,Plastics & Articles,export
Cambodia,22387491.27,698741564.15,19030.09,KGM,2025,3,39,Plastics & Articles,export
Bangladesh,18646100.56,589082025.23,14511.37,KGM,2025,3,39,Plastics & Articles,export
Hong Kong,17475658.35,572039170.53,16988.0,KGM,2025,3,39,Plastics & Articles,export
Singapore,21063751.92,719326736.15,19688.11,KGM,2025,3,39,Plastics & Articles,export
China,192694758.44,5622878795.16,131352.36,KGM,2025,4,39,Plastics & Articles,export
Japan,105222636.65,3624316390.52,104215.79,KGM,2025,4,39,Plastics & Articles,export
Vietnam,88695426.64,3019786952.42,74910.81,KGM,2025,4,39,Plastics & Articles,export
Indonesia,76025953.33,2497768995.75,68604.33,KGM,2025,4,39,Plastics & Articles,export
India,70705363.91,2250135371.31,51875.08,KGM,2025,4,39,Plastics & Articles,export
Malaysia,64560063.01,2072407441.32,37918.99,KGM,2025,4,39,Plastics & Articles,export
Australia,47728756.91,1512126875.74,42518.48,KGM,2025,4,39,Plastics & Articles,export
Philippines,39035608.26,1313960983.6,25706.55,KGM,2025,4,39,Plastics & Articles,export
United States of America,56970594.13,1817870176.48,29482.49,KGM,2025,4,39,Plastics & Articles,export
"Korea, Republic of",36551177.83,1238430548.99,36513.96,KGM,2025,4,39,Plastics & Articles,export
Myanmar,26801194.58,835117716.44,22715.64,KGM,2025,4,39,Plastics & Articles,export
Cambodia,26031363.51,913946063.23,21692.77,KGM,2025,4,39,Plastics & Articles,export
Bangladesh,18637167.38,656819421.21,13924.55,KGM,2025,4,39,Plastics & Articles,export
Hong Kong,21934638.75,711486258.06,13590.86,KGM,2025,4,39,Plastics & Articles,export
Singapore,25993757.18,859027822.9,18689.96,KGM,2025,4,39,Plastics & Articles,export
China,167774288.08,5513540611.64,136143.89,KGM,2025,5,39,Plastics & Articles,export
Japan,109754439.65,3570178458.56,81395.27,KGM,2025,5,39,Plastics & Articles,export
Vietnam,89704170.44,3093783989.07,78931.63,KGM,2025,5,39,Plastics & Articles,export
Indonesia,76296709.07,2640670862.84,59715.55,KGM,2025,5,39,Plastics & Articles,export
India,73882419.16,2158765872.12,60339.9,KGM,2025,5,39,Plastics & Articles,export
Malaysia,56354999.05,1789926300.34,43961.67,KGM,2025,5,39,Plastics & Articles,export
Australia,54346820.37,1680100125.61,36768.21,KGM,2025,5,39,Plastics & Articles,export
Philippines,40301594.51,1274189680.3,31437.92,KGM,2025,5,39,Plastics & Articles,export
United States of America,54171227.07,1830526319.24,41839.1,KGM,2025,5,39,Plastics & Articles,export
"Korea, Republic of",36082317.71,1182305390.17,31133.35,KGM,2025,5,39,Plastics & Articles,export
Myanmar,25837408.77,788468954.36,23013.15,KGM,2025,5,39,Plastics & Articles,export
Cambodia,21972443.09,688816831.77,23487.69,KGM,2025,5,39,Plastics & Articles,export
Bangladesh,17357899.43,595285994.81,16997.58,KGM,2025,5,39,Plastics & Articles,export
Hong Kong,16389588.82,527374527.31,16203.04,KGM,2025,5,39,Plastics & Articles,export
Singapore,25396002.11,786046796.16,18952.36,KGM,2025,5,39,Plastics & Articles,export
China,181396772.14,6514966152.47,163904.61,KGM,2025,6,39,Plastics & Articles,export
Japan,118799616.96,3710174850.37,87182.47,KGM,2025,6,39,Plastics & Articles,export
Vietnam,93775192.03,3137593073.74,72766.24,KGM,2025,6,39,Plastics & Articles,export
Indonesia,75773489.91,2459640970.37,64491.91,KGM,2025,6,39,Plastics & Articles,export
India,78099225.58,2494486011.41,57097.9,KGM,2025,6,39,Plastics & Articles,export
Malaysia,62894449.89,1994884854.39,39392.13,KGM,2025,6,39,Plastics & Articles,export
Australia,43826399.38,1434520106.48,44189.58,KGM,2025,6,39,Plastics & Articles,export
Philippines,35717825.78,1207730491.34,31091.65,KGM,2025,6,39,Plastics & Articles,export
United States of America,55213757.45,1926682364.4,31267.24,KGM,2025,6,39,Plastics & Articles,export
"Korea, Republic of",26455206.14,919184097.63,29581.34,KGM,2025,6,39,Plastics & Articles,export
Myanmar,32058837.33,1006722694.59,24429.41,KGM,2025,6,39,Plastics & Articles,export
Cambodia,25600886.7,808782017.91,16615.78,KGM,2025,6,39,Plastics & Articles,export
Bangladesh,18187495.28,606754027.27,14575.74,KGM,2025,6,39,Plastics & Articles,export
Hong Kong,17731775.25,548648112.42,15848.77,KGM,2025,6,39,Plastics & Articles,export
Singapore,23913708.66,825519007.38,18433.93,KGM,2025,6,39,Plastics & Articles,export
China,218584609.43,6570821629.52,154124.51,KGM,2025,7,39,Plastics & Articles,export
Japan,100603590.62,3298285193.42,107129.77,KGM,2025,7,39,Plastics & Articles,export
Vietnam,115533354.18,3856821869.69,87131.45,KGM,2025,7,39,Plastics & Articles,export
Indonesia,79677924.79,2553918839.7,54256.91,KGM,2025,7,39,Plastics & Articles,export
India,71698705.23,2416419923.0,52786.34,KGM,2025,7,39,Plastics & Articles,export
Malaysia,65072506.41,2105270249.34,46182.43,KGM,2025,7,39,Plastics & Articles,export
Australia,44759820.74,1527663891.08,43274.0,KGM,2025,7,39,Plastics & Articles,export
Philippines,47935844.39,1574934210.86,32134.49,KGM,2025,7,39,Plastics & Articles,export
United States of America,51464351.44,1629980302.92,37974.19,KGM,2025,7,39,Plastics & Articles,export
"Korea, Republic of",34722219.18,1173129705.73,29045.94,KGM,2025,7,39,Plastics & Articles,export
Myanmar,30809996.25,1040785695.86,26612.93,KGM,2025,7,39,Plastics & Articles,export
Cambodia,25248559.74,842514595.16,16679.88,KGM,2025,7,39,Plastics & Articles,export
Bangladesh,19330660.41,652435015.24,13615.73,KGM,2025,7,39,Plastics & Articles,export
Hong Kong,20685787.78,699870375.69,16536.5,KGM,2025,7,39,Plastics & Articles,export
Singapore,24887954.39,887381610.59,19084.39,KGM,2025,7,39,Plastics & Articles,export
China,205569420.87,6035196300.99,112609.27,KGM,2025,8,39,Plastics & Articles,export
Japan,136184886.08,4382905694.15,75833.23,KGM,2025,8,39,Plastics & Articles,export
Vietnam,88969261.64,2987513511.0,78084.69,KGM,2025,8,39,Plastics & Articles,export
Indonesia,75641175.51,2578904301.91,58477.08,KGM,2025,8,39,Plastics & Articles,export
India,89557923.52,2832624433.53,60396.93,KGM,2025,8,39,Plastics & Articles,export
Malaysia,66063906.75,2285481810.51,58791.16,KGM,2025,8,39,Plastics & Articles,export
Australia,42824051.11,1383706851.37,43082.44,KGM,2025,8,39,Plastics & Articles,export
Philippines,40726093.24,1389334976.25,30955.5,KGM,2025,8,39,Plastics & Articles,export
United States of America,48854274.64,1611973384.47,47406.27,KGM,2025,8,39,Plastics & Articles,export
"Korea, Republic of",34656954.64,1162249214.01,30305.15,KGM,2025,8,39,Plastics & Articles,export
Myanmar,32209369.23,1127384101.73,23919.35,KGM,2025,8,39,Plastics & Articles,export
Cambodia,27828264.4,952673241.26,20226.83,KGM,2025,8,39,Plastics & Articles,export
Bangladesh,19723906.09,675306630.62,17314.3,KGM,2025,8,39,Plastics & Articles,export
Hong Kong,20762509.05,647994691.66,14610.47,KGM,2025,8,39,Plastics & Articles,export
Singapore,26063984.5,901331346.65,18497.09,KGM,2025,8,39,Plastics & Articles,export
China,175344016.74,5799757428.41,191312.96,KGM,2025,9,39,Plastics & Articles,export
Japan,113315503.49,3704809138.62,93751.54,KGM,2025,9,39,Plastics & Articles,export
Vietnam,108237244.28,3416114701.5,70455.32,KGM,2025,9,39,Plastics & Articles,export
Indonesia,79921611.26,2723308262.36,65836.34,KGM,2025,9,39,Plastics & Articles,export
India,74220881.98,2475613431.47,55117.61,KGM,2025,9,39,Plastics & Articles,export
Malaysia,62975173.14,2089163177.66,48062.91,KGM,2025,9,39,Plastics & Articles,export
Australia,40517702.2,1370386696.48,45926.35,KGM,2025,9,39,Plastics & Articles,export
Philippines,47486666.39,1607767933.19,29824.75,KGM,2025,9,39,Plastics & Articles,export
United States of America,41790523.99,1364234026.16,32549.53,KGM,2025,9,39,Plastics & Articles,export
"Korea, Republic of",34046343.27,1183706784.13,32543.43,KGM,2025,9,39,Plastics & Articles,export
Myanmar,34951049.48,1186990563.78,26557.89,KGM,2025,9,39,Plastics & Articles,export
Cambodia,22504116.13,784894921.42,24118.46,KGM,2025,9,39,Plastics & Articles,export
Bangladesh,17800422.83,572816345.23,17447.86,KGM,2025,9,39,Plastics & Articles,export
Hong Kong,24469455.47,810890525.35,14587.14,KGM,2025,9,39,Plastics & Articles,export
Singapore,26292532.8,952382153.75,20517.79,KGM,2025,9,39,Plastics & Articles,export
China,248317968.55,8375935457.0,136528.63,KGM,2025,10,39,Plastics & Articles,export
Japan,127295355.43,4241397742.46,112158.93,KGM,2025,10,39,Plastics & Articles,export
Vietnam,97570109.66,3160992512.72,74382.54,KGM,2025,10,39,Plastics & Articles,export
Indonesia,83935906.42,2698049678.66,69549.54,KGM,2025,10,39,Plastics & Articles,export
India,87022209.18,2985813442.87,63291.92,KGM,2025,10,39,Plastics & Articles,export
Malaysia,62836009.74,2156846738.89,44629.32,KGM,2025,10,39,Plastics & Articles,export
Australia,47824703.97,1618791361.41,32168.5,KGM,2025,10,39,Plastics & Articles,export
Philippines,39270155.31,1336794712.63,32620.85,KGM,2025,10,39,Plastics & Articles,export
United States of America,48159687.42,1677360277.11,34312.59,KGM,2025,10,39,Plastics & Articles,export
"Korea, Republic of",36953267.08,1254164298.28,34222.61,KGM,2025,10,39,Plastics & Articles,export
Myanmar,33948891.22,1128593884.33,25987.88,KGM,2025,10,39,Plastics & Articles,export
Cambodia,29562126.09,949431005.27,23315.93,KGM,2025,10,39,Plastics & Articles,export
Bangladesh,22287133.76,725024774.99,15729.13,KGM,2025,10,39,Plastics & Articles,export
Hong Kong,22447245.23,745729347.8,15698.36,KGM,2025,10,39,Plastics & Articles,export
Singapore,27559172.17,939203516.87,20375.1,KGM,2025,10,39,Plastics & Articles,export
China,199305271.4,6616146542.13,185638.01,KGM,2025,11,39,Plastics & Articles,export
Japan,127241956.14,4154203564.65,89272.04,KGM,2025,11,39,Plastics & Articles,export
Vietnam,106264386.7,3455449377.96,93637.43,KGM,2025,11,39,Plastics & Articles,export
Indonesia,91898018.35,3078697977.33,60660.49,KGM,2025,11,39,Plastics & Articles,export
India,69265726.87,2427452908.25,69186.77,KGM,2025,11,39,Plastics & Articles,export
Malaysia,64326810.05,1976411570.95,46819.51,KGM,2025,11,39,Plastics & Articles,export
Australia,54088192.82,1854534833.04,42731.68,KGM,2025,11,39,Plastics & Articles,export
Philippines,35579579.5,1197020823.36,33921.11,KGM,2025,11,39,Plastics & Articles,export
United States of America,47415896.81,1513021187.38,42276.33,KGM,2025,11,39,Plastics & Articles,export
"Korea, Republic of",33470639.04,1091171365.7,27327.03,KGM,2025,11,39,Plastics & Articles,export
Myanmar,35143523.96,1115146996.83,24050.07,KGM,2025,11,39,Plastics & Articles,export
Cambodia,28176590.05,964461342.62,23417.53,KGM,2025,11,39,Plastics & Articles,export
Bangladesh,23701132.58,787669437.91,17062.1,KGM,2025,11,39,Plastics & Articles,export
Hong Kong,19379322.25,636838520.87,19477.16,KGM,2025,11,39,Plastics & Articles,export
Singapore,25267272.89,857946722.85,19863.52,KGM,2025,11,39,Plastics & Articles,export
China,182444940.26,5931868395.27,148038.24,KGM,2025,12,39,Plastics & Articles,export
Japan,106407250.84,3738337392.89,85304.9,KGM,2025,12,39,Plastics & Articles,export
Vietnam,74171524.53,2568726299.49,76265.79,KGM,2025,12,39,Plastics & Articles,export
Indonesia,59067292.22,2036236580.48,57402.04,KGM,2025,12,39,Plastics & Articles,export
India,58558366.67,1850563450.95,52293.89,KGM,2025,12,39,Plastics & Articles,export
Malaysia,54459586.55,1935679784.97,50081.36,KGM,2025,12,39,Plastics & Articles,export
Australia,46387853.94,1509196034.86,30632.89,KGM,2025,12,39,Plastics & Articles,export
Philippines,29625411.4,1020507955.57,27928.05,KGM,2025,12,39,Plastics & Articles,export
United States of America,39068560.93,1241431584.77,35287.47,KGM,2025,12,39,Plastics & Articles,export
"Korea, Republic of",37342751.2,1279943737.89,26542.55,KGM,2025,12,39,Plastics & Articles,export
Myanmar,27934104.53,967105551.93,23694.7,KGM,2025,12,39,Plastics & Articles,export
Cambodia,22703294.06,717359054.75,16940.02,KGM,2025,12,39,Plastics & Articles,export
Bangladesh,21275465.37,631140872.88,15900.15,KGM,2025,12,39,Plastics & Articles,export
Hong Kong,17650727.41,626748810.84,15197.39,KGM,2025,12,39,Plastics & Articles,export
Singapore,20122781.9,651986280.82,19019.03,KGM,2025,12,39,Plastics & Articles,export
China,156225125.81,4929487714.19,164895.15,KGM,2026,1,39,Plastics & Articles,export
Japan,116816906.8,3769095152.63,68884.03,KGM,2026,1,39,Plastics & Articles,export
Vietnam,93809180.75,3157178272.18,77092.46,KGM,2026,1,39,Plastics & Articles,export
Indonesia,77981826.11,2736271638.93,54822.6,KGM,2026,1,39,Plastics & Articles,export
India,64328401.16,2157921193.84,54072.23,KGM,2026,1,39,Plastics & Articles,export
Malaysia,55856405.5,1764365331.32,37475.1,KGM,2026,1,39,Plastics & Articles,export
Australia,41965619.43,1347813154.01,37683.91,KGM,2026,1,39,Plastics & Articles,export
Philippines,34442461.39,1209853691.43,28147.15,KGM,2026,1,39,Plastics & Articles,export
United States of America,47041024.78,1563621756.0,29269.34,KGM,2026,1,39,Plastics & Articles,export
"Korea, Republic of",30114338.33,993802277.23,24164.59,KGM,2026,1,39,Plastics & Articles,export
Myanmar,29616990.12,986418291.44,19217.07,KGM,2026,1,39,Plastics & Articles,export
Cambodia,22828060.01,731468480.76,17275.23,KGM,2026,1,39,Plastics & Articles,export
Bangladesh,16406195.54,559556880.69,13480.7,KGM,2026,1,39,Plastics & Articles,export
Hong Kong,17110736.74,534959373.73,14028.43,KGM,2026,1,39,Plastics & Articles,export
Singapore,21131069.67,644479995.75,18235.1,KGM,2026,1,39,Plastics & Articles,export
China,174181643.21,6208614331.14,117187.03,KGM,2026,2,39,Plastics & Articles,export
Japan,98595978.36,3294711981.21,59030.37,KGM,2026,2,39,Plastics & Articles,export
Vietnam,76343994.31,2704493912.67,65276.44,KGM,2026,2,39,Plastics & Articles,export
Indonesia,67528391.93,2086943754.84,49098.11,KGM,2026,2,39,Plastics & Articles,export
India,60013566.5,2084682448.17,46857.92,KGM,2026,2,39,Plastics & Articles,export
Malaysia,46635099.78,1521731494.24,39189.14,KGM,2026,2,39,Plastics & Articles,export
Australia,39768239.14,1331337393.7,25808.38,KGM,2026,2,39,Plastics & Articles,export
Philippines,32746766.03,1110442322.71,23706.92,KGM,2026,2,39,Plastics & Articles,export
United States of America,42865981.01,1348989088.11,36840.12,KGM,2026,2,39,Plastics & Articles,export
"Korea, Republic of",29445457.11,956206098.9,25623.12,KGM,2026,2,39,Plastics & Articles,export
Myanmar,26955250.96,892341806.66,17275.92,KGM,2026,2,39,Plastics & Articles,export
Cambodia,16308431.13,500178564.62,12236.66,KGM,2026,2,39,Plastics & Articles,export
Bangladesh,18007723.48,573373543.19,11442.06,KGM,2026,2,39,Plastics & Articles,export
Hong Kong,16414156.47,571335511.6,11490.56,KGM,2026,2,39,Plastics & Articles,export
Singapore,23386704.23,790012047.6,11565.97,KGM,2026,2,39,Plastics & Articles,export
China,139939294.18,4718259290.1,117991.08,KGM,2026,3,39,Plastics & Articles,export
Japan,95774019.67,3165004828.48,87252.16,KGM,2026,3,39,Plastics & Articles,export
Vietnam,73604223.92,2461950625.23,76064.59,KGM,2026,3,39,Plastics & Articles,export
Indonesia,70776405.17,2376990526.58,52015.97,KGM,2026,3,39,Plastics & Articles,export
India,53707817.74,1798212478.28,43382.1,KGM,2026,3,39,Plastics & Articles,export
Malaysia,58324135.6,1964678623.69,39879.59,KGM,2026,3,39,Plastics & Articles,export
Australia,44967297.82,1437259384.68,37003.91,KGM,2026,3,39,Plastics & Articles,export
Philippines,34725217.21,1223979916.78,28071.68,KGM,2026,3,39,Plastics & Articles,export
United States of America,39197296.52,1469862728.72,29313.08,KGM,2026,3,39,Plastics & Articles,export
"Korea, Republic of",31797931.28,1079961126.92,26300.12,KGM,2026,3,39,Plastics & Articles,export
Myanmar,28479248.75,972984586.35,23432.55,KGM,2026,3,39,Plastics & Articles,export
Cambodia,24515143.71,848428357.66,17979.71,KGM,2026,3,39,Plastics & Articles,export
Bangladesh,20960418.96,706810024.13,14432.04,KGM,2026,3,39,Plastics & Articles,export
Hong Kong,16603712.15,556710504.06,13821.64,KGM,2026,3,39,Plastics & Articles,export
Singapore,21174519.87,709600339.98,17821.27,KGM,2026,3,39,Plastics & Articles,export
