country_eng,value_usd,value_baht,quantity,quantity_unit,year,month,hs_code,hs_description,data_type
China,126726850.23,4261854968.05,78878.35,KGM,2019,1,29,Organic Chemicals (Naphtha),import
Japan,82683351.81,2833413700.65,76871.47,KGM,2019,1,29,Organic Chemicals (Naphtha),import
"Korea, Republic of",85634716.0,2844643032.7,55669.82,KGM,2019,1,29,Organic Chemicals (Naphtha),import
Singapore,63383819.08,1855136719.99,50642.78,KGM,2019,1,29,Organic Chemicals (Naphtha),import
Saudi Arabia,47804440.41,1562502773.56,43876.2,KGM,2019,1,29,Organic Chemicals (Naphtha),import
United States of America,47570385.07,1554588971.71,39601.72,KGM,2019,1,29,Organic Chemicals (Naphtha),import
Germany,38869685.1,1342082969.86,34458.95,KGM,2019,1,29,Organic Chemicals (Naphtha),import
Taiwan,27072768.43,894517324.26,22945.33,KGM,2019,1,29,Organic Chemicals (Naphtha),import
India,23266253.32,745277810.77,23169.8,KGM,2019,1,29,Organic Chemicals (Naphtha),import
Malaysia,21776866.58,703904769.35,19863.73,KGM,2019,1,29,Organic Chemicals (Naphtha),import
Indonesia,17716218.34,573768595.09,15261.64,KGM,2019,1,29,Organic Chemicals (Naphtha),import
United Arab Emirates,16914496.06,499954965.18,10444.39,KGM,2019,1,29,Organic Chemicals (Naphtha),import
Iran,14312755.44,454981798.88,10106.89,KGM,2019,1,29,Organic Chemicals (Naphtha),import
Qatar,11422305.42,363882382.66,9242.88,KGM,2019,1,29,Organic Chemicals (Naphtha),import
Netherlands,9844462.6,354025185.13,7768.11,KGM,2019,1,29,Organic Chemicals (Naphtha),import
Thailand,6997001.69,233349989.95,5976.68,KGM,2019,1,29,Organic Chemicals (Naphtha),import
Belgium,5674857.58,191342785.54,4920.43,KGM,2019,1,29,Organic Chemicals (Naphtha),import
China,111338097.27,3639198939.98,81669.77,KGM,2019,2,29,Organic Chemicals (Naphtha),import
Japan,80179692.11,2638238715.08,61873.29,KGM,2019,2,29,Organic Chemicals (Naphtha),import
"Korea, Republic of",81575435.72,2852757214.87,70532.2,KGM,2019,2,29,Organic Chemicals (Naphtha),import
Singapore,54038022.93,1617338021.79,47551.07,KGM,2019,2,29,Organic Chemicals (Naphtha),import
Saudi Arabia,48814773.08,1748130526.05,37817.15,KGM,2019,2,29,Organic Chemicals (Naphtha),import
United States of America,43606739.48,1434546122.08,34206.94,KGM,2019,2,29,Organic Chemicals (Naphtha),import
Germany,34386528.4,1100588865.57,30140.63,KGM,2019,2,29,Organic Chemicals (Naphtha),import
Taiwan,29891293.03,991463130.64,26561.04,KGM,2019,2,29,Organic Chemicals (Naphtha),import
India,24012387.19,835655763.52,19654.07,KGM,2019,2,29,Organic Chemicals (Naphtha),import
Malaysia,21545837.14,737147302.49,15756.96,KGM,2019,2,29,Organic Chemicals (Naphtha),import
Indonesia,16449817.01,548498492.65,13769.84,KGM,2019,2,29,Organic Chemicals (Naphtha),import
United Arab Emirates,13023373.75,438551235.62,8903.81,KGM,2019,2,29,Organic Chemicals (Naphtha),import
Iran,9955404.69,340149090.1,9065.89,KGM,2019,2,29,Organic Chemicals (Naphtha),import
Qatar,11070399.23,350452950.65,8338.91,KGM,2019,2,29,Organic Chemicals (Naphtha),import
Netherlands,8133636.61,266795077.52,7270.41,KGM,2019,2,29,Organic Chemicals (Naphtha),import
Thailand,6208429.29,200830684.15,5068.32,KGM,2019,2,29,Organic Chemicals (Naphtha),import
Belgium,5874622.82,182878884.61,4590.21,KGM,2019,2,29,Organic Chemicals (Naphtha),import
China,134746293.86,4535771770.87,86530.93,KGM,2019,3,29,Organic Chemicals (Naphtha),import
Japan,86000046.9,3008928842.04,98635.22,KGM,2019,3,29,Organic Chemicals (Naphtha),import
"Korea, Republic of",73035893.0,2297428661.36,64005.63,KGM,2019,3,29,Organic Chemicals (Naphtha),import
Singapore,61078753.8,2093020531.25,53238.18,KGM,2019,3,29,Organic Chemicals (Naphtha),import
Saudi Arabia,48553941.01,1670869683.39,40351.01,KGM,2019,3,29,Organic Chemicals (Naphtha),import
United States of America,53788586.43,1852225185.46,34474.54,KGM,2019,3,29,Organic Chemicals (Naphtha),import
Germany,34692446.41,1085297260.45,30536.16,KGM,2019,3,29,Organic Chemicals (Naphtha),import
Taiwan,30381836.28,1000098609.9,31137.52,KGM,2019,3,29,Organic Chemicals (Naphtha),import
India,26927148.23,876486022.72,20664.37,KGM,2019,3,29,Organic Chemicals (Naphtha),import
Malaysia,21829793.99,719315921.81,19311.91,KGM,2019,3,29,Organic Chemicals (Naphtha),import
Indonesia,18886380.6,628430229.88,14797.32,KGM,2019,3,29,Organic Chemicals (Naphtha),import
United Arab Emirates,14678568.38,474457891.99,12301.66,KGM,2019,3,29,Organic Chemicals (Naphtha),import
Iran,11106312.99,335977322.91,12576.61,KGM,2019,3,29,Organic Chemicals (Naphtha),import
Qatar,9775163.85,306327271.68,10520.68,KGM,2019,3,29,Organic Chemicals (Naphtha),import
Netherlands,7527340.98,241198369.59,8819.69,KGM,2019,3,29,Organic Chemicals (Naphtha),import
Thailand,8878329.91,271097830.75,5637.73,KGM,2019,3,29,Organic Chemicals (Naphtha),import
Belgium,6129625.49,205994526.71,4332.2,KGM,2019,3,29,Organic Chemicals (Naphtha),import
China,130782913.2,4254704521.3,108933.36,KGM,2019,4,29,Organic Chemicals (Naphtha),import
Japan,111527303.14,3702835003.63,69672.4,KGM,2019,4,29,Organic Chemicals (Naphtha),import
"Korea, Republic of",80536739.09,2803620387.18,80798.72,KGM,2019,4,29,Organic Chemicals (Naphtha),import
Singapore,65543421.27,2313903407.12,53511.32,KGM,2019,4,29,Organic Chemicals (Naphtha),import
Saudi Arabia,52870093.9,1667973333.8,34575.87,KGM,2019,4,29,Organic Chemicals (Naphtha),import
United States of America,46968960.52,1622949540.05,45601.02,KGM,2019,4,29,Organic Chemicals (Naphtha),import
Germany,40654237.07,1298359911.25,34495.66,KGM,2019,4,29,Organic Chemicals (Naphtha),import
Taiwan,39489197.73,1306315528.13,29937.56,KGM,2019,4,29,Organic Chemicals (Naphtha),import
India,28372944.79,933873862.23,24791.6,KGM,2019,4,29,Organic Chemicals (Naphtha),import
Malaysia,20037618.11,696366503.53,23206.24,KGM,2019,4,29,Organic Chemicals (Naphtha),import
Indonesia,21176175.11,699125612.77,15510.91,KGM,2019,4,29,Organic Chemicals (Naphtha),import
United Arab Emirates,12014993.7,428342305.04,11330.28,KGM,2019,4,29,Organic Chemicals (Naphtha),import
Iran,15460386.31,490997417.6,9010.0,KGM,2019,4,29,Organic Chemicals (Naphtha),import
Qatar,9891520.66,323969604.24,8882.18,KGM,2019,4,29,Organic Chemicals (Naphtha),import
Netherlands,11369572.75,370042994.76,8578.63,KGM,2019,4,29,Organic Chemicals (Naphtha),import
Thailand,7960031.91,275699522.73,5905.72,KGM,2019,4,29,Organic Chemicals (Naphtha),import
Belgium,7323567.71,222775741.18,4387.3,KGM,2019,4,29,Organic Chemicals (Naphtha),import
China,121018544.17,4040566921.21,97649.05,KGM,2019,5,29,Organic Chemicals (Naphtha),import
Japan,83253003.4,2737058690.85,73130.07,KGM,2019,5,29,Organic Chemicals (Naphtha),import
"Korea, Republic of",76843324.19,2751206099.59,73529.55,KGM,2019,5,29,Organic Chemicals (Naphtha),import
Singapore,63075730.7,2047705645.03,59024.21,KGM,2019,5,29,Organic Chemicals (Naphtha),import
Saudi Arabia,52907332.74,1806941128.08,42678.12,KGM,2019,5,29,Organic Chemicals (Naphtha),import
United States of America,46791880.42,1463848967.88,37858.93,KGM,2019,5,29,Organic Chemicals (Naphtha),import
Germany,44308037.96,1558869380.24,35165.97,KGM,2019,5,29,Organic Chemicals (Naphtha),import
Taiwan,35321003.66,1196496197.89,27987.97,KGM,2019,5,29,Organic Chemicals (Naphtha),import
India,28420186.99,977563133.08,23641.66,KGM,2019,5,29,Organic Chemicals (Naphtha),import
Malaysia,22949459.43,779294238.57,24084.04,KGM,2019,5,29,Organic Chemicals (Naphtha),import
Indonesia,25044089.33,782292982.05,14315.76,KGM,2019,5,29,Organic Chemicals (Naphtha),import
United Arab Emirates,17286687.03,558609126.18,13531.03,KGM,2019,5,29,Organic Chemicals (Naphtha),import
Iran,13095956.15,436431750.72,11614.44,KGM,2019,5,29,Organic Chemicals (Naphtha),import
Qatar,10864380.14,364756928.18,9507.55,KGM,2019,5,29,Organic Chemicals (Naphtha),import
Netherlands,10787697.09,343031751.53,7725.21,KGM,2019,5,29,Organic Chemicals (Naphtha),import
Thailand,8429347.39,259644337.97,6501.25,KGM,2019,5,29,Organic Chemicals (Naphtha),import
Belgium,6366327.0,210306356.59,4955.87,KGM,2019,5,29,Organic Chemicals (Naphtha),import
China,118145114.75,3866503824.7,95287.06,KGM,2019,6,29,Organic Chemicals (Naphtha),import
Japan,108511570.87,4014639831.64,82508.8,KGM,2019,6,29,Organic Chemicals (Naphtha),import
"Korea, Republic of",74248424.31,2441502074.86,75439.36,KGM,2019,6,29,Organic Chemicals (Naphtha),import
Singapore,58519283.48,1798285295.24,51929.83,KGM,2019,6,29,Organic Chemicals (Naphtha),import
Saudi Arabia,59991748.31,1918072346.99,45857.91,KGM,2019,6,29,Organic Chemicals (Naphtha),import
United States of America,45593364.29,1493658994.06,45777.78,KGM,2019,6,29,Organic Chemicals (Naphtha),import
Germany,43390373.98,1438916129.89,34721.62,KGM,2019,6,29,Organic Chemicals (Naphtha),import
Taiwan,32889739.68,1195689452.18,32153.49,KGM,2019,6,29,Organic Chemicals (Naphtha),import
India,34057500.94,1121471394.71,23861.25,KGM,2019,6,29,Organic Chemicals (Naphtha),import
Malaysia,28286531.69,1006023847.18,18545.32,KGM,2019,6,29,Organic Chemicals (Naphtha),import
Indonesia,22931772.89,766445365.91,16429.35,KGM,2019,6,29,Organic Chemicals (Naphtha),import
United Arab Emirates,18065702.98,624198019.39,12902.28,KGM,2019,6,29,Organic Chemicals (Naphtha),import
Iran,17247428.56,556859515.76,11854.24,KGM,2019,6,29,Organic Chemicals (Naphtha),import
Qatar,12615601.03,384758627.73,8784.04,KGM,2019,6,29,Organic Chemicals (Naphtha),import
Netherlands,9758071.22,347934542.58,7220.01,KGM,2019,6,29,Organic Chemicals (Naphtha),import
Thailand,8112222.68,260059104.89,7171.86,KGM,2019,6,29,Organic Chemicals (Naphtha),import
Belgium,8011920.07,249447234.51,5313.42,KGM,2019,6,29,Organic Chemicals (Naphtha),import
China,133378176.06,4642174215.71,103113.31,KGM,2019,7,29,Organic Chemicals (Naphtha),import
Japan,98458837.71,3026517539.27,81035.62,KGM,2019,7,29,Organic Chemicals (Naphtha),import
"Korea, Republic of",90295724.57,2962937073.61,67168.37,KGM,2019,7,29,Organic Chemicals (Naphtha),import
Singapore,65138060.35,2232511260.89,51526.75,KGM,2019,7,29,Organic Chemicals (Naphtha),import
Saudi Arabia,52934063.93,1619357991.33,50830.23,KGM,2019,7,29,Organic Chemicals (Naphtha),import
United States of America,40417210.78,1271754959.28,46771.5,KGM,2019,7,29,Organic Chemicals (Naphtha),import
Germany,42107476.21,1411285145.51,32261.31,KGM,2019,7,29,Organic Chemicals (Naphtha),import
Taiwan,33504663.92,1033826715.14,30004.3,KGM,2019,7,29,Organic Chemicals (Naphtha),import
India,31123549.1,955543102.87,23189.68,KGM,2019,7,29,Organic Chemicals (Naphtha),import
Malaysia,23675247.18,721862019.7,16150.66,KGM,2019,7,29,Organic Chemicals (Naphtha),import
Indonesia,19923675.63,666824175.37,19039.34,KGM,2019,7,29,Organic Chemicals (Naphtha),import
United Arab Emirates,18832297.09,665244325.69,13454.86,KGM,2019,7,29,Organic Chemicals (Naphtha),import
Iran,17169892.17,568435051.88,10632.0,KGM,2019,7,29,Organic Chemicals (Naphtha),import
Qatar,11596964.93,411545186.69,9826.22,KGM,2019,7,29,Organic Chemicals (Naphtha),import
Netherlands,9358386.93,293104642.54,6861.29,KGM,2019,7,29,Organic Chemicals (Naphtha),import
Thailand,8003777.03,281806853.86,9662.97,KGM,2019,7,29,Organic Chemicals (Naphtha),import
Belgium,4751365.91,152312453.83,5310.42,KGM,2019,7,29,Organic Chemicals (Naphtha),import
China,141448904.61,4447909346.6,88427.52,KGM,2019,8,29,Organic Chemicals (Naphtha),import
Japan,97113691.75,3299662688.77,75560.41,KGM,2019,8,29,Organic Chemicals (Naphtha),import
"Korea, Republic of",82961769.42,2636897081.41,76933.42,KGM,2019,8,29,Organic Chemicals (Naphtha),import
Singapore,74611543.44,2530982511.23,47306.07,KGM,2019,8,29,Organic Chemicals (Naphtha),import
Saudi Arabia,57079856.98,1674644209.75,53209.62,KGM,2019,8,29,Organic Chemicals (Naphtha),import
United States of America,47466230.92,1552014505.65,46976.2,KGM,2019,8,29,Organic Chemicals (Naphtha),import
Germany,35615436.81,1195801711.83,31420.54,KGM,2019,8,29,Organic Chemicals (Naphtha),import
Taiwan,31549202.11,1092474765.5,31293.5,KGM,2019,8,29,Organic Chemicals (Naphtha),import
India,32047592.05,1032805094.65,27006.28,KGM,2019,8,29,Organic Chemicals (Naphtha),import
Malaysia,29579342.43,970400140.0,23258.96,KGM,2019,8,29,Organic Chemicals (Naphtha),import
Indonesia,17968238.01,619625805.2,12291.18,KGM,2019,8,29,Organic Chemicals (Naphtha),import
United Arab Emirates,14401006.52,485538899.56,12215.03,KGM,2019,8,29,Organic Chemicals (Naphtha),import
Iran,13441868.17,448369279.4,15970.61,KGM,2019,8,29,Organic Chemicals (Naphtha),import
Qatar,14778044.73,431416201.48,11588.64,KGM,2019,8,29,Organic Chemicals (Naphtha),import
Netherlands,11066788.76,364167036.5,8224.04,KGM,2019,8,29,Organic Chemicals (Naphtha),import
Thailand,8561532.04,303660881.32,7735.75,KGM,2019,8,29,Organic Chemicals (Naphtha),import
Belgium,6048076.54,212304942.81,5544.29,KGM,2019,8,29,Organic Chemicals (Naphtha),import
China,128527726.21,4283305753.9,107557.56,KGM,2019,9,29,Organic Chemicals (Naphtha),import
Japan,127205089.65,4592858114.47,91543.46,KGM,2019,9,29,Organic Chemicals (Naphtha),import
"Korea, Republic of",102756481.85,3437324749.45,68092.85,KGM,2019,9,29,Organic Chemicals (Naphtha),import
Singapore,84365087.92,2880364869.22,48327.58,KGM,2019,9,29,Organic Chemicals (Naphtha),import
Saudi Arabia,65973446.76,2139476613.25,47374.76,KGM,2019,9,29,Organic Chemicals (Naphtha),import
United States of America,51223150.24,1803538772.32,45540.33,KGM,2019,9,29,Organic Chemicals (Naphtha),import
Germany,46983186.87,1656569908.96,29717.37,KGM,2019,9,29,Organic Chemicals (Naphtha),import
Taiwan,39175245.76,1254324184.3,27174.78,KGM,2019,9,29,Organic Chemicals (Naphtha),import
India,27843696.61,840348598.68,27658.55,KGM,2019,9,29,Organic Chemicals (Naphtha),import
Malaysia,29134534.37,973890520.78,19862.65,KGM,2019,9,29,Organic Chemicals (Naphtha),import
Indonesia,14390732.08,460229205.87,13775.99,KGM,2019,9,29,Organic Chemicals (Naphtha),import
United Arab Emirates,15903312.75,532042180.96,15274.15,KGM,2019,9,29,Organic Chemicals (Naphtha),import
Iran,18796149.92,601944409.99,13376.16,KGM,2019,9,29,Organic Chemicals (Naphtha),import
Qatar,14730642.34,474610509.13,9916.54,KGM,2019,9,29,Organic Chemicals (Naphtha),import
Netherlands,10502229.09,363131122.68,10032.15,KGM,2019,9,29,Organic Chemicals (Naphtha),import
Thailand,9642394.86,332607352.43,8646.83,KGM,2019,9,29,Organic Chemicals (Naphtha),import
Belgium,6140082.33,217572204.09,5961.75,KGM,2019,9,29,Organic Chemicals (Naphtha),import
China,114503961.48,3595220910.37,107800.8,KGM,2019,10,29,Organic Chemicals (Naphtha),import
Japan,109387474.76,3830104472.1,98170.12,KGM,2019,10,29,Organic Chemicals (Naphtha),import
"Korea, Republic of",88342318.79,2715987866.9,77714.39,KGM,2019,10,29,Organic Chemicals (Naphtha),import
Singapore,59411146.87,1690858986.56,65338.64,KGM,2019,10,29,Organic Chemicals (Naphtha),import
Saudi Arabia,58669846.82,1955520685.34,54493.93,KGM,2019,10,29,Organic Chemicals (Naphtha),import
United States of America,38684363.12,1226606376.75,45925.01,KGM,2019,10,29,Organic Chemicals (Naphtha),import
Germany,45543669.62,1455653958.34,33304.32,KGM,2019,10,29,Organic Chemicals (Naphtha),import
Taiwan,29521331.06,1028944831.7,27559.2,KGM,2019,10,29,Organic Chemicals (Naphtha),import
India,30168696.4,963685813.21,24059.38,KGM,2019,10,29,Organic Chemicals (Naphtha),import
Malaysia,23527483.25,784226722.87,19013.75,KGM,2019,10,29,Organic Chemicals (Naphtha),import
Indonesia,28033306.03,951171685.52,20107.16,KGM,2019,10,29,Organic Chemicals (Naphtha),import
United Arab Emirates,21584692.81,747088132.95,15208.58,KGM,2019,10,29,Organic Chemicals (Naphtha),import
Iran,16546558.45,511077535.46,13662.99,KGM,2019,10,29,Organic Chemicals (Naphtha),import
Qatar,13081540.13,419623796.6,10071.75,KGM,2019,10,29,Organic Chemicals (Naphtha),import
Netherlands,10072447.5,326822594.69,10123.67,KGM,2019,10,29,Organic Chemicals (Naphtha),import
Thailand,8869987.0,303027024.23,9156.74,KGM,2019,10,29,Organic Chemicals (Naphtha),import
Belgium,7205731.69,230556986.7,6491.56,KGM,2019,10,29,Organic Chemicals (Naphtha),import
China,126873271.24,4234310750.26,101399.66,KGM,2019,11,29,Organic Chemicals (Naphtha),import
Japan,110947164.01,3728987764.59,75140.79,KGM,2019,11,29,Organic Chemicals (Naphtha),import
"Korea, Republic of",93672676.29,3067940223.93,66700.57,KGM,2019,11,29,Organic Chemicals (Naphtha),import
Singapore,62632213.36,1959092888.63,46296.86,KGM,2019,11,29,Organic Chemicals (Naphtha),import
Saudi Arabia,66289271.94,2379209232.95,52571.31,KGM,2019,11,29,Organic Chemicals (Naphtha),import
United States of America,53202865.5,1782600117.97,42663.1,KGM,2019,11,29,Organic Chemicals (Naphtha),import
Germany,39454262.68,1324602968.47,39163.77,KGM,2019,11,29,Organic Chemicals (Naphtha),import
Taiwan,31985993.86,1091928061.01,29527.38,KGM,2019,11,29,Organic Chemicals (Naphtha),import
India,26800243.11,866308117.74,27871.41,KGM,2019,11,29,Organic Chemicals (Naphtha),import
Malaysia,18363636.29,642986233.16,23672.68,KGM,2019,11,29,Organic Chemicals (Naphtha),import
Indonesia,19602169.65,685914959.59,14124.12,KGM,2019,11,29,Organic Chemicals (Naphtha),import
United Arab Emirates,16575994.87,502452504.89,16414.25,KGM,2019,11,29,Organic Chemicals (Naphtha),import
Iran,18134198.23,613132572.21,14358.36,KGM,2019,11,29,Organic Chemicals (Naphtha),import
Qatar,10594358.28,365624749.04,10139.02,KGM,2019,11,29,Organic Chemicals (Naphtha),import
Netherlands,8811781.37,296028917.33,7948.46,KGM,2019,11,29,Organic Chemicals (Naphtha),import
Thailand,7809573.86,270632278.54,8169.49,KGM,2019,11,29,Organic Chemicals (Naphtha),import
Belgium,7237814.97,232980118.26,5947.78,KGM,2019,11,29,Organic Chemicals (Naphtha),import
China,121781641.97,3982847669.76,85401.18,KGM,2019,12,29,Organic Chemicals (Naphtha),import
Japan,87469838.39,3044876508.26,86278.56,KGM,2019,12,29,Organic Chemicals (Naphtha),import
"Korea, Republic of",68973585.32,2193565077.32,71178.25,KGM,2019,12,29,Organic Chemicals (Naphtha),import
Singapore,72697602.62,2638134822.99,58316.42,KGM,2019,12,29,Organic Chemicals (Naphtha),import
Saudi Arabia,55238805.32,1797794153.12,41488.26,KGM,2019,12,29,Organic Chemicals (Naphtha),import
United States of America,47725836.34,1402449966.49,32322.1,KGM,2019,12,29,Organic Chemicals (Naphtha),import
Germany,36801286.69,1245108597.89,30817.28,KGM,2019,12,29,Organic Chemicals (Naphtha),import
Taiwan,31884821.52,1108131665.21,24947.93,KGM,2019,12,29,Organic Chemicals (Naphtha),import
India,24491797.14,885715519.25,19735.53,KGM,2019,12,29,Organic Chemicals (Naphtha),import
Malaysia,15677330.57,530601052.31,20870.82,KGM,2019,12,29,Organic Chemicals (Naphtha),import
Indonesia,19164014.87,653066297.42,16982.29,KGM,2019,12,29,Organic Chemicals (Naphtha),import
United Arab Emirates,13095740.92,422717121.97,10833.05,KGM,2019,12,29,Organic Chemicals (Naphtha),import
Iran,10872665.25,369195151.06,11028.55,KGM,2019,12,29,Organic Chemicals (Naphtha),import
Qatar,12840592.12,409302153.11,9286.08,KGM,2019,12,29,Organic Chemicals (Naphtha),import
Netherlands,9406084.39,321477596.34,7290.47,KGM,2019,12,29,Organic Chemicals (Naphtha),import
Thailand,7631874.3,248859153.23,6787.97,KGM,2019,12,29,Organic Chemicals (Naphtha),import
Belgium,6924672.24,222303922.01,5011.2,KGM,2019,12,29,Organic Chemicals (Naphtha),import
China,109525578.33,3405578792.25,98547.9,KGM,2020,1,29,Organic Chemicals (Naphtha),import
Japan,89465809.65,3021737036.56,81815.63,KGM,2020,1,29,Organic Chemicals (Naphtha),import
"Korea, Republic of",66840867.87,2071197500.33,62683.53,KGM,2020,1,29,Organic Chemicals (Naphtha),import
Singapore,61553875.94,2038054999.92,56345.77,KGM,2020,1,29,Organic Chemicals (Naphtha),import
Saudi Arabia,46888538.35,1560999195.99,41329.23,KGM,2020,1,29,Organic Chemicals (Naphtha),import
United States of America,50269421.67,1576757968.8,40968.39,KGM,2020,1,29,Organic Chemicals (Naphtha),import
Germany,36542693.58,1172759053.55,31640.62,KGM,2020,1,29,Organic Chemicals (Naphtha),import
Taiwan,31719115.15,1059168066.62,20260.73,KGM,2020,1,29,Organic Chemicals (Naphtha),import
India,29152560.85,969719404.28,21286.26,KGM,2020,1,29,Organic Chemicals (Naphtha),import
Malaysia,24573203.14,833843782.53,17161.91,KGM,2020,1,29,Organic Chemicals (Naphtha),import
Indonesia,18825624.73,646725506.74,13460.48,KGM,2020,1,29,Organic Chemicals (Naphtha),import
United Arab Emirates,17222997.41,591668231.91,13765.47,KGM,2020,1,29,Organic Chemicals (Naphtha),import
Iran,14290275.92,469568034.97,11350.52,KGM,2020,1,29,Organic Chemicals (Naphtha),import
Qatar,10579249.34,324243025.94,6816.97,KGM,2020,1,29,Organic Chemicals (Naphtha),import
Netherlands,9077213.07,305186239.8,6140.55,KGM,2020,1,29,Organic Chemicals (Naphtha),import
Thailand,8873194.14,279871696.64,3703.93,KGM,2020,1,29,Organic Chemicals (Naphtha),import
Belgium,7363520.25,241762789.19,5318.06,KGM,2020,1,29,Organic Chemicals (Naphtha),import
China,103616632.16,3571541731.39,93704.57,KGM,2020,2,29,Organic Chemicals (Naphtha),import
Japan,76436512.8,2568090559.6,82578.24,KGM,2020,2,29,Organic Chemicals (Naphtha),import
"Korea, Republic of",79802865.43,2670874725.42,65538.75,KGM,2020,2,29,Organic Chemicals (Naphtha),import
Singapore,60966498.27,1979237665.12,49594.38,KGM,2020,2,29,Organic Chemicals (Naphtha),import
Saudi Arabia,54382595.35,1794679310.64,39584.1,KGM,2020,2,29,Organic Chemicals (Naphtha),import
United States of America,50621018.92,1701891922.46,34868.55,KGM,2020,2,29,Organic Chemicals (Naphtha),import
Germany,35841602.69,1286465085.11,27902.21,KGM,2020,2,29,Organic Chemicals (Naphtha),import
Taiwan,24909672.75,777113835.61,23492.64,KGM,2020,2,29,Organic Chemicals (Naphtha),import
India,28738561.41,928163010.98,20277.38,KGM,2020,2,29,Organic Chemicals (Naphtha),import
Malaysia,17871118.26,554152856.45,20822.08,KGM,2020,2,29,Organic Chemicals (Naphtha),import
Indonesia,19127410.37,693576080.2,16223.21,KGM,2020,2,29,Organic Chemicals (Naphtha),import
United Arab Emirates,13787287.56,446144036.8,10474.97,KGM,2020,2,29,Organic Chemicals (Naphtha),import
Iran,12359861.09,438196350.32,8131.29,KGM,2020,2,29,Organic Chemicals (Naphtha),import
Qatar,10486246.2,355915630.94,8587.25,KGM,2020,2,29,Organic Chemicals (Naphtha),import
Netherlands,9968526.89,334308791.31,6028.57,KGM,2020,2,29,Organic Chemicals (Naphtha),import
Thailand,6408817.23,214300088.86,6070.35,KGM,2020,2,29,Organic Chemicals (Naphtha),import
Belgium,5560585.31,185599442.94,4800.14,KGM,2020,2,29,Organic Chemicals (Naphtha),import
China,97050772.36,3004055301.67,76358.08,KGM,2020,3,29,Organic Chemicals (Naphtha),import
Japan,69741881.74,2195961448.99,58008.17,KGM,2020,3,29,Organic Chemicals (Naphtha),import
"Korea, Republic of",61493583.76,2037428475.5,51709.74,KGM,2020,3,29,Organic Chemicals (Naphtha),import
Singapore,55117875.4,1828729084.3,42535.31,KGM,2020,3,29,Organic Chemicals (Naphtha),import
Saudi Arabia,48112743.39,1527586017.55,32511.32,KGM,2020,3,29,Organic Chemicals (Naphtha),import
United States of America,37679252.4,1144333803.19,28692.3,KGM,2020,3,29,Organic Chemicals (Naphtha),import
Germany,34495343.6,1232084311.66,22967.4,KGM,2020,3,29,Organic Chemicals (Naphtha),import
Taiwan,26524832.65,901854919.44,17112.9,KGM,2020,3,29,Organic Chemicals (Naphtha),import
India,22907645.35,738855183.42,18903.12,KGM,2020,3,29,Organic Chemicals (Naphtha),import
Malaysia,17747552.0,551540643.92,12910.68,KGM,2020,3,29,Organic Chemicals (Naphtha),import
Indonesia,14077190.52,463457557.87,12487.12,KGM,2020,3,29,Organic Chemicals (Naphtha),import
United Arab Emirates,11028242.58,366275143.9,11567.92,KGM,2020,3,29,Organic Chemicals (Naphtha),import
Iran,14591920.75,530408396.75,8936.96,KGM,2020,3,29,Organic Chemicals (Naphtha),import
Qatar,10514946.45,328213469.42,5987.47,KGM,2020,3,29,Organic Chemicals (Naphtha),import
Netherlands,8076891.86,255678978.65,4949.11,KGM,2020,3,29,Organic Chemicals (Naphtha),import
Thailand,5484598.44,190030048.25,6558.01,KGM,2020,3,29,Organic Chemicals (Naphtha),import
Belgium,5041762.81,175891284.73,4932.63,KGM,2020,3,29,Organic Chemicals (Naphtha),import
China,114166570.53,3714600162.65,75331.95,KGM,2020,4,29,Organic Chemicals (Naphtha),import
Japan,71896798.2,2284963911.08,63720.06,KGM,2020,4,29,Organic Chemicals (Naphtha),import
"Korea, Republic of",60065158.02,2042660865.53,61144.97,KGM,2020,4,29,Organic Chemicals (Naphtha),import
Singapore,49084221.0,1642516432.84,47953.96,KGM,2020,4,29,Organic Chemicals (Naphtha),import
Saudi Arabia,45619800.45,1526350661.61,44877.87,KGM,2020,4,29,Organic Chemicals (Naphtha),import
United States of America,47552918.83,1615743965.53,34494.3,KGM,2020,4,29,Organic Chemicals (Naphtha),import
Germany,30026782.53,1056528258.75,25117.84,KGM,2020,4,29,Organic Chemicals (Naphtha),import
Taiwan,30044956.78,930510154.28,20607.91,KGM,2020,4,29,Organic Chemicals (Naphtha),import
India,27461876.93,859099846.19,21253.87,KGM,2020,4,29,Organic Chemicals (Naphtha),import
Malaysia,17877386.1,576341447.14,19703.91,KGM,2020,4,29,Organic Chemicals (Naphtha),import
Indonesia,15999267.96,536506731.48,12359.59,KGM,2020,4,29,Organic Chemicals (Naphtha),import
United Arab Emirates,11574082.7,357522189.01,11073.91,KGM,2020,4,29,Organic Chemicals (Naphtha),import
Iran,10417367.26,323034621.12,8102.24,KGM,2020,4,29,Organic Chemicals (Naphtha),import
Qatar,10823154.4,354522661.64,8775.51,KGM,2020,4,29,Organic Chemicals (Naphtha),import
Netherlands,7565201.22,257536542.6,7531.36,KGM,2020,4,29,Organic Chemicals (Naphtha),import
Thailand,5936156.41,198555406.12,5609.93,KGM,2020,4,29,Organic Chemicals (Naphtha),import
Belgium,5770242.26,183334167.54,5727.5,KGM,2020,4,29,Organic Chemicals (Naphtha),import
China,108710558.86,3867635259.6,97192.64,KGM,2020,5,29,Organic Chemicals (Naphtha),import
Japan,83887728.51,2542440336.78,55576.02,KGM,2020,5,29,Organic Chemicals (Naphtha),import
"Korea, Republic of",74341746.0,2467565570.26,57191.28,KGM,2020,5,29,Organic Chemicals (Naphtha),import
Singapore,56486000.18,1910329136.67,49106.97,KGM,2020,5,29,Organic Chemicals (Naphtha),import
Saudi Arabia,49925190.1,1725375559.71,35714.31,KGM,2020,5,29,Organic Chemicals (Naphtha),import
United States of America,38821522.19,1258245047.72,36787.63,KGM,2020,5,29,Organic Chemicals (Naphtha),import
Germany,36357040.11,1235807036.04,33279.53,KGM,2020,5,29,Organic Chemicals (Naphtha),import
Taiwan,31356907.42,1039300899.83,20993.94,KGM,2020,5,29,Organic Chemicals (Naphtha),import
India,23181077.58,802136342.25,15397.41,KGM,2020,5,29,Organic Chemicals (Naphtha),import
Malaysia,21771888.34,758699118.87,17464.69,KGM,2020,5,29,Organic Chemicals (Naphtha),import
Indonesia,15217543.47,530514773.72,11466.73,KGM,2020,5,29,Organic Chemicals (Naphtha),import
United Arab Emirates,13636731.12,420002419.54,11269.93,KGM,2020,5,29,Organic Chemicals (Naphtha),import
Iran,14179546.41,455682403.56,10684.48,KGM,2020,5,29,Organic Chemicals (Naphtha),import
Qatar,12448273.15,404642007.7,6891.8,KGM,2020,5,29,Organic Chemicals (Naphtha),import
Netherlands,9053256.16,278480860.3,7504.29,KGM,2020,5,29,Organic Chemicals (Naphtha),import
Thailand,6672086.89,234921443.75,5984.96,KGM,2020,5,29,Organic Chemicals (Naphtha),import
Belgium,6256315.55,207300072.61,4764.05,KGM,2020,5,29,Organic Chemicals (Naphtha),import
China,103175479.36,3626724265.19,89071.92,KGM,2020,6,29,Organic Chemicals (Naphtha),import
Japan,82249196.37,2855517743.14,65034.29,KGM,2020,6,29,Organic Chemicals (Naphtha),import
"Korea, Republic of",77475510.72,2403434726.45,52670.78,KGM,2020,6,29,Organic Chemicals (Naphtha),import
Singapore,46431232.56,1455298944.86,45525.77,KGM,2020,6,29,Organic Chemicals (Naphtha),import
Saudi Arabia,53422187.02,1892237644.66,31142.26,KGM,2020,6,29,Organic Chemicals (Naphtha),import
United States of America,40608647.83,1307121889.89,30396.87,KGM,2020,6,29,Organic Chemicals (Naphtha),import
Germany,31991583.93,1087952023.34,33108.31,KGM,2020,6,29,Organic Chemicals (Naphtha),import
Taiwan,28287338.46,931146640.84,19177.61,KGM,2020,6,29,Organic Chemicals (Naphtha),import
India,22624895.63,723082415.9,13419.67,KGM,2020,6,29,Organic Chemicals (Naphtha),import
Malaysia,22283729.74,730516719.93,15950.01,KGM,2020,6,29,Organic Chemicals (Naphtha),import
Indonesia,19332780.6,694846733.27,15456.91,KGM,2020,6,29,Organic Chemicals (Naphtha),import
United Arab Emirates,10935276.42,375760292.71,10073.72,KGM,2020,6,29,Organic Chemicals (Naphtha),import
Iran,13151068.79,422054789.94,10206.14,KGM,2020,6,29,Organic Chemicals (Naphtha),import
Qatar,10743909.92,324702579.97,8575.14,KGM,2020,6,29,Organic Chemicals (Naphtha),import
Netherlands,8584354.93,294113703.66,6306.67,KGM,2020,6,29,Organic Chemicals (Naphtha),import
Thailand,7245397.34,239097314.44,6918.32,KGM,2020,6,29,Organic Chemicals (Naphtha),import
Belgium,4991716.55,157701236.55,3143.89,KGM,2020,6,29,Organic Chemicals (Naphtha),import
China,106886719.02,3430229505.9,88657.83,KGM,2020,7,29,Organic Chemicals (Naphtha),import
Japan,78855732.89,2647193246.96,66473.22,KGM,2020,7,29,Organic Chemicals (Naphtha),import
"Korea, Republic of",75671227.6,2412856792.85,51060.02,KGM,2020,7,29,Organic Chemicals (Naphtha),import
Singapore,66056193.11,2127396556.29,53350.7,KGM,2020,7,29,Organic Chemicals (Naphtha),import
Saudi Arabia,53558471.33,1873230966.98,48626.74,KGM,2020,7,29,Organic Chemicals (Naphtha),import
United States of America,38056812.03,1155872238.61,33374.55,KGM,2020,7,29,Organic Chemicals (Naphtha),import
Germany,31020349.11,1033896873.29,27416.23,KGM,2020,7,29,Organic Chemicals (Naphtha),import
Taiwan,25563251.99,851009459.7,14717.72,KGM,2020,7,29,Organic Chemicals (Naphtha),import
India,25783372.48,842889959.92,20994.27,KGM,2020,7,29,Organic Chemicals (Naphtha),import
Malaysia,20321567.19,683075924.86,16967.49,KGM,2020,7,29,Organic Chemicals (Naphtha),import
Indonesia,17006245.33,596843896.37,9905.06,KGM,2020,7,29,Organic Chemicals (Naphtha),import
United Arab Emirates,13095642.46,424444481.52,9373.08,KGM,2020,7,29,Organic Chemicals (Naphtha),import
Iran,12498044.15,402311311.8,9165.29,KGM,2020,7,29,Organic Chemicals (Naphtha),import
Qatar,9965625.46,316922004.49,8597.76,KGM,2020,7,29,Organic Chemicals (Naphtha),import
Netherlands,8518052.61,306725092.93,5500.14,KGM,2020,7,29,Organic Chemicals (Naphtha),import
Thailand,7602990.31,254716331.59,5312.27,KGM,2020,7,29,Organic Chemicals (Naphtha),import
Belgium,4851619.12,166255831.33,4690.95,KGM,2020,7,29,Organic Chemicals (Naphtha),import
China,108915466.36,3593061605.16,94061.44,KGM,2020,8,29,Organic Chemicals (Naphtha),import
Japan,84011537.36,2842434214.12,62521.18,KGM,2020,8,29,Organic Chemicals (Naphtha),import
"Korea, Republic of",64809967.09,2168206679.92,59394.73,KGM,2020,8,29,Organic Chemicals (Naphtha),import
Singapore,64185770.1,1948987833.34,48434.54,KGM,2020,8,29,Organic Chemicals (Naphtha),import
Saudi Arabia,46223673.06,1474635659.68,36329.92,KGM,2020,8,29,Organic Chemicals (Naphtha),import
United States of America,46537868.77,1635186202.48,24972.63,KGM,2020,8,29,Organic Chemicals (Naphtha),import
Germany,38894485.49,1303890897.75,28921.28,KGM,2020,8,29,Organic Chemicals (Naphtha),import
Taiwan,28502876.61,988750970.29,23063.23,KGM,2020,8,29,Organic Chemicals (Naphtha),import
India,24200569.39,766991600.48,21230.12,KGM,2020,8,29,Organic Chemicals (Naphtha),import
Malaysia,22347937.98,751828839.44,16418.85,KGM,2020,8,29,Organic Chemicals (Naphtha),import
Indonesia,16152961.55,531914503.61,14907.9,KGM,2020,8,29,Organic Chemicals (Naphtha),import
United Arab Emirates,16358871.22,551945838.07,11667.91,KGM,2020,8,29,Organic Chemicals (Naphtha),import
Iran,12168708.76,410219509.65,10566.06,KGM,2020,8,29,Organic Chemicals (Naphtha),import
Qatar,10233186.04,325313663.27,8046.98,KGM,2020,8,29,Organic Chemicals (Naphtha),import
Netherlands,8422653.45,281639931.33,6257.58,KGM,2020,8,29,Organic Chemicals (Naphtha),import
Thailand,6513639.45,205709673.43,5574.96,KGM,2020,8,29,Organic Chemicals (Naphtha),import
Belgium,6305645.82,208236924.31,4540.0,KGM,2020,8,29,Organic Chemicals (Naphtha),import
China,114590115.63,3795412950.61,104951.3,KGM,2020,9,29,Organic Chemicals (Naphtha),import
Japan,73620812.95,2279596973.72,79033.06,KGM,2020,9,29,Organic Chemicals (Naphtha),import
"Korea, Republic of",68520670.32,2226727577.83,65934.14,KGM,2020,9,29,Organic Chemicals (Naphtha),import
Singapore,54379145.2,1795301862.35,47701.65,KGM,2020,9,29,Organic Chemicals (Naphtha),import
Saudi Arabia,46970497.92,1636544371.83,44628.06,KGM,2020,9,29,Organic Chemicals (Naphtha),import
United States of America,49264150.78,1573910784.65,36899.44,KGM,2020,9,29,Organic Chemicals (Naphtha),import
Germany,31524715.87,1089168599.64,20821.72,KGM,2020,9,29,Organic Chemicals (Naphtha),import
Taiwan,29401136.97,884975622.21,21912.17,KGM,2020,9,29,Organic Chemicals (Naphtha),import
India,22249443.8,782354030.9,15910.98,KGM,2020,9,29,Organic Chemicals (Naphtha),import
Malaysia,23005012.74,815587615.46,14592.24,KGM,2020,9,29,Organic Chemicals (Naphtha),import
Indonesia,16723337.98,560690526.85,15024.39,KGM,2020,9,29,Organic Chemicals (Naphtha),import
United Arab Emirates,14284585.6,472119723.05,11116.42,KGM,2020,9,29,Organic Chemicals (Naphtha),import
Iran,12614642.95,421747610.69,10692.75,KGM,2020,9,29,Organic Chemicals (Naphtha),import
Qatar,10248050.36,325318668.5,9795.36,KGM,2020,9,29,Organic Chemicals (Naphtha),import
Netherlands,8989602.02,284939012.98,6639.72,KGM,2020,9,29,Organic Chemicals (Naphtha),import
Thailand,7009981.47,238255926.09,5310.6,KGM,2020,9,29,Organic Chemicals (Naphtha),import
Belgium,5713462.35,180390479.89,5372.57,KGM,2020,9,29,Organic Chemicals (Naphtha),import
China,86802019.19,3088759516.15,93207.65,KGM,2020,10,29,Organic Chemicals (Naphtha),import
Japan,93341891.03,2937060438.71,63142.38,KGM,2020,10,29,Organic Chemicals (Naphtha),import
"Korea, Republic of",89183579.19,2807288718.06,56627.05,KGM,2020,10,29,Organic Chemicals (Naphtha),import
Singapore,66390522.12,1988991659.45,46623.84,KGM,2020,10,29,Organic Chemicals (Naphtha),import
Saudi Arabia,62724735.62,1927687375.31,44442.02,KGM,2020,10,29,Organic Chemicals (Naphtha),import
United States of America,50706715.66,1589044902.76,31120.86,KGM,2020,10,29,Organic Chemicals (Naphtha),import
Germany,33773405.75,1218143409.39,36568.03,KGM,2020,10,29,Organic Chemicals (Naphtha),import
Taiwan,28038586.01,829086764.93,28588.37,KGM,2020,10,29,Organic Chemicals (Naphtha),import
India,28328525.71,998854239.83,24164.01,KGM,2020,10,29,Organic Chemicals (Naphtha),import
Malaysia,22419081.39,715714118.6,19007.43,KGM,2020,10,29,Organic Chemicals (Naphtha),import
Indonesia,18586624.09,607177089.76,14539.72,KGM,2020,10,29,Organic Chemicals (Naphtha),import
United Arab Emirates,16514922.68,586936362.81,12171.66,KGM,2020,10,29,Organic Chemicals (Naphtha),import
Iran,13679818.08,476616011.4,13487.17,KGM,2020,10,29,Organic Chemicals (Naphtha),import
Qatar,11027443.02,350011262.58,9085.65,KGM,2020,10,29,Organic Chemicals (Naphtha),import
Netherlands,9041771.22,316421796.94,6279.97,KGM,2020,10,29,Organic Chemicals (Naphtha),import
Thailand,7161180.16,211813807.23,6186.0,KGM,2020,10,29,Organic Chemicals (Naphtha),import
Belgium,5774317.32,198529027.51,4534.56,KGM,2020,10,29,Organic Chemicals (Naphtha),import
China,114884533.3,3867469859.85,98017.17,KGM,2020,11,29,Organic Chemicals (Naphtha),import
Japan,98092171.51,3034545652.04,73389.61,KGM,2020,11,29,Organic Chemicals (Naphtha),import
"Korea, Republic of",72129307.14,2026993440.11,57958.17,KGM,2020,11,29,Organic Chemicals (Naphtha),import
Singapore,52310106.64,1704690918.01,57996.8,KGM,2020,11,29,Organic Chemicals (Naphtha),import
Saudi Arabia,50413924.11,1561780452.78,30105.67,KGM,2020,11,29,Organic Chemicals (Naphtha),import
United States of America,45787185.18,1434817258.66,32989.14,KGM,2020,11,29,Organic Chemicals (Naphtha),import
Germany,41114938.71,1276561222.35,26665.04,KGM,2020,11,29,Organic Chemicals (Naphtha),import
Taiwan,29232464.36,928880548.12,21013.91,KGM,2020,11,29,Organic Chemicals (Naphtha),import
India,25319662.94,772240107.69,18806.34,KGM,2020,11,29,Organic Chemicals (Naphtha),import
Malaysia,23055685.47,752171216.89,19284.0,KGM,2020,11,29,Organic Chemicals (Naphtha),import
Indonesia,19325159.79,582365011.1,13912.9,KGM,2020,11,29,Organic Chemicals (Naphtha),import
United Arab Emirates,15862286.99,527048219.35,11507.25,KGM,2020,11,29,Organic Chemicals (Naphtha),import
Iran,12962294.46,430517641.93,10252.9,KGM,2020,11,29,Organic Chemicals (Naphtha),import
Qatar,11094020.72,373393940.73,10058.74,KGM,2020,11,29,Organic Chemicals (Naphtha),import
Netherlands,9762037.48,298551665.82,8251.18,KGM,2020,11,29,Organic Chemicals (Naphtha),import
Thailand,8207916.11,276874460.61,6279.29,KGM,2020,11,29,Organic Chemicals (Naphtha),import
Belgium,6399151.68,216956061.54,4510.32,KGM,2020,11,29,Organic Chemicals (Naphtha),import
China,84736520.83,2863885191.35,62962.62,KGM,2020,12,29,Organic Chemicals (Naphtha),import
Japan,75281384.52,2394213741.52,60625.21,KGM,2020,12,29,Organic Chemicals (Naphtha),import
"Korea, Republic of",65644528.94,2161684702.94,47953.07,KGM,2020,12,29,Organic Chemicals (Naphtha),import
Singapore,48079029.73,1571678470.17,36539.57,KGM,2020,12,29,Organic Chemicals (Naphtha),import
Saudi Arabia,49464152.76,1622922062.9,33369.22,KGM,2020,12,29,Organic Chemicals (Naphtha),import
United States of America,36899144.24,1285708680.11,28004.9,KGM,2020,12,29,Organic Chemicals (Naphtha),import
Germany,27285632.29,865902294.99,25010.45,KGM,2020,12,29,Organic Chemicals (Naphtha),import
Taiwan,26702680.99,928543773.24,20540.32,KGM,2020,12,29,Organic Chemicals (Naphtha),import
India,23734816.72,809749263.08,17861.74,KGM,2020,12,29,Organic Chemicals (Naphtha),import
Malaysia,20535927.75,701501109.48,13501.4,KGM,2020,12,29,Organic Chemicals (Naphtha),import
Indonesia,16262810.05,526730501.87,13376.78,KGM,2020,12,29,Organic Chemicals (Naphtha),import
United Arab Emirates,11555222.81,322247294.22,8853.31,KGM,2020,12,29,Organic Chemicals (Naphtha),import
Iran,10564596.98,361664387.82,11759.74,KGM,2020,12,29,Organic Chemicals (Naphtha),import
Qatar,9777773.43,318852744.6,8455.05,KGM,2020,12,29,Organic Chemicals (Naphtha),import
Netherlands,7283698.35,232320835.98,5853.42,KGM,2020,12,29,Organic Chemicals (Naphtha),import
Thailand,5904368.35,195415078.46,5044.28,KGM,2020,12,29,Organic Chemicals (Naphtha),import
Belgium,5724113.98,176140593.13,4540.22,KGM,2020,12,29,Organic Chemicals (Naphtha),import
China,101850007.03,2962563670.29,72813.72,KGM,2021,1,29,Organic Chemicals (Naphtha),import
Japan,84684460.95,2803648075.57,71813.65,KGM,2021,1,29,Organic Chemicals (Naphtha),import
"Korea, Republic of",73016592.77,2296984419.32,53719.88,KGM,2021,1,29,Organic Chemicals (Naphtha),import
Singapore,53913909.28,1809454814.36,52128.79,KGM,2021,1,29,Organic Chemicals (Naphtha),import
Saudi Arabia,41524658.87,1449653778.85,39789.09,KGM,2021,1,29,Organic Chemicals (Naphtha),import
United States of America,45171798.86,1389809824.76,38766.25,KGM,2021,1,29,Organic Chemicals (Naphtha),import
Germany,35419990.24,1200470563.59,26814.51,KGM,2021,1,29,Organic Chemicals (Naphtha),import
Taiwan,25607828.44,844940471.92,20059.19,KGM,2021,1,29,Organic Chemicals (Naphtha),import
India,22228996.2,665564489.46,20198.62,KGM,2021,1,29,Organic Chemicals (Naphtha),import
Malaysia,23455642.74,805867463.23,11178.65,KGM,2021,1,29,Organic Chemicals (Naphtha),import
Indonesia,16473985.21,547842203.41,11558.17,KGM,2021,1,29,Organic Chemicals (Naphtha),import
United Arab Emirates,15231151.44,528348596.13,12749.74,KGM,2021,1,29,Organic Chemicals (Naphtha),import
Iran,11511785.91,349186252.57,10321.88,KGM,2021,1,29,Organic Chemicals (Naphtha),import
Qatar,10577212.18,343096184.26,8735.81,KGM,2021,1,29,Organic Chemicals (Naphtha),import
Netherlands,6854107.07,245794949.04,6237.55,KGM,2021,1,29,Organic Chemicals (Naphtha),import
Thailand,7269557.05,238159721.31,5271.28,KGM,2021,1,29,Organic Chemicals (Naphtha),import
Belgium,5812061.54,178744992.22,3645.06,KGM,2021,1,29,Organic Chemicals (Naphtha),import
China,93900325.28,3351390726.95,76114.61,KGM,2021,2,29,Organic Chemicals (Naphtha),import
Japan,81662938.41,2701800383.67,60848.06,KGM,2021,2,29,Organic Chemicals (Naphtha),import
"Korea, Republic of",53892089.14,1717932728.44,48194.99,KGM,2021,2,29,Organic Chemicals (Naphtha),import
Singapore,48542927.66,1649979923.2,49654.67,KGM,2021,2,29,Organic Chemicals (Naphtha),import
Saudi Arabia,41576360.98,1293476240.64,32089.23,KGM,2021,2,29,Organic Chemicals (Naphtha),import
United States of America,39787886.63,1337835925.81,33214.97,KGM,2021,2,29,Organic Chemicals (Naphtha),import
Germany,30360060.23,999337129.96,26451.45,KGM,2021,2,29,Organic Chemicals (Naphtha),import
Taiwan,30265330.96,933597820.95,23632.98,KGM,2021,2,29,Organic Chemicals (Naphtha),import
India,19195929.7,615117404.08,18668.94,KGM,2021,2,29,Organic Chemicals (Naphtha),import
Malaysia,18324406.94,620635161.81,14745.92,KGM,2021,2,29,Organic Chemicals (Naphtha),import
Indonesia,14353491.17,458216703.91,16512.64,KGM,2021,2,29,Organic Chemicals (Naphtha),import
United Arab Emirates,14369870.18,441479760.53,9943.96,KGM,2021,2,29,Organic Chemicals (Naphtha),import
Iran,11985976.91,398181930.64,8266.49,KGM,2021,2,29,Organic Chemicals (Naphtha),import
Qatar,10110709.32,335950093.88,7433.09,KGM,2021,2,29,Organic Chemicals (Naphtha),import
Netherlands,8951394.73,285613553.23,6401.61,KGM,2021,2,29,Organic Chemicals (Naphtha),import
Thailand,7027760.04,228912749.91,5692.46,KGM,2021,2,29,Organic Chemicals (Naphtha),import
Belgium,6148499.02,216623374.15,4169.35,KGM,2021,2,29,Organic Chemicals (Naphtha),import
China,105870243.24,3458813512.47,99878.39,KGM,2021,3,29,Organic Chemicals (Naphtha),import
Japan,93063833.59,3373851997.33,54875.15,KGM,2021,3,29,Organic Chemicals (Naphtha),import
"Korea, Republic of",77918658.64,2410294998.17,67791.96,KGM,2021,3,29,Organic Chemicals (Naphtha),import
Singapore,61456743.3,1930577221.54,47295.3,KGM,2021,3,29,Organic Chemicals (Naphtha),import
Saudi Arabia,59662479.86,1964014721.57,43036.37,KGM,2021,3,29,Organic Chemicals (Naphtha),import
United States of America,48146057.17,1600468084.68,32533.93,KGM,2021,3,29,Organic Chemicals (Naphtha),import
Germany,38103050.71,1316115744.79,30696.25,KGM,2021,3,29,Organic Chemicals (Naphtha),import
Taiwan,28927670.97,927954709.51,22630.99,KGM,2021,3,29,Organic Chemicals (Naphtha),import
India,24700324.52,812491592.28,23944.33,KGM,2021,3,29,Organic Chemicals (Naphtha),import
Malaysia,24974920.35,791425620.14,18715.5,KGM,2021,3,29,Organic Chemicals (Naphtha),import
Indonesia,16035916.28,507756616.59,12473.05,KGM,2021,3,29,Organic Chemicals (Naphtha),import
United Arab Emirates,16645289.4,551615403.06,13970.25,KGM,2021,3,29,Organic Chemicals (Naphtha),import
Iran,14854590.56,476212294.24,10151.3,KGM,2021,3,29,Organic Chemicals (Naphtha),import
Qatar,12201938.93,416088875.29,9243.82,KGM,2021,3,29,Organic Chemicals (Naphtha),import
Netherlands,9109426.83,297663141.86,6923.82,KGM,2021,3,29,Organic Chemicals (Naphtha),import
Thailand,7784460.37,246005560.38,6215.91,KGM,2021,3,29,Organic Chemicals (Naphtha),import
Belgium,5968467.2,193833898.24,3951.63,KGM,2021,3,29,Organic Chemicals (Naphtha),import
China,106104561.19,3853189963.51,59320.26,KGM,2021,4,29,Organic Chemicals (Naphtha),import
Japan,86271654.51,3056982691.96,66345.23,KGM,2021,4,29,Organic Chemicals (Naphtha),import
"Korea, Republic of",68778844.71,2248510312.39,51472.54,KGM,2021,4,29,Organic Chemicals (Naphtha),import
Singapore,59242929.18,1873500969.39,46036.81,KGM,2021,4,29,Organic Chemicals (Naphtha),import
Saudi Arabia,53508490.49,1636505648.73,52197.53,KGM,2021,4,29,Organic Chemicals (Naphtha),import
United States of America,50675483.84,1624691710.76,44279.42,KGM,2021,4,29,Organic Chemicals (Naphtha),import
Germany,40421252.17,1229657643.15,30707.9,KGM,2021,4,29,Organic Chemicals (Naphtha),import
Taiwan,34962850.16,1126451365.16,25036.57,KGM,2021,4,29,Organic Chemicals (Naphtha),import
India,23119135.87,768206744.61,23178.41,KGM,2021,4,29,Organic Chemicals (Naphtha),import
Malaysia,24788947.45,787797729.96,19944.31,KGM,2021,4,29,Organic Chemicals (Naphtha),import
Indonesia,12816378.13,419534282.86,15376.43,KGM,2021,4,29,Organic Chemicals (Naphtha),import
United Arab Emirates,15837259.95,521472000.59,14736.15,KGM,2021,4,29,Organic Chemicals (Naphtha),import
Iran,14995059.49,463689029.25,11726.71,KGM,2021,4,29,Organic Chemicals (Naphtha),import
Qatar,10178728.7,322470267.16,10643.41,KGM,2021,4,29,Organic Chemicals (Naphtha),import
Netherlands,9694336.15,330767393.7,6560.35,KGM,2021,4,29,Organic Chemicals (Naphtha),import
Thailand,7983767.49,271447109.21,6010.03,KGM,2021,4,29,Organic Chemicals (Naphtha),import
Belgium,6394665.2,211138591.55,4554.07,KGM,2021,4,29,Organic Chemicals (Naphtha),import
China,127229135.3,4173996127.59,108080.89,KGM,2021,5,29,Organic Chemicals (Naphtha),import
Japan,112442764.1,3448027300.72,69501.41,KGM,2021,5,29,Organic Chemicals (Naphtha),import
"Korea, Republic of",68282059.58,2254539571.02,63524.04,KGM,2021,5,29,Organic Chemicals (Naphtha),import
Singapore,64398832.18,2340161613.51,46801.11,KGM,2021,5,29,Organic Chemicals (Naphtha),import
Saudi Arabia,64058326.11,2104130633.74,38406.76,KGM,2021,5,29,Organic Chemicals (Naphtha),import
United States of America,47935086.54,1472263773.89,41299.64,KGM,2021,5,29,Organic Chemicals (Naphtha),import
Germany,32936350.12,1161209296.07,27148.64,KGM,2021,5,29,Organic Chemicals (Naphtha),import
Taiwan,29718038.43,1006943606.87,27908.28,KGM,2021,5,29,Organic Chemicals (Naphtha),import
India,27325029.73,851412914.38,24470.25,KGM,2021,5,29,Organic Chemicals (Naphtha),import
Malaysia,22725628.38,753275566.43,14004.62,KGM,2021,5,29,Organic Chemicals (Naphtha),import
Indonesia,18300260.71,605519505.52,20078.38,KGM,2021,5,29,Organic Chemicals (Naphtha),import
United Arab Emirates,17202783.73,565688174.71,13716.46,KGM,2021,5,29,Organic Chemicals (Naphtha),import
Iran,15729677.13,530300616.44,11493.43,KGM,2021,5,29,Organic Chemicals (Naphtha),import
Qatar,14736911.01,474651107.84,9760.1,KGM,2021,5,29,Organic Chemicals (Naphtha),import
Netherlands,8864743.13,294094717.01,7555.92,KGM,2021,5,29,Organic Chemicals (Naphtha),import
Thailand,7997024.61,236749252.98,5152.62,KGM,2021,5,29,Organic Chemicals (Naphtha),import
Belgium,5743893.12,190092903.55,5123.85,KGM,2021,5,29,Organic Chemicals (Naphtha),import
China,127163717.89,4101120702.78,101546.77,KGM,2021,6,29,Organic Chemicals (Naphtha),import
Japan,87375980.13,2913042992.39,82713.94,KGM,2021,6,29,Organic Chemicals (Naphtha),import
"Korea, Republic of",72225163.81,2487113581.44,69735.65,KGM,2021,6,29,Organic Chemicals (Naphtha),import
Singapore,69993429.45,2230976699.8,57904.05,KGM,2021,6,29,Organic Chemicals (Naphtha),import
Saudi Arabia,61598066.16,2221671735.95,44550.29,KGM,2021,6,29,Organic Chemicals (Naphtha),import
United States of America,53004288.39,1885595111.66,40928.83,KGM,2021,6,29,Organic Chemicals (Naphtha),import
Germany,38492224.34,1399322218.6,34579.45,KGM,2021,6,29,Organic Chemicals (Naphtha),import
Taiwan,35073659.28,1143235672.9,26420.37,KGM,2021,6,29,Organic Chemicals (Naphtha),import
India,25633395.62,814417980.77,21916.27,KGM,2021,6,29,Organic Chemicals (Naphtha),import
Malaysia,23766970.79,819559390.85,19204.26,KGM,2021,6,29,Organic Chemicals (Naphtha),import
Indonesia,19444134.24,667533701.06,15056.86,KGM,2021,6,29,Organic Chemicals (Naphtha),import
United Arab Emirates,17347901.78,588117358.05,12595.37,KGM,2021,6,29,Organic Chemicals (Naphtha),import
Iran,14213735.31,502182687.15,11378.24,KGM,2021,6,29,Organic Chemicals (Naphtha),import
Qatar,11995851.67,396184838.68,9256.9,KGM,2021,6,29,Organic Chemicals (Naphtha),import
Netherlands,7818353.68,260993065.54,7627.75,KGM,2021,6,29,Organic Chemicals (Naphtha),import
Thailand,9715706.07,327000303.94,6559.11,KGM,2021,6,29,Organic Chemicals (Naphtha),import
Belgium,6711937.08,231589020.38,6602.58,KGM,2021,6,29,Organic Chemicals (Naphtha),import
China,101946846.72,3219747489.31,109471.41,KGM,2021,7,29,Organic Chemicals (Naphtha),import
Japan,89164351.2,3186154473.3,64416.48,KGM,2021,7,29,Organic Chemicals (Naphtha),import
"Korea, Republic of",88931425.81,3072921508.54,72992.41,KGM,2021,7,29,Organic Chemicals (Naphtha),import
Singapore,67993119.72,2264787770.08,48928.09,KGM,2021,7,29,Organic Chemicals (Naphtha),import
Saudi Arabia,52776553.8,1690922625.08,39971.83,KGM,2021,7,29,Organic Chemicals (Naphtha),import
United States of America,58929401.81,2033132980.51,36409.36,KGM,2021,7,29,Organic Chemicals (Naphtha),import
Germany,48006749.81,1527477394.57,34779.17,KGM,2021,7,29,Organic Chemicals (Naphtha),import
Taiwan,29457579.28,1071818964.78,25802.83,KGM,2021,7,29,Organic Chemicals (Naphtha),import
India,31786007.46,1039203395.76,23693.5,KGM,2021,7,29,Organic Chemicals (Naphtha),import
Malaysia,24754975.47,823706020.34,19513.29,KGM,2021,7,29,Organic Chemicals (Naphtha),import
Indonesia,18135128.07,607403663.78,14193.88,KGM,2021,7,29,Organic Chemicals (Naphtha),import
United Arab Emirates,14056155.43,464478158.28,11765.83,KGM,2021,7,29,Organic Chemicals (Naphtha),import
Iran,14783366.38,460064649.38,12980.77,KGM,2021,7,29,Organic Chemicals (Naphtha),import
Qatar,10434374.51,370574051.27,11035.47,KGM,2021,7,29,Organic Chemicals (Naphtha),import
Netherlands,8543942.51,288941967.57,6857.91,KGM,2021,7,29,Organic Chemicals (Naphtha),import
Thailand,7988735.14,254273829.96,6403.13,KGM,2021,7,29,Organic Chemicals (Naphtha),import
Belgium,6817726.37,222223278.63,4943.2,KGM,2021,7,29,Organic Chemicals (Naphtha),import
China,108932778.66,3535734905.78,107593.06,KGM,2021,8,29,Organic Chemicals (Naphtha),import
Japan,97818331.2,3074404577.09,89833.13,KGM,2021,8,29,Organic Chemicals (Naphtha),import
"Korea, Republic of",81175244.36,2615023008.1,53259.43,KGM,2021,8,29,Organic Chemicals (Naphtha),import
Singapore,73946860.07,2466388203.54,42712.89,KGM,2021,8,29,Organic Chemicals (Naphtha),import
Saudi Arabia,66510921.04,2136616447.46,48875.21,KGM,2021,8,29,Organic Chemicals (Naphtha),import
United States of America,43668946.91,1543413006.49,30203.64,KGM,2021,8,29,Organic Chemicals (Naphtha),import
Germany,39219301.86,1234162895.47,25671.35,KGM,2021,8,29,Organic Chemicals (Naphtha),import
Taiwan,29222803.36,1069044180.85,24646.37,KGM,2021,8,29,Organic Chemicals (Naphtha),import
India,31304872.37,1089290829.35,24260.29,KGM,2021,8,29,Organic Chemicals (Naphtha),import
Malaysia,29070472.69,1022170035.51,20897.88,KGM,2021,8,29,Organic Chemicals (Naphtha),import
Indonesia,19159529.52,602617072.06,14681.53,KGM,2021,8,29,Organic Chemicals (Naphtha),import
United Arab Emirates,16858399.35,589825739.28,8966.93,KGM,2021,8,29,Organic Chemicals (Naphtha),import
Iran,14011668.21,433132716.3,12960.62,KGM,2021,8,29,Organic Chemicals (Naphtha),import
Qatar,13647667.42,452479764.39,11456.78,KGM,2021,8,29,Organic Chemicals (Naphtha),import
Netherlands,10344804.25,342085331.17,6892.9,KGM,2021,8,29,Organic Chemicals (Naphtha),import
Thailand,8984657.19,317064668.32,6312.61,KGM,2021,8,29,Organic Chemicals (Naphtha),import
Belgium,5382661.53,162116239.26,5033.96,KGM,2021,8,29,Organic Chemicals (Naphtha),import
China,129171251.11,4228574911.31,97609.38,KGM,2021,9,29,Organic Chemicals (Naphtha),import
Japan,107582602.29,4003154003.45,77407.32,KGM,2021,9,29,Organic Chemicals (Naphtha),import
"Korea, Republic of",90224183.43,2886085332.18,67020.77,KGM,2021,9,29,Organic Chemicals (Naphtha),import
Singapore,60698213.25,1955101066.01,56225.74,KGM,2021,9,29,Organic Chemicals (Naphtha),import
Saudi Arabia,64222484.98,2111739720.64,46284.45,KGM,2021,9,29,Organic Chemicals (Naphtha),import
United States of America,50659227.07,1692814347.3,39337.06,KGM,2021,9,29,Organic Chemicals (Naphtha),import
Germany,50375129.75,1694368161.66,35556.95,KGM,2021,9,29,Organic Chemicals (Naphtha),import
Taiwan,36017817.44,1136524981.67,26364.18,KGM,2021,9,29,Organic Chemicals (Naphtha),import
India,20395621.46,695937659.36,17620.92,KGM,2021,9,29,Organic Chemicals (Naphtha),import
Malaysia,25966065.56,948889144.89,19678.23,KGM,2021,9,29,Organic Chemicals (Naphtha),import
Indonesia,20797255.53,709721768.31,11963.45,KGM,2021,9,29,Organic Chemicals (Naphtha),import
United Arab Emirates,18633203.35,647757019.23,14510.09,KGM,2021,9,29,Organic Chemicals (Naphtha),import
Iran,12379689.73,393116565.39,12156.98,KGM,2021,9,29,Organic Chemicals (Naphtha),import
Qatar,13176234.19,427539911.93,11844.48,KGM,2021,9,29,Organic Chemicals (Naphtha),import
Netherlands,10669711.25,351820142.89,7170.76,KGM,2021,9,29,Organic Chemicals (Naphtha),import
Thailand,7918264.52,248477300.9,8121.25,KGM,2021,9,29,Organic Chemicals (Naphtha),import
Belgium,6736924.4,202663927.85,6220.25,KGM,2021,9,29,Organic Chemicals (Naphtha),import
China,134344077.76,4296085755.29,104405.78,KGM,2021,10,29,Organic Chemicals (Naphtha),import
Japan,115561780.13,3927595817.76,99398.31,KGM,2021,10,29,Organic Chemicals (Naphtha),import
"Korea, Republic of",83311937.5,2771786059.47,56761.62,KGM,2021,10,29,Organic Chemicals (Naphtha),import
Singapore,67632598.11,2181467157.17,54337.49,KGM,2021,10,29,Organic Chemicals (Naphtha),import
Saudi Arabia,56587068.63,1762860558.03,48249.28,KGM,2021,10,29,Organic Chemicals (Naphtha),import
United States of America,56855179.26,1885775809.0,37437.84,KGM,2021,10,29,Organic Chemicals (Naphtha),import
Germany,41537841.52,1407848483.96,37023.66,KGM,2021,10,29,Organic Chemicals (Naphtha),import
Taiwan,36085370.93,1180399926.45,23621.33,KGM,2021,10,29,Organic Chemicals (Naphtha),import
India,34865950.56,1205452649.46,23054.49,KGM,2021,10,29,Organic Chemicals (Naphtha),import
Malaysia,25731877.59,856352791.88,19840.43,KGM,2021,10,29,Organic Chemicals (Naphtha),import
Indonesia,19678672.67,624190112.52,19026.32,KGM,2021,10,29,Organic Chemicals (Naphtha),import
United Arab Emirates,18122748.34,609623803.33,15515.7,KGM,2021,10,29,Organic Chemicals (Naphtha),import
Iran,14575396.03,464935825.74,12639.37,KGM,2021,10,29,Organic Chemicals (Naphtha),import
Qatar,12606826.92,401629923.64,9656.22,KGM,2021,10,29,Organic Chemicals (Naphtha),import
Netherlands,10952894.16,378750095.16,9215.78,KGM,2021,10,29,Organic Chemicals (Naphtha),import
Thailand,8793882.49,281269274.13,8079.75,KGM,2021,10,29,Organic Chemicals (Naphtha),import
Belgium,7751543.28,256264062.61,6094.81,KGM,2021,10,29,Organic Chemicals (Naphtha),import
China,129224661.39,4392708585.41,113699.45,KGM,2021,11,29,Organic Chemicals (Naphtha),import
Japan,103768211.86,3280482472.19,76528.33,KGM,2021,11,29,Organic Chemicals (Naphtha),import
"Korea, Republic of",85182768.18,2904590561.81,58158.35,KGM,2021,11,29,Organic Chemicals (Naphtha),import
Singapore,55454294.39,1806965134.8,55919.61,KGM,2021,11,29,Organic Chemicals (Naphtha),import
Saudi Arabia,56396941.42,1617272288.03,45625.19,KGM,2021,11,29,Organic Chemicals (Naphtha),import
United States of America,48327680.32,1532832145.94,36237.87,KGM,2021,11,29,Organic Chemicals (Naphtha),import
Germany,55285234.99,1857263841.48,28089.88,KGM,2021,11,29,Organic Chemicals (Naphtha),import
Taiwan,31026231.15,961186273.88,24014.51,KGM,2021,11,29,Organic Chemicals (Naphtha),import
India,32822365.41,1052600257.05,27005.87,KGM,2021,11,29,Organic Chemicals (Naphtha),import
Malaysia,27586975.52,893772496.72,17710.87,KGM,2021,11,29,Organic Chemicals (Naphtha),import
Indonesia,22497906.89,717481482.53,14829.07,KGM,2021,11,29,Organic Chemicals (Naphtha),import
United Arab Emirates,16895296.52,530217068.49,13543.54,KGM,2021,11,29,Organic Chemicals (Naphtha),import
Iran,18555707.02,638857361.53,10906.11,KGM,2021,11,29,Organic Chemicals (Naphtha),import
Qatar,13393690.77,451298919.78,9135.09,KGM,2021,11,29,Organic Chemicals (Naphtha),import
Netherlands,9262367.67,317107259.21,8158.7,KGM,2021,11,29,Organic Chemicals (Naphtha),import
Thailand,7956589.69,255692822.58,7074.48,KGM,2021,11,29,Organic Chemicals (Naphtha),import
Belgium,6860010.54,222607631.91,5461.97,KGM,2021,11,29,Organic Chemicals (Naphtha),import
China,89618535.96,3224987015.12,95992.46,KGM,2021,12,29,Organic Chemicals (Naphtha),import
Japan,88993345.78,2964558640.24,65049.1,KGM,2021,12,29,Organic Chemicals (Naphtha),import
"Korea, Republic of",81522038.63,2801711041.82,67496.24,KGM,2021,12,29,Organic Chemicals (Naphtha),import
Singapore,61116837.18,2027699489.45,50602.87,KGM,2021,12,29,Organic Chemicals (Naphtha),import
Saudi Arabia,46303285.55,1505579933.58,39097.82,KGM,2021,12,29,Organic Chemicals (Naphtha),import
United States of America,45167855.63,1525162950.58,27675.76,KGM,2021,12,29,Organic Chemicals (Naphtha),import
Germany,29208597.76,1015138064.2,30700.08,KGM,2021,12,29,Organic Chemicals (Naphtha),import
Taiwan,31873942.59,1081655158.25,20889.14,KGM,2021,12,29,Organic Chemicals (Naphtha),import
India,27402080.43,919300626.14,24671.15,KGM,2021,12,29,Organic Chemicals (Naphtha),import
Malaysia,24193510.65,767464231.31,16632.82,KGM,2021,12,29,Organic Chemicals (Naphtha),import
Indonesia,19865296.68,636618858.14,16169.46,KGM,2021,12,29,Organic Chemicals (Naphtha),import
United Arab Emirates,12855330.94,425070085.89,11875.47,KGM,2021,12,29,Organic Chemicals (Naphtha),import
Iran,13473101.56,465405274.4,11651.72,KGM,2021,12,29,Organic Chemicals (Naphtha),import
Qatar,10979614.95,350375769.35,7728.54,KGM,2021,12,29,Organic Chemicals (Naphtha),import
Netherlands,8253110.59,265982477.89,6920.2,KGM,2021,12,29,Organic Chemicals (Naphtha),import
Thailand,7134981.79,228571893.36,5903.02,KGM,2021,12,29,Organic Chemicals (Naphtha),import
Belgium,6039605.36,197796543.33,5707.58,KGM,2021,12,29,Organic Chemicals (Naphtha),import
China,111726842.86,3553737062.6,99450.01,KGM,2022,1,29,Organic Chemicals (Naphtha),import
Japan,94507012.19,2967069234.88,70488.66,KGM,2022,1,29,Organic Chemicals (Naphtha),import
"Korea, Republic of",72910546.25,2292119659.07,58875.87,KGM,2022,1,29,Organic Chemicals (Naphtha),import
Singapore,72124254.69,2481991671.34,53805.49,KGM,2022,1,29,Organic Chemicals (Naphtha),import
Saudi Arabia,48353026.44,1626052912.93,43183.76,KGM,2022,1,29,Organic Chemicals (Naphtha),import
United States of America,55886394.23,1736420678.11,34902.39,KGM,2022,1,29,Organic Chemicals (Naphtha),import
Germany,40728532.97,1448254455.07,29388.29,KGM,2022,1,29,Organic Chemicals (Naphtha),import
Taiwan,33706332.39,1098011855.38,24701.79,KGM,2022,1,29,Organic Chemicals (Naphtha),import
India,27622432.33,913279323.37,17480.68,KGM,2022,1,29,Organic Chemicals (Naphtha),import
Malaysia,22812212.64,722087703.64,20640.66,KGM,2022,1,29,Organic Chemicals (Naphtha),import
Indonesia,21347256.18,709574010.39,17028.32,KGM,2022,1,29,Organic Chemicals (Naphtha),import
United Arab Emirates,17990915.56,605678962.34,9896.79,KGM,2022,1,29,Organic Chemicals (Naphtha),import
Iran,14323618.35,451584821.39,11408.09,KGM,2022,1,29,Organic Chemicals (Naphtha),import
Qatar,10287831.8,351660431.45,10619.1,KGM,2022,1,29,Organic Chemicals (Naphtha),import
Netherlands,11317234.99,347187815.06,9481.1,KGM,2022,1,29,Organic Chemicals (Naphtha),import
Thailand,7869754.33,271058376.32,6587.07,KGM,2022,1,29,Organic Chemicals (Naphtha),import
Belgium,7307082.42,235204069.85,4483.99,KGM,2022,1,29,Organic Chemicals (Naphtha),import
China,190948369.53,5992958441.01,105783.68,KGM,2022,2,29,Organic Chemicals (Naphtha),import
Japan,140223736.64,4274640933.54,131988.61,KGM,2022,2,29,Organic Chemicals (Naphtha),import
"Korea, Republic of",112618989.5,3964722332.97,94108.4,KGM,2022,2,29,Organic Chemicals (Naphtha),import
Singapore,93562636.88,2907096487.32,54990.08,KGM,2022,2,29,Organic Chemicals (Naphtha),import
Saudi Arabia,89118545.86,2790413876.9,65029.89,KGM,2022,2,29,Organic Chemicals (Naphtha),import
United States of America,70486129.21,2062304386.37,54894.28,KGM,2022,2,29,Organic Chemicals (Naphtha),import
Germany,44224145.75,1594419339.24,45764.39,KGM,2022,2,29,Organic Chemicals (Naphtha),import
Taiwan,45961956.5,1405579551.68,24920.86,KGM,2022,2,29,Organic Chemicals (Naphtha),import
India,41635163.92,1361831001.57,33606.42,KGM,2022,2,29,Organic Chemicals (Naphtha),import
Malaysia,31960451.37,1107663261.81,28993.24,KGM,2022,2,29,Organic Chemicals (Naphtha),import
Indonesia,29930282.31,1028071252.03,19534.38,KGM,2022,2,29,Organic Chemicals (Naphtha),import
United Arab Emirates,21600004.67,692042408.83,16373.66,KGM,2022,2,29,Organic Chemicals (Naphtha),import
Iran,20193843.91,605190223.67,16969.84,KGM,2022,2,29,Organic Chemicals (Naphtha),import
Qatar,15565674.41,537864994.42,12503.7,KGM,2022,2,29,Organic Chemicals (Naphtha),import
Netherlands,12269894.84,419807754.27,10168.02,KGM,2022,2,29,Organic Chemicals (Naphtha),import
Thailand,11239542.23,368373303.63,10447.17,KGM,2022,2,29,Organic Chemicals (Naphtha),import
Belgium,10642590.26,358517645.02,8806.32,KGM,2022,2,29,Organic Chemicals (Naphtha),import
China,195534745.31,6692155420.89,157852.08,KGM,2022,3,29,Organic Chemicals (Naphtha),import
Japan,152005021.19,5130258086.82,134940.28,KGM,2022,3,29,Organic Chemicals (Naphtha),import
"Korea, Republic of",142466278.66,4747602387.14,81426.55,KGM,2022,3,29,Organic Chemicals (Naphtha),import
Singapore,110262786.53,3709885419.19,68087.93,KGM,2022,3,29,Organic Chemicals (Naphtha),import
Saudi Arabia,92916762.28,3018927435.07,83347.19,KGM,2022,3,29,Organic Chemicals (Naphtha),import
United States of America,76658861.62,2513549943.37,55224.8,KGM,2022,3,29,Organic Chemicals (Naphtha),import
Germany,72693006.88,2321534814.03,49136.7,KGM,2022,3,29,Organic Chemicals (Naphtha),import
Taiwan,49134624.15,1588912524.6,36991.19,KGM,2022,3,29,Organic Chemicals (Naphtha),import
India,41433070.64,1293533381.24,32445.86,KGM,2022,3,29,Organic Chemicals (Naphtha),import
Malaysia,37796729.48,1312003717.29,26111.38,KGM,2022,3,29,Organic Chemicals (Naphtha),import
Indonesia,30304800.0,1018725668.41,25863.58,KGM,2022,3,29,Organic Chemicals (Naphtha),import
United Arab Emirates,20429079.98,726818663.64,19093.05,KGM,2022,3,29,Organic Chemicals (Naphtha),import
Iran,20774686.73,702526185.65,22590.05,KGM,2022,3,29,Organic Chemicals (Naphtha),import
Qatar,19738659.85,682347567.27,15217.76,KGM,2022,3,29,Organic Chemicals (Naphtha),import
Netherlands,16668538.58,539302388.77,11807.89,KGM,2022,3,29,Organic Chemicals (Naphtha),import
Thailand,10729520.83,355131415.44,10824.92,KGM,2022,3,29,Organic Chemicals (Naphtha),import
Belgium,9165208.14,301511857.19,7339.98,KGM,2022,3,29,Organic Chemicals (Naphtha),import
China,174609295.52,5337779583.89,153489.63,KGM,2022,4,29,Organic Chemicals (Naphtha),import
Japan,146642491.47,4883273149.23,105058.96,KGM,2022,4,29,Organic Chemicals (Naphtha),import
"Korea, Republic of",116452816.75,4237680936.79,94909.0,KGM,2022,4,29,Organic Chemicals (Naphtha),import
Singapore,112191253.64,3920677014.05,87252.71,KGM,2022,4,29,Organic Chemicals (Naphtha),import
Saudi Arabia,94982186.03,2946846487.92,59212.68,KGM,2022,4,29,Organic Chemicals (Naphtha),import
United States of America,56458006.37,1773333069.83,62519.19,KGM,2022,4,29,Organic Chemicals (Naphtha),import
Germany,60855749.68,1952694430.43,48914.16,KGM,2022,4,29,Organic Chemicals (Naphtha),import
Taiwan,51451563.42,1668373356.28,39311.49,KGM,2022,4,29,Organic Chemicals (Naphtha),import
India,38182681.94,1384649132.08,36639.46,KGM,2022,4,29,Organic Chemicals (Naphtha),import
Malaysia,39792126.47,1279218480.58,38830.15,KGM,2022,4,29,Organic Chemicals (Naphtha),import
Indonesia,31452872.9,1029934031.68,25372.72,KGM,2022,4,29,Organic Chemicals (Naphtha),import
United Arab Emirates,28822082.53,931470746.1,14997.53,KGM,2022,4,29,Organic Chemicals (Naphtha),import
Iran,27097924.79,931975603.88,17220.66,KGM,2022,4,29,Organic Chemicals (Naphtha),import
Qatar,20530762.82,687265168.85,15127.07,KGM,2022,4,29,Organic Chemicals (Naphtha),import
Netherlands,15356480.74,517359204.13,9093.01,KGM,2022,4,29,Organic Chemicals (Naphtha),import
Thailand,12112194.36,406733535.76,8492.53,KGM,2022,4,29,Organic Chemicals (Naphtha),import
Belgium,10657375.68,347517870.77,9097.14,KGM,2022,4,29,Organic Chemicals (Naphtha),import
China,214528293.21,7190536445.36,156110.58,KGM,2022,5,29,Organic Chemicals (Naphtha),import
Japan,164810617.43,5531971435.15,104680.27,KGM,2022,5,29,Organic Chemicals (Naphtha),import
"Korea, Republic of",133076850.67,4414359310.1,100431.73,KGM,2022,5,29,Organic Chemicals (Naphtha),import
Singapore,132230753.45,4337522513.91,63919.03,KGM,2022,5,29,Organic Chemicals (Naphtha),import
Saudi Arabia,99680734.0,3344943723.2,61800.85,KGM,2022,5,29,Organic Chemicals (Naphtha),import
United States of America,81414114.23,2615308855.01,50408.88,KGM,2022,5,29,Organic Chemicals (Naphtha),import
Germany,77598714.78,2509666623.89,41997.15,KGM,2022,5,29,Organic Chemicals (Naphtha),import
Taiwan,51813189.14,1677735534.74,41544.98,KGM,2022,5,29,Organic Chemicals (Naphtha),import
India,46477278.72,1583265408.43,36178.2,KGM,2022,5,29,Organic Chemicals (Naphtha),import
Malaysia,42849471.94,1429246002.45,32785.41,KGM,2022,5,29,Organic Chemicals (Naphtha),import
Indonesia,27778919.81,963122593.41,26312.95,KGM,2022,5,29,Organic Chemicals (Naphtha),import
United Arab Emirates,22098558.28,778706457.9,17480.25,KGM,2022,5,29,Organic Chemicals (Naphtha),import
Iran,20156416.74,648483100.42,18455.34,KGM,2022,5,29,Organic Chemicals (Naphtha),import
Qatar,22584786.33,772103132.79,16137.43,KGM,2022,5,29,Organic Chemicals (Naphtha),import
Netherlands,15893013.86,506733690.05,15439.72,KGM,2022,5,29,Organic Chemicals (Naphtha),import
Thailand,13623330.95,479891756.02,11946.91,KGM,2022,5,29,Organic Chemicals (Naphtha),import
Belgium,10254302.52,332483745.3,6286.62,KGM,2022,5,29,Organic Chemicals (Naphtha),import
China,236649616.97,7912805345.7,144281.29,KGM,2022,6,29,Organic Chemicals (Naphtha),import
Japan,156260005.16,5464132413.13,125961.16,KGM,2022,6,29,Organic Chemicals (Naphtha),import
"Korea, Republic of",137761248.13,4747860492.25,131831.15,KGM,2022,6,29,Organic Chemicals (Naphtha),import
Singapore,108884479.01,3647374045.42,83751.55,KGM,2022,6,29,Organic Chemicals (Naphtha),import
Saudi Arabia,82442959.02,2814233073.36,64712.83,KGM,2022,6,29,Organic Chemicals (Naphtha),import
United States of America,88017658.78,3018061509.93,53445.31,KGM,2022,6,29,Organic Chemicals (Naphtha),import
Germany,65990953.52,2146561296.31,47661.94,KGM,2022,6,29,Organic Chemicals (Naphtha),import
Taiwan,58510344.78,1956935296.38,45448.44,KGM,2022,6,29,Organic Chemicals (Naphtha),import
India,48799507.53,1650411391.33,31986.13,KGM,2022,6,29,Organic Chemicals (Naphtha),import
Malaysia,38459933.39,1247253651.6,39470.44,KGM,2022,6,29,Organic Chemicals (Naphtha),import
Indonesia,41062387.26,1349213528.31,25959.38,KGM,2022,6,29,Organic Chemicals (Naphtha),import
United Arab Emirates,26077729.65,912447250.92,17979.94,KGM,2022,6,29,Organic Chemicals (Naphtha),import
Iran,24416444.68,864894802.53,20493.67,KGM,2022,6,29,Organic Chemicals (Naphtha),import
Qatar,19887128.32,660597993.92,15706.08,KGM,2022,6,29,Organic Chemicals (Naphtha),import
Netherlands,14052971.23,432051070.01,9917.77,KGM,2022,6,29,Organic Chemicals (Naphtha),import
Thailand,15101787.74,516127257.19,10174.39,KGM,2022,6,29,Organic Chemicals (Naphtha),import
Belgium,10469548.04,359095980.48,6867.16,KGM,2022,6,29,Organic Chemicals (Naphtha),import
China,179999621.85,6189332990.82,166549.59,KGM,2022,7,29,Organic Chemicals (Naphtha),import
Japan,157349736.08,4856651414.53,131658.31,KGM,2022,7,29,Organic Chemicals (Naphtha),import
"Korea, Republic of",170233338.45,5817186278.81,109292.26,KGM,2022,7,29,Organic Chemicals (Naphtha),import
Singapore,115210560.41,3815383687.43,81660.63,KGM,2022,7,29,Organic Chemicals (Naphtha),import
Saudi Arabia,102198708.48,3432517652.51,69460.07,KGM,2022,7,29,Organic Chemicals (Naphtha),import
United States of America,82721635.06,2784880991.34,56795.77,KGM,2022,7,29,Organic Chemicals (Naphtha),import
Germany,54696345.71,1933778734.67,57622.36,KGM,2022,7,29,Organic Chemicals (Naphtha),import
Taiwan,57455053.25,1830328472.99,48984.61,KGM,2022,7,29,Organic Chemicals (Naphtha),import
India,45060828.94,1495713967.52,36880.2,KGM,2022,7,29,Organic Chemicals (Naphtha),import
Malaysia,37784630.87,1344772014.18,27730.29,KGM,2022,7,29,Organic Chemicals (Naphtha),import
Indonesia,30184046.35,1018489462.87,31110.85,KGM,2022,7,29,Organic Chemicals (Naphtha),import
United Arab Emirates,26876447.46,948339907.2,22114.72,KGM,2022,7,29,Organic Chemicals (Naphtha),import
Iran,17485558.94,580931604.63,19491.01,KGM,2022,7,29,Organic Chemicals (Naphtha),import
Qatar,20123602.93,645653857.84,17328.83,KGM,2022,7,29,Organic Chemicals (Naphtha),import
Netherlands,13986016.82,442503231.5,10387.89,KGM,2022,7,29,Organic Chemicals (Naphtha),import
Thailand,14076248.45,483167164.1,11009.85,KGM,2022,7,29,Organic Chemicals (Naphtha),import
Belgium,10052190.42,356657583.22,7890.82,KGM,2022,7,29,Organic Chemicals (Naphtha),import
China,224240865.08,6786171736.14,174862.54,KGM,2022,8,29,Organic Chemicals (Naphtha),import
Japan,194661154.18,6474304273.33,126892.91,KGM,2022,8,29,Organic Chemicals (Naphtha),import
"Korea, Republic of",141731262.16,4640570212.66,109034.87,KGM,2022,8,29,Organic Chemicals (Naphtha),import
Singapore,110101685.35,3773537003.55,92072.35,KGM,2022,8,29,Organic Chemicals (Naphtha),import
Saudi Arabia,106544936.82,3428735752.11,64988.89,KGM,2022,8,29,Organic Chemicals (Naphtha),import
United States of America,88338437.48,2936580412.76,52066.03,KGM,2022,8,29,Organic Chemicals (Naphtha),import
Germany,62498671.45,1983231745.92,56997.94,KGM,2022,8,29,Organic Chemicals (Naphtha),import
Taiwan,52312624.0,1745647101.29,41278.97,KGM,2022,8,29,Organic Chemicals (Naphtha),import
India,52031048.76,1733019665.07,42057.61,KGM,2022,8,29,Organic Chemicals (Naphtha),import
Malaysia,36181815.43,1189376813.85,42006.74,KGM,2022,8,29,Organic Chemicals (Naphtha),import
Indonesia,34843184.56,1168317359.54,27508.06,KGM,2022,8,29,Organic Chemicals (Naphtha),import
United Arab Emirates,24833679.71,887363314.96,22510.21,KGM,2022,8,29,Organic Chemicals (Naphtha),import
Iran,19512532.4,611086676.06,19320.91,KGM,2022,8,29,Organic Chemicals (Naphtha),import
Qatar,22361192.63,733637677.01,18234.83,KGM,2022,8,29,Organic Chemicals (Naphtha),import
Netherlands,16378273.62,482558822.37,11474.45,KGM,2022,8,29,Organic Chemicals (Naphtha),import
Thailand,13199408.58,436432446.83,10418.18,KGM,2022,8,29,Organic Chemicals (Naphtha),import
Belgium,7294623.19,224494767.42,6782.88,KGM,2022,8,29,Organic Chemicals (Naphtha),import
China,209164431.46,6537672088.72,174982.94,KGM,2022,9,29,Organic Chemicals (Naphtha),import
Japan,161374479.16,5817228399.3,121713.62,KGM,2022,9,29,Organic Chemicals (Naphtha),import
"Korea, Republic of",132972128.36,4225322971.99,103414.41,KGM,2022,9,29,Organic Chemicals (Naphtha),import
Singapore,89603531.32,2921106423.63,93964.79,KGM,2022,9,29,Organic Chemicals (Naphtha),import
Saudi Arabia,93045970.21,2850302280.41,77969.74,KGM,2022,9,29,Organic Chemicals (Naphtha),import
United States of America,97667782.39,3483274990.71,51111.87,KGM,2022,9,29,Organic Chemicals (Naphtha),import
Germany,69043659.23,2347948228.06,51973.6,KGM,2022,9,29,Organic Chemicals (Naphtha),import
Taiwan,53401397.88,1786910221.4,48475.19,KGM,2022,9,29,Organic Chemicals (Naphtha),import
India,51852757.2,1697583728.57,42911.6,KGM,2022,9,29,Organic Chemicals (Naphtha),import
Malaysia,45490011.76,1592193548.55,34732.31,KGM,2022,9,29,Organic Chemicals (Naphtha),import
Indonesia,33303700.04,1060401842.81,31715.84,KGM,2022,9,29,Organic Chemicals (Naphtha),import
United Arab Emirates,22107539.03,718543274.57,18229.62,KGM,2022,9,29,Organic Chemicals (Naphtha),import
Iran,25546433.44,873178704.04,19657.55,KGM,2022,9,29,Organic Chemicals (Naphtha),import
Qatar,18253523.78,639201361.5,19733.36,KGM,2022,9,29,Organic Chemicals (Naphtha),import
Netherlands,18147191.18,556591002.32,15065.8,KGM,2022,9,29,Organic Chemicals (Naphtha),import
Thailand,14795951.95,509736752.11,11868.44,KGM,2022,9,29,Organic Chemicals (Naphtha),import
Belgium,12000457.39,403296058.68,9185.16,KGM,2022,9,29,Organic Chemicals (Naphtha),import
China,238808051.19,8012089046.58,155591.79,KGM,2022,10,29,Organic Chemicals (Naphtha),import
Japan,161254677.99,4675014771.65,132081.63,KGM,2022,10,29,Organic Chemicals (Naphtha),import
"Korea, Republic of",129861712.31,4203011206.99,106244.09,KGM,2022,10,29,Organic Chemicals (Naphtha),import
Singapore,110001095.59,3575184878.23,76937.25,KGM,2022,10,29,Organic Chemicals (Naphtha),import
Saudi Arabia,110379147.49,3857453537.3,75668.3,KGM,2022,10,29,Organic Chemicals (Naphtha),import
United States of America,95866067.67,3245455989.97,62529.8,KGM,2022,10,29,Organic Chemicals (Naphtha),import
Germany,61783819.35,2049221967.86,48967.68,KGM,2022,10,29,Organic Chemicals (Naphtha),import
Taiwan,59791574.46,1958512452.52,53528.03,KGM,2022,10,29,Organic Chemicals (Naphtha),import
India,50659779.63,1808064005.67,39700.57,KGM,2022,10,29,Organic Chemicals (Naphtha),import
Malaysia,48401601.86,1654890083.38,35186.88,KGM,2022,10,29,Organic Chemicals (Naphtha),import
Indonesia,36804826.41,1262136276.81,31643.5,KGM,2022,10,29,Organic Chemicals (Naphtha),import
United Arab Emirates,27589664.58,917157073.97,22690.43,KGM,2022,10,29,Organic Chemicals (Naphtha),import
Iran,25992903.15,870901436.71,18950.84,KGM,2022,10,29,Organic Chemicals (Naphtha),import
Qatar,20250602.39,664662968.61,15636.14,KGM,2022,10,29,Organic Chemicals (Naphtha),import
Netherlands,17529313.99,597137539.9,15432.49,KGM,2022,10,29,Organic Chemicals (Naphtha),import
Thailand,15803601.27,507642539.03,13596.29,KGM,2022,10,29,Organic Chemicals (Naphtha),import
Belgium,12188951.14,406914289.64,9777.68,KGM,2022,10,29,Organic Chemicals (Naphtha),import
China,228112986.64,7757254557.1,166791.18,KGM,2022,11,29,Organic Chemicals (Naphtha),import
Japan,143802657.47,4898282274.61,132079.37,KGM,2022,11,29,Organic Chemicals (Naphtha),import
"Korea, Republic of",153968633.29,5062070881.1,98671.27,KGM,2022,11,29,Organic Chemicals (Naphtha),import
Singapore,99814101.47,3341168381.87,83933.51,KGM,2022,11,29,Organic Chemicals (Naphtha),import
Saudi Arabia,107847152.97,3594992407.1,85380.38,KGM,2022,11,29,Organic Chemicals (Naphtha),import
United States of America,78314163.23,2882414281.36,64918.89,KGM,2022,11,29,Organic Chemicals (Naphtha),import
Germany,60042594.92,1997180349.48,47045.18,KGM,2022,11,29,Organic Chemicals (Naphtha),import
Taiwan,59791387.59,1998959106.05,48576.36,KGM,2022,11,29,Organic Chemicals (Naphtha),import
India,41438944.7,1257729030.62,37498.47,KGM,2022,11,29,Organic Chemicals (Naphtha),import
Malaysia,43537406.77,1428487006.56,34817.01,KGM,2022,11,29,Organic Chemicals (Naphtha),import
Indonesia,30773781.25,940607023.34,24806.06,KGM,2022,11,29,Organic Chemicals (Naphtha),import
United Arab Emirates,27778568.67,912438965.81,30374.67,KGM,2022,11,29,Organic Chemicals (Naphtha),import
Iran,24074169.31,752903435.47,20322.41,KGM,2022,11,29,Organic Chemicals (Naphtha),import
Qatar,18604766.57,638655715.1,15279.82,KGM,2022,11,29,Organic Chemicals (Naphtha),import
Netherlands,17312143.43,590747427.77,12952.09,KGM,2022,11,29,Organic Chemicals (Naphtha),import
Thailand,16346500.26,514474897.32,11975.89,KGM,2022,11,29,Organic Chemicals (Naphtha),import
Belgium,9065376.69,310974486.71,6960.35,KGM,2022,11,29,Organic Chemicals (Naphtha),import
China,167983962.35,5428876889.14,157325.75,KGM,2022,12,29,Organic Chemicals (Naphtha),import
Japan,151048528.23,4807231911.93,124247.43,KGM,2022,12,29,Organic Chemicals (Naphtha),import
"Korea, Republic of",131141380.17,4189572358.78,87943.84,KGM,2022,12,29,Organic Chemicals (Naphtha),import
Singapore,104896805.07,3533974883.81,82199.14,KGM,2022,12,29,Organic Chemicals (Naphtha),import
Saudi Arabia,75466407.96,2568389802.39,63772.17,KGM,2022,12,29,Organic Chemicals (Naphtha),import
United States of America,89306368.46,2884426470.8,69757.04,KGM,2022,12,29,Organic Chemicals (Naphtha),import
Germany,56592545.81,1918546197.06,57665.4,KGM,2022,12,29,Organic Chemicals (Naphtha),import
Taiwan,46201236.6,1438057934.38,38782.64,KGM,2022,12,29,Organic Chemicals (Naphtha),import
India,46689216.18,1648601753.9,39041.72,KGM,2022,12,29,Organic Chemicals (Naphtha),import
Malaysia,40444022.91,1388897006.23,27549.85,KGM,2022,12,29,Organic Chemicals (Naphtha),import
Indonesia,34717916.26,1190126438.5,26584.01,KGM,2022,12,29,Organic Chemicals (Naphtha),import
United Arab Emirates,24697802.52,883761162.98,17024.61,KGM,2022,12,29,Organic Chemicals (Naphtha),import
Iran,21730958.0,797895783.12,19695.64,KGM,2022,12,29,Organic Chemicals (Naphtha),import
Qatar,19826880.96,626461653.45,16345.48,KGM,2022,12,29,Organic Chemicals (Naphtha),import
Netherlands,13482909.8,433821056.56,13200.25,KGM,2022,12,29,Organic Chemicals (Naphtha),import
Thailand,10491813.16,342820322.43,7647.12,KGM,2022,12,29,Organic Chemicals (Naphtha),import
Belgium,9471458.05,298505437.53,8555.28,KGM,2022,12,29,Organic Chemicals (Naphtha),import
China,203246781.11,6345578509.32,120311.67,KGM,2023,1,29,Organic Chemicals (Naphtha),import
Japan,144890714.55,4907375644.96,113358.28,KGM,2023,1,29,Organic Chemicals (Naphtha),import
"Korea, Republic of",105092066.12,3203496642.11,97843.6,KGM,2023,1,29,Organic Chemicals (Naphtha),import
Singapore,74360168.53,2570618477.98,91566.0,KGM,2023,1,29,Organic Chemicals (Naphtha),import
Saudi Arabia,83334222.48,2692770788.33,49758.99,KGM,2023,1,29,Organic Chemicals (Naphtha),import
United States of America,74662602.63,2638716393.07,53209.62,KGM,2023,1,29,Organic Chemicals (Naphtha),import
Germany,63293524.15,1937178058.61,41734.1,KGM,2023,1,29,Organic Chemicals (Naphtha),import
Taiwan,51803862.9,1768278020.0,41336.01,KGM,2023,1,29,Organic Chemicals (Naphtha),import
India,48707643.5,1614206939.79,34657.65,KGM,2023,1,29,Organic Chemicals (Naphtha),import
Malaysia,38459276.95,1308812851.91,32332.58,KGM,2023,1,29,Organic Chemicals (Naphtha),import
Indonesia,29866939.31,989916786.93,26193.33,KGM,2023,1,29,Organic Chemicals (Naphtha),import
United Arab Emirates,22656500.23,736820186.42,19046.98,KGM,2023,1,29,Organic Chemicals (Naphtha),import
Iran,21252769.05,733189156.2,15180.53,KGM,2023,1,29,Organic Chemicals (Naphtha),import
Qatar,18245972.74,615316743.98,15280.51,KGM,2023,1,29,Organic Chemicals (Naphtha),import
Netherlands,13001907.48,424671230.92,13052.51,KGM,2023,1,29,Organic Chemicals (Naphtha),import
Thailand,11479246.27,382844816.99,9628.26,KGM,2023,1,29,Organic Chemicals (Naphtha),import
Belgium,12005249.9,387429328.7,8046.84,KGM,2023,1,29,Organic Chemicals (Naphtha),import
China,205300978.0,6626497146.2,109395.6,KGM,2023,2,29,Organic Chemicals (Naphtha),import
Japan,130369510.83,4369894231.83,108744.11,KGM,2023,2,29,Organic Chemicals (Naphtha),import
"Korea, Republic of",120044991.34,4074909991.06,95205.68,KGM,2023,2,29,Organic Chemicals (Naphtha),import
Singapore,91472570.52,2797422073.21,83757.89,KGM,2023,2,29,Organic Chemicals (Naphtha),import
Saudi Arabia,59971315.85,1949258946.48,69108.16,KGM,2023,2,29,Organic Chemicals (Naphtha),import
United States of America,80873029.96,2740238759.73,61206.4,KGM,2023,2,29,Organic Chemicals (Naphtha),import
Germany,54717041.12,1773126895.23,49009.89,KGM,2023,2,29,Organic Chemicals (Naphtha),import
Taiwan,46287753.56,1545488872.82,34846.64,KGM,2023,2,29,Organic Chemicals (Naphtha),import
India,39251516.94,1321953256.28,35543.94,KGM,2023,2,29,Organic Chemicals (Naphtha),import
Malaysia,32752801.97,1018447090.78,25739.64,KGM,2023,2,29,Organic Chemicals (Naphtha),import
Indonesia,23143894.58,751384260.38,25203.83,KGM,2023,2,29,Organic Chemicals (Naphtha),import
United Arab Emirates,20205970.38,644930378.11,19100.43,KGM,2023,2,29,Organic Chemicals (Naphtha),import
Iran,20562503.0,698582706.67,13789.34,KGM,2023,2,29,Organic Chemicals (Naphtha),import
Qatar,17406939.03,563262252.25,14415.57,KGM,2023,2,29,Organic Chemicals (Naphtha),import
Netherlands,14145133.86,515049327.83,8979.87,KGM,2023,2,29,Organic Chemicals (Naphtha),import
Thailand,11980437.78,390572378.94,10924.42,KGM,2023,2,29,Organic Chemicals (Naphtha),import
Belgium,8236509.41,271263453.63,6825.49,KGM,2023,2,29,Organic Chemicals (Naphtha),import
China,190601768.52,6045203357.96,185954.9,KGM,2023,3,29,Organic Chemicals (Naphtha),import
Japan,144949575.19,4438356510.95,132004.15,KGM,2023,3,29,Organic Chemicals (Naphtha),import
"Korea, Republic of",128045901.44,4308747734.65,103056.65,KGM,2023,3,29,Organic Chemicals (Naphtha),import
Singapore,106441612.13,3371309875.47,100403.38,KGM,2023,3,29,Organic Chemicals (Naphtha),import
Saudi Arabia,84197706.25,2807115796.86,76120.97,KGM,2023,3,29,Organic Chemicals (Naphtha),import
United States of America,79849373.34,2896265959.89,50548.01,KGM,2023,3,29,Organic Chemicals (Naphtha),import
Germany,67185893.54,2278741130.49,41047.54,KGM,2023,3,29,Organic Chemicals (Naphtha),import
Taiwan,45752463.08,1419543766.08,45052.63,KGM,2023,3,29,Organic Chemicals (Naphtha),import
India,49525403.12,1561957507.51,30271.03,KGM,2023,3,29,Organic Chemicals (Naphtha),import
Malaysia,39101014.27,1257815459.89,28168.67,KGM,2023,3,29,Organic Chemicals (Naphtha),import
Indonesia,27224548.92,934503624.65,24330.87,KGM,2023,3,29,Organic Chemicals (Naphtha),import
United Arab Emirates,30543251.41,1039301124.35,22279.29,KGM,2023,3,29,Organic Chemicals (Naphtha),import
Iran,19234462.94,615937033.01,18177.07,KGM,2023,3,29,Organic Chemicals (Naphtha),import
Qatar,16371621.43,556667389.56,12879.68,KGM,2023,3,29,Organic Chemicals (Naphtha),import
Netherlands,14568134.21,466843875.19,10007.63,KGM,2023,3,29,Organic Chemicals (Naphtha),import
Thailand,13228823.77,412539017.58,9313.44,KGM,2023,3,29,Organic Chemicals (Naphtha),import
Belgium,9338871.67,279075531.57,8967.07,KGM,2023,3,29,Organic Chemicals (Naphtha),import
China,193607860.72,6169541020.95,154633.34,KGM,2023,4,29,Organic Chemicals (Naphtha),import
Japan,143903033.69,4960340078.26,140243.36,KGM,2023,4,29,Organic Chemicals (Naphtha),import
"Korea, Republic of",134023480.14,4445415854.95,97717.29,KGM,2023,4,29,Organic Chemicals (Naphtha),import
Singapore,110391897.91,3714359501.3,82504.03,KGM,2023,4,29,Organic Chemicals (Naphtha),import
Saudi Arabia,89555664.28,2929354154.62,45502.35,KGM,2023,4,29,Organic Chemicals (Naphtha),import
United States of America,85026444.87,2849704073.65,62950.75,KGM,2023,4,29,Organic Chemicals (Naphtha),import
Germany,64514047.42,2145495908.86,51056.26,KGM,2023,4,29,Organic Chemicals (Naphtha),import
Taiwan,63361364.57,2158402495.44,46039.57,KGM,2023,4,29,Organic Chemicals (Naphtha),import
India,47370028.26,1650299158.4,30739.88,KGM,2023,4,29,Organic Chemicals (Naphtha),import
Malaysia,43397788.43,1429272743.63,32737.05,KGM,2023,4,29,Organic Chemicals (Naphtha),import
Indonesia,34966742.11,1192083313.29,25408.6,KGM,2023,4,29,Organic Chemicals (Naphtha),import
United Arab Emirates,24302772.31,758203669.08,16114.73,KGM,2023,4,29,Organic Chemicals (Naphtha),import
Iran,24209459.16,793547038.81,18134.7,KGM,2023,4,29,Organic Chemicals (Naphtha),import
Qatar,17315575.14,544489919.15,16248.12,KGM,2023,4,29,Organic Chemicals (Naphtha),import
Netherlands,16705510.67,530264583.72,10414.39,KGM,2023,4,29,Organic Chemicals (Naphtha),import
Thailand,11971989.47,386781128.02,11173.1,KGM,2023,4,29,Organic Chemicals (Naphtha),import
Belgium,11060739.25,394536808.09,9507.1,KGM,2023,4,29,Organic Chemicals (Naphtha),import
China,207692527.84,7243659678.61,138842.65,KGM,2023,5,29,Organic Chemicals (Naphtha),import
Japan,186944412.32,6538933510.83,127080.81,KGM,2023,5,29,Organic Chemicals (Naphtha),import
"Korea, Republic of",139843972.87,4482488421.34,85429.13,KGM,2023,5,29,Organic Chemicals (Naphtha),import
Singapore,102797409.75,3248379021.49,81609.22,KGM,2023,5,29,Organic Chemicals (Naphtha),import
Saudi Arabia,85594517.12,2601643408.19,86726.24,KGM,2023,5,29,Organic Chemicals (Naphtha),import
United States of America,75320896.21,2422604412.95,68769.66,KGM,2023,5,29,Organic Chemicals (Naphtha),import
Germany,70375624.25,2368572787.21,50764.47,KGM,2023,5,29,Organic Chemicals (Naphtha),import
Taiwan,48514541.99,1571791679.06,33150.97,KGM,2023,5,29,Organic Chemicals (Naphtha),import
India,38896670.62,1217269221.42,37033.77,KGM,2023,5,29,Organic Chemicals (Naphtha),import
Malaysia,36033718.61,1203907339.6,37652.6,KGM,2023,5,29,Organic Chemicals (Naphtha),import
Indonesia,28635789.09,938840737.16,26512.08,KGM,2023,5,29,Organic Chemicals (Naphtha),import
United Arab Emirates,21468013.32,739127236.5,22223.32,KGM,2023,5,29,Organic Chemicals (Naphtha),import
Iran,23329943.61,750388903.25,18527.09,KGM,2023,5,29,Organic Chemicals (Naphtha),import
Qatar,21082471.87,689092444.1,15521.03,KGM,2023,5,29,Organic Chemicals (Naphtha),import
Netherlands,14925504.28,486729396.29,15935.49,KGM,2023,5,29,Organic Chemicals (Naphtha),import
Thailand,14481459.07,422287256.51,11006.46,KGM,2023,5,29,Organic Chemicals (Naphtha),import
Belgium,10425322.35,359309804.35,7352.69,KGM,2023,5,29,Organic Chemicals (Naphtha),import
China,180838327.32,6237970809.37,172890.56,KGM,2023,6,29,Organic Chemicals (Naphtha),import
Japan,170292891.13,5518534331.07,130619.17,KGM,2023,6,29,Organic Chemicals (Naphtha),import
"Korea, Republic of",136335183.65,4535437297.15,91303.67,KGM,2023,6,29,Organic Chemicals (Naphtha),import
Singapore,122043790.55,4030810688.7,77928.06,KGM,2023,6,29,Organic Chemicals (Naphtha),import
Saudi Arabia,95628260.14,3078785633.79,79017.32,KGM,2023,6,29,Organic Chemicals (Naphtha),import
United States of America,70329615.89,2076300446.16,56504.51,KGM,2023,6,29,Organic Chemicals (Naphtha),import
Germany,74376355.17,2452798017.73,56995.91,KGM,2023,6,29,Organic Chemicals (Naphtha),import
Taiwan,51367089.92,1692917799.54,42673.62,KGM,2023,6,29,Organic Chemicals (Naphtha),import
India,45795546.29,1601206203.11,35871.99,KGM,2023,6,29,Organic Chemicals (Naphtha),import
Malaysia,36232117.62,1107880630.11,36528.86,KGM,2023,6,29,Organic Chemicals (Naphtha),import
Indonesia,40058439.17,1349892614.61,19400.35,KGM,2023,6,29,Organic Chemicals (Naphtha),import
United Arab Emirates,25789470.36,845821859.45,21323.87,KGM,2023,6,29,Organic Chemicals (Naphtha),import
Iran,26351990.93,868398506.4,14974.15,KGM,2023,6,29,Organic Chemicals (Naphtha),import
Qatar,21089501.08,692440354.65,15024.9,KGM,2023,6,29,Organic Chemicals (Naphtha),import
Netherlands,15464686.09,518777258.2,13925.17,KGM,2023,6,29,Organic Chemicals (Naphtha),import
Thailand,14103523.3,491800880.78,11744.81,KGM,2023,6,29,Organic Chemicals (Naphtha),import
Belgium,9948257.71,334158849.87,11024.97,KGM,2023,6,29,Organic Chemicals (Naphtha),import
China,192826745.0,6243232305.3,204152.4,KGM,2023,7,29,Organic Chemicals (Naphtha),import
Japan,142731923.32,4590718577.26,120169.11,KGM,2023,7,29,Organic Chemicals (Naphtha),import
"Korea, Republic of",150016149.0,4973055133.92,105222.97,KGM,2023,7,29,Organic Chemicals (Naphtha),import
Singapore,108955091.1,3542799225.31,97274.5,KGM,2023,7,29,Organic Chemicals (Naphtha),import
Saudi Arabia,92791059.09,3003548614.04,68496.09,KGM,2023,7,29,Organic Chemicals (Naphtha),import
United States of America,85464278.89,3038233449.92,69596.08,KGM,2023,7,29,Organic Chemicals (Naphtha),import
Germany,66962522.38,2249655752.57,51645.22,KGM,2023,7,29,Organic Chemicals (Naphtha),import
Taiwan,51595243.55,1727686779.5,39386.14,KGM,2023,7,29,Organic Chemicals (Naphtha),import
India,45510730.05,1543202129.77,36036.26,KGM,2023,7,29,Organic Chemicals (Naphtha),import
Malaysia,41859068.52,1439228980.13,39682.04,KGM,2023,7,29,Organic Chemicals (Naphtha),import
Indonesia,31237156.05,966501288.73,25387.43,KGM,2023,7,29,Organic Chemicals (Naphtha),import
United Arab Emirates,24433106.02,796112607.56,24564.62,KGM,2023,7,29,Organic Chemicals (Naphtha),import
Iran,20983444.98,646132032.61,14713.63,KGM,2023,7,29,Organic Chemicals (Naphtha),import
Qatar,18670857.91,605032612.91,16007.14,KGM,2023,7,29,Organic Chemicals (Naphtha),import
Netherlands,17374334.81,605316269.85,11362.56,KGM,2023,7,29,Organic Chemicals (Naphtha),import
Thailand,13348813.57,430094918.8,11253.29,KGM,2023,7,29,Organic Chemicals (Naphtha),import
Belgium,11927670.17,371535889.4,7174.25,KGM,2023,7,29,Organic Chemicals (Naphtha),import
China,188818365.34,6163858463.85,188055.29,KGM,2023,8,29,Organic Chemicals (Naphtha),import
Japan,151408085.04,5035529991.94,128732.71,KGM,2023,8,29,Organic Chemicals (Naphtha),import
"Korea, Republic of",124379972.17,4079147200.22,111970.37,KGM,2023,8,29,Organic Chemicals (Naphtha),import
Singapore,105873618.8,3634939541.88,74537.01,KGM,2023,8,29,Organic Chemicals (Naphtha),import
Saudi Arabia,93001020.33,3118699042.43,49822.91,KGM,2023,8,29,Organic Chemicals (Naphtha),import
United States of America,86821880.75,2918938463.98,73299.82,KGM,2023,8,29,Organic Chemicals (Naphtha),import
Germany,70661393.21,2280527403.95,51723.87,KGM,2023,8,29,Organic Chemicals (Naphtha),import
Taiwan,59525701.91,1836015557.42,43119.88,KGM,2023,8,29,Organic Chemicals (Naphtha),import
India,47108425.87,1413913436.4,38203.02,KGM,2023,8,29,Organic Chemicals (Naphtha),import
Malaysia,44940864.48,1391180671.32,32962.54,KGM,2023,8,29,Organic Chemicals (Naphtha),import
Indonesia,33811803.35,1163765633.62,27129.55,KGM,2023,8,29,Organic Chemicals (Naphtha),import
United Arab Emirates,30435591.01,1021535041.63,24816.02,KGM,2023,8,29,Organic Chemicals (Naphtha),import
Iran,23451193.68,749240703.53,17623.06,KGM,2023,8,29,Organic Chemicals (Naphtha),import
Qatar,20771277.18,717511549.29,16430.28,KGM,2023,8,29,Organic Chemicals (Naphtha),import
Netherlands,16301747.92,508794282.27,9982.27,KGM,2023,8,29,Organic Chemicals (Naphtha),import
Thailand,12579168.28,362171810.45,9698.98,KGM,2023,8,29,Organic Chemicals (Naphtha),import
Belgium,12901645.51,414650941.97,6487.35,KGM,2023,8,29,Organic Chemicals (Naphtha),import
China,227183715.83,6996230339.15,179887.82,KGM,2023,9,29,Organic Chemicals (Naphtha),import
Japan,191097329.87,6254209556.12,151513.39,KGM,2023,9,29,Organic Chemicals (Naphtha),import
"Korea, Republic of",142487243.1,4756028437.78,99719.65,KGM,2023,9,29,Organic Chemicals (Naphtha),import
Singapore,116251054.01,3948852656.45,84366.81,KGM,2023,9,29,Organic Chemicals (Naphtha),import
Saudi Arabia,102767547.03,3252336906.69,108630.8,KGM,2023,9,29,Organic Chemicals (Naphtha),import
United States of America,96624344.13,3265049711.71,60326.92,KGM,2023,9,29,Organic Chemicals (Naphtha),import
Germany,52581061.78,1772407726.8,52556.98,KGM,2023,9,29,Organic Chemicals (Naphtha),import
Taiwan,58203654.75,1884760452.25,34020.4,KGM,2023,9,29,Organic Chemicals (Naphtha),import
India,57079455.56,1965855993.79,44040.16,KGM,2023,9,29,Organic Chemicals (Naphtha),import
Malaysia,52657443.2,1706542362.72,26564.55,KGM,2023,9,29,Organic Chemicals (Naphtha),import
Indonesia,35635386.98,1182642317.45,25543.21,KGM,2023,9,29,Organic Chemicals (Naphtha),import
United Arab Emirates,32117385.56,953694914.78,22696.55,KGM,2023,9,29,Organic Chemicals (Naphtha),import
Iran,27309395.45,811938227.61,20123.73,KGM,2023,9,29,Organic Chemicals (Naphtha),import
Qatar,20003056.97,651464747.32,13300.83,KGM,2023,9,29,Organic Chemicals (Naphtha),import
Netherlands,16192694.28,540456338.39,10980.24,KGM,2023,9,29,Organic Chemicals (Naphtha),import
Thailand,12671502.63,421356520.31,12979.5,KGM,2023,9,29,Organic Chemicals (Naphtha),import
Belgium,11071503.62,369681529.39,10308.38,KGM,2023,9,29,Organic Chemicals (Naphtha),import
China,164262675.74,5343380173.26,126017.11,KGM,2023,10,29,Organic Chemicals (Naphtha),import
Japan,132141432.16,3682861874.13,120188.43,KGM,2023,10,29,Organic Chemicals (Naphtha),import
"Korea, Republic of",125613894.61,4181514749.05,74429.56,KGM,2023,10,29,Organic Chemicals (Naphtha),import
Singapore,70133565.1,2168940331.94,79860.77,KGM,2023,10,29,Organic Chemicals (Naphtha),import
Saudi Arabia,82403119.96,2699191065.21,57555.03,KGM,2023,10,29,Organic Chemicals (Naphtha),import
United States of America,55507574.9,1819471534.61,58235.71,KGM,2023,10,29,Organic Chemicals (Naphtha),import
Germany,56717922.58,1795867407.77,31838.64,KGM,2023,10,29,Organic Chemicals (Naphtha),import
Taiwan,43397387.8,1455630202.1,27455.92,KGM,2023,10,29,Organic Chemicals (Naphtha),import
India,34592188.83,1168147636.55,26869.52,KGM,2023,10,29,Organic Chemicals (Naphtha),import
Malaysia,32294220.89,1120115769.12,21975.41,KGM,2023,10,29,Organic Chemicals (Naphtha),import
Indonesia,27797460.46,904674834.95,16050.87,KGM,2023,10,29,Organic Chemicals (Naphtha),import
United Arab Emirates,21958092.03,615152053.06,16708.49,KGM,2023,10,29,Organic Chemicals (Naphtha),import
Iran,19172196.94,630340886.82,16626.46,KGM,2023,10,29,Organic Chemicals (Naphtha),import
Qatar,15964079.33,488878279.54,14255.23,KGM,2023,10,29,Organic Chemicals (Naphtha),import
Netherlands,13636108.98,416781145.73,10574.7,KGM,2023,10,29,Organic Chemicals (Naphtha),import
Thailand,11322476.57,379311292.96,10302.41,KGM,2023,10,29,Organic Chemicals (Naphtha),import
Belgium,8936680.84,286618146.98,5907.76,KGM,2023,10,29,Organic Chemicals (Naphtha),import
China,139959023.81,4509905508.39,130577.05,KGM,2023,11,29,Organic Chemicals (Naphtha),import
Japan,117429772.49,4169296389.77,108146.51,KGM,2023,11,29,Organic Chemicals (Naphtha),import
"Korea, Republic of",102969429.79,3404195235.74,67398.09,KGM,2023,11,29,Organic Chemicals (Naphtha),import
Singapore,84695947.73,2753865498.71,73116.17,KGM,2023,11,29,Organic Chemicals (Naphtha),import
Saudi Arabia,79122340.15,2575660013.19,63252.26,KGM,2023,11,29,Organic Chemicals (Naphtha),import
United States of America,67440800.67,2115167245.33,55428.13,KGM,2023,11,29,Organic Chemicals (Naphtha),import
Germany,56928083.57,1857496092.29,40953.77,KGM,2023,11,29,Organic Chemicals (Naphtha),import
Taiwan,41103451.88,1432770822.28,38192.77,KGM,2023,11,29,Organic Chemicals (Naphtha),import
India,38089834.48,1251005479.71,30027.37,KGM,2023,11,29,Organic Chemicals (Naphtha),import
Malaysia,39573492.91,1279380424.49,22882.49,KGM,2023,11,29,Organic Chemicals (Naphtha),import
Indonesia,26755435.48,925019216.87,18515.53,KGM,2023,11,29,Organic Chemicals (Naphtha),import
United Arab Emirates,17719129.04,574053460.03,15197.0,KGM,2023,11,29,Organic Chemicals (Naphtha),import
Iran,16819828.18,521877486.3,16827.32,KGM,2023,11,29,Organic Chemicals (Naphtha),import
Qatar,14081165.35,482483988.91,11453.07,KGM,2023,11,29,Organic Chemicals (Naphtha),import
Netherlands,14276191.81,442982522.73,10597.63,KGM,2023,11,29,Organic Chemicals (Naphtha),import
Thailand,9743747.85,321965518.38,9878.16,KGM,2023,11,29,Organic Chemicals (Naphtha),import
Belgium,7108878.02,228517160.37,8398.72,KGM,2023,11,29,Organic Chemicals (Naphtha),import
China,134272602.37,4238535164.77,99301.95,KGM,2023,12,29,Organic Chemicals (Naphtha),import
Japan,122213490.37,4090847469.2,88591.7,KGM,2023,12,29,Organic Chemicals (Naphtha),import
"Korea, Republic of",78623840.29,2521227556.33,69537.66,KGM,2023,12,29,Organic Chemicals (Naphtha),import
Singapore,66172719.88,2150163688.21,60938.21,KGM,2023,12,29,Organic Chemicals (Naphtha),import
Saudi Arabia,67483350.17,2182916367.3,54856.37,KGM,2023,12,29,Organic Chemicals (Naphtha),import
United States of America,56551732.19,1799370640.4,40876.51,KGM,2023,12,29,Organic Chemicals (Naphtha),import
Germany,40300326.2,1285056975.0,36436.06,KGM,2023,12,29,Organic Chemicals (Naphtha),import
Taiwan,41034144.35,1383358894.81,34480.59,KGM,2023,12,29,Organic Chemicals (Naphtha),import
India,32324424.26,1181800214.64,25301.07,KGM,2023,12,29,Organic Chemicals (Naphtha),import
Malaysia,32355979.08,1058094114.78,21107.17,KGM,2023,12,29,Organic Chemicals (Naphtha),import
Indonesia,23276904.58,705293819.28,15479.54,KGM,2023,12,29,Organic Chemicals (Naphtha),import
United Arab Emirates,15619393.5,493300369.41,13903.34,KGM,2023,12,29,Organic Chemicals (Naphtha),import
Iran,18589858.13,576226169.81,10693.99,KGM,2023,12,29,Organic Chemicals (Naphtha),import
Qatar,11043125.07,357825037.52,9981.39,KGM,2023,12,29,Organic Chemicals (Naphtha),import
Netherlands,10733122.32,344182424.86,8619.22,KGM,2023,12,29,Organic Chemicals (Naphtha),import
Thailand,8067104.92,255327482.87,7575.34,KGM,2023,12,29,Organic Chemicals (Naphtha),import
Belgium,7776239.99,247889074.08,4743.78,KGM,2023,12,29,Organic Chemicals (Naphtha),import
China,159951038.2,4951829205.4,134039.74,KGM,2024,1,29,Organic Chemicals (Naphtha),import
Japan,119090391.69,4119893539.88,101467.68,KGM,2024,1,29,Organic Chemicals (Naphtha),import
"Korea, Republic of",87958284.28,2913799398.12,54434.01,KGM,2024,1,29,Organic Chemicals (Naphtha),import
Singapore,73755067.1,2486684125.62,58293.38,KGM,2024,1,29,Organic Chemicals (Naphtha),import
Saudi Arabia,56951201.74,1674868968.37,46709.0,KGM,2024,1,29,Organic Chemicals (Naphtha),import
United States of America,57859746.81,1887753348.31,37925.48,KGM,2024,1,29,Organic Chemicals (Naphtha),import
Germany,45395892.24,1425032704.46,33037.34,KGM,2024,1,29,Organic Chemicals (Naphtha),import
Taiwan,36326221.73,1240550468.56,22271.64,KGM,2024,1,29,Organic Chemicals (Naphtha),import
India,33039376.29,1065815868.29,23158.42,KGM,2024,1,29,Organic Chemicals (Naphtha),import
Malaysia,23941009.88,782841172.47,20277.31,KGM,2024,1,29,Organic Chemicals (Naphtha),import
Indonesia,21432488.37,651042183.86,20788.7,KGM,2024,1,29,Organic Chemicals (Naphtha),import
United Arab Emirates,16101892.42,580994217.03,15411.54,KGM,2024,1,29,Organic Chemicals (Naphtha),import
Iran,14561846.74,455419110.78,14299.91,KGM,2024,1,29,Organic Chemicals (Naphtha),import
Qatar,12765351.75,408034592.77,10638.96,KGM,2024,1,29,Organic Chemicals (Naphtha),import
Netherlands,10180520.63,346254180.04,7109.8,KGM,2024,1,29,Organic Chemicals (Naphtha),import
Thailand,8059779.68,256519286.75,6519.68,KGM,2024,1,29,Organic Chemicals (Naphtha),import
Belgium,6567737.71,217353433.33,5765.49,KGM,2024,1,29,Organic Chemicals (Naphtha),import
China,160609752.32,5275927867.8,99618.96,KGM,2024,2,29,Organic Chemicals (Naphtha),import
Japan,116360078.16,3822651414.82,84325.83,KGM,2024,2,29,Organic Chemicals (Naphtha),import
"Korea, Republic of",84388906.64,2908224166.43,70017.8,KGM,2024,2,29,Organic Chemicals (Naphtha),import
Singapore,77630538.43,2616173954.54,61515.96,KGM,2024,2,29,Organic Chemicals (Naphtha),import
Saudi Arabia,61133741.12,1973904734.37,59612.22,KGM,2024,2,29,Organic Chemicals (Naphtha),import
United States of America,54902002.49,1897767875.31,46839.88,KGM,2024,2,29,Organic Chemicals (Naphtha),import
Germany,39505201.89,1402664213.0,45769.99,KGM,2024,2,29,Organic Chemicals (Naphtha),import
Taiwan,37838963.08,1304296061.42,24064.48,KGM,2024,2,29,Organic Chemicals (Naphtha),import
India,23016451.31,763225592.42,23281.41,KGM,2024,2,29,Organic Chemicals (Naphtha),import
Malaysia,24506744.52,812536624.06,24427.65,KGM,2024,2,29,Organic Chemicals (Naphtha),import
Indonesia,19327455.55,649356604.86,18652.24,KGM,2024,2,29,Organic Chemicals (Naphtha),import
United Arab Emirates,14107152.05,467679361.97,15882.19,KGM,2024,2,29,Organic Chemicals (Naphtha),import
Iran,16912488.05,549566391.93,12923.25,KGM,2024,2,29,Organic Chemicals (Naphtha),import
Qatar,13373983.48,447175079.53,10139.65,KGM,2024,2,29,Organic Chemicals (Naphtha),import
Netherlands,10880868.07,366659850.64,8355.76,KGM,2024,2,29,Organic Chemicals (Naphtha),import
Thailand,8234878.3,281322007.86,6373.3,KGM,2024,2,29,Organic Chemicals (Naphtha),import
Belgium,7834789.56,262251956.01,5134.06,KGM,2024,2,29,Organic Chemicals (Naphtha),import
China,123185819.05,4276893110.39,139555.32,KGM,2024,3,29,Organic Chemicals (Naphtha),import
Japan,108015529.96,3760441257.06,87883.74,KGM,2024,3,29,Organic Chemicals (Naphtha),import
"Korea, Republic of",97275467.24,3066190030.47,82282.13,KGM,2024,3,29,Organic Chemicals (Naphtha),import
Singapore,80886935.25,2705528336.7,60089.14,KGM,2024,3,29,Organic Chemicals (Naphtha),import
Saudi Arabia,64255650.99,2130448539.97,52177.22,KGM,2024,3,29,Organic Chemicals (Naphtha),import
United States of America,54000144.08,1696567074.34,58374.74,KGM,2024,3,29,Organic Chemicals (Naphtha),import
Germany,50186022.13,1713419982.41,39626.59,KGM,2024,3,29,Organic Chemicals (Naphtha),import
Taiwan,28675997.87,922716903.83,24397.58,KGM,2024,3,29,Organic Chemicals (Naphtha),import
India,36536749.89,1189007869.49,25918.19,KGM,2024,3,29,Organic Chemicals (Naphtha),import
Malaysia,28723400.34,968124761.91,20627.12,KGM,2024,3,29,Organic Chemicals (Naphtha),import
Indonesia,24357269.31,859184845.69,20271.39,KGM,2024,3,29,Organic Chemicals (Naphtha),import
United Arab Emirates,18678678.23,588786325.88,15497.22,KGM,2024,3,29,Organic Chemicals (Naphtha),import
Iran,15051414.4,499020317.08,13753.25,KGM,2024,3,29,Organic Chemicals (Naphtha),import
Qatar,15327599.12,511658738.86,12263.25,KGM,2024,3,29,Organic Chemicals (Naphtha),import
Netherlands,13404010.7,438519511.54,8833.32,KGM,2024,3,29,Organic Chemicals (Naphtha),import
Thailand,9830143.37,334538677.91,6561.03,KGM,2024,3,29,Organic Chemicals (Naphtha),import
Belgium,7702137.64,260441616.76,6184.24,KGM,2024,3,29,Organic Chemicals (Naphtha),import
China,153479121.47,4975099145.69,124171.85,KGM,2024,4,29,Organic Chemicals (Naphtha),import
Japan,136907373.53,4377151812.46,78057.68,KGM,2024,4,29,Organic Chemicals (Naphtha),import
"Korea, Republic of",93164145.64,2830336122.57,72067.5,KGM,2024,4,29,Organic Chemicals (Naphtha),import
Singapore,91859952.44,2944384935.73,67977.95,KGM,2024,4,29,Organic Chemicals (Naphtha),import
Saudi Arabia,73841265.57,2404530217.24,54159.24,KGM,2024,4,29,Organic Chemicals (Naphtha),import
United States of America,53486912.67,1714337909.81,47431.93,KGM,2024,4,29,Organic Chemicals (Naphtha),import
Germany,44512771.18,1414019051.1,43968.21,KGM,2024,4,29,Organic Chemicals (Naphtha),import
Taiwan,44985204.07,1383095163.02,28849.81,KGM,2024,4,29,Organic Chemicals (Naphtha),import
India,36326569.28,1112638219.12,26131.16,KGM,2024,4,29,Organic Chemicals (Naphtha),import
Malaysia,30337281.39,910610576.03,19958.17,KGM,2024,4,29,Organic Chemicals (Naphtha),import
Indonesia,26322231.43,853049418.74,23246.5,KGM,2024,4,29,Organic Chemicals (Naphtha),import
United Arab Emirates,22112154.05,751832155.43,17296.56,KGM,2024,4,29,Organic Chemicals (Naphtha),import
Iran,17449021.1,584824584.19,13184.38,KGM,2024,4,29,Organic Chemicals (Naphtha),import
Qatar,15750410.71,512101970.6,10043.38,KGM,2024,4,29,Organic Chemicals (Naphtha),import
Netherlands,11609451.56,371355474.79,9146.22,KGM,2024,4,29,Organic Chemicals (Naphtha),import
Thailand,8547109.83,278494043.43,7600.96,KGM,2024,4,29,Organic Chemicals (Naphtha),import
Belgium,7516039.0,232599380.62,6802.97,KGM,2024,4,29,Organic Chemicals (Naphtha),import
China,155169685.02,5105180497.3,94758.85,KGM,2024,5,29,Organic Chemicals (Naphtha),import
Japan,93513613.97,3082870602.25,86284.77,KGM,2024,5,29,Organic Chemicals (Naphtha),import
"Korea, Republic of",86285819.02,2974517379.19,66796.94,KGM,2024,5,29,Organic Chemicals (Naphtha),import
Singapore,67655609.72,2382428807.01,63481.64,KGM,2024,5,29,Organic Chemicals (Naphtha),import
Saudi Arabia,71440684.61,2281078211.12,56545.72,KGM,2024,5,29,Organic Chemicals (Naphtha),import
United States of America,56087601.79,1682918114.52,47327.58,KGM,2024,5,29,Organic Chemicals (Naphtha),import
Germany,55407758.91,1683194443.32,41252.56,KGM,2024,5,29,Organic Chemicals (Naphtha),import
Taiwan,44379747.77,1493761658.04,34824.6,KGM,2024,5,29,Organic Chemicals (Naphtha),import
India,43094588.82,1521033933.65,28500.71,KGM,2024,5,29,Organic Chemicals (Naphtha),import
Malaysia,30264512.55,973608947.03,25461.13,KGM,2024,5,29,Organic Chemicals (Naphtha),import
Indonesia,20413485.69,671059238.7,15713.8,KGM,2024,5,29,Organic Chemicals (Naphtha),import
United Arab Emirates,19647521.04,640199747.27,13820.3,KGM,2024,5,29,Organic Chemicals (Naphtha),import
Iran,18927808.17,604966572.45,16734.65,KGM,2024,5,29,Organic Chemicals (Naphtha),import
Qatar,15686808.69,535312413.16,14595.14,KGM,2024,5,29,Organic Chemicals (Naphtha),import
Netherlands,11145871.05,370902934.39,9777.54,KGM,2024,5,29,Organic Chemicals (Naphtha),import
Thailand,10703944.75,360995306.53,8087.73,KGM,2024,5,29,Organic Chemicals (Naphtha),import
Belgium,8870847.35,275165638.22,5627.15,KGM,2024,5,29,Organic Chemicals (Naphtha),import
China,163329514.46,5601331219.72,120899.61,KGM,2024,6,29,Organic Chemicals (Naphtha),import
Japan,136561338.93,4335064212.69,76653.17,KGM,2024,6,29,Organic Chemicals (Naphtha),import
"Korea, Republic of",101353062.68,3272746434.35,72023.18,KGM,2024,6,29,Organic Chemicals (Naphtha),import
Singapore,71610770.29,2259388013.11,62230.75,KGM,2024,6,29,Organic Chemicals (Naphtha),import
Saudi Arabia,74322243.87,2498202359.75,63701.21,KGM,2024,6,29,Organic Chemicals (Naphtha),import
United States of America,77580064.88,2665032303.28,54816.49,KGM,2024,6,29,Organic Chemicals (Naphtha),import
Germany,50897409.77,1776811338.57,39543.24,KGM,2024,6,29,Organic Chemicals (Naphtha),import
Taiwan,40016185.51,1310198915.63,32981.63,KGM,2024,6,29,Organic Chemicals (Naphtha),import
India,37862822.82,1309920821.24,31813.04,KGM,2024,6,29,Organic Chemicals (Naphtha),import
Malaysia,29855958.79,1000086510.48,25171.46,KGM,2024,6,29,Organic Chemicals (Naphtha),import
Indonesia,29416427.39,971247130.5,16127.67,KGM,2024,6,29,Organic Chemicals (Naphtha),import
United Arab Emirates,19207440.81,609341949.94,15372.58,KGM,2024,6,29,Organic Chemicals (Naphtha),import
Iran,19470763.1,638491429.33,10433.23,KGM,2024,6,29,Organic Chemicals (Naphtha),import
Qatar,12591245.23,411474151.8,11292.99,KGM,2024,6,29,Organic Chemicals (Naphtha),import
Netherlands,11816891.35,412108149.62,10658.58,KGM,2024,6,29,Organic Chemicals (Naphtha),import
Thailand,12273555.95,426403302.26,8203.6,KGM,2024,6,29,Organic Chemicals (Naphtha),import
Belgium,9413046.78,328041292.16,6193.38,KGM,2024,6,29,Organic Chemicals (Naphtha),import
China,118098240.1,4181645178.55,125063.76,KGM,2024,7,29,Organic Chemicals (Naphtha),import
Japan,121949245.53,3988577064.78,94393.01,KGM,2024,7,29,Organic Chemicals (Naphtha),import
"Korea, Republic of",115401421.3,3740563431.58,65124.38,KGM,2024,7,29,Organic Chemicals (Naphtha),import
Singapore,87280652.18,3035647695.27,66856.66,KGM,2024,7,29,Organic Chemicals (Naphtha),import
Saudi Arabia,75243181.62,2548651871.01,53159.17,KGM,2024,7,29,Organic Chemicals (Naphtha),import
United States of America,52408006.65,1681392251.73,36608.37,KGM,2024,7,29,Organic Chemicals (Naphtha),import
Germany,50714471.95,1686842989.14,36329.83,KGM,2024,7,29,Organic Chemicals (Naphtha),import
Taiwan,40485572.83,1303250072.13,25012.53,KGM,2024,7,29,Organic Chemicals (Naphtha),import
India,38532967.58,1231333262.65,29819.91,KGM,2024,7,29,Organic Chemicals (Naphtha),import
Malaysia,32055811.42,1037432299.03,29236.49,KGM,2024,7,29,Organic Chemicals (Naphtha),import
Indonesia,27021423.51,872357568.45,21534.4,KGM,2024,7,29,Organic Chemicals (Naphtha),import
United Arab Emirates,17845244.42,618033225.29,19289.09,KGM,2024,7,29,Organic Chemicals (Naphtha),import
Iran,17608895.73,595749226.6,16600.11,KGM,2024,7,29,Organic Chemicals (Naphtha),import
Qatar,16914377.43,547815459.41,9477.66,KGM,2024,7,29,Organic Chemicals (Naphtha),import
Netherlands,13974927.09,453002000.57,12734.17,KGM,2024,7,29,Organic Chemicals (Naphtha),import
Thailand,9652771.4,323526057.34,8709.84,KGM,2024,7,29,Organic Chemicals (Naphtha),import
Belgium,8479291.68,276780094.42,4768.99,KGM,2024,7,29,Organic Chemicals (Naphtha),import
China,167986035.34,5135987003.08,89234.13,KGM,2024,8,29,Organic Chemicals (Naphtha),import
Japan,102310029.27,3233567764.0,107267.49,KGM,2024,8,29,Organic Chemicals (Naphtha),import
"Korea, Republic of",91196546.03,2839782206.05,83462.05,KGM,2024,8,29,Organic Chemicals (Naphtha),import
Singapore,86659416.25,2811833918.56,85546.47,KGM,2024,8,29,Organic Chemicals (Naphtha),import
Saudi Arabia,58453843.99,1971937068.8,54886.15,KGM,2024,8,29,Organic Chemicals (Naphtha),import
United States of America,64611644.17,2074635196.38,54754.38,KGM,2024,8,29,Organic Chemicals (Naphtha),import
Germany,50370685.94,1708627914.77,29259.32,KGM,2024,8,29,Organic Chemicals (Naphtha),import
Taiwan,36025864.78,1141772790.68,33962.22,KGM,2024,8,29,Organic Chemicals (Naphtha),import
India,35960198.88,1163104714.01,32357.91,KGM,2024,8,29,Organic Chemicals (Naphtha),import
Malaysia,28793296.31,922429875.22,24882.2,KGM,2024,8,29,Organic Chemicals (Naphtha),import
Indonesia,23470603.92,709228429.74,25371.8,KGM,2024,8,29,Organic Chemicals (Naphtha),import
United Arab Emirates,22084116.17,701419091.21,16313.16,KGM,2024,8,29,Organic Chemicals (Naphtha),import
Iran,19303981.75,675268630.59,14986.32,KGM,2024,8,29,Organic Chemicals (Naphtha),import
Qatar,13782801.6,475746525.94,11666.93,KGM,2024,8,29,Organic Chemicals (Naphtha),import
Netherlands,12182333.86,424215719.89,10602.61,KGM,2024,8,29,Organic Chemicals (Naphtha),import
Thailand,10947051.62,355489219.23,7683.44,KGM,2024,8,29,Organic Chemicals (Naphtha),import
Belgium,9305786.37,304247226.8,6756.75,KGM,2024,8,29,Organic Chemicals (Naphtha),import
China,164563993.78,5372170304.87,107248.61,KGM,2024,9,29,Organic Chemicals (Naphtha),import
Japan,125791765.53,4076734851.5,100275.12,KGM,2024,9,29,Organic Chemicals (Naphtha),import
"Korea, Republic of",102393581.64,3603272797.94,83369.02,KGM,2024,9,29,Organic Chemicals (Naphtha),import
Singapore,65903335.57,2166232892.8,73291.75,KGM,2024,9,29,Organic Chemicals (Naphtha),import
Saudi Arabia,73502295.17,2480901779.68,56283.47,KGM,2024,9,29,Organic Chemicals (Naphtha),import
United States of America,69417468.7,2508810432.47,39175.12,KGM,2024,9,29,Organic Chemicals (Naphtha),import
Germany,53589492.92,1656380280.57,42818.77,KGM,2024,9,29,Organic Chemicals (Naphtha),import
Taiwan,39849298.47,1319131920.39,39324.01,KGM,2024,9,29,Organic Chemicals (Naphtha),import
India,38517147.53,1384928370.93,27946.5,KGM,2024,9,29,Organic Chemicals (Naphtha),import
Malaysia,31211085.69,1022883844.5,28797.53,KGM,2024,9,29,Organic Chemicals (Naphtha),import
Indonesia,27332047.32,939863057.01,22024.34,KGM,2024,9,29,Organic Chemicals (Naphtha),import
United Arab Emirates,22692365.57,788300053.67,15943.3,KGM,2024,9,29,Organic Chemicals (Naphtha),import
Iran,17135067.22,557967017.1,13053.65,KGM,2024,9,29,Organic Chemicals (Naphtha),import
Qatar,16471916.94,541650245.64,11123.44,KGM,2024,9,29,Organic Chemicals (Naphtha),import
Netherlands,10923041.76,376383498.98,9814.9,KGM,2024,9,29,Organic Chemicals (Naphtha),import
Thailand,9674315.16,324746804.18,7213.36,KGM,2024,9,29,Organic Chemicals (Naphtha),import
Belgium,7786788.47,259206465.38,8728.0,KGM,2024,9,29,Organic Chemicals (Naphtha),import
China,179715204.17,6053895892.78,109836.39,KGM,2024,10,29,Organic Chemicals (Naphtha),import
Japan,117289521.77,3738204005.8,102085.68,KGM,2024,10,29,Organic Chemicals (Naphtha),import
"Korea, Republic of",119973995.01,3980271098.03,90290.51,KGM,2024,10,29,Organic Chemicals (Naphtha),import
Singapore,98773071.9,3412173078.13,69684.42,KGM,2024,10,29,Organic Chemicals (Naphtha),import
Saudi Arabia,89770086.04,2997360539.89,61881.5,KGM,2024,10,29,Organic Chemicals (Naphtha),import
United States of America,71429121.18,2370897303.62,61157.63,KGM,2024,10,29,Organic Chemicals (Naphtha),import
Germany,50873841.81,1722461655.33,47990.36,KGM,2024,10,29,Organic Chemicals (Naphtha),import
Taiwan,47195179.88,1572078509.29,37691.93,KGM,2024,10,29,Organic Chemicals (Naphtha),import
India,39042659.41,1203517654.2,32993.23,KGM,2024,10,29,Organic Chemicals (Naphtha),import
Malaysia,36937590.67,1172059188.46,27490.36,KGM,2024,10,29,Organic Chemicals (Naphtha),import
Indonesia,27671681.54,925214161.63,25174.15,KGM,2024,10,29,Organic Chemicals (Naphtha),import
United Arab Emirates,20143875.26,739226635.3,14728.7,KGM,2024,10,29,Organic Chemicals (Naphtha),import
Iran,16159919.61,519059956.29,16281.89,KGM,2024,10,29,Organic Chemicals (Naphtha),import
Qatar,18000557.67,637445754.62,11137.58,KGM,2024,10,29,Organic Chemicals (Naphtha),import
Netherlands,12877906.95,418919639.59,10157.19,KGM,2024,10,29,Organic Chemicals (Naphtha),import
Thailand,10223498.89,348391600.07,8309.34,KGM,2024,10,29,Organic Chemicals (Naphtha),import
Belgium,7197128.5,253646305.39,6330.08,KGM,2024,10,29,Organic Chemicals (Naphtha),import
China,158546907.11,4928877978.85,119202.79,KGM,2024,11,29,Organic Chemicals (Naphtha),import
Japan,113016607.69,3590093939.23,114464.85,KGM,2024,11,29,Organic Chemicals (Naphtha),import
"Korea, Republic of",115243858.18,3781310128.57,75289.92,KGM,2024,11,29,Organic Chemicals (Naphtha),import
Singapore,84740473.08,2806217667.92,62090.29,KGM,2024,11,29,Organic Chemicals (Naphtha),import
Saudi Arabia,58865645.41,1981873740.65,59096.57,KGM,2024,11,29,Organic Chemicals (Naphtha),import
United States of America,58654075.66,1949087616.08,52506.63,KGM,2024,11,29,Organic Chemicals (Naphtha),import
Germany,54364003.68,1801772936.03,35779.8,KGM,2024,11,29,Organic Chemicals (Naphtha),import
Taiwan,35316897.02,1165253122.22,31553.91,KGM,2024,11,29,Organic Chemicals (Naphtha),import
India,38109660.29,1241374343.47,25531.53,KGM,2024,11,29,Organic Chemicals (Naphtha),import
Malaysia,34541200.57,1028275822.72,22589.51,KGM,2024,11,29,Organic Chemicals (Naphtha),import
Indonesia,28077750.16,899649251.94,18920.54,KGM,2024,11,29,Organic Chemicals (Naphtha),import
United Arab Emirates,21611106.63,746281433.47,17224.22,KGM,2024,11,29,Organic Chemicals (Naphtha),import
Iran,18734928.77,570677864.31,15485.3,KGM,2024,11,29,Organic Chemicals (Naphtha),import
Qatar,17004479.12,643561734.06,11737.58,KGM,2024,11,29,Organic Chemicals (Naphtha),import
Netherlands,12526096.43,425343163.4,10761.08,KGM,2024,11,29,Organic Chemicals (Naphtha),import
Thailand,10571668.56,384630832.55,8980.22,KGM,2024,11,29,Organic Chemicals (Naphtha),import
Belgium,7889822.7,244944734.32,4988.79,KGM,2024,11,29,Organic Chemicals (Naphtha),import
China,152710722.41,5573615716.91,104703.78,KGM,2024,12,29,Organic Chemicals (Naphtha),import
Japan,119167501.11,3793366626.15,81907.72,KGM,2024,12,29,Organic Chemicals (Naphtha),import
"Korea, Republic of",88443679.35,2955488507.69,55712.55,KGM,2024,12,29,Organic Chemicals (Naphtha),import
Singapore,79196232.57,2429157067.81,52370.52,KGM,2024,12,29,Organic Chemicals (Naphtha),import
Saudi Arabia,58901872.29,2014728622.76,58045.79,KGM,2024,12,29,Organic Chemicals (Naphtha),import
United States of America,56741090.12,1728694943.93,53190.98,KGM,2024,12,29,Organic Chemicals (Naphtha),import
Germany,45322969.17,1549350002.47,39519.38,KGM,2024,12,29,Organic Chemicals (Naphtha),import
Taiwan,40006304.44,1399390087.02,32197.44,KGM,2024,12,29,Organic Chemicals (Naphtha),import
India,34867530.83,1126839952.72,22330.17,KGM,2024,12,29,Organic Chemicals (Naphtha),import
Malaysia,23064366.05,802452551.3,24874.33,KGM,2024,12,29,Organic Chemicals (Naphtha),import
Indonesia,20319355.16,617035061.07,17670.78,KGM,2024,12,29,Organic Chemicals (Naphtha),import
United Arab Emirates,18290940.67,571563288.39,13342.06,KGM,2024,12,29,Organic Chemicals (Naphtha),import
Iran,16622231.43,568358537.85,16341.19,KGM,2024,12,29,Organic Chemicals (Naphtha),import
Qatar,13536684.36,484850004.72,11044.25,KGM,2024,12,29,Organic Chemicals (Naphtha),import
Netherlands,12507222.26,422140832.96,8555.89,KGM,2024,12,29,Organic Chemicals (Naphtha),import
Thailand,8333053.87,284543126.81,7428.0,KGM,2024,12,29,Organic Chemicals (Naphtha),import
Belgium,8161671.85,281599184.22,5469.68,KGM,2024,12,29,Organic Chemicals (Naphtha),import
China,138313097.35,4960450000.19,105256.93,KGM,2025,1,29,Organic Chemicals (Naphtha),import
Japan,105103161.84,3362392018.47,75628.45,KGM,2025,1,29,Organic Chemicals (Naphtha),import
"Korea, Republic of",97453366.35,3337197509.19,64081.4,KGM,2025,1,29,Organic Chemicals (Naphtha),import
Singapore,66484199.97,2414388382.11,57626.54,KGM,2025,1,29,Organic Chemicals (Naphtha),import
Saudi Arabia,57989122.02,2032590255.57,38547.56,KGM,2025,1,29,Organic Chemicals (Naphtha),import
United States of America,46882040.68,1598354061.98,39361.04,KGM,2025,1,29,Organic Chemicals (Naphtha),import
Germany,48558677.79,1577446259.73,25990.46,KGM,2025,1,29,Organic Chemicals (Naphtha),import
Taiwan,39441210.5,1228268091.94,36152.74,KGM,2025,1,29,Organic Chemicals (Naphtha),import
India,35197787.33,1216521337.86,23419.81,KGM,2025,1,29,Organic Chemicals (Naphtha),import
Malaysia,24422232.69,820125676.07,21204.45,KGM,2025,1,29,Organic Chemicals (Naphtha),import
Indonesia,24882565.64,805104146.42,19415.64,KGM,2025,1,29,Organic Chemicals (Naphtha),import
United Arab Emirates,17259284.91,576732744.4,17641.05,KGM,2025,1,29,Organic Chemicals (Naphtha),import
Iran,15577171.09,528599548.31,13928.62,KGM,2025,1,29,Organic Chemicals (Naphtha),import
Qatar,11784424.92,362257714.17,11539.43,KGM,2025,1,29,Organic Chemicals (Naphtha),import
Netherlands,10200103.79,334627024.15,7690.21,KGM,2025,1,29,Organic Chemicals (Naphtha),import
Thailand,8688850.96,262036339.63,7094.21,KGM,2025,1,29,Organic Chemicals (Naphtha),import
Belgium,7213468.26,262752522.99,5046.56,KGM,2025,1,29,Organic Chemicals (Naphtha),import
China,126382740.52,4302393321.86,102056.83,KGM,2025,2,29,Organic Chemicals (Naphtha),import
Japan,119242842.16,4037511335.95,72346.01,KGM,2025,2,29,Organic Chemicals (Naphtha),import
"Korea, Republic of",96242727.36,3199775984.82,71765.8,KGM,2025,2,29,Organic Chemicals (Naphtha),import
Singapore,66615653.53,2187547544.84,53996.46,KGM,2025,2,29,Organic Chemicals (Naphtha),import
Saudi Arabia,58817169.14,1864047186.77,54384.55,KGM,2025,2,29,Organic Chemicals (Naphtha),import
United States of America,57162222.65,1918063682.42,48838.19,KGM,2025,2,29,Organic Chemicals (Naphtha),import
Germany,36028757.55,1154160567.71,37683.94,KGM,2025,2,29,Organic Chemicals (Naphtha),import
Taiwan,33252653.84,1152474129.8,29303.84,KGM,2025,2,29,Organic Chemicals (Naphtha),import
India,25613646.96,921774189.1,24743.27,KGM,2025,2,29,Organic Chemicals (Naphtha),import
Malaysia,23435270.54,751710026.71,20556.46,KGM,2025,2,29,Organic Chemicals (Naphtha),import
Indonesia,23483763.92,719642944.64,14918.62,KGM,2025,2,29,Organic Chemicals (Naphtha),import
United Arab Emirates,19012932.07,593597196.35,14444.15,KGM,2025,2,29,Organic Chemicals (Naphtha),import
Iran,15689082.45,539444400.53,10693.85,KGM,2025,2,29,Organic Chemicals (Naphtha),import
Qatar,13530722.17,434738973.12,9628.33,KGM,2025,2,29,Organic Chemicals (Naphtha),import
Netherlands,10047900.1,351776753.7,7338.34,KGM,2025,2,29,Organic Chemicals (Naphtha),import
Thailand,9797053.37,318680873.03,6682.93,KGM,2025,2,29,Organic Chemicals (Naphtha),import
Belgium,6232590.86,210249401.48,5508.54,KGM,2025,2,29,Organic Chemicals (Naphtha),import
China,164510291.12,5013103802.24,105047.52,KGM,2025,3,29,Organic Chemicals (Naphtha),import
Japan,105850365.34,3486153868.37,100449.05,KGM,2025,3,29,Organic Chemicals (Naphtha),import
"Korea, Republic of",107821537.08,3819422591.63,78861.61,KGM,2025,3,29,Organic Chemicals (Naphtha),import
Singapore,66027335.88,2312926598.22,44015.65,KGM,2025,3,29,Organic Chemicals (Naphtha),import
Saudi Arabia,63197278.25,2098249812.49,55835.93,KGM,2025,3,29,Organic Chemicals (Naphtha),import
United States of America,60775902.41,1918828965.69,44405.54,KGM,2025,3,29,Organic Chemicals (Naphtha),import
Germany,43983064.72,1502340448.93,42077.17,KGM,2025,3,29,Organic Chemicals (Naphtha),import
Taiwan,38253772.53,1295005206.05,29140.12,KGM,2025,3,29,Organic Chemicals (Naphtha),import
India,29244122.58,984900043.24,33890.2,KGM,2025,3,29,Organic Chemicals (Naphtha),import
Malaysia,28956974.71,982973333.84,25885.4,KGM,2025,3,29,Organic Chemicals (Naphtha),import
Indonesia,25098272.56,843714200.74,15167.65,KGM,2025,3,29,Organic Chemicals (Naphtha),import
United Arab Emirates,22473583.96,773944689.2,14648.37,KGM,2025,3,29,Organic Chemicals (Naphtha),import
Iran,19154785.73,636997135.88,14623.04,KGM,2025,3,29,Organic Chemicals (Naphtha),import
Qatar,15536832.67,556782450.42,12357.85,KGM,2025,3,29,Organic Chemicals (Naphtha),import
Netherlands,12908419.23,446447878.87,10215.41,KGM,2025,3,29,Organic Chemicals (Naphtha),import
Thailand,10503011.21,344759968.99,5887.62,KGM,2025,3,29,Organic Chemicals (Naphtha),import
Belgium,7360823.93,236760412.4,6524.66,KGM,2025,3,29,Organic Chemicals (Naphtha),import
China,160749344.23,5714080560.21,115286.04,KGM,2025,4,29,Organic Chemicals (Naphtha),import
Japan,141457480.92,4736605751.04,80273.69,KGM,2025,4,29,Organic Chemicals (Naphtha),import
"Korea, Republic of",96511472.48,3269811985.81,83396.0,KGM,2025,4,29,Organic Chemicals (Naphtha),import
Singapore,70596760.47,2239770571.93,57192.5,KGM,2025,4,29,Organic Chemicals (Naphtha),import
Saudi Arabia,66923834.04,2288470412.39,53112.46,KGM,2025,4,29,Organic Chemicals (Naphtha),import
United States of America,62061767.67,2018283494.9,43491.48,KGM,2025,4,29,Organic Chemicals (Naphtha),import
Germany,38603738.68,1274969675.85,50283.51,KGM,2025,4,29,Organic Chemicals (Naphtha),import
Taiwan,44491462.0,1465811185.53,35461.07,KGM,2025,4,29,Organic Chemicals (Naphtha),import
India,26979273.16,904626413.91,26434.94,KGM,2025,4,29,Organic Chemicals (Naphtha),import
Malaysia,30539178.88,1007703056.61,27316.19,KGM,2025,4,29,Organic Chemicals (Naphtha),import
Indonesia,29955984.52,1011808911.88,17663.72,KGM,2025,4,29,Organic Chemicals (Naphtha),import
United Arab Emirates,18154746.52,578598072.82,17965.44,KGM,2025,4,29,Organic Chemicals (Naphtha),import
Iran,15013992.04,484830327.7,11971.85,KGM,2025,4,29,Organic Chemicals (Naphtha),import
Qatar,17543409.76,590692356.81,13222.45,KGM,2025,4,29,Organic Chemicals (Naphtha),import
Netherlands,12063195.98,381206543.05,8400.87,KGM,2025,4,29,Organic Chemicals (Naphtha),import
Thailand,9560210.31,306068655.21,7470.83,KGM,2025,4,29,Organic Chemicals (Naphtha),import
Belgium,7324649.76,233459409.97,6480.57,KGM,2025,4,29,Organic Chemicals (Naphtha),import
China,172401203.34,5844664618.17,140575.56,KGM,2025,5,29,Organic Chemicals (Naphtha),import
Japan,129916350.76,4733663092.79,80657.5,KGM,2025,5,29,Organic Chemicals (Naphtha),import
"Korea, Republic of",100342551.65,3436677702.98,90467.29,KGM,2025,5,29,Organic Chemicals (Naphtha),import
Singapore,73999629.87,2486155584.98,61101.42,KGM,2025,5,29,Organic Chemicals (Naphtha),import
Saudi Arabia,61100752.41,1796810975.79,57199.88,KGM,2025,5,29,Organic Chemicals (Naphtha),import
United States of America,62012782.34,2046198082.42,57738.6,KGM,2025,5,29,Organic Chemicals (Naphtha),import
Germany,44070949.59,1495004478.24,38560.01,KGM,2025,5,29,Organic Chemicals (Naphtha),import
Taiwan,41988857.7,1374782779.91,34831.82,KGM,2025,5,29,Organic Chemicals (Naphtha),import
India,33370239.16,1104618785.18,29345.11,KGM,2025,5,29,Organic Chemicals (Naphtha),import
Malaysia,34156667.94,1129667352.43,23382.79,KGM,2025,5,29,Organic Chemicals (Naphtha),import
Indonesia,25437655.08,810710903.45,26284.88,KGM,2025,5,29,Organic Chemicals (Naphtha),import
United Arab Emirates,19855749.2,694072654.63,14621.99,KGM,2025,5,29,Organic Chemicals (Naphtha),import
Iran,21145929.3,735421391.6,14481.02,KGM,2025,5,29,Organic Chemicals (Naphtha),import
Qatar,15995647.35,503986372.63,13433.76,KGM,2025,5,29,Organic Chemicals (Naphtha),import
Netherlands,12589946.96,443369824.12,12139.07,KGM,2025,5,29,Organic Chemicals (Naphtha),import
Thailand,11156472.03,408879263.22,9202.69,KGM,2025,5,29,Organic Chemicals (Naphtha),import
Belgium,8909042.92,310208566.82,6083.31,KGM,2025,5,29,Organic Chemicals (Naphtha),import
China,170238540.9,5648130198.4,145258.21,KGM,2025,6,29,Organic Chemicals (Naphtha),import
Japan,127485119.11,4391902107.12,113831.95,KGM,2025,6,29,Organic Chemicals (Naphtha),import
"Korea, Republic of",122789079.7,4015084369.61,96741.72,KGM,2025,6,29,Organic Chemicals (Naphtha),import
Singapore,76298429.42,2581285214.12,72762.68,KGM,2025,6,29,Organic Chemicals (Naphtha),import
Saudi Arabia,62760394.81,2062166811.27,63516.67,KGM,2025,6,29,Organic Chemicals (Naphtha),import
United States of America,62330110.46,2145171016.71,59892.34,KGM,2025,6,29,Organic Chemicals (Naphtha),import
Germany,67542615.35,2359754438.2,45582.04,KGM,2025,6,29,Organic Chemicals (Naphtha),import
Taiwan,41989792.86,1428460073.46,34959.64,KGM,2025,6,29,Organic Chemicals (Naphtha),import
India,37394269.3,1281102763.19,31392.7,KGM,2025,6,29,Organic Chemicals (Naphtha),import
Malaysia,34281856.06,1100984830.47,24413.67,KGM,2025,6,29,Organic Chemicals (Naphtha),import
Indonesia,27803981.86,903980163.65,24480.76,KGM,2025,6,29,Organic Chemicals (Naphtha),import
United Arab Emirates,17267866.75,586557764.75,20020.88,KGM,2025,6,29,Organic Chemicals (Naphtha),import
Iran,18388508.28,644087654.43,14226.03,KGM,2025,6,29,Organic Chemicals (Naphtha),import
Qatar,16738645.4,534951090.75,14961.82,KGM,2025,6,29,Organic Chemicals (Naphtha),import
Netherlands,14620146.26,491725630.03,9761.23,KGM,2025,6,29,Organic Chemicals (Naphtha),import
Thailand,11842281.31,392997545.59,6881.09,KGM,2025,6,29,Organic Chemicals (Naphtha),import
Belgium,8490017.5,283165801.89,8277.71,KGM,2025,6,29,Organic Chemicals (Naphtha),import
China,143852321.66,4336453364.99,139506.96,KGM,2025,7,29,Organic Chemicals (Naphtha),import
Japan,140742050.35,4562219169.07,115645.1,KGM,2025,7,29,Organic Chemicals (Naphtha),import
"Korea, Republic of",107069242.9,3134153991.01,83248.51,KGM,2025,7,29,Organic Chemicals (Naphtha),import
Singapore,77789355.48,2408798883.85,53379.7,KGM,2025,7,29,Organic Chemicals (Naphtha),import
Saudi Arabia,66861462.83,2328365196.88,53402.87,KGM,2025,7,29,Organic Chemicals (Naphtha),import
United States of America,54560283.81,1912392585.89,44963.76,KGM,2025,7,29,Organic Chemicals (Naphtha),import
Germany,48263466.44,1654726652.22,36911.3,KGM,2025,7,29,Organic Chemicals (Naphtha),import
Taiwan,41420486.73,1424288075.3,31844.0,KGM,2025,7,29,Organic Chemicals (Naphtha),import
India,30122596.0,1084338314.18,25610.79,KGM,2025,7,29,Organic Chemicals (Naphtha),import
Malaysia,20548351.6,641619086.03,21694.58,KGM,2025,7,29,Organic Chemicals (Naphtha),import
Indonesia,24757920.02,858120473.72,21094.32,KGM,2025,7,29,Organic Chemicals (Naphtha),import
United Arab Emirates,18859578.36,581310582.44,13991.11,KGM,2025,7,29,Organic Chemicals (Naphtha),import
Iran,17784827.17,571221162.95,17774.71,KGM,2025,7,29,Organic Chemicals (Naphtha),import
Qatar,14644123.71,473967745.65,11992.85,KGM,2025,7,29,Organic Chemicals (Naphtha),import
Netherlands,13479431.41,461365900.26,10809.92,KGM,2025,7,29,Organic Chemicals (Naphtha),import
Thailand,10777858.44,337111478.02,7219.81,KGM,2025,7,29,Organic Chemicals (Naphtha),import
Belgium,7333827.19,238445742.65,6505.1,KGM,2025,7,29,Organic Chemicals (Naphtha),import
China,160570921.81,4976256592.04,123118.36,KGM,2025,8,29,Organic Chemicals (Naphtha),import
Japan,136620411.19,4669610943.43,91265.97,KGM,2025,8,29,Organic Chemicals (Naphtha),import
"Korea, Republic of",92698493.22,2929874303.3,72460.09,KGM,2025,8,29,Organic Chemicals (Naphtha),import
Singapore,69424907.44,2330658556.9,53870.15,KGM,2025,8,29,Organic Chemicals (Naphtha),import
Saudi Arabia,64322459.25,2132459529.62,59073.14,KGM,2025,8,29,Organic Chemicals (Naphtha),import
United States of America,66118121.8,2287109559.68,42674.27,KGM,2025,8,29,Organic Chemicals (Naphtha),import
Germany,46054281.62,1532934407.07,27180.79,KGM,2025,8,29,Organic Chemicals (Naphtha),import
Taiwan,36967681.95,1236623799.13,38243.88,KGM,2025,8,29,Organic Chemicals (Naphtha),import
India,35147184.54,1133635303.49,29045.3,KGM,2025,8,29,Organic Chemicals (Naphtha),import
Malaysia,35502682.94,1196261345.71,22709.15,KGM,2025,8,29,Organic Chemicals (Naphtha),import
Indonesia,23247150.22,724020200.24,20260.7,KGM,2025,8,29,Organic Chemicals (Naphtha),import
United Arab Emirates,20719742.85,700809431.16,16331.38,KGM,2025,8,29,Organic Chemicals (Naphtha),import
Iran,19084449.66,688170690.91,14635.75,KGM,2025,8,29,Organic Chemicals (Naphtha),import
Qatar,15164715.65,498496965.72,12211.13,KGM,2025,8,29,Organic Chemicals (Naphtha),import
Netherlands,12400242.47,402358118.54,9389.41,KGM,2025,8,29,Organic Chemicals (Naphtha),import
Thailand,10890046.43,376588765.14,8055.61,KGM,2025,8,29,Organic Chemicals (Naphtha),import
Belgium,6568114.43,225567925.32,7666.67,KGM,2025,8,29,Organic Chemicals (Naphtha),import
China,154078353.82,5232658634.29,122747.21,KGM,2025,9,29,Organic Chemicals (Naphtha),import
Japan,111183413.83,3694929673.91,99576.78,KGM,2025,9,29,Organic Chemicals (Naphtha),import
"Korea, Republic of",82145678.2,2544185477.07,86049.07,KGM,2025,9,29,Organic Chemicals (Naphtha),import
Singapore,91545300.78,3228420908.97,76690.28,KGM,2025,9,29,Organic Chemicals (Naphtha),import
Saudi Arabia,69944601.29,2100826492.93,55485.74,KGM,2025,9,29,Organic Chemicals (Naphtha),import
United States of America,66163820.0,2039585551.41,40587.72,KGM,2025,9,29,Organic Chemicals (Naphtha),import
Germany,50056953.79,1579666451.33,35820.01,KGM,2025,9,29,Organic Chemicals (Naphtha),import
Taiwan,41494503.46,1402897914.49,36534.85,KGM,2025,9,29,Organic Chemicals (Naphtha),import
India,36822101.67,1222178255.51,32888.86,KGM,2025,9,29,Organic Chemicals (Naphtha),import
Malaysia,29343653.67,992652433.44,22490.12,KGM,2025,9,29,Organic Chemicals (Naphtha),import
Indonesia,22970432.13,743264639.62,21514.36,KGM,2025,9,29,Organic Chemicals (Naphtha),import
United Arab Emirates,18919570.92,651741684.29,14824.55,KGM,2025,9,29,Organic Chemicals (Naphtha),import
Iran,16991219.55,548765491.57,14369.83,KGM,2025,9,29,Organic Chemicals (Naphtha),import
Qatar,17127862.68,588569395.52,14677.15,KGM,2025,9,29,Organic Chemicals (Naphtha),import
Netherlands,11924574.3,377239386.07,10319.1,KGM,2025,9,29,Organic Chemicals (Naphtha),import
Thailand,10542261.75,351615296.3,6518.37,KGM,2025,9,29,Organic Chemicals (Naphtha),import
Belgium,8214419.65,270924047.46,6957.5,KGM,2025,9,29,Organic Chemicals (Naphtha),import
China,172602450.19,5891734396.54,115764.03,KGM,2025,10,29,Organic Chemicals (Naphtha),import
Japan,133459198.62,4635710913.74,115281.11,KGM,2025,10,29,Organic Chemicals (Naphtha),import
"Korea, Republic of",96090725.67,3002976801.68,90231.25,KGM,2025,10,29,Organic Chemicals (Naphtha),import
Singapore,94812536.25,3074767223.34,61009.78,KGM,2025,10,29,Organic Chemicals (Naphtha),import
Saudi Arabia,75957297.12,2548895528.46,64742.26,KGM,2025,10,29,Organic Chemicals (Naphtha),import
United States of America,68598629.54,2288872005.57,51052.35,KGM,2025,10,29,Organic Chemicals (Naphtha),import
Germany,43718206.55,1423606603.5,47710.6,KGM,2025,10,29,Organic Chemicals (Naphtha),import
Taiwan,40651502.7,1176322502.94,41882.46,KGM,2025,10,29,Organic Chemicals (Naphtha),import
India,37524190.45,1257407583.37,21743.44,KGM,2025,10,29,Organic Chemicals (Naphtha),import
Malaysia,29632599.89,1026286420.35,16513.3,KGM,2025,10,29,Organic Chemicals (Naphtha),import
Indonesia,23125655.32,729336936.6,23658.14,KGM,2025,10,29,Organic Chemicals (Naphtha),import
United Arab Emirates,20253868.73,681278598.4,12335.66,KGM,2025,10,29,Organic Chemicals (Naphtha),import
Iran,18018867.55,592054227.93,14620.11,KGM,2025,10,29,Organic Chemicals (Naphtha),import
Qatar,13304713.86,427809744.17,13800.89,KGM,2025,10,29,Organic Chemicals (Naphtha),import
Netherlands,15668998.85,507920643.55,9608.45,KGM,2025,10,29,Organic Chemicals (Naphtha),import
Thailand,9179308.12,315002005.62,6850.89,KGM,2025,10,29,Organic Chemicals (Naphtha),import
Belgium,9397547.95,311829305.54,6335.65,KGM,2025,10,29,Organic Chemicals (Naphtha),import
China,175766572.94,5928118627.73,129424.76,KGM,2025,11,29,Organic Chemicals (Naphtha),import
Japan,126171530.29,4236610234.97,92228.81,KGM,2025,11,29,Organic Chemicals (Naphtha),import
"Korea, Republic of",123670236.71,4242037379.39,78179.13,KGM,2025,11,29,Organic Chemicals (Naphtha),import
Singapore,84899027.72,2915680561.25,61988.01,KGM,2025,11,29,Organic Chemicals (Naphtha),import
Saudi Arabia,78647135.45,2801640884.87,62436.02,KGM,2025,11,29,Organic Chemicals (Naphtha),import
United States of America,74019512.12,2430862302.9,50356.01,KGM,2025,11,29,Organic Chemicals (Naphtha),import
Germany,44677658.15,1469468303.54,49364.26,KGM,2025,11,29,Organic Chemicals (Naphtha),import
Taiwan,39154895.96,1236871299.43,29618.59,KGM,2025,11,29,Organic Chemicals (Naphtha),import
India,42897765.76,1319879145.48,32331.32,KGM,2025,11,29,Organic Chemicals (Naphtha),import
Malaysia,26743494.54,841759718.12,25381.83,KGM,2025,11,29,Organic Chemicals (Naphtha),import
Indonesia,25401512.12,878997124.65,24731.71,KGM,2025,11,29,Organic Chemicals (Naphtha),import
United Arab Emirates,17279010.7,576575412.66,14653.8,KGM,2025,11,29,Organic Chemicals (Naphtha),import
Iran,20881668.26,700638207.75,13529.3,KGM,2025,11,29,Organic Chemicals (Naphtha),import
Qatar,14923736.2,506416430.83,15137.78,KGM,2025,11,29,Organic Chemicals (Naphtha),import
Netherlands,12266267.71,385256708.58,8211.65,KGM,2025,11,29,Organic Chemicals (Naphtha),import
Thailand,7791206.05,264893624.58,8611.09,KGM,2025,11,29,Organic Chemicals (Naphtha),import
Belgium,8936095.52,312049462.83,6179.43,KGM,2025,11,29,Organic Chemicals (Naphtha),import
China,157188905.71,5465814729.53,99892.16,KGM,2025,12,29,Organic Chemicals (Naphtha),import
Japan,110078306.58,3835876106.13,81358.21,KGM,2025,12,29,Organic Chemicals (Naphtha),import
"Korea, Republic of",79551711.88,2577928280.53,59476.91,KGM,2025,12,29,Organic Chemicals (Naphtha),import
Singapore,70719350.37,2385787742.69,46481.26,KGM,2025,12,29,Organic Chemicals (Naphtha),import
Saudi Arabia,58383940.31,1983565621.81,42701.33,KGM,2025,12,29,Organic Chemicals (Naphtha),import
United States of America,51949164.47,1750108152.15,48934.86,KGM,2025,12,29,Organic Chemicals (Naphtha),import
Germany,44337930.34,1491109196.86,40954.51,KGM,2025,12,29,Organic Chemicals (Naphtha),import
Taiwan,36115282.61,1221288374.89,30726.99,KGM,2025,12,29,Organic Chemicals (Naphtha),import
India,28198125.4,933399252.07,32498.81,KGM,2025,12,29,Organic Chemicals (Naphtha),import
Malaysia,27377866.78,908748148.55,17133.93,KGM,2025,12,29,Organic Chemicals (Naphtha),import
Indonesia,23005244.75,723299981.62,15596.88,KGM,2025,12,29,Organic Chemicals (Naphtha),import
United Arab Emirates,16466208.61,548653227.12,13962.1,KGM,2025,12,29,Organic Chemicals (Naphtha),import
Iran,15920895.21,541516020.58,13500.48,KGM,2025,12,29,Organic Chemicals (Naphtha),import
Qatar,14306699.07,478251924.65,11330.32,KGM,2025,12,29,Organic Chemicals (Naphtha),import
Netherlands,11169945.34,357552763.9,8531.85,KGM,2025,12,29,Organic Chemicals (Naphtha),import
Thailand,8962382.17,304463114.56,7804.58,KGM,2025,12,29,Organic Chemicals (Naphtha),import
Belgium,7604895.58,248492300.24,5459.71,KGM,2025,12,29,Organic Chemicals (Naphtha),import
China,130269708.04,4473581726.04,98723.21,KGM,2026,1,29,Organic Chemicals (Naphtha),import
Japan,86881364.19,3137357818.52,105853.13,KGM,2026,1,29,Organic Chemicals (Naphtha),import
"Korea, Republic of",89177064.56,3056431896.11,74438.33,KGM,2026,1,29,Organic Chemicals (Naphtha),import
Singapore,65606323.3,2294816617.24,60657.39,KGM,2026,1,29,Organic Chemicals (Naphtha),import
Saudi Arabia,50916052.69,1737525412.59,41100.11,KGM,2026,1,29,Organic Chemicals (Naphtha),import
United States of America,51802087.17,1684046746.06,40615.96,KGM,2026,1,29,Organic Chemicals (Naphtha),import
Germany,39366669.12,1221133127.57,33746.22,KGM,2026,1,29,Organic Chemicals (Naphtha),import
Taiwan,40138425.2,1330983321.49,28848.74,KGM,2026,1,29,Organic Chemicals (Naphtha),import
India,33127037.55,1040893352.37,33164.19,KGM,2026,1,29,Organic Chemicals (Naphtha),import
Malaysia,21716007.83,657124391.14,21217.58,KGM,2026,1,29,Organic Chemicals (Naphtha),import
Indonesia,21432067.44,756380284.91,19608.98,KGM,2026,1,29,Organic Chemicals (Naphtha),import
United Arab Emirates,14967958.23,502102987.85,12590.3,KGM,2026,1,29,Organic Chemicals (Naphtha),import
Iran,17176227.53,604820902.99,14020.82,KGM,2026,1,29,Organic Chemicals (Naphtha),import
Qatar,14279764.74,493979542.94,10494.83,KGM,2026,1,29,Organic Chemicals (Naphtha),import
Netherlands,10722331.05,345888085.58,8799.22,KGM,2026,1,29,Organic Chemicals (Naphtha),import
Thailand,9012427.53,311398241.84,5710.48,KGM,2026,1,29,Organic Chemicals (Naphtha),import
Belgium,6382323.4,188343578.47,5073.75,KGM,2026,1,29,Organic Chemicals (Naphtha),import
China,182881727.4,6094702357.41,130030.35,KGM,2026,2,29,Organic Chemicals (Naphtha),import
Japan,138780331.49,4438176795.67,111279.33,KGM,2026,2,29,Organic Chemicals (Naphtha),import
"Korea, Republic of",109464938.17,3576344343.83,100751.25,KGM,2026,2,29,Organic Chemicals (Naphtha),import
Singapore,106702773.19,3522397370.6,86168.56,KGM,2026,2,29,Organic Chemicals (Naphtha),import
Saudi Arabia,89897185.63,2922689398.51,76157.95,KGM,2026,2,29,Organic Chemicals (Naphtha),import
United States of America,75686685.08,2409104590.7,63493.56,KGM,2026,2,29,Organic Chemicals (Naphtha),import
Germany,74177186.62,2622421906.03,49918.88,KGM,2026,2,29,Organic Chemicals (Naphtha),import
Taiwan,52820853.62,1613215647.18,43639.4,KGM,2026,2,29,Organic Chemicals (Naphtha),import
India,52458093.38,1680327351.5,37119.07,KGM,2026,2,29,Organic Chemicals (Naphtha),import
Malaysia,43301496.06,1396646577.46,24917.31,KGM,2026,2,29,Organic Chemicals (Naphtha),import
Indonesia,30385343.62,1059612696.18,27191.57,KGM,2026,2,29,Organic Chemicals (Naphtha),import
United Arab Emirates,25376740.57,800247606.97,16601.55,KGM,2026,2,29,Organic Chemicals (Naphtha),import
Iran,2413279.48,78407124.02,1769.34,KGM,2026,2,29,Organic Chemicals (Naphtha),import
Qatar,18273823.16,586041484.54,17564.0,KGM,2026,2,29,Organic Chemicals (Naphtha),import
Netherlands,14614040.84,476070923.52,13372.61,KGM,2026,2,29,Organic Chemicals (Naphtha),import
Thailand,13964864.08,471441588.73,8766.54,KGM,2026,2,29,Organic Chemicals (Naphtha),import
Belgium,11409185.2,367363091.52,6786.49,KGM,2026,2,29,Organic Chemicals (Naphtha),import
China,202563544.37,7171077379.07,153809.16,KGM,2026,3,29,Organic Chemicals (Naphtha),import
Japan,182749641.57,6437203110.14,162081.29,KGM,2026,3,29,Organic Chemicals (Naphtha),import
"Korea, Republic of",165268210.23,5741400280.83,128582.59,KGM,2026,3,29,Organic Chemicals (Naphtha),import
Singapore,139028228.22,4731058818.49,93305.18,KGM,2026,3,29,Organic Chemicals (Naphtha),import
Saudi Arabia,110772076.27,3796078028.89,72592.02,KGM,2026,3,29,Organic Chemicals (Naphtha),import
United States of America,100291550.94,3180660158.38,60953.09,KGM,2026,3,29,Organic Chemicals (Naphtha),import
Germany,70147876.92,2289929806.14,63649.93,KGM,2026,3,29,Organic Chemicals (Naphtha),import
Taiwan,52833288.39,1671870134.06,38333.12,KGM,2026,3,29,Organic Chemicals (Naphtha),import
India,48262397.24,1636501677.06,31884.29,KGM,2026,3,29,Organic Chemicals (Naphtha),import
Malaysia,43699767.25,1291497110.81,34949.21,KGM,2026,3,29,Organic Chemicals (Naphtha),import
Indonesia,41100032.97,1387126997.06,27099.36,KGM,2026,3,29,Organic Chemicals (Naphtha),import
United Arab Emirates,34213056.7,1237397462.84,22861.74,KGM,2026,3,29,Organic Chemicals (Naphtha),import
Iran,2170214.74,65746219.97,1895.48,KGM,2026,3,29,Organic Chemicals (Naphtha),import
Qatar,22971778.95,720434677.98,16572.18,KGM,2026,3,29,Organic Chemicals (Naphtha),import
Netherlands,21689845.26,643987173.68,12570.52,KGM,2026,3,29,Organic Chemicals (Naphtha),import
Thailand,15857627.3,511896265.71,11861.54,KGM,2026,3,29,Organic Chemicals (Naphtha),import
Belgium,12814598.3,414863420.02,7759.42,KGM,2026,3,29,Organic Chemicals (Naphtha),import
