country_eng,import_value_usd,import_value_baht,export_value_usd,export_value_baht,trade_value_usd,trade_balance_usd,year,month,data_type
Saudi Arabia,1143710845.46,38853610508.61,181305456.92,6159224277.74,1325016302.38,-962405388.55,2019,1,overview
United Arab Emirates,987221301.89,32231585475.22,143919267.07,4698790584.45,1131140568.96,-843302034.82,2019,1,overview
Kuwait,495588291.11,16005414593.53,23350685.12,754128786.23,518938976.23,-472237605.98,2019,1,overview
Qatar,382581761.28,12357928558.09,21184384.86,684285402.89,403766146.14,-361397376.42,2019,1,overview
Iran,112129267.99,3410145182.81,24843502.36,755556077.49,136972770.35,-87285765.63,2019,1,overview
Iraq,245121029.4,8204536914.66,20217417.23,676704672.68,265338446.63,-224903612.17,2019,1,overview
Bahrain,54405007.01,1914973178.49,19514345.49,686875165.68,73919352.49,-34890661.52,2019,1,overview
Oman,216026337.11,6667194426.72,22118849.64,682651351.77,238145186.75,-193907487.47,2019,1,overview
Israel,35069810.67,1096756061.99,44390447.52,1388245088.04,79460258.19,9320636.84,2019,1,overview
Jordan,37768714.19,1229842221.38,20942875.91,681951545.88,58711590.09,-16825838.28,2019,1,overview
Lebanon,34901660.6,1151048186.6,25260009.6,833068906.92,60161670.21,-9641651.0,2019,1,overview
Turkey,33564047.94,1046148899.88,93790716.18,2923337933.57,127354764.12,60226668.24,2019,1,overview
Egypt,37279333.21,1155947160.57,18550980.58,575223628.8,55830313.79,-18728352.63,2019,1,overview
Yemen,37244126.29,1238629860.49,23299701.18,774879383.58,60543827.47,-13944425.11,2019,1,overview
Malaysia,726548634.1,22364777726.41,572534866.55,17623892510.59,1299083500.65,-154013767.55,2019,1,overview
Singapore,552881978.49,19121801031.94,459100974.87,15878320937.54,1011982953.35,-93781003.62,2019,1,overview
Indonesia,527444591.09,17662076011.1,472426233.16,15819724347.75,999870824.26,-55018357.93,2019,1,overview
Vietnam,355370919.77,12053298300.61,832344691.18,28231063076.49,1187715610.95,476973771.4,2019,1,overview
Philippines,238145591.6,7559020592.35,472781060.19,15006625760.82,710926651.79,234635468.6,2019,1,overview
Myanmar,178798218.49,6161979806.26,225830236.39,7782859180.96,404628454.88,47032017.91,2019,1,overview
Cambodia,35261088.9,1105100069.97,216732402.01,6792501311.84,251993490.91,181471313.11,2019,1,overview
Brunei Darussalam,33157793.9,1161662089.81,23430045.45,820856648.03,56587839.35,-9727748.46,2019,1,overview
China,3645543697.67,122280481921.05,2376621790.03,79717727156.74,6022165487.7,-1268921907.64,2019,1,overview
Japan,2086458923.19,73666719642.7,1810884501.26,63936998412.3,3897343424.45,-275574421.93,2019,1,overview
"Korea, Republic of",584985231.23,17005744337.4,412562880.57,11993360679.07,997548111.8,-172422350.66,2019,1,overview
Taiwan,547086129.51,17808468112.84,258454033.13,8413063609.94,805540162.65,-288632096.38,2019,1,overview
Hong Kong,221614989.67,7240270784.28,616729290.34,20148849450.09,838344280.01,395114300.68,2019,1,overview
India,414856165.64,13367742072.87,574025515.44,18496591515.66,988881681.08,159169349.8,2019,1,overview
Bangladesh,34295085.43,1178828509.99,21116907.6,725853643.82,55411993.03,-13178177.83,2019,1,overview
Pakistan,37631003.26,1270795260.08,21067622.04,711451513.8,58698625.3,-16563381.21,2019,1,overview
Sri Lanka,36951427.48,1180484310.8,23704815.18,757295842.79,60656242.66,-13246612.29,2019,1,overview
Germany,357055243.7,10998989512.4,284131862.01,8752604605.28,641187105.71,-72923381.69,2019,1,overview
United Kingdom,187676430.73,6194761727.04,262027001.59,8648900848.0,449703432.32,74350570.86,2019,1,overview
France,143914177.64,4658362623.4,130059649.96,4209904973.52,273973827.6,-13854527.68,2019,1,overview
Netherlands,142645483.01,4672790921.84,240193240.07,7868267315.88,382838723.08,97547757.07,2019,1,overview
Italy,37851882.51,1259024271.23,25319687.19,842180060.56,63171569.7,-12532195.33,2019,1,overview
Spain,37422147.81,1127224067.77,21868975.19,658733841.06,59291123.0,-15553172.62,2019,1,overview
Belgium,36588892.63,1342624408.63,22106005.17,811176834.9,58694897.8,-14482887.46,2019,1,overview
Switzerland,288819262.69,9515997527.27,22530723.32,742340747.72,311349986.02,-266288539.37,2019,1,overview
Sweden,33238544.42,1134361705.22,24011368.15,819457560.38,57249912.58,-9227176.27,2019,1,overview
Poland,38987027.04,1368608062.08,20399478.08,716107184.32,59386505.12,-18587548.97,2019,1,overview
Russian Federation,195327421.29,7087588976.01,23032868.49,835763374.54,218360289.78,-172294552.81,2019,1,overview
United States of America,810266242.71,26859902215.21,2240353706.23,74266553763.22,3050619948.94,1430087463.52,2019,1,overview
Canada,35189804.75,1164882633.23,128472215.74,4252795775.43,163662020.49,93282410.99,2019,1,overview
Brazil,167752878.87,5304490909.27,114167613.39,3610078536.08,281920492.25,-53585265.48,2019,1,overview
Mexico,41213140.92,1340123900.43,103107371.03,3352732869.54,144320511.95,61894230.11,2019,1,overview
Argentina,39052983.84,1302072950.37,19833678.8,661278451.43,58886662.64,-19219305.03,2019,1,overview
Chile,40500952.08,1347748189.2,19170829.51,637946750.07,59671781.59,-21330122.57,2019,1,overview
South Africa,112286968.59,3497129795.02,140256049.53,4368214904.11,252543018.12,27969080.94,2019,1,overview
Nigeria,32793327.27,1096788473.23,91674468.62,3066096332.69,124467795.89,58881141.35,2019,1,overview
Kenya,37401445.69,1196096846.37,22609748.85,723058929.76,60011194.54,-14791696.85,2019,1,overview
Ghana,37347944.18,1192462822.56,22515807.55,718895350.67,59863751.73,-14832136.63,2019,1,overview
Morocco,42139605.23,1315305384.05,22833945.94,712716976.57,64973551.17,-19305659.29,2019,1,overview
Algeria,38592557.25,1319117800.76,20284560.26,693338986.21,58877117.51,-18307996.99,2019,1,overview
Libya,40065213.7,1380048857.78,20555599.12,708038931.22,60620812.82,-19509614.58,2019,1,overview
Tanzania,37877490.72,1357725831.62,23446825.88,840455916.29,61324316.6,-14430664.84,2019,1,overview
Australia,431362338.32,13659402627.96,551291316.02,17457041057.85,982653654.34,119928977.7,2019,1,overview
New Zealand,34273623.16,1148568335.76,21864300.99,732710506.91,56137924.16,-12409322.17,2019,1,overview
Saudi Arabia,1086018717.94,35859798139.04,188801762.69,6234140339.08,1274820480.64,-897216955.25,2019,2,overview
United Arab Emirates,948840317.25,35183239731.63,138667222.56,5141815799.19,1087507539.8,-810173094.69,2019,2,overview
Kuwait,446272689.82,14010133650.76,19792832.15,621369467.88,466065521.98,-426479857.67,2019,2,overview
Qatar,367836718.43,12532565106.31,20870113.26,711065644.52,388706831.7,-346966605.17,2019,2,overview
Iran,110272519.81,3498926038.12,28168254.46,893773345.94,138440774.27,-82104265.34,2019,2,overview
Iraq,217872196.71,7469660721.31,20490924.58,702523115.85,238363121.29,-197381272.13,2019,2,overview
Bahrain,57637224.97,1917000926.1,19132244.08,636334064.13,76769469.05,-38504980.9,2019,2,overview
Oman,219050395.46,7279173367.9,19747442.36,656219114.33,238797837.81,-199302953.1,2019,2,overview
Israel,35581591.37,1193288480.65,38613900.99,1294982081.14,74195492.36,3032309.62,2019,2,overview
Jordan,37005556.16,1279678149.74,23091187.11,798509485.29,60096743.27,-13914369.04,2019,2,overview
Lebanon,31513270.12,1064283582.34,19655697.43,663823081.33,51168967.56,-11857572.69,2019,2,overview
Turkey,36872393.53,1429878133.93,88502324.27,3432040238.36,125374717.79,51629930.74,2019,2,overview
Egypt,37034189.78,1275124286.29,23180461.59,798126534.26,60214651.37,-13853728.19,2019,2,overview
Yemen,37262275.21,1272076461.95,20714042.28,707145376.16,57976317.5,-16548232.93,2019,2,overview
Malaysia,664539904.51,21446001680.22,555930889.83,17940976480.77,1220470794.34,-108609014.68,2019,2,overview
Singapore,570378294.32,17224912409.13,545673257.21,16478842468.23,1116051551.52,-24705037.11,2019,2,overview
Indonesia,523054987.55,16890545114.92,462709575.47,14941864900.75,985764563.03,-60345412.08,2019,2,overview
Vietnam,385020266.91,12083238435.07,854371041.3,26813053470.59,1239391308.21,469350774.38,2019,2,overview
Philippines,200339836.94,6391732321.25,448106323.46,14296585815.13,648446160.41,247766486.52,2019,2,overview
Myanmar,180149830.02,5768865852.84,213274721.28,6829610978.41,393424551.3,33124891.26,2019,2,overview
Cambodia,41491174.92,1243170454.4,223276623.38,6689878073.6,264767798.3,181785448.46,2019,2,overview
Brunei Darussalam,35944953.89,1232144493.8,20124963.01,689856563.32,56069916.9,-15819990.88,2019,2,overview
China,3317119124.11,111977585536.46,2105494804.95,71076200702.06,5422613929.06,-1211624319.16,2019,2,overview
Japan,2272178383.01,73841816923.54,1536759688.64,49941997702.57,3808938071.65,-735418694.37,2019,2,overview
"Korea, Republic of",545135812.56,19433100312.22,335655671.74,11965514260.98,880791484.3,-209480140.82,2019,2,overview
Taiwan,511897607.87,17597398062.22,222909134.91,7662901170.76,734806742.77,-288988472.96,2019,2,overview
Hong Kong,248576655.35,7636509769.96,766839698.1,23558040228.24,1015416353.45,518263042.75,2019,2,overview
India,374491371.4,11960691093.05,546087475.58,17441212546.24,920578846.98,171596104.19,2019,2,overview
Bangladesh,36674155.05,1159255528.78,22566877.89,713330080.25,59241032.94,-14107277.16,2019,2,overview
Pakistan,35248011.49,1109022938.18,15739845.52,495229347.38,50987857.01,-19508165.97,2019,2,overview
Sri Lanka,34701056.9,1230104474.17,19128768.59,678088390.61,53829825.5,-15572288.31,2019,2,overview
Germany,313645994.29,10411827199.14,273358991.63,9074455392.51,587004985.93,-40287002.66,2019,2,overview
United Kingdom,197501371.6,6862134917.3,219438734.0,7624342993.87,416940105.6,21937362.41,2019,2,overview
France,141782641.36,4777104541.56,130542901.95,4398402257.31,272325543.31,-11239739.4,2019,2,overview
Netherlands,143922676.55,4764517480.5,236012365.27,7813119286.67,379935041.82,92089688.72,2019,2,overview
Italy,34324944.81,1166814576.98,21442979.49,728915404.78,55767924.3,-12881965.32,2019,2,overview
Spain,39910380.98,1444737834.25,19145713.65,693066219.82,59056094.63,-20764667.33,2019,2,overview
Belgium,29885751.23,1012603243.26,20991965.34,711259757.78,50877716.57,-8893785.9,2019,2,overview
Switzerland,289702482.34,9469741618.23,20191410.82,660013134.15,309893893.15,-269511071.52,2019,2,overview
Sweden,34019830.69,1166009391.84,20248079.91,693990853.87,54267910.6,-13771750.77,2019,2,overview
Poland,36428210.54,1251287168.44,20072053.69,689462997.2,56500264.23,-16356156.86,2019,2,overview
Russian Federation,217724091.85,7390523082.93,22631865.6,768226077.86,240355957.46,-195092226.25,2019,2,overview
United States of America,793628339.26,27079345269.65,2165087171.38,73874810352.02,2958715510.63,1371458832.12,2019,2,overview
Canada,37146049.09,1232356992.93,141429781.94,4692073183.21,178575831.02,104283732.85,2019,2,overview
Brazil,195183586.02,6601234981.92,101221643.19,3423381369.3,296405229.22,-93961942.83,2019,2,overview
Mexico,34843787.48,1207273307.68,104399709.77,3617258399.17,139243497.26,69555922.29,2019,2,overview
Argentina,37755346.32,1319859635.35,22632966.38,791208177.51,60388312.7,-15122379.94,2019,2,overview
Chile,35476177.55,1154203241.37,22409320.05,729078261.12,57885497.6,-13066857.5,2019,2,overview
South Africa,109005414.0,3613038289.85,126172540.85,4182051188.93,235177954.84,17167126.85,2019,2,overview
Nigeria,37102944.91,1340847776.59,79436099.35,2870707903.96,116539044.26,42333154.45,2019,2,overview
Kenya,32566284.09,1131260426.39,19185879.36,666463082.08,51752163.44,-13380404.73,2019,2,overview
Ghana,37659710.97,1278265427.28,22311003.69,757291650.2,59970714.66,-15348707.28,2019,2,overview
Morocco,35381967.48,1171628098.36,19724667.57,653156859.33,55106635.05,-15657299.91,2019,2,overview
Algeria,33498041.82,1098046178.5,22907703.55,750901096.7,56405745.36,-10590338.27,2019,2,overview
Libya,33077757.94,1112054282.14,20703644.07,696044033.06,53781402.01,-12374113.87,2019,2,overview
Tanzania,33819447.1,1128403804.45,19852225.33,662380035.96,53671672.43,-13967221.77,2019,2,overview
Australia,433328863.42,13993680752.38,543685242.72,17557468146.37,977014106.13,110356379.3,2019,2,overview
New Zealand,36074141.49,1114287098.14,18788256.62,580346782.58,54862398.11,-17285884.87,2019,2,overview
Saudi Arabia,1119247798.98,37457151279.1,194537086.76,6510448441.33,1313784885.75,-924710712.22,2019,3,overview
United Arab Emirates,1062127072.49,34795380828.2,169197021.89,5542910038.06,1231324094.38,-892930050.59,2019,3,overview
Kuwait,474277384.1,15637983132.73,21845194.21,720284774.26,496122578.31,-452432189.89,2019,3,overview
Qatar,386692476.43,12281025749.11,24363165.26,773753507.45,411055641.7,-362329311.17,2019,3,overview
Iran,123683791.89,4061387330.86,35549605.25,1167337402.61,159233397.13,-88134186.64,2019,3,overview
Iraq,285987943.17,9265485798.44,25061273.58,811939384.26,311049216.76,-260926669.59,2019,3,overview
Bahrain,64468735.24,2136913844.76,23773925.56,788022759.97,88242660.8,-40694809.68,2019,3,overview
Oman,222812814.11,7519263466.56,23796569.33,803062764.22,246609383.44,-199016244.78,2019,3,overview
Israel,44178621.42,1600581455.99,51145229.14,1852980076.84,95323850.56,6966607.71,2019,3,overview
Jordan,37153399.38,1236279847.82,25407409.21,845431871.97,62560808.59,-11745990.17,2019,3,overview
Lebanon,46517709.29,1476491501.71,22214233.26,705089032.2,68731942.55,-24303476.03,2019,3,overview
Turkey,37685256.62,1213893649.18,78858392.5,2540136658.56,116543649.12,41173135.87,2019,3,overview
Egypt,37179413.24,1245980066.84,24035748.19,805501231.28,61215161.43,-13143665.04,2019,3,overview
Yemen,45524540.99,1462914941.52,25555805.29,821226718.41,71080346.28,-19968735.7,2019,3,overview
Malaysia,734767070.81,22792217507.41,658257238.02,20418909258.16,1393024308.84,-76509832.79,2019,3,overview
Singapore,726127244.14,23451177221.59,563136951.64,18187204184.24,1289264195.77,-162990292.5,2019,3,overview
Indonesia,478217702.54,15699021711.47,658058937.77,21602883993.15,1136276640.32,179841235.23,2019,3,overview
Vietnam,435030849.88,13964898107.56,828823497.93,26606011277.1,1263854347.81,393792648.05,2019,3,overview
Philippines,237599630.29,7680384715.28,476785262.56,15412036788.6,714384892.86,239185632.27,2019,3,overview
Myanmar,207778457.26,6812314005.04,217215211.84,7121711505.78,424993669.1,9436754.58,2019,3,overview
Cambodia,39964269.5,1361479646.67,247274337.85,8423999295.63,287238607.35,207310068.35,2019,3,overview
Brunei Darussalam,36021966.71,1257761549.32,20835183.08,727491987.24,56857149.78,-15186783.63,2019,3,overview
China,4063566103.79,143552494309.54,2232787558.05,78877078663.19,6296353661.85,-1830778545.74,2019,3,overview
Japan,2396978180.52,79343040447.1,2079253171.98,68825936700.22,4476231352.49,-317725008.54,2019,3,overview
"Korea, Republic of",737744561.53,24070062610.57,451419126.68,14728250412.63,1189163688.2,-286325434.85,2019,3,overview
Taiwan,597239645.49,20935009840.59,291389166.88,10214049121.1,888628812.37,-305850478.61,2019,3,overview
Hong Kong,219166454.25,7580449703.03,835116592.47,28884709327.66,1054283046.72,615950138.22,2019,3,overview
India,374153907.89,11202598927.75,501708872.61,15021741480.64,875862780.49,127554964.72,2019,3,overview
Bangladesh,38730211.69,1365376895.8,25113330.29,885333682.72,63843541.98,-13616881.4,2019,3,overview
Pakistan,39817966.8,1231563653.48,26844369.54,830292264.39,66662336.34,-12973597.27,2019,3,overview
Sri Lanka,34189288.94,1147942922.0,23644459.37,793888689.13,57833748.31,-10544829.57,2019,3,overview
Germany,394797999.64,12975557368.25,264291466.8,8686287905.42,659089466.44,-130506532.84,2019,3,overview
United Kingdom,177262566.24,5947140904.81,291927741.5,9794145766.5,469190307.74,114665175.26,2019,3,overview
France,146428189.37,4599482172.06,151824352.38,4768982018.06,298252541.75,5396163.01,2019,3,overview
Netherlands,157539398.1,4965864105.29,298255654.77,9401439056.38,455795052.87,140716256.67,2019,3,overview
Italy,41179480.63,1309947723.71,22742510.53,723454969.23,63921991.16,-18436970.11,2019,3,overview
Spain,39244403.86,1262473871.98,21783039.59,700750059.28,61027443.45,-17461364.27,2019,3,overview
Belgium,35790053.34,1182964886.83,27482977.75,908391986.96,63273031.09,-8307075.59,2019,3,overview
Switzerland,298940287.13,9814660406.18,24156561.83,793096351.19,323096848.96,-274783725.3,2019,3,overview
Sweden,38883596.27,1327340612.8,24916916.73,850570386.89,63800513.0,-13966679.54,2019,3,overview
Poland,37903413.03,1235174532.95,22655945.34,738298861.99,60559358.38,-15247467.69,2019,3,overview
Russian Federation,193763497.87,6791470938.52,20871136.98,731539850.51,214634634.85,-172892360.89,2019,3,overview
United States of America,1075017546.23,36405292302.99,2482862029.32,84081714054.41,3557879575.54,1407844483.09,2019,3,overview
Canada,40568958.82,1406905623.87,197332490.24,6843364935.86,237901449.06,156763531.42,2019,3,overview
Brazil,195891304.8,5992379759.8,109672365.81,3354913919.13,305563670.62,-86218938.99,2019,3,overview
Mexico,40227634.85,1241691095.61,111564667.92,3443624147.14,151792302.77,71337033.07,2019,3,overview
Argentina,37535852.53,1333675583.02,21695058.79,770840895.62,59230911.33,-15840793.74,2019,3,overview
Chile,42375192.56,1492450731.4,23734851.98,835939498.01,66110044.55,-18640340.58,2019,3,overview
South Africa,119484998.92,4215990682.54,132681360.1,4681620144.73,252166359.03,13196361.18,2019,3,overview
Nigeria,41289881.81,1350777507.28,87116929.23,2849986082.77,128406811.03,45827047.42,2019,3,overview
Kenya,36810542.2,1265887539.07,21122680.51,726393485.52,57933222.71,-15687861.69,2019,3,overview
Ghana,45629819.36,1544316315.79,21092721.61,713871643.2,66722540.97,-24537097.75,2019,3,overview
Morocco,37522965.2,1204915286.62,22824461.77,732925629.72,60347426.97,-14698503.43,2019,3,overview
Algeria,36847362.56,1170035484.25,23842191.09,757074798.88,60689553.66,-13005171.47,2019,3,overview
Libya,40439779.95,1320018228.64,23654547.59,772121758.62,64094327.54,-16785232.36,2019,3,overview
Tanzania,36709381.74,1253004514.62,22654134.47,773255539.19,59363516.21,-14055247.26,2019,3,overview
Australia,494034853.13,16376760584.67,583803867.6,19352513506.83,1077838720.73,89769014.47,2019,3,overview
New Zealand,41962725.89,1418971266.61,20578129.97,695850293.86,62540855.86,-21384595.92,2019,3,overview
Saudi Arabia,1160062871.62,36953931850.17,213486444.92,6800634456.55,1373549316.54,-946576426.7,2019,4,overview
United Arab Emirates,838497243.31,27730887671.99,142066778.81,4698450611.01,980564022.12,-696430464.5,2019,4,overview
Kuwait,500181122.07,16985094867.09,22727539.41,771779253.6,522908661.48,-477453582.65,2019,4,overview
Qatar,354057011.3,11040728208.39,24370483.59,759956382.98,378427494.89,-329686527.7,2019,4,overview
Iran,116112006.14,3681839719.8,32790535.19,1039767539.31,148902541.34,-83321470.95,2019,4,overview
Iraq,277039829.89,8902581348.23,26472333.91,850679507.6,303512163.79,-250567495.98,2019,4,overview
Bahrain,69701217.44,2355532169.8,22285774.56,753141205.35,91986992.0,-47415442.87,2019,4,overview
Oman,273254744.96,8690773469.15,19655576.78,625138879.91,292910321.74,-253599168.19,2019,4,overview
Israel,42718435.62,1433490531.95,48204062.09,1617570156.95,90922497.7,5485626.47,2019,4,overview
Jordan,38860315.06,1273315897.25,24669715.98,808339857.68,63530031.04,-14190599.07,2019,4,overview
Lebanon,44648088.07,1495996876.33,24998664.85,837615363.85,69646752.92,-19649423.22,2019,4,overview
Turkey,39487868.58,1277478461.74,94177167.2,3046740860.54,133665035.78,54689298.63,2019,4,overview
Egypt,42121877.0,1408330732.27,23674870.42,791561297.06,65796747.42,-18447006.58,2019,4,overview
Yemen,47612975.94,1547943780.2,26207404.42,852027999.98,73820380.36,-21405571.52,2019,4,overview
Malaysia,895145976.25,26803188751.05,632004593.84,18923995493.05,1527150570.08,-263141382.41,2019,4,overview
Singapore,600644022.15,19504551021.59,451387036.42,14657769257.14,1052031058.57,-149256985.73,2019,4,overview
Indonesia,572509000.54,19173550313.88,694645428.3,23263947042.31,1267154428.84,122136427.76,2019,4,overview
Vietnam,401176049.39,11908227838.03,1045025397.56,31019799286.59,1446201446.96,643849348.17,2019,4,overview
Philippines,249618045.34,7683772783.38,520217915.6,16013410632.59,769835960.94,270599870.26,2019,4,overview
Myanmar,222847982.71,7215164318.51,251634529.59,8147188308.08,474482512.29,28786546.88,2019,4,overview
Cambodia,42900420.76,1427417093.46,289505580.01,9632661083.91,332406000.78,246605159.25,2019,4,overview
Brunei Darussalam,41644187.25,1321171562.12,23599652.64,748704489.15,65243839.89,-18044534.61,2019,4,overview
China,4354576366.74,144168481070.22,2282207570.12,75557843326.54,6636783936.86,-2072368796.62,2019,4,overview
Japan,2356379140.43,78939863271.6,2035104036.68,68176988856.38,4391483177.11,-321275103.76,2019,4,overview
"Korea, Republic of",707562087.75,23063118986.88,391672797.64,12766648315.66,1099234885.39,-315889290.12,2019,4,overview
Taiwan,526904539.4,17686051813.9,275673827.45,9253254112.47,802578366.85,-251230711.95,2019,4,overview
Hong Kong,259836976.89,8913553897.29,756418532.15,25948490611.53,1016255509.04,496581555.27,2019,4,overview
India,497879253.73,17831641920.8,590574422.91,21151537361.82,1088453676.63,92695169.18,2019,4,overview
Bangladesh,38305621.95,1161883046.22,22060476.78,669136608.66,60366098.73,-16245145.17,2019,4,overview
Pakistan,45720411.42,1504961545.74,25782556.69,848674698.26,71502968.1,-19937854.73,2019,4,overview
Sri Lanka,41747897.51,1530838122.4,22294041.47,817491912.5,64041938.98,-19453856.05,2019,4,overview
Germany,412554558.61,14063427927.94,329525517.3,11233080004.14,742080075.91,-83029041.31,2019,4,overview
United Kingdom,212023150.79,6745365648.92,290952814.69,9256456733.09,502975965.47,78929663.9,2019,4,overview
France,169493853.2,5935357797.29,187925120.09,6580786298.49,357418973.29,18431266.89,2019,4,overview
Netherlands,184150971.92,5803627039.2,274143534.87,8639796005.25,458294506.79,89992562.94,2019,4,overview
Italy,40422429.39,1400284989.11,24609220.83,852495088.39,65031650.22,-15813208.57,2019,4,overview
Spain,35304615.54,1156684700.75,27497918.63,900913982.16,62802534.17,-7806696.92,2019,4,overview
Belgium,39438855.17,1203583741.74,22516275.42,687145276.09,61955130.6,-16922579.75,2019,4,overview
Switzerland,348178857.93,10816196642.34,24643703.22,765558085.76,372822561.14,-323535154.71,2019,4,overview
Sweden,36602742.68,1299526656.49,23841861.99,846470316.94,60444604.67,-12760880.69,2019,4,overview
Poland,39985334.92,1304776874.24,21553839.81,703331653.84,61539174.73,-18431495.11,2019,4,overview
Russian Federation,239654618.03,7889084371.84,19214102.18,632500531.26,258868720.21,-220440515.85,2019,4,overview
United States of America,961894732.83,34410277876.89,2758886877.34,98694858012.8,3720781610.17,1796992144.51,2019,4,overview
Canada,44513445.76,1395060788.65,159819854.44,5008787982.12,204333300.21,115306408.68,2019,4,overview
Brazil,246198210.12,8129684984.06,123080340.65,4064222874.55,369278550.77,-123117869.47,2019,4,overview
Mexico,40754524.72,1336074305.65,124441230.66,4079614030.66,165195755.37,83686705.94,2019,4,overview
Argentina,38959370.78,1283745165.46,23428156.48,771978140.57,62387527.25,-15531214.3,2019,4,overview
Chile,39058145.75,1295154260.69,23102822.27,766081392.73,62160968.01,-15955323.48,2019,4,overview
South Africa,120001223.27,3482860938.1,164686957.55,4779799370.57,284688180.82,44685734.28,2019,4,overview
Nigeria,44398922.38,1327080000.64,107769307.91,3221215415.44,152168230.29,63370385.53,2019,4,overview
Kenya,39713887.19,1226711636.36,23771975.9,734286203.65,63485863.1,-15941911.29,2019,4,overview
Ghana,38292465.49,1364299494.3,22323271.34,795342567.18,60615736.83,-15969194.14,2019,4,overview
Morocco,43889882.75,1495877284.19,26992247.99,919963510.52,70882130.74,-16897634.76,2019,4,overview
Algeria,37145097.55,1253055017.78,23471940.28,791803884.89,60617037.83,-13673157.27,2019,4,overview
Libya,36841049.16,1202473862.49,25897476.92,845281006.28,62738526.08,-10943572.23,2019,4,overview
Tanzania,39608918.7,1333489501.02,25893481.54,871740176.52,65502400.23,-13715437.16,2019,4,overview
Australia,475850126.3,14931417986.43,713927637.72,22401910563.29,1189777764.02,238077511.42,2019,4,overview
New Zealand,42845389.65,1394003901.72,25662478.47,834946196.12,68507868.11,-17182911.18,2019,4,overview
Saudi Arabia,1282613302.22,44103992993.07,187481440.39,6446744407.77,1470094742.62,-1095131861.83,2019,5,overview
United Arab Emirates,985207829.08,34062096512.91,159697026.39,5521287352.01,1144904855.48,-825510802.69,2019,5,overview
Kuwait,471826252.38,14468578564.55,22183077.41,680245316.26,494009329.79,-449643174.97,2019,5,overview
Qatar,436866998.38,15566528447.06,22439141.3,799555774.63,459306139.67,-414427857.08,2019,5,overview
Iran,104180705.92,3470939218.44,37857216.98,1261270961.47,142037922.9,-66323488.94,2019,5,overview
Iraq,289410027.39,9723801894.54,23910161.83,803350453.9,313320189.22,-265499865.56,2019,5,overview
Bahrain,66465948.25,2204764665.85,27206603.76,902479543.78,93672552.02,-39259344.49,2019,5,overview
Oman,253006035.23,8327587782.84,24272775.58,798928251.48,277278810.8,-228733259.65,2019,5,overview
Israel,42692672.56,1322521736.41,43159326.43,1336977610.09,85851998.99,466653.87,2019,5,overview
Jordan,44144213.65,1444576350.78,25341730.88,829283434.62,69485944.52,-18802482.77,2019,5,overview
Lebanon,41728113.11,1343243003.15,25695163.41,827136572.77,67423276.52,-16032949.7,2019,5,overview
Turkey,39072317.58,1232045542.38,101566762.04,3202647914.71,140639079.62,62494444.46,2019,5,overview
Egypt,43027509.19,1486330808.59,21594832.79,745966147.98,64622341.98,-21432676.39,2019,5,overview
Yemen,43241991.61,1490725995.99,25512059.47,879503668.7,68754051.08,-17729932.14,2019,5,overview
Malaysia,944364962.96,28556358089.88,720766403.47,21795030866.0,1665131366.43,-223598559.5,2019,5,overview
Singapore,598422561.77,19771364748.2,514591194.97,17001648770.95,1113013756.74,-83831366.81,2019,5,overview
Indonesia,607490754.29,20217383515.46,588712809.34,19592450688.21,1196203563.63,-18777944.95,2019,5,overview
Vietnam,391487235.59,12093043978.09,951078575.76,29378825151.25,1342565811.35,559591340.17,2019,5,overview
Philippines,231535335.08,7301742346.63,445932615.78,14063015752.04,677467950.85,214397280.7,2019,5,overview
Myanmar,225894029.94,8346462077.6,231012022.22,8535564589.46,456906052.17,5117992.28,2019,5,overview
Cambodia,43311059.67,1373500391.54,253696722.47,8045348008.33,297007782.14,210385662.8,2019,5,overview
Brunei Darussalam,44001032.93,1460086923.54,23848724.35,791372571.12,67849757.28,-20152308.58,2019,5,overview
China,5020028179.42,174315006646.68,2480788020.06,86142659911.24,7500816199.48,-2539240159.37,2019,5,overview
Japan,2359364714.97,84125982399.63,1994401841.52,71112792843.19,4353766556.5,-364962873.45,2019,5,overview
"Korea, Republic of",633228423.58,21568790941.86,477081618.6,16250176572.2,1110310042.18,-156146804.98,2019,5,overview
Taiwan,557084883.79,19196494238.95,306422847.24,10558973314.41,863507731.04,-250662036.55,2019,5,overview
Hong Kong,262436199.24,8374153899.93,728651685.34,23250761023.28,991087884.58,466215486.1,2019,5,overview
India,449257650.03,15243764982.96,579859773.31,19675226691.86,1029117423.34,130602123.28,2019,5,overview
Bangladesh,42259003.34,1418647283.48,22329311.28,749601606.57,64588314.62,-19929692.05,2019,5,overview
Pakistan,43701952.48,1513012773.85,26119580.9,904290478.95,69821533.38,-17582371.59,2019,5,overview
Sri Lanka,44446407.18,1462053516.33,25918360.16,852578014.96,70364767.34,-18528047.02,2019,5,overview
Germany,361301302.22,12035499720.87,344789819.18,11485476932.99,706091121.39,-16511483.04,2019,5,overview
United Kingdom,212859647.29,6679198389.63,261875866.56,8217249669.13,474735513.85,49016219.28,2019,5,overview
France,180708704.71,6148116917.89,166139264.62,5652431769.35,346847969.33,-14569440.1,2019,5,overview
Netherlands,167044245.02,5747562450.47,292360976.59,10059388582.16,459405221.6,125316731.57,2019,5,overview
Italy,39946517.57,1290535647.98,25192241.55,813875345.17,65138759.13,-14754276.02,2019,5,overview
Spain,40218345.91,1340606194.28,24381655.75,812718623.58,64600001.66,-15836690.16,2019,5,overview
Belgium,40070837.93,1268566155.29,27511512.25,870961904.66,67582350.18,-12559325.68,2019,5,overview
Switzerland,328350089.49,11548225929.86,24120537.88,848330577.47,352470627.37,-304229551.61,2019,5,overview
Sweden,42321849.26,1302313532.17,27063689.08,832794623.54,69385538.33,-15258160.18,2019,5,overview
Poland,42556834.22,1409628148.38,26779261.59,887020889.22,69336095.81,-15777572.63,2019,5,overview
Russian Federation,271309607.5,9526771298.79,23965423.1,841522373.84,295275030.6,-247344184.4,2019,5,overview
United States of America,1183911849.89,38277937474.99,2589261107.11,83715333006.83,3773172957.0,1405349257.22,2019,5,overview
Canada,46511281.59,1498393957.55,187727628.61,6047778834.63,234238910.2,141216347.02,2019,5,overview
Brazil,201330219.72,6237879475.42,122182153.91,3785609290.18,323512373.63,-79148065.8,2019,5,overview
Mexico,38604493.51,1229487631.71,114958592.33,3661236156.05,153563085.84,76354098.82,2019,5,overview
Argentina,41551050.38,1467822048.51,25468429.47,899691391.0,67019479.84,-16082620.91,2019,5,overview
Chile,38338819.86,1252874935.89,26968644.8,881308794.6,65307464.66,-11370175.07,2019,5,overview
South Africa,124505362.9,3898999606.71,158097833.91,4950978639.37,282603196.81,33592471.0,2019,5,overview
Nigeria,42941365.82,1448784866.9,101331617.67,3418794707.77,144272983.49,58390251.85,2019,5,overview
Kenya,42630562.15,1366027729.78,29910600.28,958437030.61,72541162.43,-12719961.87,2019,5,overview
Ghana,39896676.82,1283347798.3,23753718.95,764080754.2,63650395.76,-16142957.87,2019,5,overview
Morocco,39542042.91,1389141875.89,27378033.06,961811009.45,66920075.97,-12164009.85,2019,5,overview
Algeria,39764179.02,1340336086.55,23335288.85,786565459.44,63099467.87,-16428890.17,2019,5,overview
Libya,39825923.19,1326377860.09,26265863.64,874768422.56,66091786.82,-13560059.55,2019,5,overview
Tanzania,36614186.28,1306900046.85,28095010.4,1002818146.15,64709196.69,-8519175.88,2019,5,overview
Australia,475488452.38,15895007466.9,645989250.14,21594644208.6,1121477702.52,170500797.76,2019,5,overview
New Zealand,42781522.63,1540789663.36,26317088.55,947818018.26,69098611.18,-16464434.09,2019,5,overview
Saudi Arabia,1256951382.8,38878789815.8,198928946.84,6153075463.73,1455880329.64,-1058022435.95,2019,6,overview
United Arab Emirates,960356108.74,34276873498.52,169549473.17,6051532125.07,1129905581.91,-790806635.57,2019,6,overview
Kuwait,488881459.0,16121044872.89,25956527.42,855925982.88,514837986.42,-462924931.58,2019,6,overview
Qatar,465405371.3,14987773485.25,30654942.15,987202463.63,496060313.45,-434750429.15,2019,6,overview
Iran,122507717.69,4168060138.8,36840117.59,1253405324.31,159347835.27,-85667600.1,2019,6,overview
Iraq,341451634.35,11083882626.22,26691213.5,866425132.58,368142847.85,-314760420.85,2019,6,overview
Bahrain,71213162.28,2437678051.28,27761755.3,950304963.36,98974917.58,-43451406.97,2019,6,overview
Oman,265348390.23,9221902931.69,27676016.37,961850705.95,293024406.6,-237672373.87,2019,6,overview
Israel,47199340.57,1545746444.01,53646736.34,1756894289.88,100846076.91,6447395.77,2019,6,overview
Jordan,42998826.53,1366270362.81,27961278.29,888458335.16,70960104.83,-15037548.24,2019,6,overview
Lebanon,43753489.25,1445751674.71,24697588.82,816085322.88,68451078.07,-19055900.43,2019,6,overview
Turkey,46846736.33,1549205400.08,103559368.4,3424672566.43,150406104.73,56712632.06,2019,6,overview
Egypt,37876489.12,1286597152.83,27022357.27,917901546.3,64898846.4,-10854131.85,2019,6,overview
Yemen,49855066.06,1661605811.05,24872132.4,828956473.17,74727198.46,-24982933.66,2019,6,overview
Malaysia,866958090.49,28485691137.06,765813458.42,25162376225.99,1632771548.91,-101144632.07,2019,6,overview
Singapore,695178771.0,23135489494.4,579369025.73,19281351167.89,1274547796.73,-115809745.27,2019,6,overview
Indonesia,573749759.95,19857736016.39,647398589.64,22406754979.02,1221148349.59,73648829.69,2019,6,overview
Vietnam,390098479.82,12463575735.66,1030850325.41,32935481083.68,1420948805.23,640751845.59,2019,6,overview
Philippines,279378951.23,8985278891.33,447853974.28,14403708095.48,727232925.51,168475023.05,2019,6,overview
Myanmar,218912601.88,7202525520.82,286936690.2,9440611533.04,505849292.07,68024088.32,2019,6,overview
Cambodia,40612321.61,1251995803.78,293375604.22,9044177009.72,333987925.83,252763282.61,2019,6,overview
Brunei Darussalam,35024059.75,1129418005.94,26397629.48,851242210.69,61421689.23,-8626430.27,2019,6,overview
China,3902780842.18,130219018924.32,2694504715.25,89904038862.48,6597285557.42,-1208276126.93,2019,6,overview
Japan,2434927959.33,83539178770.81,1831054322.14,62821067773.26,4265982281.47,-603873637.19,2019,6,overview
"Korea, Republic of",715370944.08,25588786831.53,421628020.63,15081615533.04,1136998964.71,-293742923.45,2019,6,overview
Taiwan,544063965.12,17389447477.05,261192500.93,8348270731.97,805256466.05,-282871464.19,2019,6,overview
Hong Kong,254070045.27,8292375209.58,866547082.55,28282490121.07,1120617127.82,612477037.29,2019,6,overview
India,480666871.83,16902961494.23,535426723.41,18828627099.48,1016093595.24,54759851.58,2019,6,overview
Bangladesh,42220685.99,1414987786.63,27779283.5,930997352.22,69999969.49,-14441402.5,2019,6,overview
Pakistan,44052960.95,1483332042.75,26662325.25,897762160.17,70715286.2,-17390635.69,2019,6,overview
Sri Lanka,44685257.38,1487785892.23,28211471.16,939294775.3,72896728.55,-16473786.22,2019,6,overview
Germany,449106127.76,15790650415.24,337559189.12,11868640440.03,786665316.87,-111546938.64,2019,6,overview
United Kingdom,201001330.86,6620936216.26,340362382.3,11211456232.38,541363713.17,139361051.44,2019,6,overview
France,150541458.61,4814078369.31,171742220.04,5492045275.98,322283678.65,21200761.43,2019,6,overview
Netherlands,181432752.27,5865852392.33,281967549.29,9116215252.86,463400301.56,100534797.03,2019,6,overview
Italy,36075561.51,1059329318.36,24577295.11,721692142.31,60652856.62,-11498266.41,2019,6,overview
Spain,37114730.4,1268533244.76,27051245.9,924576424.63,64165976.3,-10063484.5,2019,6,overview
Belgium,43946555.71,1447091213.78,23527368.67,774719382.05,67473924.38,-20419187.04,2019,6,overview
Switzerland,339902010.94,11983278519.93,23136936.03,815694934.64,363038946.97,-316765074.9,2019,6,overview
Sweden,45483031.79,1502774323.21,25049233.09,827634896.29,70532264.87,-20433798.7,2019,6,overview
Poland,43208501.55,1409860304.58,21334860.87,696140166.06,64543362.42,-21873640.68,2019,6,overview
Russian Federation,241087521.34,7854233544.96,23456695.18,764180415.11,264544216.52,-217630826.16,2019,6,overview
United States of America,1166691220.59,37501226010.35,2859447406.61,91911879996.62,4026138627.2,1692756186.02,2019,6,overview
Canada,44446781.46,1528389274.92,189031233.94,6500207688.97,233478015.39,144584452.48,2019,6,overview
Brazil,213513716.29,7269573019.26,120901244.87,4116365182.34,334414961.16,-92612471.42,2019,6,overview
Mexico,43837850.31,1488415909.79,136630970.84,4638998247.74,180468821.15,92793120.53,2019,6,overview
Argentina,46068479.23,1611295326.39,24408120.17,853700634.55,70476599.4,-21660359.06,2019,6,overview
Chile,43171838.66,1380040417.72,29733532.18,950468579.69,72905370.84,-13438306.48,2019,6,overview
South Africa,145206830.79,4649939900.41,155422427.99,4977072672.02,300629258.78,10215597.2,2019,6,overview
Nigeria,40854788.16,1374201824.25,99385965.97,3342971090.32,140240754.13,58531177.8,2019,6,overview
Kenya,44277640.66,1459544595.93,24329651.99,801989707.6,68607292.65,-19947988.67,2019,6,overview
Ghana,49783719.22,1675445456.83,29024188.07,976794116.58,78807907.29,-20759531.15,2019,6,overview
Morocco,42629211.83,1445994671.68,25744863.91,873272913.98,68374075.73,-16884347.92,2019,6,overview
Algeria,39022505.28,1190074177.94,24974951.86,761664201.11,63997457.14,-14047553.41,2019,6,overview
Libya,43857358.62,1415505911.42,26820279.72,865630436.55,70677638.33,-17037078.9,2019,6,overview
Tanzania,47851555.0,1473992392.17,22999438.05,708461756.56,70850993.04,-24852116.95,2019,6,overview
Australia,519157634.2,18443537803.19,736962147.66,26181237324.86,1256119781.86,217804513.46,2019,6,overview
New Zealand,40939793.51,1348648392.52,27700508.9,912516737.4,68640302.41,-13239284.61,2019,6,overview
Saudi Arabia,1232737270.01,41886543996.64,223060998.96,7579274654.97,1455798268.96,-1009676271.05,2019,7,overview
United Arab Emirates,873888627.44,30647393914.39,186353871.33,6535455803.83,1060242498.77,-687534756.11,2019,7,overview
Kuwait,474977491.94,16026237062.24,25791607.07,870235781.87,500769099.01,-449185884.87,2019,7,overview
Qatar,425355792.19,13608222807.82,23899389.69,764602776.95,449255181.89,-401456402.5,2019,7,overview
Iran,124744459.29,4218283817.61,36460610.72,1232930144.13,161205070.01,-88283848.57,2019,7,overview
Iraq,283018998.92,8130339442.99,26543397.42,762517116.63,309562396.34,-256475601.5,2019,7,overview
Bahrain,72793417.07,2362607791.35,21520572.44,698478985.8,94313989.51,-51272844.63,2019,7,overview
Oman,227606602.11,7907335630.61,22410637.05,778573324.31,250017239.16,-205195965.06,2019,7,overview
Israel,40107662.66,1320730055.73,51386015.53,1692121920.0,91493678.19,11278352.86,2019,7,overview
Jordan,43256802.76,1344227278.62,25153643.78,781662350.74,68410446.54,-18103158.98,2019,7,overview
Lebanon,44987556.06,1379549126.99,24012486.83,736345961.99,69000042.9,-20975069.23,2019,7,overview
Turkey,40239616.13,1379226227.09,112006078.33,3839045589.29,152245694.46,71766462.19,2019,7,overview
Egypt,40504492.89,1317106768.25,24301484.59,790224677.65,64805977.48,-16203008.29,2019,7,overview
Yemen,48589159.95,1634785321.76,25763870.9,866827046.07,74353030.85,-22825289.04,2019,7,overview
Malaysia,902018896.94,29416132232.92,679402088.48,22156278257.57,1581420985.42,-222616808.45,2019,7,overview
Singapore,656194674.72,21617786715.54,538563945.43,17742540367.21,1194758620.14,-117630729.29,2019,7,overview
Indonesia,617289378.7,21048925904.32,627597294.29,21400415106.81,1244886672.99,10307915.59,2019,7,overview
Vietnam,413976114.0,12420400730.33,1006290815.23,30191440408.7,1420266929.22,592314701.23,2019,7,overview
Philippines,268326553.49,9256465185.0,513859539.04,17726620310.69,782186092.53,245532985.54,2019,7,overview
Myanmar,160062410.36,5248544963.48,291767494.1,9567235731.14,451829904.46,131705083.73,2019,7,overview
Cambodia,45360609.39,1538593806.47,229201881.46,7774335486.02,274562490.85,183841272.07,2019,7,overview
Brunei Darussalam,38155281.46,1368669895.58,23752462.08,852025684.32,61907743.53,-14402819.38,2019,7,overview
China,4103105866.41,140757463606.55,2543486574.64,87254565351.03,6646592441.05,-1559619291.78,2019,7,overview
Japan,2599136377.59,87194375587.49,2024067024.82,67902270114.82,4623203402.42,-575069352.77,2019,7,overview
"Korea, Republic of",794848831.21,26469776443.38,414746040.1,13811726873.2,1209594871.31,-380102791.11,2019,7,overview
Taiwan,632363871.81,21993960389.83,317462271.77,11041510974.57,949826143.58,-314901600.04,2019,7,overview
Hong Kong,262774604.44,9315398433.71,757133005.82,26840476580.77,1019907610.26,494358401.38,2019,7,overview
India,416300668.92,13266913763.07,597456321.71,19040088304.11,1013756990.63,181155652.79,2019,7,overview
Bangladesh,41452872.18,1387926551.24,25657524.82,859066165.18,67110397.0,-15795347.36,2019,7,overview
Pakistan,43073069.18,1450713954.48,28227422.54,950708100.3,71300491.72,-14845646.64,2019,7,overview
Sri Lanka,40852811.22,1421032590.11,26928174.34,936675156.15,67780985.55,-13924636.88,2019,7,overview
Germany,375746406.16,12794826110.38,349264001.86,11893053658.43,725010408.02,-26482404.3,2019,7,overview
United Kingdom,203373941.61,6665563978.86,323766492.31,10611419789.65,527140433.92,120392550.7,2019,7,overview
France,168341019.38,5559187528.65,164359042.34,5427689233.33,332700061.72,-3981977.04,2019,7,overview
Netherlands,152049665.51,5381304904.04,258065479.41,9133390890.74,410115144.91,106015813.9,2019,7,overview
Italy,38843462.17,1156366560.56,23017215.3,685220539.13,61860677.47,-15826246.87,2019,7,overview
Spain,39536794.17,1402094230.88,22353820.41,792734041.64,61890614.59,-17182973.76,2019,7,overview
Belgium,45032723.63,1638229858.51,23623699.31,859398376.49,68656422.94,-21409024.32,2019,7,overview
Switzerland,359513746.32,10516097560.36,24350337.23,712269070.63,383864083.55,-335163409.09,2019,7,overview
Sweden,49303141.91,1505318691.11,22220855.07,678444966.57,71523996.98,-27082286.84,2019,7,overview
Poland,45075234.77,1581077380.95,29879504.81,1048065738.33,74954739.59,-15195729.96,2019,7,overview
Russian Federation,261278182.4,8956648318.28,26189508.68,897779587.83,287467691.08,-235088673.72,2019,7,overview
United States of America,1060714287.18,35169362876.59,2726654170.45,90405768186.73,3787368457.63,1665939883.26,2019,7,overview
Canada,41458022.91,1350660405.28,156613805.48,5102319193.06,198071828.39,115155782.57,2019,7,overview
Brazil,180117386.43,5676780082.49,124016603.73,3908645355.77,304133990.16,-56100782.7,2019,7,overview
Mexico,37988035.61,1332924323.74,126798941.51,4449121694.62,164786977.12,88810905.9,2019,7,overview
Argentina,44727722.02,1409619108.37,21858998.79,688898539.8,66586720.81,-22868723.23,2019,7,overview
Chile,44802570.63,1463388616.83,23035025.21,752394186.62,67837595.84,-21767545.41,2019,7,overview
South Africa,130500520.99,4327144530.36,138379866.54,4588408368.59,268880387.53,7879345.55,2019,7,overview
Nigeria,37219915.02,1246110580.18,95189058.85,3186898554.02,132408973.87,57969143.83,2019,7,overview
Kenya,36356687.55,1198699741.33,25880949.48,853308965.38,62237637.03,-10475738.08,2019,7,overview
Ghana,43508299.85,1524801041.28,25447828.27,891849949.94,68956128.12,-18060471.58,2019,7,overview
Morocco,42084081.68,1396494862.45,24141188.92,801087844.97,66225270.59,-17942892.76,2019,7,overview
Algeria,43477660.1,1437410030.82,25097720.14,829752903.0,68575380.24,-18379939.96,2019,7,overview
Libya,39326694.37,1215041171.06,23674198.16,731440206.71,63000892.54,-15652496.21,2019,7,overview
Tanzania,47498589.14,1518085412.79,22512273.53,719506719.45,70010862.67,-24986315.61,2019,7,overview
Australia,471263709.38,15343203790.24,714395966.77,23259000612.56,1185659676.15,243132257.39,2019,7,overview
New Zealand,45825806.91,1531429326.9,23653018.75,790448200.03,69478825.66,-22172788.16,2019,7,overview
Saudi Arabia,1201459253.51,37507878700.97,251408393.36,7848618665.16,1452867646.87,-950050860.15,2019,8,overview
United Arab Emirates,1055529226.52,35487630037.15,180370535.83,6064183429.84,1235899762.35,-875158690.69,2019,8,overview
Kuwait,507366148.45,16776425585.68,25482569.36,842599432.14,532848717.81,-481883579.1,2019,8,overview
Qatar,424119597.94,15402235922.18,27735590.98,1007239745.1,451855188.92,-396384006.96,2019,8,overview
Iran,123007834.61,4042969466.87,30570941.15,1004792759.97,153578775.76,-92436893.46,2019,8,overview
Iraq,362415681.08,12850779925.82,24094430.39,854356581.52,386510111.47,-338321250.69,2019,8,overview
Bahrain,77882836.47,2636604627.74,24609608.22,833120747.32,102492444.69,-53273228.25,2019,8,overview
Oman,291044970.44,9515607464.57,24968996.85,816352100.11,316013967.29,-266075973.58,2019,8,overview
Israel,40919562.2,1310493323.12,47319202.27,1515448731.67,88238764.46,6399640.07,2019,8,overview
Jordan,38714471.75,1232863907.42,25820211.94,822245686.15,64534683.7,-12894259.81,2019,8,overview
Lebanon,43719331.63,1464436737.71,22544854.97,755169684.24,66264186.6,-21174476.66,2019,8,overview
Turkey,45778449.43,1536374426.0,86571618.31,2905437427.96,132350067.74,40793168.87,2019,8,overview
Egypt,47131663.54,1673591575.32,23258139.5,825869986.4,70389803.04,-23873524.04,2019,8,overview
Yemen,44355298.6,1460014372.62,24297675.58,799790705.61,68652974.18,-20057623.02,2019,8,overview
Malaysia,896671781.33,30314799726.95,690841896.17,23356075390.64,1587513677.49,-205829885.16,2019,8,overview
Singapore,636090997.29,19642126314.14,565475804.78,17461569543.42,1201566802.07,-70615192.51,2019,8,overview
Indonesia,595487067.32,18994075368.83,597198756.46,19048672612.74,1192685823.78,1711689.15,2019,8,overview
Vietnam,471605865.68,15993903233.76,1119923953.94,37980773039.21,1591529819.62,648318088.25,2019,8,overview
Philippines,234998357.05,8182559732.23,501963971.87,17478208081.42,736962328.92,266965614.82,2019,8,overview
Myanmar,217016140.35,7289567110.73,305278188.52,10254287257.57,522294328.87,88262048.17,2019,8,overview
Cambodia,43576035.3,1446737939.67,251132200.84,8337667259.61,294708236.14,207556165.54,2019,8,overview
Brunei Darussalam,42393186.9,1459811657.72,27208703.87,936933172.89,69601890.77,-15184483.02,2019,8,overview
China,4021810285.23,121642434929.44,2300766011.57,69588260012.67,6322576296.79,-1721044273.66,2019,8,overview
Japan,2679646213.34,79774847352.63,1878165183.3,55914224816.27,4557811396.65,-801481030.04,2019,8,overview
"Korea, Republic of",708012584.68,23357967871.64,514759650.1,16982380862.8,1222772234.77,-193252934.58,2019,8,overview
Taiwan,641136789.89,21062411374.23,302383298.92,9933794994.92,943520088.81,-338753490.97,2019,8,overview
Hong Kong,276432975.55,9233162272.66,838401147.97,28003510917.48,1114834123.52,561968172.42,2019,8,overview
India,484232787.15,16700251123.69,568720452.19,19614067082.87,1052953239.34,84487665.05,2019,8,overview
Bangladesh,42315971.5,1430481462.44,24193164.97,817844250.79,66509136.47,-18122806.53,2019,8,overview
Pakistan,39831926.6,1313908736.86,25808053.18,851312739.75,65639979.78,-14023873.41,2019,8,overview
Sri Lanka,46644908.11,1537530897.32,26727878.36,881016609.61,73372786.47,-19917029.75,2019,8,overview
Germany,457243309.61,15471611762.91,381517700.68,12909305880.67,838761010.29,-75725608.93,2019,8,overview
United Kingdom,214761053.31,6743997360.88,268888869.22,8443736871.45,483649922.52,54127815.91,2019,8,overview
France,167474914.06,5479702659.64,163296032.42,5342971562.05,330770946.48,-4178881.64,2019,8,overview
Netherlands,172444658.97,5672438039.35,313146949.2,10300734607.57,485591608.16,140702290.23,2019,8,overview
Italy,44586988.98,1339250477.22,25882817.29,777437010.41,70469806.27,-18704171.68,2019,8,overview
Spain,39691615.15,1237801192.61,25453179.64,793769061.57,65144794.78,-14238435.51,2019,8,overview
Belgium,44976421.97,1566445246.1,28903346.71,1006649886.13,73879768.69,-16073075.26,2019,8,overview
Switzerland,337470769.15,11211791763.48,28820895.84,957516656.73,366291664.99,-308649873.3,2019,8,overview
Sweden,41759338.17,1359111758.59,24486390.51,796941300.64,66245728.68,-17272947.65,2019,8,overview
Poland,41583926.26,1382285511.34,26101057.42,867621620.85,67684983.67,-15482868.84,2019,8,overview
Russian Federation,257562748.02,8959569874.17,26650092.63,927049307.05,284212840.64,-230912655.39,2019,8,overview
United States of America,1108243260.76,32326478775.69,2420385086.4,70600498911.04,3528628347.16,1312141825.64,2019,8,overview
Canada,46124498.36,1506557658.83,152894865.88,4993982359.91,199019364.24,106770367.51,2019,8,overview
Brazil,194496393.05,6576349792.15,110189601.49,3725752192.63,304685994.55,-84306791.56,2019,8,overview
Mexico,45523099.38,1325333866.0,122811942.87,3575477707.85,168335042.26,77288843.49,2019,8,overview
Argentina,41041227.39,1263315985.03,26557116.25,817471396.6,67598343.65,-14484111.14,2019,8,overview
Chile,43546202.39,1474863596.24,25718461.71,871056965.83,69264664.1,-17827740.68,2019,8,overview
South Africa,129981677.79,4522693924.31,142472867.89,4957323100.61,272454545.69,12491190.1,2019,8,overview
Nigeria,42372381.8,1338971419.95,102775010.59,3247700413.04,145147392.39,60402628.8,2019,8,overview
Kenya,41394730.94,1355287537.51,23927306.41,783393911.45,65322037.35,-17467424.53,2019,8,overview
Ghana,48793532.45,1492089530.16,22923883.65,701004519.69,71717416.09,-25869648.8,2019,8,overview
Morocco,47967684.79,1534792792.76,25318793.23,810110004.94,73286478.02,-22648891.57,2019,8,overview
Algeria,46487006.09,1661399788.1,24502431.99,875692773.83,70989438.08,-21984574.11,2019,8,overview
Libya,45244212.16,1639467566.96,24744902.5,896655354.57,69989114.66,-20499309.66,2019,8,overview
Tanzania,40837045.43,1365955836.28,27278716.47,912444119.55,68115761.9,-13558328.96,2019,8,overview
Australia,568631741.12,18792145319.58,772445681.74,25527789697.54,1341077422.86,203813940.62,2019,8,overview
New Zealand,40329931.98,1289889433.15,26697542.61,853878903.83,67027474.59,-13632389.36,2019,8,overview
Saudi Arabia,1523905660.99,49453813442.49,221139368.29,7176418688.08,1745045029.28,-1302766292.7,2019,9,overview
United Arab Emirates,1065513145.69,33609032512.0,156140231.95,4925065592.23,1221653377.64,-909372913.75,2019,9,overview
Kuwait,575417384.13,18085157507.8,24870522.01,781671392.5,600287906.15,-550546862.12,2019,9,overview
Qatar,456282846.34,15549403023.63,28739978.72,979413352.2,485022825.06,-427542867.61,2019,9,overview
Iran,141708500.7,4374156536.33,32880973.75,1014946355.0,174589474.45,-108827526.95,2019,9,overview
Iraq,343032674.47,11191012376.88,25572372.34,834266694.23,368605046.81,-317460302.13,2019,9,overview
Bahrain,77437887.19,2608404756.22,27418083.02,923546092.83,104855970.21,-50019804.17,2019,9,overview
Oman,307965049.24,10591460121.12,24898611.72,856307083.26,332863660.96,-283066437.53,2019,9,overview
Israel,43949545.94,1551098255.91,53628087.57,1892680147.78,97577633.51,9678541.63,2019,9,overview
Jordan,45527425.15,1575647776.13,27380421.77,947602473.14,72907846.91,-18147003.38,2019,9,overview
Lebanon,42472665.45,1335034212.71,24487659.7,769715372.06,66960325.15,-17985005.75,2019,9,overview
Turkey,36867751.94,1155626595.38,122272139.89,3832643144.98,159139891.83,85404387.95,2019,9,overview
Egypt,42975612.32,1438011693.08,25668692.07,858902930.12,68644304.39,-17306920.25,2019,9,overview
Yemen,46605080.24,1497206091.83,28056994.33,901341712.17,74662074.57,-18548085.92,2019,9,overview
Malaysia,863301480.03,28166905715.19,715824477.23,23355178955.42,1579125957.26,-147477002.81,2019,9,overview
Singapore,790011352.26,26941217314.74,591089360.3,20157516550.57,1381100712.56,-198921991.96,2019,9,overview
Indonesia,644981182.16,21459512259.83,717857377.52,23884214950.2,1362838559.68,72876195.35,2019,9,overview
Vietnam,392110881.82,12556552911.1,1083573787.95,34699245117.19,1475684669.77,691462906.13,2019,9,overview
Philippines,251399049.68,8763123420.64,549627288.79,19158591780.95,801026338.47,298228239.1,2019,9,overview
Myanmar,219122252.59,7790524095.16,268985493.26,9563327967.52,488107745.86,49863240.67,2019,9,overview
Cambodia,44592636.13,1509383341.01,317135345.4,10734481043.32,361727981.53,272542709.27,2019,9,overview
Brunei Darussalam,37587330.34,1261871990.51,27832017.4,934369184.55,65419347.75,-9755312.94,2019,9,overview
China,4826413463.93,158269275571.76,2766368083.77,90715616441.65,7592781547.7,-2060045380.16,2019,9,overview
Japan,2367897370.38,75119695502.05,2064884092.78,65506835826.89,4432781463.16,-303013277.6,2019,9,overview
"Korea, Republic of",667490686.81,23699161221.54,458100244.15,16264783548.84,1125590930.97,-209390442.66,2019,9,overview
Taiwan,631838904.96,21272059758.27,276950864.98,9324078184.65,908789769.94,-354888039.98,2019,9,overview
Hong Kong,287629261.22,9433944732.28,832315196.7,27299084704.36,1119944457.92,544685935.48,2019,9,overview
India,481815495.5,16368438689.08,574039982.66,19501527761.25,1055855478.16,92224487.16,2019,9,overview
Bangladesh,43326681.48,1372102352.48,27131018.13,859205748.81,70457699.61,-16195663.35,2019,9,overview
Pakistan,42218895.95,1369612660.23,27767000.85,900782340.42,69985896.8,-14451895.1,2019,9,overview
Sri Lanka,49794373.48,1659996377.54,25410764.01,847119328.15,75205137.49,-24383609.47,2019,9,overview
Germany,470140679.12,14272900634.83,310285759.48,9419899213.49,780426438.59,-159854919.64,2019,9,overview
United Kingdom,192051014.5,6178706103.17,337183310.53,10847933212.76,529234325.03,145132296.04,2019,9,overview
France,210814790.0,7015247286.32,167100533.62,5560575541.29,377915323.62,-43714256.38,2019,9,overview
Netherlands,196589539.34,7095359855.79,355399275.76,12827161417.25,551988815.1,158809736.42,2019,9,overview
Italy,47979281.81,1625959825.84,28400531.3,962459653.29,76379813.11,-19578750.5,2019,9,overview
Spain,46474263.77,1476612918.21,25092510.0,797256834.37,71566773.76,-21381753.77,2019,9,overview
Belgium,43738189.4,1413625188.78,25892612.29,836853318.42,69630801.69,-17845577.11,2019,9,overview
Switzerland,369498848.53,12242461365.48,28256140.94,936199707.11,397754989.47,-341242707.59,2019,9,overview
Sweden,48921355.28,1600193599.54,23852452.86,780202064.71,72773808.14,-25068902.42,2019,9,overview
Poland,41241121.88,1355842255.61,22330273.1,734129588.99,63571394.98,-18910848.77,2019,9,overview
Russian Federation,259943302.32,8824091885.33,29428244.46,998977587.9,289371546.78,-230515057.86,2019,9,overview
United States of America,963968306.76,33576510798.91,3215316734.86,111994467362.92,4179285041.62,2251348428.1,2019,9,overview
Canada,45787341.96,1445087026.11,171829222.62,5423074799.04,217616564.58,126041880.65,2019,9,overview
Brazil,212236381.42,7603767253.88,142681860.51,5111845817.35,354918241.93,-69554520.91,2019,9,overview
Mexico,49151352.35,1539448561.08,126117081.07,3950059351.45,175268433.42,76965728.72,2019,9,overview
Argentina,44243101.86,1481469274.67,22536277.33,754621647.81,66779379.2,-21706824.53,2019,9,overview
Chile,43233390.95,1323285269.55,25271323.35,773503285.14,68504714.29,-17962067.6,2019,9,overview
South Africa,136642801.12,4269421366.66,150787969.42,4711388914.8,287430770.54,14145168.3,2019,9,overview
Nigeria,33697082.25,1201583276.11,104768874.8,3735888076.78,138465957.05,71071792.54,2019,9,overview
Kenya,49564407.25,1590853013.56,25290097.86,811728226.51,74854505.11,-24274309.39,2019,9,overview
Ghana,45390709.9,1518441249.44,24153390.58,807995835.51,69544100.47,-21237319.32,2019,9,overview
Morocco,46431280.97,1525256849.05,28826559.77,946945826.21,75257840.74,-17604721.2,2019,9,overview
Algeria,43037141.87,1366845831.19,24406236.57,775134250.44,67443378.44,-18630905.31,2019,9,overview
Libya,42957323.88,1476459414.0,27021467.56,928738025.64,69978791.44,-15935856.31,2019,9,overview
Tanzania,40938873.67,1334333588.92,29384645.99,957743011.27,70323519.67,-11554227.68,2019,9,overview
Australia,524102573.64,15389559090.75,658156145.97,19325859877.03,1182258719.61,134053572.33,2019,9,overview
New Zealand,46844158.89,1526089414.1,27797372.18,905583031.85,74641531.07,-19046786.7,2019,9,overview
Saudi Arabia,1357234997.46,41607642033.03,234286905.92,7182341844.07,1591521903.38,-1122948091.54,2019,10,overview
United Arab Emirates,1034289848.68,32185616779.82,191437411.39,5957257695.3,1225727260.06,-842852437.29,2019,10,overview
Kuwait,552681702.67,18625177163.4,24069783.3,811143151.87,576751485.97,-528611919.37,2019,10,overview
Qatar,448716906.64,15591615279.29,23511315.28,816950235.43,472228221.91,-425205591.36,2019,10,overview
Iran,127066410.97,4231419974.09,33666472.98,1121122294.58,160732883.95,-93399937.99,2019,10,overview
Iraq,343945661.21,11382028594.89,24805824.87,820887250.07,368751486.08,-319139836.33,2019,10,overview
Bahrain,74469983.04,2477218839.83,28497108.11,947946678.8,102967091.15,-45972874.93,2019,10,overview
Oman,262072198.68,8682246431.55,25212405.12,835267210.79,287284603.8,-236859793.55,2019,10,overview
Israel,41140299.56,1384570187.05,41379765.91,1392629388.83,82520065.47,239466.35,2019,10,overview
Jordan,48254165.43,1519301890.43,21896065.94,689406480.86,70150231.37,-26358099.49,2019,10,overview
Lebanon,47228955.34,1560028623.84,31444190.21,1038639039.03,78673145.55,-15784765.13,2019,10,overview
Turkey,42379189.41,1485912472.86,106419774.75,3731323624.96,148798964.16,64040585.34,2019,10,overview
Egypt,42674528.96,1377358176.9,25273745.27,815732488.55,67948274.22,-17400783.69,2019,10,overview
Yemen,41568017.01,1473046554.04,27264967.88,966189149.11,68832984.89,-14303049.13,2019,10,overview
Malaysia,923261707.66,30063509097.24,705464438.28,22971532753.8,1628726145.94,-217797269.39,2019,10,overview
Singapore,629960209.42,20715135405.43,626329537.57,20595747136.41,1256289746.99,-3630671.85,2019,10,overview
Indonesia,620903812.36,20768071037.35,847427808.66,28344874969.6,1468331621.02,226523996.31,2019,10,overview
Vietnam,422935522.2,14685449961.09,1043162703.69,36221392818.27,1466098225.88,620227181.49,2019,10,overview
Philippines,272446640.87,9366400401.75,477866391.34,16428493834.78,750313032.2,205419750.47,2019,10,overview
Myanmar,212973406.46,7373154686.73,310463231.97,10748259474.63,523436638.43,97489825.51,2019,10,overview
Cambodia,43389641.18,1436274498.18,297669953.41,9853406282.63,341059594.59,254280312.24,2019,10,overview
Brunei Darussalam,48069985.23,1525282984.75,28047022.89,889945078.51,76117008.12,-20022962.35,2019,10,overview
China,4268322060.37,138711234589.12,2922471536.6,94974003638.86,7190793596.96,-1345850523.77,2019,10,overview
Japan,2612811931.94,87882970793.42,1994954818.29,67101100498.91,4607766750.23,-617857113.65,2019,10,overview
"Korea, Republic of",838801435.35,27710920339.03,411568815.09,13596722857.49,1250370250.44,-427232620.26,2019,10,overview
Taiwan,701175915.99,23614593540.67,312993036.94,10541154052.54,1014168952.93,-388182879.05,2019,10,overview
Hong Kong,247052299.79,8083374261.54,930838111.0,30456356141.78,1177890410.79,683785811.21,2019,10,overview
India,534034907.83,19697528029.68,689844257.0,25444453890.83,1223879164.83,155809349.17,2019,10,overview
Bangladesh,47086679.42,1567589787.92,27703720.04,922300513.85,74790399.47,-19382959.38,2019,10,overview
Pakistan,43728601.35,1423667608.66,27731125.1,902839408.17,71459726.45,-15997476.24,2019,10,overview
Sri Lanka,45606459.51,1436155899.85,29846010.68,939856432.11,75452470.19,-15760448.84,2019,10,overview
Germany,491035628.2,16117211950.64,397932913.94,13061311130.51,888968542.14,-93102714.26,2019,10,overview
United Kingdom,186806611.82,6528048925.17,299682885.93,10472565838.65,486489497.74,112876274.11,2019,10,overview
France,179670699.9,5793093201.71,165610047.85,5339737880.92,345280747.76,-14060652.05,2019,10,overview
Netherlands,192104928.38,6270612585.9,328777685.92,10731830321.33,520882614.3,136672757.54,2019,10,overview
Italy,43679432.12,1380985730.32,26153802.4,826888678.59,69833234.52,-17525629.72,2019,10,overview
Spain,50815352.48,1769682140.8,26303787.79,916048816.11,77119140.27,-24511564.7,2019,10,overview
Belgium,50476737.79,1633052168.95,29156351.54,943282890.47,79633089.33,-21320386.25,2019,10,overview
Switzerland,371627426.6,11759944482.48,26947737.49,852746256.41,398575164.09,-344679689.11,2019,10,overview
Sweden,46167693.41,1605782509.49,24453274.05,850522018.04,70620967.47,-21714419.36,2019,10,overview
Poland,43327377.73,1448214646.01,27434504.86,916996454.0,70761882.59,-15892872.87,2019,10,overview
Russian Federation,264407652.57,8537100293.18,28267258.61,912683197.45,292674911.18,-236140393.96,2019,10,overview
United States of America,1155280086.5,38343248571.9,2569886281.67,85293419016.79,3725166368.17,1414606195.17,2019,10,overview
Canada,51980144.4,1662500842.94,165595228.93,5296295554.23,217575373.32,113615084.53,2019,10,overview
Brazil,234250341.29,7853464093.33,136939483.24,4591025603.99,371189824.54,-97310858.05,2019,10,overview
Mexico,46761073.67,1620951565.15,141854991.86,4917339424.47,188616065.53,95093918.19,2019,10,overview
Argentina,46475347.16,1580573600.83,26478883.47,900516655.36,72954230.63,-19996463.7,2019,10,overview
Chile,51839574.97,1634927196.45,26713511.11,842496217.45,78553086.07,-25126063.86,2019,10,overview
South Africa,146956471.23,4370631776.09,160439860.12,4771641186.74,307396331.34,13483388.89,2019,10,overview
Nigeria,48050718.04,1579148411.41,103374764.47,3397328942.52,151425482.51,55324046.44,2019,10,overview
Kenya,46195129.19,1573599090.79,27411479.31,933749502.88,73606608.5,-18783649.88,2019,10,overview
Ghana,43432249.07,1416355175.26,28108308.52,916631054.16,71540557.59,-15323940.54,2019,10,overview
Morocco,47659717.73,1505896568.39,28329193.77,895113057.89,75988911.5,-19330523.97,2019,10,overview
Algeria,48909535.62,1673297272.9,25842318.96,884119656.67,74751854.58,-23067216.66,2019,10,overview
Libya,46322234.33,1513106567.43,30970476.74,1011644460.47,77292711.07,-15351757.59,2019,10,overview
Tanzania,43742459.53,1423608420.55,26958053.65,877356065.21,70700513.19,-16784405.88,2019,10,overview
Australia,574557490.16,18052295486.15,626900508.95,19696885728.23,1201457999.12,52343018.79,2019,10,overview
New Zealand,41155909.48,1463747786.6,29052664.4,1033284739.5,70208573.88,-12103245.08,2019,10,overview
Saudi Arabia,1313928382.84,43497701921.65,217850816.22,7211968316.75,1531779199.06,-1096077566.61,2019,11,overview
United Arab Emirates,1158527280.06,38645635695.85,163560075.7,5455963971.51,1322087355.76,-994967204.36,2019,11,overview
Kuwait,571348379.5,19016972247.73,27562319.64,917394511.8,598910699.14,-543786059.86,2019,11,overview
Qatar,477036961.94,16227277118.44,20769147.54,706500207.57,497806109.48,-456267814.4,2019,11,overview
Iran,125566797.76,4239989436.18,30158744.34,1018364406.14,155725542.1,-95408053.41,2019,11,overview
Iraq,343141821.35,11814136766.03,26208609.15,902344376.78,369350430.5,-316933212.2,2019,11,overview
Bahrain,79781413.09,2829044663.15,29287618.64,1038537398.76,109069031.73,-50493794.44,2019,11,overview
Oman,280733102.81,8589605143.3,26659919.31,815714918.44,307393022.13,-254073183.5,2019,11,overview
Israel,43297245.88,1569802874.82,49424634.44,1791960011.67,92721880.31,6127388.56,2019,11,overview
Jordan,43545203.46,1473013528.63,26761194.19,905257019.14,70306397.65,-16784009.27,2019,11,overview
Lebanon,44320728.64,1421189635.14,30093508.21,964979215.27,74414236.85,-14227220.44,2019,11,overview
Turkey,44854279.68,1391378240.94,99703849.43,3092810042.74,144558129.11,54849569.76,2019,11,overview
Egypt,42005082.55,1359118410.93,26421481.99,854894704.19,68426564.54,-15583600.56,2019,11,overview
Yemen,41720112.54,1371562952.98,23518606.98,773182239.29,65238719.51,-18201505.56,2019,11,overview
Malaysia,776999760.24,25737075590.16,749635163.81,24830660012.4,1526634924.05,-27364596.42,2019,11,overview
Singapore,624266421.9,19896472940.56,559963663.06,17847030496.9,1184230084.96,-64302758.84,2019,11,overview
Indonesia,634121832.45,19142388766.89,733543873.64,22143665914.41,1367665706.09,99422041.19,2019,11,overview
Vietnam,445730921.46,15157975954.62,1046420738.94,35585640653.2,1492151660.4,600689817.47,2019,11,overview
Philippines,269519768.52,8765165346.79,498116500.33,16199455466.25,767636268.85,228596731.82,2019,11,overview
Myanmar,206770209.86,6830026846.59,287811351.34,9506975195.77,494581561.2,81041141.48,2019,11,overview
Cambodia,50884207.09,1625108759.01,263713990.75,8422336531.29,314598197.84,212829783.66,2019,11,overview
Brunei Darussalam,38818209.15,1188760921.29,22677343.89,694466354.94,61495553.03,-16140865.26,2019,11,overview
China,4511051416.69,138165447916.1,2757849704.92,84468010795.97,7268901121.62,-1753201711.77,2019,11,overview
Japan,2839748122.58,94336970815.57,2038072845.63,67705166183.42,4877820968.22,-801675276.95,2019,11,overview
"Korea, Republic of",797810872.85,26006403798.18,473354989.16,15430049159.41,1271165862.01,-324455883.69,2019,11,overview
Taiwan,574249024.58,18330758173.08,255945099.07,8170092618.12,830194123.66,-318303925.51,2019,11,overview
Hong Kong,260524038.94,8545999892.11,813572646.75,26687716725.5,1074096685.68,553048607.81,2019,11,overview
India,488820309.85,15654468530.64,607210457.43,19445912548.64,1096030767.28,118390147.58,2019,11,overview
Bangladesh,44762579.84,1403951521.11,27436914.18,860542388.98,72199494.02,-17325665.66,2019,11,overview
Pakistan,49151961.08,1623404459.38,26290993.16,868346137.23,75442954.23,-22860967.92,2019,11,overview
Sri Lanka,46669024.3,1606800736.84,26994418.2,929409853.89,73663442.49,-19674606.1,2019,11,overview
Germany,451811720.5,15154784071.16,336021770.21,11270927998.65,787833490.71,-115789950.29,2019,11,overview
United Kingdom,200627503.67,6610707346.03,311851710.06,10275562187.74,512479213.73,111224206.39,2019,11,overview
France,173725281.75,5242547164.31,174850003.17,5276488137.3,348575284.92,1124721.42,2019,11,overview
Netherlands,168911354.64,5614577042.61,311463030.55,10352964042.77,480374385.19,142551675.92,2019,11,overview
Italy,40535547.84,1285006770.58,29183300.62,925132159.07,69718848.46,-11352247.21,2019,11,overview
Spain,47592082.11,1524405754.8,27405652.05,877821096.36,74997734.16,-20186430.06,2019,11,overview
Belgium,50439431.82,1734043671.49,23969489.92,824040652.29,74408921.74,-26469941.9,2019,11,overview
Switzerland,381616460.19,13390424704.39,25078285.16,879964372.97,406694745.35,-356538175.03,2019,11,overview
Sweden,43283168.98,1445245907.6,27112030.49,905283786.75,70395199.48,-16171138.49,2019,11,overview
Poland,43692109.11,1493843394.38,28218913.54,964811231.19,71911022.65,-15473195.57,2019,11,overview
Russian Federation,227931122.17,6953326534.88,29265201.31,892771899.32,257196323.48,-198665920.85,2019,11,overview
United States of America,1147559918.13,35991553277.22,3081452254.94,96645282963.38,4229012173.07,1933892336.81,2019,11,overview
Canada,42715122.85,1395828486.71,161039374.02,5262383220.35,203754496.87,118324251.17,2019,11,overview
Brazil,215391394.31,7531259854.03,140764401.64,4921892494.11,356155795.95,-74626992.67,2019,11,overview
Mexico,49098082.8,1604828143.02,126541018.92,4136140900.68,175639101.72,77442936.12,2019,11,overview
Argentina,38218518.39,1316523906.61,24791555.46,854001589.31,63010073.85,-13426962.93,2019,11,overview
Chile,49875059.31,1601553172.13,23883180.39,766920056.76,73758239.7,-25991878.92,2019,11,overview
South Africa,132220098.98,4202694479.91,162563649.94,5167182293.22,294783748.92,30343550.96,2019,11,overview
Nigeria,45665015.69,1505955573.02,101981842.34,3363189993.3,147646858.03,56316826.65,2019,11,overview
Kenya,46096871.01,1491022707.16,26513615.21,857594050.62,72610486.22,-19583255.8,2019,11,overview
Ghana,43779378.69,1420421217.37,26312670.53,853714159.89,70092049.22,-17466708.17,2019,11,overview
Morocco,43252253.91,1463715924.67,29889132.0,1011489449.18,73141385.91,-13363121.91,2019,11,overview
Algeria,43122636.21,1401454230.29,27977543.34,909249756.28,71100179.55,-15145092.87,2019,11,overview
Libya,48311707.05,1586510408.12,27283641.45,895968777.93,75595348.5,-21028065.61,2019,11,overview
Tanzania,45748599.8,1432381742.54,23169742.56,725441136.14,68918342.36,-22578857.25,2019,11,overview
Australia,479377579.73,17065253401.99,714747716.29,25444141346.57,1194125296.02,235370136.56,2019,11,overview
New Zealand,52050593.85,1756773475.57,27852668.34,940062837.63,79903262.18,-24197925.51,2019,11,overview
Saudi Arabia,984302688.46,31318862221.72,183345668.4,5833751949.51,1167648356.86,-800957020.05,2019,12,overview
United Arab Emirates,874305616.77,28232958187.81,151270769.16,4884815125.04,1025576385.93,-723034847.61,2019,12,overview
Kuwait,387161766.98,12153350682.24,24376154.87,765189085.55,411537921.85,-362785612.11,2019,12,overview
Qatar,390670237.17,12353353531.82,26816312.11,847956543.47,417486549.28,-363853925.05,2019,12,overview
Iran,91721354.79,3178276972.03,29965002.98,1038330486.3,121686357.77,-61756351.82,2019,12,overview
Iraq,310372525.35,10473536024.95,20737628.75,699792294.76,331110154.1,-289634896.6,2019,12,overview
Bahrain,59050210.03,2182880475.87,22805055.03,843023409.24,81855265.05,-36245155.0,2019,12,overview
Oman,202345345.96,6819349721.56,23466880.98,790870022.24,225812226.93,-178878464.98,2019,12,overview
Israel,41663078.06,1394133076.6,46360578.0,1551321175.76,88023656.07,4697499.94,2019,12,overview
Jordan,37132277.73,1206249898.65,23495193.57,763246334.45,60627471.3,-13637084.15,2019,12,overview
Lebanon,40239487.13,1350664564.92,22319916.98,749182534.62,62559404.11,-17919570.15,2019,12,overview
Turkey,38243594.04,1259090382.2,100287729.85,3301763845.11,138531323.88,62044135.81,2019,12,overview
Egypt,32896033.76,1040876613.69,25321935.56,801221531.09,58217969.33,-7574098.2,2019,12,overview
Yemen,36328449.89,1273735654.63,21903983.22,767989949.62,58232433.11,-14424466.68,2019,12,overview
Malaysia,635678648.21,21984364538.14,767292194.72,26536098645.87,1402970842.93,131613546.51,2019,12,overview
Singapore,624286922.72,20868869961.75,496144892.51,16585295746.45,1120431815.23,-128142030.21,2019,12,overview
Indonesia,559040189.59,18914234095.55,604679916.95,20458381553.02,1163720106.55,45639727.36,2019,12,overview
Vietnam,386080474.23,12653050157.79,905475892.27,29675242977.52,1291556366.49,519395418.04,2019,12,overview
Philippines,226413687.64,7673235741.64,501722739.56,17003551762.82,728136427.21,275309051.92,2019,12,overview
Myanmar,146580707.6,4879980204.69,242068574.29,8058972221.04,388649281.89,95487866.69,2019,12,overview
Cambodia,38275959.81,1327646413.79,222851260.46,7729856500.11,261127220.28,184575300.65,2019,12,overview
Brunei Darussalam,41239081.15,1386069371.42,21577905.09,725245871.44,62816986.24,-19661176.06,2019,12,overview
China,3535358601.41,113343328650.54,2046150257.68,65599422087.52,5581508859.09,-1489208343.73,2019,12,overview
Japan,2458680398.92,83028722762.35,1980300006.68,66873994811.69,4438980405.6,-478380392.24,2019,12,overview
"Korea, Republic of",648911366.61,20789678050.15,399162800.8,12788289041.24,1048074167.41,-249748565.8,2019,12,overview
Taiwan,555210541.25,18950133607.52,285515457.81,9745052859.2,840725999.06,-269695083.44,2019,12,overview
Hong Kong,251876006.04,8444690255.43,810109302.63,27160674180.22,1061985308.66,558233296.59,2019,12,overview
India,457766401.37,14500752366.96,535528020.6,16964021800.31,993294421.98,77761619.23,2019,12,overview
Bangladesh,37833261.31,1210181329.09,21629379.13,691863981.07,59462640.44,-16203882.18,2019,12,overview
Pakistan,37890142.74,1232871651.05,21541947.35,700933125.81,59432090.09,-16348195.4,2019,12,overview
Sri Lanka,32526248.35,1073425010.09,23392460.42,771993492.46,55918708.78,-9133787.93,2019,12,overview
Germany,358275948.65,12326969551.08,322840160.4,11107753233.59,681116109.05,-35435788.25,2019,12,overview
United Kingdom,167017415.41,5318884457.61,251960174.75,8023995905.57,418977590.17,84942759.34,2019,12,overview
France,141803855.29,4638299284.07,163508224.73,5348233164.23,305312080.02,21704369.43,2019,12,overview
Netherlands,150088617.95,5095977913.2,225317087.91,7650219711.31,375405705.86,75228469.96,2019,12,overview
Italy,34532940.92,1153955012.56,23110276.04,772254495.71,57643216.96,-11422664.88,2019,12,overview
Spain,42506019.69,1210177485.16,20591770.47,586262773.52,63097790.16,-21914249.23,2019,12,overview
Belgium,38897138.6,1355892775.95,26312940.57,917227521.58,65210079.18,-12584198.03,2019,12,overview
Switzerland,311810310.99,10667243984.4,22095389.42,755898382.93,333905700.41,-289714921.57,2019,12,overview
Sweden,35347791.65,1193278005.4,23876498.3,806027729.85,59224289.95,-11471293.36,2019,12,overview
Poland,41584643.72,1396770959.91,28077774.47,943093808.1,69662418.19,-13506869.24,2019,12,overview
Russian Federation,220635069.29,6695477009.2,22952943.27,696538879.45,243588012.55,-197682126.02,2019,12,overview
United States of America,868869113.55,27989634414.61,2373004833.48,76443663052.62,3241873947.03,1504135719.93,2019,12,overview
Canada,38800554.94,1345663231.05,143244982.16,4967957438.29,182045537.1,104444427.22,2019,12,overview
Brazil,191669841.66,6230833482.25,114914437.05,3735656667.36,306584278.71,-76755404.62,2019,12,overview
Mexico,38809251.43,1230226285.36,122590904.03,3886046417.56,161400155.47,83781652.6,2019,12,overview
Argentina,36315109.43,1125085436.5,22441144.11,695253430.52,58756253.54,-13873965.33,2019,12,overview
Chile,35820942.56,1229073271.53,22123753.59,759101024.73,57944696.16,-13697188.97,2019,12,overview
South Africa,117415564.23,4024576615.98,140137232.62,4803392405.0,257552796.85,22721668.39,2019,12,overview
Nigeria,37912059.85,1245227951.1,94873821.3,3116146539.54,132785881.14,56961761.45,2019,12,overview
Kenya,39147111.2,1148645700.0,21927724.07,643398329.75,61074835.27,-17219387.13,2019,12,overview
Ghana,37921543.9,1304096225.85,25617856.57,880980746.82,63539400.47,-12303687.33,2019,12,overview
Morocco,41293885.62,1368189750.07,25274480.53,837419019.26,66568366.15,-16019405.09,2019,12,overview
Algeria,38938434.84,1266507276.13,21863520.51,711130478.85,60801955.35,-17074914.32,2019,12,overview
Libya,40221698.19,1318902891.34,25215147.36,826825625.44,65436845.56,-15006550.83,2019,12,overview
Tanzania,36952752.92,1252765213.07,23000971.44,779774566.56,59953724.37,-13951781.48,2019,12,overview
Australia,406866142.77,13090590504.68,500667387.9,16108570031.11,907533530.67,93801245.13,2019,12,overview
New Zealand,34589815.23,1133796361.61,22065022.04,723254563.21,56654837.26,-12524793.19,2019,12,overview
Saudi Arabia,1091917564.21,36568447140.03,210775276.22,7058888692.3,1302692840.43,-881142287.99,2020,1,overview
United Arab Emirates,928187996.76,29044627047.85,158586247.4,4962441258.51,1086774244.17,-769601749.36,2020,1,overview
Kuwait,490874036.96,16692525510.77,22522654.5,765899103.48,513396691.47,-468351382.46,2020,1,overview
Qatar,345282286.8,11817919681.58,19843346.11,679174922.94,365125632.91,-325438940.69,2020,1,overview
Iran,116711775.94,3699238722.14,28033014.59,888520564.69,144744790.53,-88678761.35,2020,1,overview
Iraq,288168862.07,10219623241.75,20503834.12,727148166.6,308672696.19,-267665027.95,2020,1,overview
Bahrain,56072945.95,1822767307.39,23817276.88,774229941.29,79890222.84,-32255669.07,2020,1,overview
Oman,237534581.75,7780637780.49,21673630.14,709937324.67,259208211.89,-215860951.61,2020,1,overview
Israel,37890297.14,1292484887.32,41686469.16,1421977009.13,79576766.3,3796172.03,2020,1,overview
Jordan,36216077.41,1141113403.68,22245594.07,700924765.59,58461671.48,-13970483.34,2020,1,overview
Lebanon,30025002.57,1099483261.24,22313704.87,817103843.51,52338707.44,-7711297.7,2020,1,overview
Turkey,40137217.76,1308700626.23,90500339.13,2950823627.64,130637556.89,50363121.38,2020,1,overview
Egypt,37834543.62,1181526668.43,23651817.53,738617424.68,61486361.15,-14182726.09,2020,1,overview
Yemen,41133403.95,1401714465.59,23956843.25,816384021.49,65090247.2,-17176560.7,2020,1,overview
Malaysia,781828960.64,26589449302.41,605214962.06,20582932278.91,1387043922.7,-176613998.59,2020,1,overview
Singapore,632875750.98,20340371803.07,477060891.65,15332544964.59,1109936642.63,-155814859.33,2020,1,overview
Indonesia,533041718.81,16599633072.78,636701593.27,19827740403.83,1169743312.08,103659874.45,2020,1,overview
Vietnam,333327836.64,11025262040.39,918347138.12,30375554421.0,1251674974.76,585019301.48,2020,1,overview
Philippines,229742337.69,7504578632.19,462044767.14,15092783165.08,691787104.84,232302429.45,2020,1,overview
Myanmar,211340203.68,6711584626.46,197578812.68,6274560630.68,408919016.36,-13761391.0,2020,1,overview
Cambodia,37454699.62,1226125226.55,196812273.23,6442889559.0,234266972.85,159357573.61,2020,1,overview
Brunei Darussalam,42786521.86,1426761555.42,22697863.03,756884106.19,65484384.89,-20088658.83,2020,1,overview
China,3395928885.62,110154442886.74,2154266003.95,69878368919.96,5550194889.57,-1241662881.67,2020,1,overview
Japan,2208404607.26,74724763301.48,1998669109.73,67628040464.74,4207073716.99,-209735497.53,2020,1,overview
"Korea, Republic of",550537307.08,18579165623.41,385114397.71,12996583677.18,935651704.79,-165422909.38,2020,1,overview
Taiwan,576960117.46,18161180580.08,297794048.49,9373770086.81,874754165.96,-279166068.97,2020,1,overview
Hong Kong,211900775.04,6918342091.94,679342095.25,22179819830.97,891242870.28,467441320.21,2020,1,overview
India,430932598.46,14171681091.06,570496266.94,18761382145.8,1001428865.39,139563668.48,2020,1,overview
Bangladesh,36800300.68,1168309657.7,22935106.89,728127389.74,59735407.57,-13865193.79,2020,1,overview
Pakistan,44079859.66,1466850376.89,19745632.09,657077588.23,63825491.75,-24334227.57,2020,1,overview
Sri Lanka,43880655.59,1435553078.32,22672326.76,741723842.37,66552982.35,-21208328.83,2020,1,overview
Germany,366867048.96,12862091918.5,297773146.12,10439709936.28,664640195.08,-69093902.83,2020,1,overview
United Kingdom,155419472.73,4796876595.24,296797767.16,9160385361.21,452217239.89,141378294.43,2020,1,overview
France,147844084.38,5009375963.58,145879104.77,4942796893.43,293723189.15,-1964979.62,2020,1,overview
Netherlands,131752801.17,4747905133.42,274141310.44,9879083583.79,405894111.61,142388509.27,2020,1,overview
Italy,33648063.61,1076974471.41,23003899.34,736286421.17,56651962.95,-10644164.27,2020,1,overview
Spain,39053413.88,1251184277.37,22694711.09,727087925.9,61748124.97,-16358702.79,2020,1,overview
Belgium,39240691.46,1283706023.11,25930922.25,848294967.29,65171613.72,-13309769.21,2020,1,overview
Switzerland,319530362.63,10086086273.43,20315554.78,641267504.39,339845917.42,-299214807.85,2020,1,overview
Sweden,39193963.5,1314307640.45,25350405.54,850085796.61,64544369.04,-13843557.96,2020,1,overview
Poland,36820814.0,1146025316.22,22658715.46,705238660.59,59479529.46,-14162098.54,2020,1,overview
Russian Federation,237558653.84,7678338620.27,24259493.38,784112057.74,261818147.21,-213299160.46,2020,1,overview
United States of America,872316303.78,28215001405.9,2468478299.17,79842734085.74,3340794602.95,1596161995.39,2020,1,overview
Canada,37566857.99,1225786344.66,176442504.4,5757223895.13,214009362.39,138875646.4,2020,1,overview
Brazil,183420008.1,6257609813.58,107430681.07,3665136050.95,290850689.18,-75989327.03,2020,1,overview
Mexico,37219128.03,1301997900.95,107414082.78,3757554722.81,144633210.81,70194954.75,2020,1,overview
Argentina,42055760.54,1270091962.1,21571552.16,651464975.4,63627312.7,-20484208.38,2020,1,overview
Chile,40810701.36,1395152122.76,21418903.05,732225300.3,62229604.41,-19391798.31,2020,1,overview
South Africa,95442979.0,2976221521.37,145668602.73,4542419306.16,241111581.73,50225623.73,2020,1,overview
Nigeria,39974548.66,1261960159.12,90743496.87,2864689698.62,130718045.53,50768948.21,2020,1,overview
Kenya,36536874.29,1211520429.94,23904158.1,792634193.88,60441032.39,-12632716.19,2020,1,overview
Ghana,39532373.09,1211811037.32,26242891.49,804440084.9,65775264.58,-13289481.59,2020,1,overview
Morocco,42652804.93,1350039071.55,22849176.44,723218109.68,65501981.37,-19803628.48,2020,1,overview
Algeria,33747345.77,1160317277.76,22317162.56,767319287.39,56064508.32,-11430183.21,2020,1,overview
Libya,37381298.26,1152212595.56,25399421.66,782892379.82,62780719.92,-11981876.6,2020,1,overview
Tanzania,37730141.93,1265674507.35,20389661.16,683980314.72,58119803.09,-17340480.76,2020,1,overview
Australia,485354989.22,14120762361.66,583926480.54,16988569710.14,1069281469.76,98571491.33,2020,1,overview
New Zealand,38367755.33,1289403749.39,23451719.65,788128859.21,61819474.98,-14916035.69,2020,1,overview
Saudi Arabia,1202567730.89,40911744027.18,166767375.06,5673480158.47,1369335105.95,-1035800355.84,2020,2,overview
United Arab Emirates,959023226.17,32107596751.76,125154620.94,4190111345.55,1084177847.11,-833868605.24,2020,2,overview
Kuwait,420093622.32,14082174546.54,21744753.8,728917084.68,441838376.12,-398348868.52,2020,2,overview
Qatar,350572713.07,11586858889.82,20704335.15,684303714.71,371277048.22,-329868377.92,2020,2,overview
Iran,99918661.81,3399138943.52,26648293.6,906549896.83,126566955.4,-73270368.21,2020,2,overview
Iraq,231886219.19,7813148052.0,23054213.19,776786052.67,254940432.37,-208832006.0,2020,2,overview
Bahrain,50308299.78,1750284313.5,20701084.29,720214820.81,71009384.07,-29607215.49,2020,2,overview
Oman,201694791.55,6795721034.46,21074328.14,710059262.84,222769119.69,-180620463.41,2020,2,overview
Israel,38765361.3,1244512875.13,42894110.82,1377061154.33,81659472.12,4128749.52,2020,2,overview
Jordan,40630116.05,1400450503.83,24932313.31,859374132.69,65562429.36,-15697802.74,2020,2,overview
Lebanon,36728153.45,1166278029.33,20472226.72,650081912.55,57200380.17,-16255926.72,2020,2,overview
Turkey,38004037.0,1334032828.08,90480461.14,3176081148.12,128484498.14,52476424.14,2020,2,overview
Egypt,38377396.85,1327010612.95,19255606.39,665818844.83,57633003.25,-19121790.46,2020,2,overview
Yemen,33566493.07,1120291786.52,21215166.3,708062546.47,54781659.37,-12351326.77,2020,2,overview
Malaysia,846063792.49,28690094770.68,728879130.44,24716352968.22,1574942922.93,-117184662.05,2020,2,overview
Singapore,575112605.88,19744468731.8,494507420.13,16977173156.12,1069620026.01,-80605185.76,2020,2,overview
Indonesia,497606923.05,16592755664.34,625772877.11,20866463005.84,1123379800.15,128165954.06,2020,2,overview
Vietnam,379317469.15,12757349231.2,922141334.61,31013807701.91,1301458803.76,542823865.46,2020,2,overview
Philippines,233564848.16,7512040492.8,416133793.41,13383922842.33,649698641.57,182568945.24,2020,2,overview
Myanmar,166342749.48,5683666392.47,226570666.55,7741558240.29,392913416.03,60227917.06,2020,2,overview
Cambodia,37815100.48,1247580894.85,248195362.51,8188363603.88,286010462.99,210380262.03,2020,2,overview
Brunei Darussalam,38430777.73,1245900851.2,19975931.77,647606732.41,58406709.5,-18454845.97,2020,2,overview
China,3850897768.92,125381571379.89,2337427779.59,76104426961.88,6188325548.51,-1513469989.33,2020,2,overview
Japan,2176212971.0,70649570676.26,1538376245.56,49942548241.4,3714589216.56,-637836725.43,2020,2,overview
"Korea, Republic of",625241624.52,21102529182.47,381578066.39,12878640777.57,1006819690.9,-243663558.13,2020,2,overview
Taiwan,512741920.28,16412621875.63,255498455.23,8178382475.81,768240375.5,-257243465.05,2020,2,overview
Hong Kong,231111485.64,7797245836.43,754154120.85,25443673050.82,985265606.49,523042635.22,2020,2,overview
India,384384238.16,13317272173.12,422729919.44,14645786257.6,807114157.6,38345681.28,2020,2,overview
Bangladesh,35081759.36,1194190749.26,20376779.64,693630028.48,55458538.99,-14704979.72,2020,2,overview
Pakistan,35335143.11,1198762713.01,23743448.61,805508577.66,59078591.72,-11591694.5,2020,2,overview
Sri Lanka,38474049.81,1339586233.56,19495711.55,678800046.67,57969761.36,-18978338.26,2020,2,overview
Germany,372415828.0,12369822526.29,283211943.06,9406908110.51,655627771.06,-89203884.95,2020,2,overview
United Kingdom,156477600.89,4922150453.44,263702262.52,8295003269.55,420179863.41,107224661.62,2020,2,overview
France,130126495.53,4511359710.77,128145660.43,4442686074.29,258272155.96,-1980835.1,2020,2,overview
Netherlands,138571065.32,4461475286.18,286685667.57,9230217129.55,425256732.89,148114602.25,2020,2,overview
Italy,31496527.03,1097771053.03,19932465.71,694720527.39,51428992.73,-11564061.32,2020,2,overview
Spain,36024203.82,1197445519.75,20927448.94,695628975.02,56951652.76,-15096754.87,2020,2,overview
Belgium,37943535.95,1334578460.31,23844065.33,838661321.17,61787601.28,-14099470.63,2020,2,overview
Switzerland,283433934.68,9177534758.33,19565590.5,633529951.51,302999525.18,-263868344.18,2020,2,overview
Sweden,37238751.95,1175414155.95,20199958.12,637597005.37,57438710.07,-17038793.82,2020,2,overview
Poland,37482454.3,1238764959.76,21802309.73,720548796.55,59284764.03,-15680144.57,2020,2,overview
Russian Federation,205593746.69,6499568808.33,21484068.35,679189823.47,227077815.04,-184109678.34,2020,2,overview
United States of America,937849496.72,28351863855.44,2528023635.74,76423970151.91,3465873132.46,1590174139.03,2020,2,overview
Canada,33766544.14,1081372363.8,128447181.83,4113516386.61,162213725.97,94680637.69,2020,2,overview
Brazil,181178334.29,5728353493.51,96745856.1,3058834076.11,277924190.39,-84432478.19,2020,2,overview
Mexico,33549284.4,1110616064.61,111252125.47,3682892197.8,144801409.87,77702841.07,2020,2,overview
Argentina,34372895.91,1106119098.46,22197113.35,714302660.75,56570009.25,-12175782.56,2020,2,overview
Chile,35686386.5,1249405071.38,24817714.61,868885351.88,60504101.11,-10868671.89,2020,2,overview
South Africa,98059666.27,3355316899.95,140042168.78,4791836169.66,238101835.05,41982502.51,2020,2,overview
Nigeria,33128151.64,1169652266.67,93284718.62,3293594033.75,126412870.25,60156566.98,2020,2,overview
Kenya,33203206.74,1146390258.55,20280952.56,700230150.39,53484159.3,-12922254.18,2020,2,overview
Ghana,37271480.48,1249000252.41,22853134.96,765828750.6,60124615.44,-14418345.52,2020,2,overview
Morocco,37619347.6,1300537583.94,19564847.3,676375877.52,57184194.9,-18054500.29,2020,2,overview
Algeria,39892420.13,1313848263.1,21485836.81,707631406.66,61378256.94,-18406583.32,2020,2,overview
Libya,32010884.61,1083827289.1,22787960.08,771556715.78,54798844.68,-9222924.53,2020,2,overview
Tanzania,36297672.55,1179633855.2,23856242.73,775301268.92,60153915.28,-12441429.82,2020,2,overview
Australia,457522499.52,15082079025.91,536055139.81,17670881736.5,993577639.34,78532640.29,2020,2,overview
New Zealand,35970342.82,1167083297.72,22282014.17,722955761.26,58252357.0,-13688328.65,2020,2,overview
Saudi Arabia,968208325.21,31316556575.98,162994214.47,5272024011.73,1131202539.68,-805214110.75,2020,3,overview
United Arab Emirates,682189715.64,23925881263.9,139432178.5,4890190618.13,821621894.15,-542757537.14,2020,3,overview
Kuwait,350936670.49,11316141689.22,19359193.63,624247610.87,370295864.12,-331577476.86,2020,3,overview
Qatar,333041926.41,10873282133.3,18778722.47,613095022.82,351820648.87,-314263203.94,2020,3,overview
Iran,91714682.37,2900542142.43,23111111.16,730905348.5,114825793.53,-68603571.21,2020,3,overview
Iraq,213123156.76,6804246630.51,18248274.06,582600967.47,231371430.82,-194874882.69,2020,3,overview
Bahrain,55034188.57,1768244083.64,20529780.54,659620209.34,75563969.12,-34504408.03,2020,3,overview
Oman,199448116.86,6722997802.53,19080287.82,643158406.85,218528404.68,-180367829.04,2020,3,overview
Israel,32814859.28,1106627753.49,38873894.24,1310958852.07,71688753.52,6059034.96,2020,3,overview
Jordan,29387192.85,1008889844.56,19622578.81,673661502.42,49009771.67,-9764614.04,2020,3,overview
Lebanon,30624998.79,1042015384.51,18402558.26,626146924.91,49027557.05,-12222440.53,2020,3,overview
Turkey,32070497.14,1172042254.74,79686954.12,2912224184.44,111757451.26,47616456.98,2020,3,overview
Egypt,30565767.11,1022599987.36,16319846.78,545992353.26,46885613.9,-14245920.33,2020,3,overview
Yemen,34499463.76,1213687374.58,18008020.88,633520211.59,52507484.64,-16491442.88,2020,3,overview
Malaysia,582475958.67,18692357592.36,516370834.91,16570964265.1,1098846793.57,-66105123.76,2020,3,overview
Singapore,593649548.0,18907747078.75,460880103.87,14679038276.15,1054529651.87,-132769444.12,2020,3,overview
Indonesia,436557644.79,14152895010.93,490213378.03,15892376539.56,926771022.82,53655733.24,2020,3,overview
Vietnam,324981736.62,9788609234.4,735365554.17,22149571016.11,1060347290.79,410383817.55,2020,3,overview
Philippines,195483356.25,6306354799.61,346690541.19,11184346332.09,542173897.44,151207184.95,2020,3,overview
Myanmar,181917918.87,6225196215.56,165026370.06,5647170662.08,346944288.93,-16891548.81,2020,3,overview
Cambodia,31888759.39,1090135028.83,179362570.13,6131609516.14,211251329.52,147473810.73,2020,3,overview
Brunei Darussalam,33503973.84,1154288187.19,19184392.23,660945994.89,52688366.07,-14319581.62,2020,3,overview
China,3175217265.88,99613786742.08,1744826453.29,54739173941.84,4920043719.17,-1430390812.59,2020,3,overview
Japan,1827773727.43,63729021960.18,1814032667.42,63249912154.74,3641806394.85,-13741060.01,2020,3,overview
"Korea, Republic of",465460212.59,15696621234.89,273430622.23,9220845939.33,738890834.83,-192029590.36,2020,3,overview
Taiwan,476625281.22,15546356715.21,223445824.58,7288258999.69,700071105.8,-253179456.65,2020,3,overview
Hong Kong,193735888.11,6418245144.26,627604005.72,20791792380.96,821339893.82,433868117.61,2020,3,overview
India,295083494.5,9360901339.74,420223687.15,13330709949.41,715307181.65,125140192.65,2020,3,overview
Bangladesh,33073851.66,1109668156.0,22728488.9,762568588.17,55802340.56,-10345362.76,2020,3,overview
Pakistan,31798563.21,1072375757.72,19699849.15,664358339.95,51498412.36,-12098714.05,2020,3,overview
Sri Lanka,33712833.22,1216521361.71,19237579.96,694184520.52,52950413.18,-14475253.27,2020,3,overview
Germany,296658017.76,9377487001.54,253893979.74,8025697443.75,550551997.5,-42764038.02,2020,3,overview
United Kingdom,170330921.66,5514284703.71,198315516.85,6420256582.98,368646438.51,27984595.19,2020,3,overview
France,127386714.87,4379259932.21,131860866.6,4533070896.12,259247581.47,4474151.73,2020,3,overview
Netherlands,117464699.17,3751309196.33,214987552.98,6865762993.52,332452252.15,97522853.81,2020,3,overview
Italy,29332807.85,954409659.61,18028348.22,586593338.7,47361156.08,-11304459.63,2020,3,overview
Spain,38948778.89,1204824924.07,18982351.78,587191978.83,57931130.67,-19966427.1,2020,3,overview
Belgium,31142983.03,1125278946.81,19846010.33,717089226.22,50988993.36,-11296972.7,2020,3,overview
Switzerland,227826460.35,8157656251.62,15587615.98,558137157.47,243414076.34,-212238844.37,2020,3,overview
Sweden,33633299.93,1136870908.19,17072438.34,577081598.48,50705738.27,-16560861.58,2020,3,overview
Poland,25739122.23,862047777.55,18351829.4,614634547.55,44090951.63,-7387292.83,2020,3,overview
Russian Federation,210170373.3,6962635673.1,16858729.22,558504929.11,227029102.52,-193311644.09,2020,3,overview
United States of America,724846208.22,22946442290.97,1996982880.79,63218448148.81,2721829089.01,1272136672.57,2020,3,overview
Canada,31551795.54,1072026029.3,112568446.36,3824704822.61,144120241.91,81016650.82,2020,3,overview
Brazil,174283258.9,5761343907.33,90012553.29,2975577107.98,264295812.19,-84270705.61,2020,3,overview
Mexico,28836808.8,949443079.05,89535123.0,2947916444.14,118371931.8,60698314.2,2020,3,overview
Argentina,39455189.44,1388675336.97,16714785.4,588298030.63,56169974.84,-22740404.04,2020,3,overview
Chile,35217803.49,1255089641.21,18758779.08,668524069.46,53976582.58,-16459024.41,2020,3,overview
South Africa,100762841.64,3317144892.18,113508380.46,3736732096.13,214271222.1,12745538.82,2020,3,overview
Nigeria,35809365.74,1148101409.1,79824870.87,2559303825.74,115634236.61,44015505.13,2020,3,overview
Kenya,29174310.99,927741401.75,18048950.17,573955571.32,47223261.16,-11125360.82,2020,3,overview
Ghana,32450909.88,1048620243.74,20163124.82,651552173.6,52614034.7,-12287785.05,2020,3,overview
Morocco,32504926.19,1114029839.09,18432037.87,631714714.9,50936964.06,-14072888.32,2020,3,overview
Algeria,26753783.43,891353810.45,17456390.64,581593267.2,44210174.07,-9297392.79,2020,3,overview
Libya,35748072.69,1079061684.97,17624885.18,532010172.05,53372957.87,-18123187.51,2020,3,overview
Tanzania,34233700.4,1068622075.22,17414321.85,543596764.03,51648022.25,-16819378.55,2020,3,overview
Australia,371850497.16,11933754499.95,482027677.5,15469657858.35,853878174.66,110177180.34,2020,3,overview
New Zealand,26861609.64,937800911.49,19663543.91,686499791.08,46525153.55,-7198065.72,2020,3,overview
Saudi Arabia,1062011703.84,34725406675.96,143364001.05,4687682086.04,1205375704.9,-918647702.79,2020,4,overview
United Arab Emirates,807098712.6,27443382637.9,132219230.57,4495785806.52,939317943.17,-674879482.03,2020,4,overview
Kuwait,380045598.96,12802185873.59,19050399.47,641730244.14,399095998.43,-360995199.49,2020,4,overview
Qatar,375653521.39,12841184090.52,19992943.35,683430479.09,395646464.74,-355660578.03,2020,4,overview
Iran,101616916.79,3415816501.84,28082434.92,943981058.01,129699351.71,-73534481.86,2020,4,overview
Iraq,219301933.45,7466541109.44,21051092.47,716723491.06,240353025.92,-198250840.98,2020,4,overview
Bahrain,51926576.49,1736677253.3,18200249.7,608704863.5,70126826.19,-33726326.79,2020,4,overview
Oman,209360619.72,7006664115.87,19224970.22,643401367.2,228585589.94,-190135649.5,2020,4,overview
Israel,38222498.6,1272272306.63,41097346.97,1367964375.69,79319845.57,2874848.38,2020,4,overview
Jordan,36180423.73,1215549737.14,17362905.56,583339638.08,53543329.29,-18817518.18,2020,4,overview
Lebanon,38516836.88,1222083350.35,18596106.71,590027484.94,57112943.59,-19920730.17,2020,4,overview
Turkey,31891417.27,1014876015.67,69105746.47,2199142297.4,100997163.74,37214329.2,2020,4,overview
Egypt,32649357.67,1078193695.88,16798080.98,554730209.27,49447438.64,-15851276.69,2020,4,overview
Yemen,36075356.21,1272699818.07,17551816.37,619209228.79,53627172.58,-18523539.84,2020,4,overview
Malaysia,700431655.16,22423092402.06,546310721.73,17489180712.09,1246742376.88,-154120933.43,2020,4,overview
Singapore,575149131.27,19747958947.08,374247312.43,12849920412.09,949396443.7,-200901818.84,2020,4,overview
Indonesia,477528972.84,14916385376.91,494098191.8,15433951576.15,971627164.64,16569218.97,2020,4,overview
Vietnam,312373773.37,9863975954.25,793220529.81,25047903824.21,1105594303.18,480846756.44,2020,4,overview
Philippines,209360966.9,7175273767.59,337125332.94,11554047507.94,546486299.84,127764366.04,2020,4,overview
Myanmar,151645212.88,5146602929.25,197624873.36,6707081171.81,349270086.24,45979660.48,2020,4,overview
Cambodia,31771142.74,1060859532.81,198074964.25,6613854458.32,229846106.99,166303821.51,2020,4,overview
Brunei Darussalam,32196248.08,967692411.18,17399197.35,522951345.03,49595445.43,-14797050.73,2020,4,overview
China,3458783135.4,114634505831.78,1655698212.39,54874832839.67,5114481347.79,-1803084923.01,2020,4,overview
Japan,1976252059.31,64320940896.67,1596363206.1,51956724318.48,3572615265.41,-379888853.21,2020,4,overview
"Korea, Republic of",524158097.26,17560652277.97,333906257.22,11186723447.02,858064354.48,-190251840.03,2020,4,overview
Taiwan,482967438.73,14825478475.16,229095627.34,7032466413.89,712063066.07,-253871811.39,2020,4,overview
Hong Kong,214102439.9,6738869008.96,661786300.03,20829707452.17,875888739.93,447683860.14,2020,4,overview
India,362886338.32,11902038596.03,440223812.84,14438572792.7,803110151.15,77337474.52,2020,4,overview
Bangladesh,34545328.67,1196050826.75,21093482.44,730312261.88,55638811.11,-13451846.22,2020,4,overview
Pakistan,30114522.52,1053809531.84,19868126.17,695253285.99,49982648.7,-10246396.35,2020,4,overview
Sri Lanka,34687852.06,1249401127.1,20578103.46,741190478.38,55265955.52,-14109748.59,2020,4,overview
Germany,364022197.76,12583385630.72,257383041.93,8897122459.47,621405239.68,-106639155.83,2020,4,overview
United Kingdom,170183330.38,5526342635.17,221228485.31,7183925756.54,391411815.69,51045154.93,2020,4,overview
France,151419834.07,5344900824.35,117913781.05,4162185683.07,269333615.12,-33506053.03,2020,4,overview
Netherlands,139968670.36,4696155196.02,196088206.08,6579048335.97,336056876.44,56119535.71,2020,4,overview
Italy,27993955.32,960972221.27,19873331.69,682208694.04,47867287.0,-8120623.63,2020,4,overview
Spain,32052202.4,1151675253.43,19113313.57,686764983.38,51165515.96,-12938888.83,2020,4,overview
Belgium,32285331.4,1137169927.32,17322958.02,610157804.13,49608289.43,-14962373.38,2020,4,overview
Switzerland,311435424.22,10749877128.39,18931845.62,653474198.4,330367269.83,-292503578.6,2020,4,overview
Sweden,37257562.1,1202377580.99,17802054.62,574508641.09,55059616.73,-19455507.48,2020,4,overview
Poland,36959852.62,1250881127.01,21477530.12,726892429.88,58437382.74,-15482322.5,2020,4,overview
Russian Federation,187670646.27,6043659849.44,21934859.23,706380196.72,209605505.49,-165735787.04,2020,4,overview
United States of America,785869563.12,27765746639.08,2074088929.62,73280135062.7,2859958492.74,1288219366.51,2020,4,overview
Canada,35945342.27,1211175892.04,130362652.36,4392560810.29,166307994.63,94417310.09,2020,4,overview
Brazil,168818982.75,4930469792.18,98856645.19,2887173556.78,267675627.95,-69962337.56,2020,4,overview
Mexico,32848278.48,1027279943.18,96458177.71,3016582782.84,129306456.19,63609899.23,2020,4,overview
Argentina,34686546.02,1235993101.51,18616660.12,663371425.75,53303206.14,-16069885.89,2020,4,overview
Chile,37880816.3,1241496154.27,18220973.79,597169520.01,56101790.08,-19659842.51,2020,4,overview
South Africa,100342858.62,3340668381.0,109454354.32,3644013193.21,209797212.94,9111495.7,2020,4,overview
Nigeria,31605573.55,1072505645.09,68857541.29,2336616408.13,100463114.83,37251967.74,2020,4,overview
Kenya,35341192.43,1213723743.15,17708435.51,608161387.63,53049627.94,-17632756.92,2020,4,overview
Ghana,31946627.84,1093549556.04,19309567.49,660976459.18,51256195.33,-12637060.35,2020,4,overview
Morocco,33556190.61,1081360172.65,19614773.22,632093040.58,53170963.82,-13941417.39,2020,4,overview
Algeria,33117831.02,1055800840.22,18614558.24,593434582.61,51732389.25,-14503272.78,2020,4,overview
Libya,33170837.76,1070199674.17,16581487.03,534972982.88,49752324.79,-16589350.73,2020,4,overview
Tanzania,32879857.81,1073124705.05,18538368.24,605050698.94,51418226.04,-14341489.57,2020,4,overview
Australia,401764966.93,13785269393.85,524057930.73,17981358126.62,925822897.67,122292963.8,2020,4,overview
New Zealand,31897671.95,1002764988.02,17104483.58,537712510.98,49002155.53,-14793188.36,2020,4,overview
Saudi Arabia,989854479.29,31521921733.94,156406513.03,4980766330.45,1146260992.33,-833447966.26,2020,5,overview
United Arab Emirates,738559989.49,24573471317.22,124051955.48,4127474021.24,862611944.97,-614508034.02,2020,5,overview
Kuwait,431612171.19,13975819319.33,18451281.38,597461777.1,450063452.58,-413160889.81,2020,5,overview
Qatar,317880019.78,10085492886.33,19263926.48,611193473.65,337143946.27,-298616093.3,2020,5,overview
Iran,107722573.18,3496734564.41,22071115.03,716440654.08,129793688.21,-85651458.15,2020,5,overview
Iraq,246122623.77,9116271351.51,19596524.33,725846452.38,265719148.1,-226526099.45,2020,5,overview
Bahrain,56470587.84,1855443015.54,17761235.65,583577431.9,74231823.49,-38709352.19,2020,5,overview
Oman,176727460.42,5611170371.99,19187973.39,609226135.6,195915433.81,-157539487.04,2020,5,overview
Israel,36847605.29,1209517158.01,36926920.55,1212120669.66,73774525.84,79315.26,2020,5,overview
Jordan,32587667.8,1059690208.44,21999025.34,715367294.55,54586693.13,-10588642.46,2020,5,overview
Lebanon,39366756.68,1327569075.76,20570364.47,693696460.01,59937121.15,-18796392.21,2020,5,overview
Turkey,35346120.38,1064218351.91,79683667.3,2399154990.28,115029787.68,44337546.93,2020,5,overview
Egypt,33567333.61,1105259987.05,20618269.07,678890616.23,54185602.68,-12949064.55,2020,5,overview
Yemen,30473745.22,1083529308.28,19231535.12,683799506.72,49705280.34,-11242210.1,2020,5,overview
Malaysia,755162584.91,25998113645.13,512445434.81,17642048106.59,1267608019.72,-242717150.09,2020,5,overview
Singapore,533226571.48,16857052114.83,361400398.63,11425059589.88,894626970.11,-171826172.85,2020,5,overview
Indonesia,540764949.45,17647823043.73,472229517.21,15411174419.46,1012994466.66,-68535432.23,2020,5,overview
Vietnam,335097777.54,11875509487.27,890175641.24,31546879690.93,1225273418.78,555077863.69,2020,5,overview
Philippines,242565498.25,8112223894.27,381335503.0,12753169768.63,623901001.25,138770004.75,2020,5,overview
Myanmar,150838108.99,4713439107.76,215943636.88,6747878172.09,366781745.87,65105527.9,2020,5,overview
Cambodia,34928743.55,1121795969.54,176171675.95,5658052822.62,211100419.5,141242932.4,2020,5,overview
Brunei Darussalam,32033652.52,1031205429.24,18373332.72,591461758.63,50406985.24,-13660319.8,2020,5,overview
China,3282742170.99,102890022116.88,2060000089.37,64565976770.54,5342742260.36,-1222742081.62,2020,5,overview
Japan,2096345227.17,67565637372.65,1695539751.22,54647594536.1,3791884978.4,-400805475.95,2020,5,overview
"Korea, Republic of",517783191.15,18003108132.48,315938990.9,10985068487.56,833722182.05,-201844200.25,2020,5,overview
Taiwan,488130752.1,16462607429.88,215737362.34,7275918365.85,703868114.44,-272393389.76,2020,5,overview
Hong Kong,187834225.37,6313655092.92,678840014.79,22817788974.2,866674240.16,491005789.42,2020,5,overview
India,368366746.73,11666166991.85,420393981.97,13313868419.4,788760728.69,52027235.24,2020,5,overview
Bangladesh,35802298.28,1147250220.28,21211274.88,679694906.21,57013573.16,-14591023.41,2020,5,overview
Pakistan,35592368.81,1143336275.98,16088043.26,516797394.45,51680412.07,-19504325.56,2020,5,overview
Sri Lanka,34248024.8,1082074578.0,17907039.12,565777206.55,52155063.92,-16340985.68,2020,5,overview
Germany,324991654.85,10633404058.48,263519170.2,8622085435.49,588510825.05,-61472484.65,2020,5,overview
United Kingdom,140928291.06,4522346896.43,187086879.75,6003562262.88,328015170.81,46158588.69,2020,5,overview
France,142361783.29,4591225130.08,100450700.12,3239575734.86,242812483.41,-41911083.17,2020,5,overview
Netherlands,131551623.55,4265228210.49,250337288.45,8116552544.41,381888912.0,118785664.9,2020,5,overview
Italy,35385276.41,1054628095.88,19530742.28,582097178.04,54916018.69,-15854534.13,2020,5,overview
Spain,36443342.49,1230414814.28,19645287.6,663272116.24,56088630.09,-16798054.89,2020,5,overview
Belgium,45117399.57,1605594927.53,16092545.51,572686140.77,61209945.08,-29024854.06,2020,5,overview
Switzerland,268350486.51,8837246204.98,19756423.16,650613225.43,288106909.66,-248594063.35,2020,5,overview
Sweden,33168097.54,1110940985.56,18432108.13,617369879.12,51600205.66,-14735989.41,2020,5,overview
Poland,30166162.91,976650893.8,20472144.81,662800190.66,50638307.73,-9694018.1,2020,5,overview
Russian Federation,187376457.29,6536763340.47,18617230.13,649475548.86,205993687.43,-168759227.16,2020,5,overview
United States of America,788710711.06,25162683899.14,2119073156.28,67605989423.85,2907783867.34,1330362445.22,2020,5,overview
Canada,36415092.01,1302673927.62,135810729.71,4858345452.31,172225821.72,99395637.7,2020,5,overview
Brazil,169255588.48,5610332138.57,101727858.37,3371983627.26,270983446.85,-67527730.12,2020,5,overview
Mexico,37892661.16,1292803169.13,91009519.81,3105018017.26,128902180.97,53116858.64,2020,5,overview
Argentina,33798564.76,1120004290.51,19213329.27,636684171.83,53011894.03,-14585235.49,2020,5,overview
Chile,35026153.62,1167143934.94,19132926.13,637548699.45,54159079.75,-15893227.49,2020,5,overview
South Africa,116003692.79,3979359575.72,125010118.59,4288313591.34,241013811.38,9006425.79,2020,5,overview
Nigeria,33082118.1,1139114946.2,71754491.68,2470718884.43,104836609.78,38672373.58,2020,5,overview
Kenya,36739541.86,1179119924.04,21587776.19,692838716.53,58327318.05,-15151765.66,2020,5,overview
Ghana,33702839.69,1092352623.72,16779496.97,543845198.37,50482336.66,-16923342.72,2020,5,overview
Morocco,37070580.34,1258943587.63,18591764.64,631389707.5,55662344.97,-18478815.7,2020,5,overview
Algeria,33810084.8,1057527483.65,19813168.11,619725443.92,53623252.91,-13996916.69,2020,5,overview
Libya,34567375.29,1131032620.06,14691194.92,480690840.69,49258570.21,-19876180.36,2020,5,overview
Tanzania,29854966.82,1020028111.28,21175761.53,723493419.49,51030728.35,-8679205.3,2020,5,overview
Australia,427381475.57,13495264679.38,577665456.56,18240725623.59,1005046932.12,150283980.99,2020,5,overview
New Zealand,39132757.58,1277495409.19,20752735.97,677476532.78,59885493.55,-18380021.62,2020,5,overview
Saudi Arabia,1146046602.13,36402140390.46,149627850.45,4752663642.31,1295674452.58,-996418751.68,2020,6,overview
United Arab Emirates,799559400.75,25118289331.29,125767560.2,3951008471.16,925326960.95,-673791840.55,2020,6,overview
Kuwait,461359074.25,15468796499.03,19290821.35,646797270.12,480649895.6,-442068252.9,2020,6,overview
Qatar,334221036.12,11164682467.11,16829661.26,562196282.33,351050697.38,-317391374.86,2020,6,overview
Iran,88987879.38,2753954839.18,26120786.14,808373745.94,115108665.52,-62867093.24,2020,6,overview
Iraq,284112867.08,9420793632.78,21134966.51,700806549.21,305247833.59,-262977900.56,2020,6,overview
Bahrain,61696641.0,2086285431.34,18365040.65,621017872.81,80061681.66,-43331600.35,2020,6,overview
Oman,213478733.47,7452228824.99,20114819.25,702178776.13,233593552.71,-193363914.22,2020,6,overview
Israel,37072149.88,1131355593.29,40307499.24,1230090913.82,77379649.12,3235349.37,2020,6,overview
Jordan,32330334.3,1071429171.98,19505372.99,646409203.2,51835707.29,-12824961.31,2020,6,overview
Lebanon,31853621.24,1123623463.92,23499311.27,828928595.89,55352932.52,-8354309.97,2020,6,overview
Turkey,36706894.69,1199643226.19,79249091.56,2589993969.31,115955986.25,42542196.87,2020,6,overview
Egypt,32353105.24,1080161115.59,19820851.55,661751413.37,52173956.79,-12532253.69,2020,6,overview
Yemen,31541083.57,1033510199.92,20225378.62,662727234.76,51766462.19,-11315704.96,2020,6,overview
Malaysia,593501726.92,19217343590.74,489143180.31,15838256461.12,1082644907.22,-104358546.61,2020,6,overview
Singapore,644936731.85,19990960473.21,445809478.16,13818657267.18,1090746210.01,-199127253.69,2020,6,overview
Indonesia,509343509.76,17635528314.07,431508841.1,14940577899.05,940852350.85,-77834668.66,2020,6,overview
Vietnam,337000971.75,11791224205.76,782047549.21,27362823152.25,1119048520.96,445046577.45,2020,6,overview
Philippines,188483295.28,6054950657.93,349940629.04,11241703085.32,538423924.32,161457333.76,2020,6,overview
Myanmar,189645610.95,5452646343.14,173044125.2,4975324299.64,362689736.14,-16601485.75,2020,6,overview
Cambodia,33756033.34,1174723213.76,205682383.27,7157827693.61,239438416.61,171926349.92,2020,6,overview
Brunei Darussalam,33722407.13,1171207900.74,19050382.81,661636008.79,52772789.94,-14672024.32,2020,6,overview
China,2978173165.41,99130387437.18,1908648011.04,63530562632.42,4886821176.45,-1069525154.37,2020,6,overview
Japan,2176711870.17,71943943954.21,1511627650.58,49961805447.42,3688339520.75,-665084219.6,2020,6,overview
"Korea, Republic of",448779233.39,15115002640.3,311023605.45,10475356852.17,759802838.84,-137755627.94,2020,6,overview
Taiwan,451752070.47,15210631691.75,230903204.41,7774582183.99,682655274.88,-220848866.06,2020,6,overview
Hong Kong,204361884.95,6448823440.84,665579461.89,21002959708.27,869941346.84,461217576.94,2020,6,overview
India,378852736.23,12591344749.15,482075758.77,16022009328.37,860928495.0,103223022.55,2020,6,overview
Bangladesh,33376774.0,1137210596.06,20052092.63,683213189.42,53428866.63,-13324681.36,2020,6,overview
Pakistan,29276884.51,951370452.23,21525334.82,699479055.27,50802219.33,-7751549.69,2020,6,overview
Sri Lanka,36212052.6,1120491055.59,21585491.43,667908840.84,57797544.02,-14626561.17,2020,6,overview
Germany,330324300.88,10512362678.02,256587014.8,8165720023.99,586911315.68,-73737286.07,2020,6,overview
United Kingdom,199402991.55,6414132186.63,214066566.67,6885810712.51,413469558.22,14663575.11,2020,6,overview
France,142370465.24,4613725482.51,118695217.08,3846494051.64,261065682.32,-23675248.16,2020,6,overview
Netherlands,143637508.23,4719916987.92,223698945.04,7350729373.44,367336453.26,80061436.81,2020,6,overview
Italy,33537023.15,1122899682.54,17312096.24,579650354.85,50849119.39,-16224926.91,2020,6,overview
Spain,39936620.49,1331402907.63,19727749.13,657681652.28,59664369.62,-20208871.36,2020,6,overview
Belgium,36960732.07,1314093440.52,17698412.07,629245307.29,54659144.14,-19262320.0,2020,6,overview
Switzerland,284694754.85,9081890936.56,22270393.29,710435578.83,306965148.14,-262424361.56,2020,6,overview
Sweden,40113482.28,1357021460.84,20920317.54,707725140.24,61033799.83,-19193164.74,2020,6,overview
Poland,35675642.91,1241540824.2,19307093.75,671902259.7,54982736.66,-16368549.16,2020,6,overview
Russian Federation,212479393.27,6655751325.52,16598844.85,519945873.06,229078238.12,-195880548.41,2020,6,overview
United States of America,827984028.98,27253191408.65,2153309589.07,70876437635.78,2981293618.05,1325325560.1,2020,6,overview
Canada,38435068.56,1276635480.91,110826723.82,3681151956.82,149261792.38,72391655.25,2020,6,overview
Brazil,149633747.01,4916712334.29,104479903.03,3433033244.08,254113650.04,-45153843.98,2020,6,overview
Mexico,36195579.3,1263920578.41,91686784.21,3201628916.64,127882363.51,55491204.91,2020,6,overview
Argentina,37938495.82,1244599827.73,20618357.47,676400147.07,58556853.29,-17320138.35,2020,6,overview
Chile,36644528.17,1256296579.8,18584758.0,637147456.39,55229286.17,-18059770.17,2020,6,overview
South Africa,118923557.02,3794327000.3,128315551.09,4093984171.45,247239108.11,9391994.07,2020,6,overview
Nigeria,36032546.76,1220011063.93,70643552.96,2391890775.73,106676099.72,34611006.21,2020,6,overview
Kenya,36282410.52,1134091069.67,16752106.43,523626022.3,53034516.95,-19530304.09,2020,6,overview
Ghana,34226758.07,1067388304.52,19224625.12,599535018.09,53451383.19,-15002132.94,2020,6,overview
Morocco,36109762.81,1181099654.25,20095047.26,657280788.51,56204810.07,-16014715.55,2020,6,overview
Algeria,32902574.53,1167485693.48,21351407.56,757614357.42,54253982.09,-11551166.97,2020,6,overview
Libya,33665254.15,1135758333.19,18734036.16,632026646.37,52399290.3,-14931217.99,2020,6,overview
Tanzania,34016944.89,1160300292.11,19479073.95,664421078.06,53496018.84,-14537870.94,2020,6,overview
Australia,356048975.82,11788432941.53,580700336.9,19226419525.13,936749312.72,224651361.08,2020,6,overview
New Zealand,33867160.81,1115707689.99,19558125.9,644315937.47,53425286.7,-14309034.91,2020,6,overview
Saudi Arabia,887349012.6,29337522804.16,180184829.68,5957268757.41,1067533842.27,-707164182.92,2020,7,overview
United Arab Emirates,853202700.44,26848801264.92,138550962.64,4359957204.76,991753663.08,-714651737.8,2020,7,overview
Kuwait,427605633.79,14654111846.16,18898994.51,647671493.33,446504628.31,-408706639.28,2020,7,overview
Qatar,284905486.85,9144260697.56,19159399.31,614935654.62,304064886.16,-265746087.55,2020,7,overview
Iran,106561846.71,3403432058.33,26718291.03,853343771.96,133280137.74,-79843555.69,2020,7,overview
Iraq,226640603.84,7174316622.92,19141522.01,605925580.8,245782125.84,-207499081.83,2020,7,overview
Bahrain,58633571.01,1679237193.16,18742074.88,536763984.58,77375645.89,-39891496.14,2020,7,overview
Oman,199822932.51,6105207296.97,17707949.8,541032517.93,217530882.3,-182114982.71,2020,7,overview
Israel,30934534.83,1082490978.49,38963072.18,1363433274.61,69897607.01,8028537.34,2020,7,overview
Jordan,35193546.69,1185454369.08,18375452.27,618956093.42,53568998.95,-16818094.42,2020,7,overview
Lebanon,33072365.28,1034121798.54,18239342.43,570316076.19,51311707.71,-14833022.85,2020,7,overview
Turkey,29521643.54,981213235.14,74840271.49,2487472108.43,104361915.04,45318627.95,2020,7,overview
Egypt,34067940.32,1075912600.02,18669831.1,589619047.36,52737771.42,-15398109.22,2020,7,overview
Yemen,36003982.87,1230041578.39,17277531.18,590270298.78,53281514.06,-18726451.69,2020,7,overview
Malaysia,631611545.09,19453523297.24,483999668.22,14907103732.88,1115611213.31,-147611876.87,2020,7,overview
Singapore,527298380.32,17808681334.33,451086084.55,15234729773.32,978384464.87,-76212295.77,2020,7,overview
Indonesia,518290258.28,16245546542.55,502980255.84,15765662243.54,1021270514.12,-15310002.44,2020,7,overview
Vietnam,334247655.97,11697284961.22,724283693.82,25346932455.68,1058531349.79,390036037.85,2020,7,overview
Philippines,186276923.11,6396643511.63,413865258.6,14211897410.43,600142181.71,227588335.5,2020,7,overview
Myanmar,196793450.77,6704454379.18,186795342.14,6363833983.02,383588792.91,-9998108.63,2020,7,overview
Cambodia,40600270.38,1246324348.83,183582436.09,5635510748.8,224182706.47,142982165.71,2020,7,overview
Brunei Darussalam,29169572.44,880199860.91,20413640.08,615987196.93,49583212.52,-8755932.36,2020,7,overview
China,3331069700.13,110850549034.08,1998814887.4,66516088713.81,5329884587.52,-1332254812.73,2020,7,overview
Japan,2130113313.62,74379932992.28,1572475026.18,54908152693.74,3702588339.79,-557638287.44,2020,7,overview
"Korea, Republic of",507482202.79,16158746316.06,304442375.18,9693752966.0,811924577.97,-203039827.6,2020,7,overview
Taiwan,512590309.14,17262420790.46,241542184.56,8134377014.37,754132493.69,-271048124.58,2020,7,overview
Hong Kong,225503975.63,8005579693.93,583080895.33,20699859337.41,808584870.96,357576919.7,2020,7,overview
India,423688782.89,15114122151.91,477144173.0,17021020159.19,900832955.89,53455390.11,2020,7,overview
Bangladesh,29783141.59,949994201.83,18502227.63,590166383.76,48285369.22,-11280913.96,2020,7,overview
Pakistan,36314996.54,1239657536.5,17690032.56,603871245.17,54005029.1,-18624963.99,2020,7,overview
Sri Lanka,38097739.28,1273440804.87,20386588.48,681434492.89,58484327.76,-17711150.79,2020,7,overview
Germany,316199745.57,11027285373.68,240054870.1,8371776369.2,556254615.67,-76144875.47,2020,7,overview
United Kingdom,182369726.32,5903879894.34,224609173.16,7271303238.09,406978899.48,42239446.84,2020,7,overview
France,115076457.5,4127462103.55,117720220.09,4222286276.32,232796677.59,2643762.59,2020,7,overview
Netherlands,123265394.79,4254032496.81,228727873.78,7893665611.57,351993268.57,105462478.98,2020,7,overview
Italy,30886479.07,1062707172.3,19597877.68,674301694.53,50484356.76,-11288601.39,2020,7,overview
Spain,34367664.8,1048114148.51,23744182.72,724128741.26,58111847.53,-10623482.08,2020,7,overview
Belgium,37241307.7,1272084127.95,19045521.32,650554636.06,56286829.01,-18195786.38,2020,7,overview
Switzerland,284363655.81,9481678018.83,18179773.68,606177185.17,302543429.49,-266183882.14,2020,7,overview
Sweden,29230297.35,977672703.37,20244517.39,677123185.19,49474814.74,-8985779.96,2020,7,overview
Poland,36087519.93,1210787890.15,20947292.81,702811623.46,57034812.74,-15140227.12,2020,7,overview
Russian Federation,208440513.64,6655853457.36,17951249.42,573213352.0,226391763.06,-190489264.22,2020,7,overview
United States of America,902229546.16,29451329617.01,2296708074.86,74971061227.71,3198937621.02,1394478528.7,2020,7,overview
Canada,34459687.55,1197788940.69,119432471.94,4151369447.46,153892159.48,84972784.39,2020,7,overview
Brazil,180805057.71,5728359022.51,111558404.7,3534450873.04,292363462.41,-69246653.02,2020,7,overview
Mexico,33295071.64,1131024737.24,98350419.75,3340937627.9,131645491.39,65055348.11,2020,7,overview
Argentina,33740966.22,1158061197.82,17963775.12,616554688.75,51704741.34,-15777191.11,2020,7,overview
Chile,36314051.8,1272196139.39,17896856.51,626983512.97,54210908.31,-18417195.28,2020,7,overview
South Africa,112642437.36,3730649578.85,117119928.53,3878941385.4,229762365.89,4477491.17,2020,7,overview
Nigeria,35855145.34,1184834970.95,71924675.03,2376754282.42,107779820.37,36069529.68,2020,7,overview
Kenya,28421453.2,871338095.71,20666623.97,633592401.19,49088077.17,-7754829.23,2020,7,overview
Ghana,38462726.46,1257058039.41,18802464.45,614511535.65,57265190.92,-19660262.01,2020,7,overview
Morocco,32609157.54,1145487866.91,18867479.94,662773005.56,51476637.48,-13741677.6,2020,7,overview
Algeria,27500152.22,921448569.15,21285411.52,713211033.56,48785563.74,-6214740.7,2020,7,overview
Libya,31018047.21,1101593214.92,17651142.35,626873075.58,48669189.56,-13366904.85,2020,7,overview
Tanzania,31736341.1,1101440559.79,17530573.46,608415588.42,49266914.56,-14205767.64,2020,7,overview
Australia,423158702.8,14101737307.86,476357466.25,15874582772.76,899516169.05,53198763.44,2020,7,overview
New Zealand,31515932.63,1090200920.49,21013269.06,726892189.49,52529201.69,-10502663.57,2020,7,overview
Saudi Arabia,1106052430.11,39421679801.59,170561702.75,6079123058.86,1276614132.85,-935490727.36,2020,8,overview
United Arab Emirates,848698702.38,28579259068.48,120073997.4,4043397108.48,968772699.79,-728624704.98,2020,8,overview
Kuwait,495178794.08,16072417159.11,18277037.48,593232534.06,513455831.56,-476901756.59,2020,8,overview
Qatar,365414869.38,11520268187.83,19806093.52,624417691.25,385220962.9,-345608775.86,2020,8,overview
Iran,115611432.0,3849189814.17,31445162.4,1046941437.7,147056594.4,-84166269.59,2020,8,overview
Iraq,229639647.09,7666970624.0,17426936.67,581832506.69,247066583.76,-212212710.42,2020,8,overview
Bahrain,61578041.49,2031853333.35,20648033.19,681310643.5,82226074.68,-40930008.29,2020,8,overview
Oman,202177467.27,6925008283.48,18153860.4,621808331.88,220331327.68,-184023606.87,2020,8,overview
Israel,37948454.17,1342796884.95,34864155.81,1233659732.43,72812609.98,-3084298.36,2020,8,overview
Jordan,36987419.09,1146122067.67,22119119.94,685400931.01,59106539.03,-14868299.15,2020,8,overview
Lebanon,31499325.74,1063233805.17,19654812.69,663432019.33,51154138.43,-11844513.05,2020,8,overview
Turkey,40445357.86,1319973812.71,84061974.72,2743444764.66,124507332.58,43616616.86,2020,8,overview
Egypt,32459666.42,1024197967.4,21849236.41,689407686.2,54308902.83,-10610430.01,2020,8,overview
Yemen,39970379.44,1414386774.96,19439319.49,687877292.72,59409698.93,-20531059.95,2020,8,overview
Malaysia,745681504.3,24026533240.09,524636459.41,16904261750.21,1270317963.71,-221045044.89,2020,8,overview
Singapore,550382115.54,18226308146.18,445758663.32,14761625654.34,996140778.85,-104623452.22,2020,8,overview
Indonesia,471567617.81,15617312961.97,490707436.38,16251182899.75,962275054.19,19139818.57,2020,8,overview
Vietnam,293410026.65,9251340833.35,824839233.18,26007525939.31,1118249259.83,531429206.53,2020,8,overview
Philippines,192602874.46,5837631579.69,344134391.46,10430424763.67,536737265.92,151531517.01,2020,8,overview
Myanmar,157643409.92,5664110173.68,187635744.99,6741731434.84,345279154.91,29992335.07,2020,8,overview
Cambodia,33875584.67,1138244105.84,201747376.32,6778857521.92,235622960.99,167871791.64,2020,8,overview
Brunei Darussalam,35734125.48,1115156974.93,19768635.35,616920976.69,55502760.83,-15965490.13,2020,8,overview
China,3946810409.59,120283041241.9,2276775737.89,69387044615.33,6223586147.48,-1670034671.71,2020,8,overview
Japan,1947977290.87,61464904017.66,1555727904.93,49088183318.42,3503705195.8,-392249385.94,2020,8,overview
"Korea, Republic of",588715897.84,21339529019.03,312215650.51,11317063049.79,900931548.35,-276500247.33,2020,8,overview
Taiwan,542240645.47,18729251842.08,236018471.31,8152191145.09,778259116.78,-306222174.16,2020,8,overview
Hong Kong,230951996.16,7338655370.49,633147905.5,20118701523.15,864099901.66,402195909.33,2020,8,overview
India,391428457.95,12998787408.4,496137591.76,16476030164.92,887566049.7,104709133.81,2020,8,overview
Bangladesh,30901905.15,1016334016.4,18614300.32,612206480.95,49516205.47,-12287604.83,2020,8,overview
Pakistan,35149270.29,1086851222.49,23030879.99,712138256.81,58180150.29,-12118390.3,2020,8,overview
Sri Lanka,36793679.0,1339553896.36,22261575.14,810481053.58,59055254.15,-14532103.86,2020,8,overview
Germany,342192660.63,11584809519.72,275652150.13,9332104455.5,617844810.76,-66540510.51,2020,8,overview
United Kingdom,179581820.92,6043639971.85,230236739.71,7748378738.67,409818560.63,50654918.79,2020,8,overview
France,112797761.37,3743675002.72,139848575.22,4641471682.34,252646336.59,27050813.85,2020,8,overview
Netherlands,138935748.07,4444220992.26,270073406.81,8638999830.0,409009154.88,131137658.74,2020,8,overview
Italy,34223004.49,1086645691.47,23061133.35,732234985.41,57284137.84,-11161871.14,2020,8,overview
Spain,33807020.52,1158265769.12,19657906.09,673501520.3,53464926.62,-14149114.43,2020,8,overview
Belgium,35951220.48,1157692111.83,17834855.65,574313512.32,53786076.13,-18116364.83,2020,8,overview
Switzerland,269160697.21,9054233572.08,19768989.29,665004394.65,288929686.5,-249391707.92,2020,8,overview
Sweden,36546465.3,1264358278.38,17065618.7,590400633.75,53612083.99,-19480846.6,2020,8,overview
Poland,36077867.44,1214608217.96,22095150.07,743861895.5,58173017.51,-13982717.36,2020,8,overview
Russian Federation,230874296.41,8085065168.07,20634311.88,722599955.26,251508608.3,-210239984.53,2020,8,overview
United States of America,884179564.78,32191786151.06,2105179474.41,76646747051.08,2989359039.19,1220999909.62,2020,8,overview
Canada,37878478.62,1177473090.17,138699354.56,4311544802.36,176577833.18,100820875.94,2020,8,overview
Brazil,158593125.98,5268191149.87,101788438.91,3381237047.44,260381564.89,-56804687.07,2020,8,overview
Mexico,33625939.66,1189784618.45,100581139.1,3558856449.17,134207078.75,66955199.44,2020,8,overview
Argentina,37330673.29,1225668169.31,18076131.11,593488854.3,55406804.4,-19254542.19,2020,8,overview
Chile,33086029.49,1071311623.15,19274908.74,624113382.04,52360938.23,-13811120.76,2020,8,overview
South Africa,102036126.41,3347654087.74,107367091.95,3522555166.62,209403218.37,5330965.54,2020,8,overview
Nigeria,33777336.95,1218668011.26,60920387.31,2197974557.49,94697724.26,27143050.35,2020,8,overview
Kenya,38443535.27,1269721870.11,19293048.84,637215227.03,57736584.11,-19150486.43,2020,8,overview
Ghana,32048645.07,1148813585.43,22590363.6,809772661.06,54639008.68,-9458281.47,2020,8,overview
Morocco,35806630.34,1191033444.46,21520670.49,715840559.71,57327300.83,-14285959.85,2020,8,overview
Algeria,31581647.95,1048444136.31,19236519.88,638611908.53,50818167.83,-12345128.07,2020,8,overview
Libya,34077387.53,1119881801.4,19543921.11,642269937.92,53621308.64,-14533466.43,2020,8,overview
Tanzania,35134522.67,1103543469.02,19975036.55,627397768.66,55109559.22,-15159486.12,2020,8,overview
Australia,400018162.16,13787315319.83,475937382.1,16404002068.67,875955544.26,75919219.94,2020,8,overview
New Zealand,29406317.76,1031559632.38,21727640.99,762195305.76,51133958.75,-7678676.77,2020,8,overview
Saudi Arabia,1055355335.61,34254759531.19,133793215.49,4342664758.48,1189148551.11,-921562120.12,2020,9,overview
United Arab Emirates,860757429.09,27739778069.93,124257880.25,4004480130.08,985015309.34,-736499548.84,2020,9,overview
Kuwait,485556995.44,15349987989.39,21356803.09,675155901.34,506913798.53,-464200192.35,2020,9,overview
Qatar,314425239.95,10275358619.71,19747621.16,645348602.75,334172861.11,-294677618.79,2020,9,overview
Iran,112443115.37,3796894715.82,25879609.95,873883242.62,138322725.32,-86563505.42,2020,9,overview
Iraq,291416889.76,9595736657.24,21601071.53,711277215.68,313017961.29,-269815818.23,2020,9,overview
Bahrain,56834870.47,1976203085.38,19699512.01,684970971.01,76534382.47,-37135358.46,2020,9,overview
Oman,205444968.13,6795461475.31,20351487.54,673162019.0,225796455.67,-185093480.59,2020,9,overview
Israel,34602854.39,1158657954.38,36103285.53,1208899083.57,70706139.92,1500431.14,2020,9,overview
Jordan,35874064.55,1155130512.24,21089640.1,679077965.72,56963704.65,-14784424.44,2020,9,overview
Lebanon,39570848.63,1407458335.03,18855778.73,670663477.37,58426627.36,-20715069.89,2020,9,overview
Turkey,31009816.31,1045438465.28,83933722.95,2829669858.1,114943539.25,52923906.64,2020,9,overview
Egypt,33755613.42,1178721649.09,20966598.07,732138466.67,54722211.48,-12789015.35,2020,9,overview
Yemen,29656694.47,867757661.01,21093702.76,617203720.82,50750397.23,-8562991.7,2020,9,overview
Malaysia,665300454.13,21374325209.85,611227736.95,19637113345.71,1276528191.08,-54072717.19,2020,9,overview
Singapore,522632482.92,18868004472.38,432402111.25,15610520270.92,955034594.17,-90230371.67,2020,9,overview
Indonesia,430743997.59,15182066484.35,464315937.4,16365348027.56,895059934.98,33571939.81,2020,9,overview
Vietnam,414076135.59,12894919242.11,804413347.86,25050574680.33,1218489483.44,390337212.27,2020,9,overview
Philippines,252566475.96,8591912578.61,457294183.4,15556425814.72,709860659.36,204727707.44,2020,9,overview
Myanmar,168535158.13,5521120750.81,201985871.52,6616948054.01,370521029.65,33450713.39,2020,9,overview
Cambodia,37004175.16,1269950933.71,226320120.83,7767108643.91,263324295.99,189315945.67,2020,9,overview
Brunei Darussalam,32942847.39,1102587160.46,22511146.37,753441275.23,55453993.76,-10431701.03,2020,9,overview
China,3803149775.53,119162683327.72,2265722090.9,70991031108.89,6068871866.42,-1537427684.63,2020,9,overview
Japan,2156800741.86,66102083923.76,1553277828.32,47605186409.69,3710078570.19,-603522913.54,2020,9,overview
"Korea, Republic of",592798585.21,17926160086.4,405874960.26,12273611466.54,998673545.47,-186923624.94,2020,9,overview
Taiwan,503396638.05,16705024784.99,248701200.72,8253054168.73,752097838.77,-254695437.32,2020,9,overview
Hong Kong,214342432.18,7148144376.91,605682375.15,20199010620.89,820024807.33,391339942.97,2020,9,overview
India,372542419.59,12961454260.96,390262238.66,13577960227.26,762804658.26,17719819.07,2020,9,overview
Bangladesh,38813984.7,1294198447.41,20361932.02,678940361.49,59175916.72,-18452052.68,2020,9,overview
Pakistan,39148333.15,1344981164.52,20642060.01,709179157.19,59790393.16,-18506273.14,2020,9,overview
Sri Lanka,35192061.33,1178271690.39,22406490.62,750195714.0,57598551.95,-12785570.71,2020,9,overview
Germany,366096458.05,12238763398.58,242903578.65,8120372001.38,609000036.7,-123192879.4,2020,9,overview
United Kingdom,168253210.09,5346571582.62,224497826.55,7133853191.49,392751036.64,56244616.46,2020,9,overview
France,131899913.83,4616102417.57,158166902.72,5535368453.74,290066816.55,26266988.9,2020,9,overview
Netherlands,166353359.5,5507440814.67,213433308.14,7066111053.83,379786667.64,47079948.63,2020,9,overview
Italy,32319524.01,1022034151.67,19149533.99,605562065.71,51469057.99,-13169990.02,2020,9,overview
Spain,39624960.27,1371125422.04,19635341.4,679433255.81,59260301.68,-19989618.87,2020,9,overview
Belgium,37792284.65,1163278027.51,24015202.97,739207967.92,61807487.61,-13777081.68,2020,9,overview
Switzerland,317453029.31,10012446875.98,22137938.7,698229075.59,339590968.01,-295315090.61,2020,9,overview
Sweden,38954572.54,1272209033.19,20823436.17,680068137.42,59778008.71,-18131136.38,2020,9,overview
Poland,33673770.06,1214771763.59,19111549.69,689443768.44,52785319.75,-14562220.36,2020,9,overview
Russian Federation,216311815.5,6881668589.79,21546935.39,685486681.21,237858750.89,-194764880.1,2020,9,overview
United States of America,811221698.47,25128107789.82,2350226651.39,72799764525.25,3161448349.87,1539004952.92,2020,9,overview
Canada,34852523.49,1155955699.61,135555506.45,4495977467.05,170408029.94,100702982.96,2020,9,overview
Brazil,177667474.83,6047673568.23,104601218.2,3560550534.72,282268693.03,-73066256.63,2020,9,overview
Mexico,38168694.68,1243298180.71,93394523.86,3042211492.17,131563218.54,55225829.18,2020,9,overview
Argentina,39495696.09,1222024911.58,21729466.4,672325136.22,61225162.49,-17766229.69,2020,9,overview
Chile,37063668.03,1225710414.52,17068949.09,564477014.12,54132617.12,-19994718.94,2020,9,overview
South Africa,124569480.23,3954896065.37,112442436.24,3569880422.04,237011916.47,-12127043.99,2020,9,overview
Nigeria,38253461.89,1226056636.74,71101260.97,2278857091.17,109354722.86,32847799.08,2020,9,overview
Kenya,37770136.24,1233045568.1,19249154.78,628408773.65,57019291.02,-18520981.46,2020,9,overview
Ghana,38196231.59,1275762828.31,20961978.13,700134840.51,59158209.72,-17234253.45,2020,9,overview
Morocco,35071971.35,1150865730.92,20878456.64,685114048.16,55950427.99,-14193514.7,2020,9,overview
Algeria,37370311.38,1222986286.38,19471977.02,637242773.42,56842288.4,-17898334.36,2020,9,overview
Libya,33194961.73,1055052023.03,20221333.9,642704739.96,53416295.63,-12973627.82,2020,9,overview
Tanzania,32837090.04,1094102604.01,20697738.05,689630203.78,53534828.08,-12139351.99,2020,9,overview
Australia,459693694.22,15451260890.13,522099507.86,17548850045.16,981793202.08,62405813.64,2020,9,overview
New Zealand,37638500.2,1195455957.09,20999659.31,666981088.15,58638159.51,-16638840.89,2020,9,overview
Saudi Arabia,1125692155.01,37159962231.3,178875870.82,5904829818.73,1304568025.83,-946816284.2,2020,10,overview
United Arab Emirates,741376144.18,26925889354.28,140835286.58,5114968121.53,882211430.76,-600540857.6,2020,10,overview
Kuwait,432143754.16,14502754259.52,19642630.55,659207130.04,451786384.71,-412501123.6,2020,10,overview
Qatar,380066387.24,11825080670.31,22847697.9,710864943.17,402914085.13,-357218689.34,2020,10,overview
Iran,117748699.14,3860600717.02,29123571.0,954868120.92,146872270.15,-88625128.14,2020,10,overview
Iraq,266592774.42,9146391021.83,22575252.75,774522451.15,289168027.17,-244017521.67,2020,10,overview
Bahrain,53902956.02,1773567188.12,22226015.95,731301871.41,76128971.97,-31676940.07,2020,10,overview
Oman,223777042.35,7334210999.92,20979636.5,687599939.54,244756678.85,-202797405.85,2020,10,overview
Israel,40615081.12,1272091991.71,41435616.42,1297791716.09,82050697.54,820535.3,2020,10,overview
Jordan,35912633.04,1251333399.37,21155670.0,737144403.66,57068303.04,-14756963.03,2020,10,overview
Lebanon,38869020.07,1427573007.56,19438296.83,713925584.45,58307316.91,-19430723.24,2020,10,overview
Turkey,37865429.48,1240942074.64,91942467.94,3013177942.91,129807897.42,54077038.46,2020,10,overview
Egypt,38662156.86,1346498229.05,22258237.15,775194126.02,60920394.01,-16403919.72,2020,10,overview
Yemen,40216577.34,1308139487.41,22312847.91,725778257.7,62529425.26,-17903729.43,2020,10,overview
Malaysia,707679450.82,24343955219.83,570999703.78,19642214004.06,1278679154.6,-136679747.04,2020,10,overview
Singapore,582709141.01,20499081237.35,490421662.08,17252506926.55,1073130803.09,-92287478.93,2020,10,overview
Indonesia,481065558.76,15773869029.83,486525352.84,15952892606.16,967590911.6,5459794.08,2020,10,overview
Vietnam,379925022.19,13308129181.4,799288299.23,27997713543.81,1179213321.42,419363277.04,2020,10,overview
Philippines,230027711.63,7095466010.91,418466426.89,12908072195.8,648494138.52,188438715.27,2020,10,overview
Myanmar,165883819.81,4943521390.89,213263920.35,6355500815.92,379147740.16,47380100.54,2020,10,overview
Cambodia,40083887.61,1517761952.36,205936044.95,7797694092.8,246019932.56,165852157.34,2020,10,overview
Brunei Darussalam,43926202.77,1442558220.17,20554734.08,675027631.53,64480936.85,-23371468.68,2020,10,overview
China,4003329300.31,122273512329.75,2369941381.69,72385016324.36,6373270682.0,-1633387918.62,2020,10,overview
Japan,1906853749.17,64592966740.64,1585565817.88,53709625178.92,3492419567.05,-321287931.3,2020,10,overview
"Korea, Republic of",616862813.1,19246399644.04,377375344.16,11774281955.89,994238157.27,-239487468.94,2020,10,overview
Taiwan,422931471.83,13431333167.31,260040462.34,8258288444.62,682971934.17,-162891009.49,2020,10,overview
Hong Kong,186554145.59,6378242123.85,703318445.55,24046291341.29,889872591.14,516764299.96,2020,10,overview
India,403897226.96,13232059544.08,468849130.93,15359946054.7,872746357.89,64951903.98,2020,10,overview
Bangladesh,35980703.29,1148791138.61,18608148.59,594120577.09,54588851.88,-17372554.7,2020,10,overview
Pakistan,38626324.71,1284406014.39,21394252.81,711403613.83,60020577.52,-17232071.9,2020,10,overview
Sri Lanka,34127991.54,1014775434.69,20554643.82,611180051.26,54682635.37,-13573347.72,2020,10,overview
Germany,376094331.76,11579493839.31,309889226.28,9541117968.6,685983558.04,-66205105.47,2020,10,overview
United Kingdom,176709520.75,6163498016.98,249744221.66,8710894627.72,426453742.41,73034700.91,2020,10,overview
France,143001545.99,4296712437.8,131349407.34,3946605110.36,274350953.33,-11652138.66,2020,10,overview
Netherlands,149547355.47,4997280067.17,283090594.27,9459765968.76,432637949.74,133543238.81,2020,10,overview
Italy,37013911.64,1220843246.31,21394926.54,705676607.03,58408838.18,-15618985.09,2020,10,overview
Spain,34668274.17,1155793191.05,22231224.87,741158853.4,56899499.03,-12437049.3,2020,10,overview
Belgium,37132247.95,1297967451.97,19230004.25,672189834.75,56362252.2,-17902243.7,2020,10,overview
Switzerland,312414193.79,10779144851.04,19934896.29,687808489.43,332349090.08,-292479297.5,2020,10,overview
Sweden,35604005.87,1134359482.17,19552648.97,622956103.52,55156654.84,-16051356.89,2020,10,overview
Poland,31826302.24,962850118.53,21644315.62,654811598.8,53470617.86,-10181986.63,2020,10,overview
Russian Federation,200615665.31,6594416562.32,17394173.85,571762070.19,218009839.16,-183221491.47,2020,10,overview
United States of America,879218145.28,27639218953.7,2166653301.19,68111202333.48,3045871446.47,1287435155.91,2020,10,overview
Canada,33602685.79,1081138595.83,144215650.36,4640019154.61,177818336.16,110612964.57,2020,10,overview
Brazil,190092226.63,6324671408.52,96901870.21,3224079694.59,286994096.84,-93190356.41,2020,10,overview
Mexico,40946043.97,1325889379.5,109177881.27,3535330381.68,150123925.24,68231837.3,2020,10,overview
Argentina,37842955.03,1249264830.06,20455926.09,675287355.68,58298881.12,-17387028.94,2020,10,overview
Chile,36114107.37,1203254886.56,20583290.28,685796947.67,56697397.65,-15530817.1,2020,10,overview
South Africa,102399902.26,3165916841.91,114974427.54,3554685780.82,217374329.8,12574525.28,2020,10,overview
Nigeria,32332955.8,1074721382.53,75305368.4,2503089731.4,107638324.19,42972412.6,2020,10,overview
Kenya,34431635.11,1138036835.46,21714517.1,717709752.57,56146152.21,-12717118.02,2020,10,overview
Ghana,31240629.1,1068935549.99,21950392.26,751058967.05,53191021.36,-9290236.84,2020,10,overview
Morocco,34131805.76,1082498842.91,21558631.61,683737448.12,55690437.37,-12573174.15,2020,10,overview
Algeria,37369729.41,1132689215.99,18747557.96,568244861.9,56117287.36,-18622171.45,2020,10,overview
Libya,35944411.09,1164724022.34,20651045.88,669165761.65,56595456.97,-15293365.21,2020,10,overview
Tanzania,33567691.75,1121293232.69,20190228.42,674433221.87,53757920.18,-13377463.33,2020,10,overview
Australia,443361951.79,14185289034.12,564320565.86,18055338989.63,1007682517.64,120958614.07,2020,10,overview
New Zealand,40555784.02,1368000957.89,18894937.17,637351558.4,59450721.19,-21660846.85,2020,10,overview
Saudi Arabia,1195031095.62,39072992032.14,177156943.2,5792361265.98,1372188038.82,-1017874152.43,2020,11,overview
United Arab Emirates,836525138.21,25819798116.74,147787004.97,4561525360.61,984312143.18,-688738133.23,2020,11,overview
Kuwait,402826186.64,14041103174.42,19820169.65,690861359.52,422646356.29,-383006016.99,2020,11,overview
Qatar,374990141.47,12200131172.91,18885881.46,614443436.41,393876022.93,-356104260.01,2020,11,overview
Iran,103814255.93,3578304482.44,25745104.76,887390878.31,129559360.69,-78069151.17,2020,11,overview
Iraq,226796842.56,7766055622.48,23105950.41,791201914.67,249902792.97,-203690892.15,2020,11,overview
Bahrain,63310945.16,2075021857.33,19713093.96,646098407.49,83024039.12,-43597851.2,2020,11,overview
Oman,193324557.58,6522863807.75,19612010.38,661718688.4,212936567.96,-173712547.21,2020,11,overview
Israel,40166777.74,1303481871.68,37316118.56,1210973018.23,77482896.3,-2850659.17,2020,11,overview
Jordan,35952830.7,1218334431.76,18185366.02,616247932.39,54138196.72,-17767464.67,2020,11,overview
Lebanon,34285459.62,1108177229.4,20151259.22,651330530.9,54436718.84,-14134200.39,2020,11,overview
Turkey,34095200.59,1114114741.57,81838849.71,2674214180.56,115934050.29,47743649.12,2020,11,overview
Egypt,35310681.5,1182176440.47,19278248.4,645422011.23,54588929.91,-16032433.1,2020,11,overview
Yemen,41207784.89,1421428639.06,20700343.32,714041313.16,61908128.21,-20507441.57,2020,11,overview
Malaysia,646914970.78,20283338044.72,552789757.58,17332141049.51,1199704728.36,-94125213.2,2020,11,overview
Singapore,513493050.2,17863318693.83,417308264.66,14517256898.24,930801314.87,-96184785.54,2020,11,overview
Indonesia,548229818.52,16831175786.42,521730470.83,16017620660.34,1069960289.35,-26499347.69,2020,11,overview
Vietnam,358218687.6,11915537227.31,838613764.18,27895064865.4,1196832451.78,480395076.59,2020,11,overview
Philippines,186151138.65,6125095352.28,380263529.21,12512146808.69,566414667.85,194112390.56,2020,11,overview
Myanmar,189773632.2,6216379579.06,168746514.67,5527598200.53,358520146.87,-21027117.53,2020,11,overview
Cambodia,36809815.06,1252979836.24,218626595.54,7441893294.94,255436410.59,181816780.48,2020,11,overview
Brunei Darussalam,38089470.31,1147940334.07,19161187.43,577479805.41,57250657.74,-18928282.88,2020,11,overview
China,3524897333.29,123689288220.79,2211162244.01,77590085112.49,5736059577.31,-1313735089.28,2020,11,overview
Japan,2307724401.58,77469060772.8,1693950517.24,56865003237.05,4001674918.82,-613773884.34,2020,11,overview
"Korea, Republic of",556387394.23,19753757876.02,337637504.29,11987348345.26,894024898.52,-218749889.94,2020,11,overview
Taiwan,471087499.65,15318332331.37,269684020.96,8769303920.48,740771520.62,-201403478.69,2020,11,overview
Hong Kong,241513708.43,8182208222.71,605576968.63,20516255099.92,847090677.06,364063260.2,2020,11,overview
India,376730768.06,12555608092.34,423580894.8,14117019796.08,800311662.85,46850126.74,2020,11,overview
Bangladesh,39332376.8,1209528643.42,19087489.41,586968473.5,58419866.2,-20244887.39,2020,11,overview
Pakistan,36125930.36,1221868537.02,20328057.16,687545295.45,56453987.53,-15797873.2,2020,11,overview
Sri Lanka,39158046.27,1401202354.06,20373945.76,729046095.83,59531992.03,-18784100.52,2020,11,overview
Germany,370461853.18,11329704809.24,265385430.81,8116189470.07,635847283.99,-105076422.36,2020,11,overview
United Kingdom,178143044.48,6135327897.77,232404072.83,8004102522.02,410547117.3,54261028.35,2020,11,overview
France,150959355.95,5020663863.36,123598647.93,4110690995.58,274558003.88,-27360708.02,2020,11,overview
Netherlands,153393895.82,5266205098.8,268026581.17,9201689159.79,421420476.99,114632685.35,2020,11,overview
Italy,38608513.01,1296569152.86,20569652.83,690779708.22,59178165.84,-18038860.17,2020,11,overview
Spain,40031225.2,1300047705.05,18288560.46,593936381.66,58319785.66,-21742664.75,2020,11,overview
Belgium,34144025.17,1189759936.13,21092189.06,734964357.14,55236214.24,-13051836.11,2020,11,overview
Switzerland,277242100.77,8977561907.53,16556648.54,536131910.74,293798749.31,-260685452.24,2020,11,overview
Sweden,39052881.65,1313827954.91,21351726.49,718320747.71,60404608.15,-17701155.16,2020,11,overview
Poland,35578142.17,1201578513.49,18376581.36,620631207.03,53954723.53,-17201560.8,2020,11,overview
Russian Federation,203786097.92,6899333387.99,24048145.22,814168252.56,227834243.14,-179737952.7,2020,11,overview
United States of America,832867083.73,27368498507.6,2076798333.9,68244805458.68,2909665417.63,1243931250.17,2020,11,overview
Canada,35696031.47,1187950514.73,148668591.16,4947634852.31,184364622.63,112972559.69,2020,11,overview
Brazil,171316059.57,5666100929.27,117836123.55,3897307531.13,289152183.12,-53479936.02,2020,11,overview
Mexico,38631784.42,1295890592.9,97375787.24,3266438984.21,136007571.67,58744002.82,2020,11,overview
Argentina,37299119.7,1343622931.54,17376571.35,625954712.33,54675691.06,-19922548.35,2020,11,overview
Chile,40151001.66,1258597203.51,19820763.23,621313445.3,59971764.89,-20330238.43,2020,11,overview
South Africa,112215742.16,3762986973.81,123679408.93,4147403882.82,235895151.09,11463666.77,2020,11,overview
Nigeria,36951104.54,1299605765.99,85201283.47,2996610809.35,122152388.01,48250178.94,2020,11,overview
Kenya,38047346.88,1333325299.23,18752229.19,657150199.6,56799576.07,-19295117.69,2020,11,overview
Ghana,41169927.95,1289226369.68,25633373.31,802702906.41,66803301.26,-15536554.63,2020,11,overview
Morocco,37100476.22,1255098860.89,17061396.95,577182345.47,54161873.17,-20039079.26,2020,11,overview
Algeria,34797266.44,1107878067.22,23621277.18,752056054.51,58418543.62,-11175989.26,2020,11,overview
Libya,31475333.22,945417292.59,19699461.37,591708157.71,51174794.6,-11775871.85,2020,11,overview
Tanzania,38580134.36,1274791279.79,17089263.5,564675173.99,55669397.85,-21490870.86,2020,11,overview
Australia,364126241.76,12913761645.67,531911954.28,18864293220.96,896038196.04,167785712.52,2020,11,overview
New Zealand,37443347.65,1233877927.75,19057106.52,627992542.95,56500454.17,-18386241.12,2020,11,overview
Saudi Arabia,948965823.04,29370219352.66,153660806.45,4755757775.14,1102626629.48,-795305016.59,2020,12,overview
United Arab Emirates,794017071.92,25452354741.38,92823184.9,2975463266.26,886840256.82,-701193887.02,2020,12,overview
Kuwait,364233974.62,12032085550.61,18667710.75,616668154.09,382901685.37,-345566263.87,2020,12,overview
Qatar,280349025.34,9335067456.69,16367430.77,545003037.39,296716456.11,-263981594.57,2020,12,overview
Iran,94160606.29,3039386606.01,22592443.99,729255835.9,116753050.28,-71568162.31,2020,12,overview
Iraq,233420857.49,7672044796.59,17031651.78,559793999.55,250452509.27,-216389205.71,2020,12,overview
Bahrain,59311922.82,1792538923.3,15743877.5,475815179.83,75055800.32,-43568045.32,2020,12,overview
Oman,201400473.06,6550075828.09,16802876.75,546473973.9,218203349.81,-184597596.31,2020,12,overview
Israel,29612736.58,1048225939.05,34796440.16,1231717678.92,64409176.74,5183703.58,2020,12,overview
Jordan,33613591.81,1037841812.37,18993064.5,586423390.77,52606656.31,-14620527.31,2020,12,overview
Lebanon,28677777.92,911549806.14,13732033.59,436485441.64,42409811.51,-14945744.32,2020,12,overview
Turkey,34004191.84,1110839761.44,74009151.11,2417710973.8,108013342.95,40004959.27,2020,12,overview
Egypt,31530315.34,1050184574.3,16788318.09,559170832.84,48318633.43,-14741997.25,2020,12,overview
Yemen,33521990.02,1121292850.87,15470678.52,517486020.74,48992668.54,-18051311.5,2020,12,overview
Malaysia,678857348.46,23115806138.76,458066038.65,15597630005.86,1136923387.11,-220791309.82,2020,12,overview
Singapore,619185772.87,20798425699.23,381749055.0,12822935707.14,1000934827.87,-237436717.86,2020,12,overview
Indonesia,416103038.68,14018680909.13,450628260.06,15181849684.36,866731298.74,34525221.38,2020,12,overview
Vietnam,320790202.71,10685374941.13,652724202.9,21741944679.83,973514405.61,331934000.19,2020,12,overview
Philippines,211689229.94,7291208079.07,368103817.51,12678592712.99,579793047.46,156414587.57,2020,12,overview
Myanmar,154938766.1,5177883402.57,188334082.0,6293918184.02,343272848.1,33395315.91,2020,12,overview
Cambodia,29183778.65,919652511.48,182202457.56,5741646745.7,211386236.21,153018678.92,2020,12,overview
Brunei Darussalam,29987420.4,1002955256.82,18036611.26,603250090.56,48024031.66,-11950809.15,2020,12,overview
China,2858155550.96,96771457560.88,1926563537.52,65229606396.53,4784719088.47,-931592013.44,2020,12,overview
Japan,1788351893.51,58626901918.14,1246558157.63,40865471223.97,3034910051.13,-541793735.88,2020,12,overview
"Korea, Republic of",487356746.1,15817321589.68,298805297.43,9697823042.2,786162043.53,-188551448.67,2020,12,overview
Taiwan,371195398.14,12079281527.21,200847542.72,6535894638.63,572042940.86,-170347855.42,2020,12,overview
Hong Kong,199127314.99,7072606365.46,559169299.42,19860581892.35,758296614.41,360041984.42,2020,12,overview
India,294316862.82,9613425189.28,458061181.23,14961891261.5,752378044.05,163744318.42,2020,12,overview
Bangladesh,33758780.33,1171744758.53,17880929.83,620635153.24,51639710.16,-15877850.5,2020,12,overview
Pakistan,30607828.81,1075276178.68,16205920.93,569326260.85,46813749.73,-14401907.88,2020,12,overview
Sri Lanka,31299908.64,1090868418.27,18082423.21,630210926.09,49382331.85,-13217485.43,2020,12,overview
Germany,289789845.67,9306646641.43,248185743.49,7970524332.17,537975589.16,-41604102.18,2020,12,overview
United Kingdom,156263417.58,4805048087.38,208486102.08,6410878256.51,364749519.66,52222684.5,2020,12,overview
France,118474389.53,4067141294.52,131252766.73,4505813870.07,249727156.26,12778377.2,2020,12,overview
Netherlands,125713522.52,4093060850.47,211319216.31,6880265494.77,337032738.84,85605693.79,2020,12,overview
Italy,35014662.44,1167660669.54,17482718.85,583009567.09,52497381.29,-17531943.6,2020,12,overview
Spain,34482608.44,1218552754.12,16662544.17,588824048.12,51145152.61,-17820064.27,2020,12,overview
Belgium,27719292.72,899241204.2,20083873.33,651540665.9,47803166.04,-7635419.39,2020,12,overview
Switzerland,247787064.89,8007934769.04,15081039.54,487386139.23,262868104.43,-232706025.34,2020,12,overview
Sweden,28959144.88,949687168.92,16903791.48,554343505.09,45862936.37,-12055353.4,2020,12,overview
Poland,34006942.22,1137923806.64,18062587.4,604401538.99,52069529.63,-15944354.82,2020,12,overview
Russian Federation,172910173.23,6172562498.51,16515596.14,589575196.47,189425769.37,-156394577.1,2020,12,overview
United States of America,713492703.97,23285125642.83,2146307670.34,70045626948.07,2859800374.31,1432814966.38,2020,12,overview
Canada,31592448.13,1102824081.3,128592780.26,4488896022.62,160185228.39,97000332.13,2020,12,overview
Brazil,156533253.57,5152467253.24,86078256.62,2833362166.34,242611510.19,-70454996.95,2020,12,overview
Mexico,32440662.81,1070747701.87,95171995.3,3141279691.17,127612658.11,62731332.49,2020,12,overview
Argentina,33150551.08,1112929121.4,20096264.52,674671077.52,53246815.61,-13054286.56,2020,12,overview
Chile,32374192.66,940596711.26,15608520.15,453488458.52,47982712.81,-16765672.5,2020,12,overview
South Africa,97704198.73,3148793914.87,105796301.03,3409584779.6,203500499.75,8092102.3,2020,12,overview
Nigeria,32202051.26,1117142947.65,70726568.56,2453622803.21,102928619.81,38524517.3,2020,12,overview
Kenya,31804263.09,1096777943.32,16705823.24,576104480.26,48510086.33,-15098439.85,2020,12,overview
Ghana,31037990.92,1002026896.47,18515919.24,597765787.87,49553910.16,-12522071.67,2020,12,overview
Morocco,29944597.45,988747938.66,17887136.72,590619713.39,47831734.17,-12057460.73,2020,12,overview
Algeria,32799157.6,992025619.76,17385646.93,525836894.32,50184804.52,-15413510.67,2020,12,overview
Libya,30493075.91,992669638.14,18895833.57,615133754.43,49388909.48,-11597242.35,2020,12,overview
Tanzania,30964072.23,988745998.07,19169535.57,612122379.51,50133607.8,-11794536.67,2020,12,overview
Australia,332257269.45,10723184419.46,467711438.05,15094796913.0,799968707.5,135454168.59,2020,12,overview
New Zealand,29145026.63,983273296.66,17518217.06,591016617.0,46663243.7,-11626809.57,2020,12,overview
Saudi Arabia,1048620206.68,37456830753.83,179195279.17,6400875360.75,1227815485.85,-869424927.51,2021,1,overview
United Arab Emirates,816491707.05,26320573601.18,143035723.28,4610925315.7,959527430.33,-673455983.77,2021,1,overview
Kuwait,391338563.52,12633137558.63,20005916.65,645828243.45,411344480.17,-371332646.86,2021,1,overview
Qatar,359859570.72,11488853208.32,24932192.21,795983544.02,384791762.93,-334927378.51,2021,1,overview
Iran,101442347.23,3407823605.1,27842685.25,935338767.34,129285032.48,-73599661.99,2021,1,overview
Iraq,250022644.15,7340767814.98,23144048.2,679518788.11,273166692.35,-226878595.94,2021,1,overview
Bahrain,45280664.72,1568791658.66,20155400.71,698303011.04,65436065.44,-25125264.01,2021,1,overview
Oman,183592143.29,6215836805.66,15938065.0,539611386.63,199530208.29,-167654078.29,2021,1,overview
Israel,35661850.37,1124121813.7,38314992.95,1207753353.17,73976843.33,2653142.58,2021,1,overview
Jordan,32266269.17,1034473596.84,21173593.22,678836558.91,53439862.39,-11092675.96,2021,1,overview
Lebanon,36362588.47,1153229391.91,16194967.65,513618900.03,52557556.12,-20167620.82,2021,1,overview
Turkey,31828850.6,1024663907.08,82230374.99,2647236571.24,114059225.59,50401524.39,2021,1,overview
Egypt,37212686.03,1230557929.15,17866099.19,590800406.01,55078785.22,-19346586.85,2021,1,overview
Yemen,36542448.65,1179493442.95,24105385.31,778057983.75,60647833.96,-12437063.33,2021,1,overview
Malaysia,717759299.17,21110783659.28,478913125.78,14085824316.96,1196672424.95,-238846173.39,2021,1,overview
Singapore,597504265.81,20773890310.96,454537720.97,15803262500.08,1052041986.78,-142966544.85,2021,1,overview
Indonesia,435913370.98,15607105269.16,546523412.21,19567301657.41,982436783.19,110610041.23,2021,1,overview
Vietnam,361545041.74,11935626490.46,858095656.45,28328169566.4,1219640698.19,496550614.7,2021,1,overview
Philippines,183504271.98,5887498495.7,465281223.64,14927949494.93,648785495.62,281776951.66,2021,1,overview
Myanmar,181958729.72,5682718607.4,183636028.78,5735102016.36,365594758.5,1677299.06,2021,1,overview
Cambodia,38995948.58,1371874086.67,204048655.65,7178413997.12,243044604.23,165052707.07,2021,1,overview
Brunei Darussalam,34761079.32,1193629466.58,17895379.96,614493371.76,52656459.29,-16865699.36,2021,1,overview
China,3332924533.8,110112548493.79,2216112646.54,73215522519.56,5549037180.34,-1116811887.25,2021,1,overview
Japan,1839704277.06,66770842804.81,1701108598.63,61740604862.15,3540812875.68,-138595678.43,2021,1,overview
"Korea, Republic of",581753172.89,20136231359.36,348190423.2,12051920376.92,929943596.09,-233562749.69,2021,1,overview
Taiwan,497973484.86,15617724413.74,248964524.13,7808165384.01,746938008.99,-249008960.73,2021,1,overview
Hong Kong,213806401.89,6787478101.7,757551697.13,24049165551.95,971358099.02,543745295.24,2021,1,overview
India,428629400.17,13573984035.72,486127178.07,15394843545.13,914756578.24,57497777.9,2021,1,overview
Bangladesh,37771773.6,1289500865.5,20506461.01,700075656.85,58278234.61,-17265312.6,2021,1,overview
Pakistan,34163542.64,1152689554.87,20887549.51,704753028.7,55051092.16,-13275993.13,2021,1,overview
Sri Lanka,35794046.33,1121002753.19,17637422.32,552371162.49,53431468.65,-18156624.01,2021,1,overview
Germany,375808609.01,12106449998.89,276881831.76,8919582924.29,652690440.77,-98926777.26,2021,1,overview
United Kingdom,155890832.38,4671627659.16,223709261.15,6703962998.03,379600093.53,67818428.77,2021,1,overview
France,138786304.15,4378724295.32,133221329.1,4203148674.94,272007633.25,-5564975.05,2021,1,overview
Netherlands,139157453.63,5029122111.0,251989747.89,9106858309.33,391147201.52,112832294.27,2021,1,overview
Italy,30749145.44,1059604861.62,22934647.15,790319967.26,53683792.59,-7814498.29,2021,1,overview
Spain,32799786.88,1059877557.41,21329241.3,689223507.81,54129028.18,-11470545.58,2021,1,overview
Belgium,35499630.92,1203736017.09,23521891.34,797589920.11,59021522.26,-11977739.59,2021,1,overview
Switzerland,291226317.37,8962173937.37,20265493.44,623648572.59,311491810.81,-270960823.93,2021,1,overview
Sweden,34396622.56,1056294419.95,23013943.36,706740898.94,57410565.92,-11382679.2,2021,1,overview
Poland,32027437.91,1009601496.12,21200008.58,668288248.3,53227446.49,-10827429.33,2021,1,overview
Russian Federation,196573214.31,6084250368.35,20276761.04,627597667.57,216849975.35,-176296453.28,2021,1,overview
United States of America,774096418.21,24027136402.48,2364702251.67,73397863903.39,3138798669.88,1590605833.46,2021,1,overview
Canada,30508514.62,1040277295.14,132867752.39,4530515752.54,163376267.01,102359237.77,2021,1,overview
Brazil,172144670.06,5692228307.91,101039748.93,3341034717.44,273184419.0,-71104921.13,2021,1,overview
Mexico,30094812.32,1010437914.52,109093152.9,3662819250.62,139187965.22,78998340.58,2021,1,overview
Argentina,33834591.17,1059318954.16,22676987.49,709988264.85,56511578.66,-11157603.67,2021,1,overview
Chile,38136340.53,1239246911.12,21247401.04,690437932.69,59383741.57,-16888939.48,2021,1,overview
South Africa,104773156.86,3649293513.23,124847389.01,4348487537.39,229620545.86,20074232.15,2021,1,overview
Nigeria,31967021.13,1104602971.95,78830798.79,2723955237.12,110797819.92,46863777.66,2021,1,overview
Kenya,33313455.04,1184265142.55,22500031.06,799857068.52,55813486.1,-10813423.98,2021,1,overview
Ghana,33855616.8,1058646908.62,22132034.6,692056805.59,55987651.4,-11723582.2,2021,1,overview
Morocco,37092045.66,1250356443.17,21322840.85,718783528.04,58414886.51,-15769204.81,2021,1,overview
Algeria,33173431.11,1119765123.3,18198974.5,614304165.81,51372405.62,-14974456.61,2021,1,overview
Libya,29205772.62,1005022411.77,20455155.83,703898174.99,49660928.45,-8750616.79,2021,1,overview
Tanzania,35517006.62,1226674431.44,24259345.23,837861107.99,59776351.86,-11257661.39,2021,1,overview
Australia,397801569.0,13099185567.35,560902940.19,18469941476.92,958704509.2,163101371.19,2021,1,overview
New Zealand,30552436.55,982531487.96,19409032.6,624172335.82,49961469.15,-11143403.94,2021,1,overview
Saudi Arabia,848507879.42,27683750886.88,169579374.22,5532763178.04,1018087253.65,-678928505.2,2021,2,overview
United Arab Emirates,702376026.83,23932626666.73,139520349.5,4753989756.78,841896376.33,-562855677.33,2021,2,overview
Kuwait,412814090.36,13989098462.57,19746926.23,669167312.52,432561016.59,-393067164.12,2021,2,overview
Qatar,356261356.34,11315958541.15,20771047.11,659752464.76,377032403.45,-335490309.23,2021,2,overview
Iran,103605455.61,3326258996.88,29615107.36,950794692.42,133220562.97,-73990348.25,2021,2,overview
Iraq,276207610.24,9128277733.34,19420031.75,641805065.63,295627641.99,-256787578.48,2021,2,overview
Bahrain,51151634.29,1554327701.39,20634600.64,627016747.89,71786234.94,-30517033.65,2021,2,overview
Oman,193869294.11,6437043630.48,18501297.84,614298731.25,212370591.94,-175367996.27,2021,2,overview
Israel,36475491.26,1073930051.03,42640385.67,1255440022.33,79115876.92,6164894.41,2021,2,overview
Jordan,39307214.27,1251355043.83,20751385.01,660625556.32,60058599.28,-18555829.26,2021,2,overview
Lebanon,34212216.77,1094781593.97,20558244.65,657858214.98,54770461.42,-13653972.11,2021,2,overview
Turkey,34322468.75,1111823416.02,77149205.78,2499129480.73,111471674.53,42826737.02,2021,2,overview
Egypt,31932487.5,1060757469.26,17948993.7,596243219.0,49881481.2,-13983493.79,2021,2,overview
Yemen,35369564.38,1210696222.95,21107538.22,722508666.54,56477102.59,-14262026.16,2021,2,overview
Malaysia,693283831.75,23751554519.84,517560687.65,17731368203.16,1210844519.41,-175723144.1,2021,2,overview
Singapore,481890081.44,15205415011.01,407588808.29,12860934936.47,889478889.73,-74301273.15,2021,2,overview
Indonesia,513896481.39,17334220555.89,545037860.31,18384649095.66,1058934341.7,31141378.92,2021,2,overview
Vietnam,366849264.26,12297848515.34,753859167.34,25271539962.39,1120708431.6,387009903.08,2021,2,overview
Philippines,200694921.12,6588245019.58,432919467.92,14211518221.24,633614389.04,232224546.8,2021,2,overview
Myanmar,163734996.86,5618444230.25,211497454.35,7257377316.35,375232451.22,47762457.49,2021,2,overview
Cambodia,31980962.94,1004596850.95,201734474.76,6336951719.2,233715437.7,169753511.82,2021,2,overview
Brunei Darussalam,27035241.07,916855809.94,20597605.43,698533967.61,47632846.5,-6437635.64,2021,2,overview
China,3449586658.5,112020931460.67,1711070080.61,55564820716.37,5160656739.11,-1738516577.88,2021,2,overview
Japan,1667478360.27,52310327118.43,1799510500.51,56452296579.9,3466988860.79,132032140.24,2021,2,overview
"Korea, Republic of",594893695.3,18827858660.8,363441856.47,11502612919.0,958335551.77,-231451838.83,2021,2,overview
Taiwan,430158151.87,13650429710.72,243141854.86,7715745441.76,673300006.74,-187016297.01,2021,2,overview
Hong Kong,204387095.93,6198705472.0,649648340.44,19702705322.52,854035436.37,445261244.51,2021,2,overview
India,305343994.39,9819149386.77,481603185.33,15487233116.87,786947179.72,176259190.94,2021,2,overview
Bangladesh,32292498.22,1122492515.37,21401051.97,743904063.88,53693550.2,-10891446.25,2021,2,overview
Pakistan,33050811.62,1115471983.15,19720117.02,665558180.27,52770928.64,-13330694.6,2021,2,overview
Sri Lanka,30119703.16,1018884166.59,20634409.62,698017279.41,50754112.78,-9485293.53,2021,2,overview
Germany,356261622.53,11349771047.99,228419659.56,7276985998.21,584681282.09,-127841962.97,2021,2,overview
United Kingdom,157067772.14,5296500700.72,238402461.06,8039197251.56,395470233.2,81334688.93,2021,2,overview
France,151332432.93,4881022001.45,129798433.23,4186472100.42,281130866.15,-21533999.7,2021,2,overview
Netherlands,147580253.87,5150768875.4,242124032.25,8450486407.45,389704286.12,94543778.39,2021,2,overview
Italy,34567931.79,1071616514.08,18395888.27,570278192.44,52963820.06,-16172043.52,2021,2,overview
Spain,29593762.39,1029356736.84,21346215.67,742483183.15,50939978.06,-8247546.73,2021,2,overview
Belgium,38786325.87,1347602107.65,21639848.23,751860467.02,60426174.1,-17146477.64,2021,2,overview
Switzerland,257757726.82,8834676759.66,18397024.83,630560215.21,276154751.65,-239360701.99,2021,2,overview
Sweden,34916491.07,1172532684.69,20446753.29,686623592.09,55363244.36,-14469737.79,2021,2,overview
Poland,34661070.36,1211143701.55,22354594.18,781124923.88,57015664.54,-12306476.18,2021,2,overview
Russian Federation,211551165.67,7144314265.54,21644223.1,730949089.11,233195388.77,-189906942.58,2021,2,overview
United States of America,780982997.14,24138823498.16,2293279636.24,70881277279.62,3074262633.39,1512296639.1,2021,2,overview
Canada,36636168.87,1224699678.79,122234817.98,4086151662.29,158870986.84,85598649.11,2021,2,overview
Brazil,157515244.25,5189987449.94,105849931.26,3487661257.45,263365175.52,-51665312.99,2021,2,overview
Mexico,29476874.65,947183915.85,104773953.31,3366713892.43,134250827.95,75297078.66,2021,2,overview
Argentina,36169239.59,1215038020.89,20274650.0,681088983.19,56443889.59,-15894589.58,2021,2,overview
Chile,31199191.11,1008109575.09,19316720.99,624162700.72,50515912.1,-11882470.13,2021,2,overview
South Africa,108309500.41,3443401888.34,137957220.97,4385969405.97,246266721.38,29647720.55,2021,2,overview
Nigeria,36698220.54,1145304338.65,67014868.66,2091447996.84,103713089.19,30316648.12,2021,2,overview
Kenya,31195921.83,955363171.05,18079001.41,553662501.35,49274923.24,-13116920.43,2021,2,overview
Ghana,34903836.06,1171690645.66,19925325.01,668875389.04,54829161.07,-14978511.05,2021,2,overview
Morocco,35653847.67,1211754655.26,20703277.64,703634942.59,56357125.31,-14950570.03,2021,2,overview
Algeria,33599554.23,1162098417.0,18347434.12,634577590.05,51946988.35,-15252120.11,2021,2,overview
Libya,32195129.91,1053847153.18,18755149.92,613914632.8,50950279.83,-13439979.98,2021,2,overview
Tanzania,31320172.09,1049729420.85,19595511.41,656764745.23,50915683.49,-11724660.68,2021,2,overview
Australia,416748812.65,13447834864.94,501770645.29,16191356934.94,918519457.94,85021832.63,2021,2,overview
New Zealand,36691422.11,1325022560.6,21077561.71,761165503.59,57768983.82,-15613860.4,2021,2,overview
Saudi Arabia,1239830016.39,38333308909.26,206097046.8,6372149130.03,1445927063.19,-1033732969.59,2021,3,overview
United Arab Emirates,961682930.93,30940732027.27,150408257.41,4839164175.07,1112091188.34,-811274673.53,2021,3,overview
Kuwait,459240892.12,15499952960.11,24370790.43,822544576.73,483611682.55,-434870101.7,2021,3,overview
Qatar,351086306.46,11250075730.44,24003281.03,769151984.46,375089587.49,-327083025.43,2021,3,overview
Iran,115251299.11,3765455940.77,29476863.56,963059261.42,144728162.66,-85774435.55,2021,3,overview
Iraq,280541240.19,10076422084.21,20772044.86,746085999.52,301313285.06,-259769195.33,2021,3,overview
Bahrain,51617598.38,1732044919.36,21574167.56,723928049.41,73191765.93,-30043430.82,2021,3,overview
Oman,237166278.58,7806070483.98,22475377.71,739752647.8,259641656.29,-214690900.87,2021,3,overview
Israel,39002771.81,1368598365.69,44477326.93,1560699256.12,83480098.74,5474555.12,2021,3,overview
Jordan,40298173.67,1271438204.09,24239581.42,764777334.98,64537755.09,-16058592.26,2021,3,overview
Lebanon,37522667.57,1181648760.61,22112875.42,696369781.99,59635542.99,-15409792.15,2021,3,overview
Turkey,38850556.0,1320262552.78,86731853.2,2947417738.66,125582409.2,47881297.2,2021,3,overview
Egypt,34529451.29,1093047080.21,25773433.01,815870934.89,60302884.3,-8756018.27,2021,3,overview
Yemen,38425012.36,1235135109.53,24092824.19,774440688.8,62517836.55,-14332188.17,2021,3,overview
Malaysia,806756155.44,28380210467.75,544786181.62,19164584478.25,1351542337.05,-261969973.82,2021,3,overview
Singapore,604883918.87,19689713958.31,467489634.77,15217361381.28,1072373553.65,-137394284.1,2021,3,overview
Indonesia,562887431.58,17942579204.43,539952908.45,17211519183.03,1102840340.03,-22934523.13,2021,3,overview
Vietnam,370932379.39,13253716545.1,820965538.98,29333768502.12,1191897918.36,450033159.59,2021,3,overview
Philippines,216308531.64,7206146793.43,483297771.73,16100681104.18,699606303.37,266989240.09,2021,3,overview
Myanmar,173941113.17,5944612208.77,226467064.94,7739739355.55,400408178.11,52525951.77,2021,3,overview
Cambodia,37193762.51,1284385164.1,248201365.26,8570957326.14,285395127.76,211007602.75,2021,3,overview
Brunei Darussalam,40538541.78,1272109021.33,21824326.13,684852511.81,62362867.91,-18714215.64,2021,3,overview
China,3590885184.42,121438997221.07,2301320632.91,77827626223.4,5892205817.33,-1289564551.51,2021,3,overview
Japan,1872130967.17,62224267518.17,1811423520.86,60206526000.12,3683554488.03,-60707446.31,2021,3,overview
"Korea, Republic of",590784620.83,19869664259.14,416634382.68,14012526749.62,1007419003.5,-174150238.15,2021,3,overview
Taiwan,584088256.56,20096266857.74,259770582.88,8937722846.91,843858839.44,-324317673.68,2021,3,overview
Hong Kong,256212213.47,8035273021.81,834502518.21,26171490735.84,1090714731.67,578290304.74,2021,3,overview
India,406957590.27,13728259248.75,514076603.95,17341799395.06,921034194.21,107119013.68,2021,3,overview
Bangladesh,39835974.09,1318640764.88,21136923.14,699669309.77,60972897.23,-18699050.95,2021,3,overview
Pakistan,31660299.53,1020457001.58,25271169.52,814526149.64,56931469.05,-6389130.01,2021,3,overview
Sri Lanka,37931264.96,1316937157.16,22096228.93,767159886.12,60027493.89,-15835036.03,2021,3,overview
Germany,291903930.41,9586496336.54,301698561.25,9908164470.81,593602491.65,9794630.84,2021,3,overview
United Kingdom,181960322.37,5762502506.49,300842012.76,9527367450.52,482802335.13,118881690.4,2021,3,overview
France,160376385.01,5595897551.19,155354958.7,5420688544.12,315731343.7,-5021426.31,2021,3,overview
Netherlands,142987687.1,4953680425.74,248837406.69,8620749210.77,391825093.79,105849719.59,2021,3,overview
Italy,39047395.67,1256976372.76,19857146.57,639222248.59,58904542.24,-19190249.11,2021,3,overview
Spain,38929762.0,1245018714.4,24176031.43,773177384.7,63105793.43,-14753730.57,2021,3,overview
Belgium,28958532.65,902623532.78,23605894.35,735784371.52,52564427.0,-5352638.31,2021,3,overview
Switzerland,253344955.93,8669710463.32,17523626.03,599675503.22,270868581.96,-235821329.9,2021,3,overview
Sweden,38151053.32,1338473873.28,22248475.24,780555194.29,60399528.56,-15902578.07,2021,3,overview
Poland,39687857.87,1226787278.43,25587205.46,790923467.08,65275063.32,-14100652.41,2021,3,overview
Russian Federation,225948735.39,7378565296.17,19727045.34,644204942.62,245675780.73,-206221690.05,2021,3,overview
United States of America,888274356.14,29373763593.35,2537951987.08,83925873987.76,3426226343.22,1649677630.94,2021,3,overview
Canada,39645812.96,1436462676.78,159550370.57,5780891732.31,199196183.53,119904557.6,2021,3,overview
Brazil,184049944.02,6141585666.16,104759011.26,3495716586.05,288808955.29,-79290932.76,2021,3,overview
Mexico,35338812.04,1151167913.69,126718510.44,4127877392.62,162057322.48,91379698.41,2021,3,overview
Argentina,36053893.79,1228631113.38,21803193.12,743001063.83,57857086.92,-14250700.67,2021,3,overview
Chile,37285946.36,1323577563.42,21494414.72,763009332.98,58780361.09,-15791531.64,2021,3,overview
South Africa,105528032.73,3585679957.6,136331802.39,4632344589.07,241859835.13,30803769.66,2021,3,overview
Nigeria,32834236.63,1031564326.2,94112080.74,2956751096.28,126946317.37,61277844.11,2021,3,overview
Kenya,40248126.78,1370012167.51,20912598.78,711847160.81,61160725.56,-19335528.01,2021,3,overview
Ghana,41103221.69,1371901201.74,24218939.85,808354949.11,65322161.54,-16884281.85,2021,3,overview
Morocco,37063739.85,1304886485.74,21612681.88,760908009.11,58676421.73,-15451057.98,2021,3,overview
Algeria,35649324.94,1212007653.07,20777714.04,706401831.35,56427038.97,-14871610.9,2021,3,overview
Libya,35357370.72,1090230157.08,20935414.9,645535010.57,56292785.62,-14421955.81,2021,3,overview
Tanzania,36303629.37,1211257437.35,22507570.75,750956941.06,58811200.12,-13796058.63,2021,3,overview
Australia,487636753.97,15952398416.61,629668138.04,20598769322.63,1117304892.01,142031384.07,2021,3,overview
New Zealand,37163750.86,1297343999.17,23582211.43,823228005.09,60745962.29,-13581539.43,2021,3,overview
Saudi Arabia,1180459367.14,37197102158.62,187465003.03,5907153658.13,1367924370.17,-992994364.11,2021,4,overview
United Arab Emirates,826827895.54,28002153702.23,164125451.22,5558431369.37,990953346.76,-662702444.31,2021,4,overview
Kuwait,489051548.28,17170796516.8,23132427.42,812188828.73,512183975.7,-465919120.85,2021,4,overview
Qatar,374462931.23,12335515063.71,25159200.63,828791510.4,399622131.87,-349303730.6,2021,4,overview
Iran,111177407.03,3737167854.27,32641249.16,1097217774.19,143818656.19,-78536157.87,2021,4,overview
Iraq,280472289.35,9239643609.44,23524977.64,774987111.42,303997266.99,-256947311.7,2021,4,overview
Bahrain,74236995.97,2530311612.8,25587370.45,872126083.99,99824366.41,-48649625.52,2021,4,overview
Oman,235820465.38,7965306011.38,25256222.82,853079240.3,261076688.2,-210564242.56,2021,4,overview
Israel,39036664.49,1283471813.78,45610766.56,1499619243.92,84647431.06,6574102.07,2021,4,overview
Jordan,29074685.24,938161180.4,23766789.87,766889803.29,52841475.11,-5307895.36,2021,4,overview
Lebanon,43918396.78,1370981043.0,23409170.32,730753649.69,67327567.1,-20509226.47,2021,4,overview
Turkey,38799553.49,1307937259.61,85667683.8,2887867140.64,124467237.29,46868130.31,2021,4,overview
Egypt,39861708.37,1268147527.09,25164006.86,800559594.0,65025715.22,-14697701.51,2021,4,overview
Yemen,39060982.83,1330114046.88,20820627.65,708989054.79,59881610.48,-18240355.19,2021,4,overview
Malaysia,811440202.93,26779497317.54,648002028.28,21385640636.66,1459442231.21,-163438174.65,2021,4,overview
Singapore,643961571.79,20975347250.25,571411911.16,18612233686.95,1215373482.95,-72549660.63,2021,4,overview
Indonesia,551419033.91,17478664688.0,533552940.02,16912352237.46,1084971973.93,-17866093.89,2021,4,overview
Vietnam,392598253.47,12804819258.38,1017487164.12,33185932742.29,1410085417.58,624888910.65,2021,4,overview
Philippines,229318738.37,7383573778.52,452243793.89,14561284619.87,681562532.26,222925055.52,2021,4,overview
Myanmar,199371245.22,6962324870.04,205733677.65,7184509977.29,405104922.87,6362432.42,2021,4,overview
Cambodia,36881277.95,1146823415.45,247228440.13,7687568866.05,284109718.08,210347162.18,2021,4,overview
Brunei Darussalam,41039373.38,1377950440.06,24629428.91,826965170.31,65668802.29,-16409944.48,2021,4,overview
China,3585596295.47,111961734940.42,2383961518.68,74440189488.29,5969557814.15,-1201634776.78,2021,4,overview
Japan,2290037315.51,78307947125.3,2023827023.42,69204872107.12,4313864338.92,-266210292.09,2021,4,overview
"Korea, Republic of",624037057.95,21197528897.32,359171127.87,12200461919.72,983208185.82,-264865930.09,2021,4,overview
Taiwan,546215595.65,18666341581.52,222067779.29,7588932017.8,768283374.94,-324147816.36,2021,4,overview
Hong Kong,233276884.78,7314885255.77,854046381.38,26780412850.8,1087323266.16,620769496.61,2021,4,overview
India,319606322.6,10686787037.63,557546317.11,18642868845.7,877152639.71,237939994.5,2021,4,overview
Bangladesh,33686190.94,1250863487.5,21543362.41,799965941.06,55229553.35,-12142828.53,2021,4,overview
Pakistan,38002595.08,1216995494.77,24739776.33,792266851.07,62742371.41,-13262818.75,2021,4,overview
Sri Lanka,32440780.05,1057621112.84,23054644.32,751618134.55,55495424.37,-9386135.73,2021,4,overview
Germany,377088194.57,12593389088.97,308781866.4,10312203466.48,685870060.97,-68306328.17,2021,4,overview
United Kingdom,192435877.67,6490723058.57,245110958.25,8267415452.38,437546835.91,52675080.58,2021,4,overview
France,131519911.45,4485982507.56,130261064.08,4443044771.34,261780975.53,-1258847.37,2021,4,overview
Netherlands,162140311.9,5011242609.13,271432931.59,8389130724.68,433573243.49,109292619.69,2021,4,overview
Italy,36748866.34,1124741648.14,22881705.62,700321121.52,59630571.97,-13867160.72,2021,4,overview
Spain,36651891.09,1287982567.12,24592753.36,864212914.05,61244644.45,-12059137.73,2021,4,overview
Belgium,37647873.54,1134289389.5,24787512.18,746820721.1,62435385.72,-12860361.35,2021,4,overview
Switzerland,328080910.78,10977921400.6,21869745.1,731783943.62,349950655.88,-306211165.69,2021,4,overview
Sweden,38182904.36,1209953104.91,25841962.93,818889076.34,64024867.3,-12340941.43,2021,4,overview
Poland,40910872.27,1340344161.98,22850365.76,748636063.13,63761238.03,-18060506.5,2021,4,overview
Russian Federation,230292226.36,7594773146.64,21791726.6,718666116.66,252083952.97,-208500499.76,2021,4,overview
United States of America,930234313.93,30815646739.16,2541235271.05,84182885129.83,3471469584.98,1611000957.11,2021,4,overview
Canada,41441870.21,1302272024.05,167332089.0,5258254444.34,208773959.22,125890218.79,2021,4,overview
Brazil,208312213.1,7057989374.01,105773703.48,3583801756.29,314085916.58,-102538509.63,2021,4,overview
Mexico,40886353.95,1354952053.88,98995716.12,3280665452.48,139882070.07,58109362.17,2021,4,overview
Argentina,37494978.71,1313309566.58,21954230.37,768974987.11,59449209.08,-15540748.34,2021,4,overview
Chile,36917874.33,1222481597.19,21865204.16,724034365.35,58783078.49,-15052670.16,2021,4,overview
South Africa,123274715.66,4283741612.7,138648838.85,4817985564.71,261923554.5,15374123.19,2021,4,overview
Nigeria,40609732.55,1307868906.57,77200373.38,2486299750.74,117810105.94,36590640.83,2021,4,overview
Kenya,37204075.28,1081253647.24,24269328.29,705334013.17,61473403.57,-12934747.0,2021,4,overview
Ghana,46898733.86,1558131417.66,24365933.83,809517100.03,71264667.69,-22532800.02,2021,4,overview
Morocco,42637237.63,1462718189.24,27755258.09,952175213.89,70392495.73,-14881979.54,2021,4,overview
Algeria,41911881.13,1374194661.59,23617369.44,774359492.36,65529250.57,-18294511.7,2021,4,overview
Libya,37472231.08,1197967698.94,21828302.75,697839463.22,59300533.83,-15643928.32,2021,4,overview
Tanzania,34746127.39,1058818692.58,23231132.53,707922269.75,57977259.92,-11514994.87,2021,4,overview
Australia,474599667.07,15766392178.86,621468468.69,20645432949.08,1096068135.76,146868801.62,2021,4,overview
New Zealand,37327829.18,1307973623.75,29126236.59,1020588393.88,66454065.77,-8201592.58,2021,4,overview
Saudi Arabia,1073770645.49,34455142578.39,202452602.59,6496297246.43,1276223248.08,-871318042.9,2021,5,overview
United Arab Emirates,876574907.26,29495277397.93,141954283.26,4776523863.25,1018529190.51,-734620624.0,2021,5,overview
Kuwait,450998530.23,15555242974.76,25696612.05,886293451.83,476695142.28,-425301918.18,2021,5,overview
Qatar,441190477.45,14873875926.96,22223646.05,749226855.28,463414123.5,-418966831.4,2021,5,overview
Iran,125283613.23,3989323667.37,30593690.72,974174764.98,155877303.95,-94689922.5,2021,5,overview
Iraq,314077930.02,10664186842.72,24284062.13,824539870.88,338361992.15,-289793867.89,2021,5,overview
Bahrain,59417277.25,1910017416.61,21523605.24,691894054.63,80940882.49,-37893672.01,2021,5,overview
Oman,236133671.93,7788924137.42,21819468.23,719720238.76,257953140.16,-214314203.7,2021,5,overview
Israel,34380553.5,1169157715.66,43425899.04,1476757054.38,77806452.54,9045345.53,2021,5,overview
Jordan,41670053.85,1311496336.84,23102299.13,727106828.07,64772352.99,-18567754.72,2021,5,overview
Lebanon,36482856.71,1239205084.97,23137804.19,785916652.14,59620660.89,-13345052.52,2021,5,overview
Turkey,42701821.3,1335275761.68,91610469.79,2864637528.65,134312291.09,48908648.5,2021,5,overview
Egypt,40601742.77,1308294570.86,22278695.28,717877955.18,62880438.04,-18323047.49,2021,5,overview
Yemen,43964377.97,1461242336.49,25428136.24,845153984.35,69392514.21,-18536241.73,2021,5,overview
Malaysia,714105951.53,24703771244.15,646755857.35,22373863033.41,1360861808.88,-67350094.18,2021,5,overview
Singapore,616887759.09,21553514166.91,572605056.48,20006315598.12,1189492815.57,-44282702.61,2021,5,overview
Indonesia,630569385.69,21364376562.63,610810097.14,20694910377.3,1241379482.82,-19759288.55,2021,5,overview
Vietnam,442471155.77,14268875687.9,988145105.28,31865850428.83,1430616261.05,545673949.51,2021,5,overview
Philippines,229941802.68,7142948458.66,486103257.04,15100388316.27,716045059.72,256161454.36,2021,5,overview
Myanmar,196472183.25,5837801404.83,259422119.02,7708240351.47,455894302.26,62949935.77,2021,5,overview
Cambodia,44629653.08,1441999848.81,259914900.09,8397942191.78,304544553.18,215285247.01,2021,5,overview
Brunei Darussalam,41477982.83,1445299712.56,23856005.86,831262179.64,65333988.7,-17621976.97,2021,5,overview
China,4287493239.4,145264102341.45,2117866506.02,71755209792.13,6405359745.42,-2169626733.38,2021,5,overview
Japan,2345766205.52,74848103226.66,1920643563.56,61283399585.46,4266409769.09,-425122641.96,2021,5,overview
"Korea, Republic of",724945214.08,23118751717.29,430573965.87,13731151567.94,1155519179.95,-294371248.2,2021,5,overview
Taiwan,497083135.78,16727719387.49,269664927.23,9074697785.4,766748063.01,-227418208.55,2021,5,overview
Hong Kong,243083127.5,8309767442.4,874699247.66,29901488452.67,1117782375.16,631616120.15,2021,5,overview
India,471165524.52,14566577811.78,571051602.44,17654660981.14,1042217126.96,99886077.91,2021,5,overview
Bangladesh,39127678.67,1288189437.25,25872651.22,851797938.24,65000329.89,-13255027.45,2021,5,overview
Pakistan,41349827.37,1300670490.04,23241828.21,731078265.96,64591655.59,-18107999.16,2021,5,overview
Sri Lanka,39357765.88,1260096668.29,24439662.52,782471683.33,63797428.4,-14918103.36,2021,5,overview
Germany,390004382.41,13524910253.91,294100055.12,10199056807.02,684104437.54,-95904327.29,2021,5,overview
United Kingdom,194068153.45,6849270972.67,310588338.43,10961632050.52,504656491.89,116520184.98,2021,5,overview
France,157969095.33,4718719044.81,146172532.12,4366342098.22,304141627.45,-11796563.21,2021,5,overview
Netherlands,140275688.43,4919146382.19,247668436.8,8685163541.04,387944125.23,107392748.37,2021,5,overview
Italy,40118322.19,1190285284.04,24593365.43,729669621.33,64711687.62,-15524956.76,2021,5,overview
Spain,35940466.76,1201495596.1,25542548.21,853891503.43,61483014.97,-10397918.54,2021,5,overview
Belgium,39281887.21,1392688115.44,24927719.22,883779796.89,64209606.43,-14354167.99,2021,5,overview
Switzerland,312376679.73,10398674610.01,23982357.58,798346192.52,336359037.31,-288394322.14,2021,5,overview
Sweden,47356908.64,1611310979.96,19844428.25,675203387.31,67201336.89,-27512480.39,2021,5,overview
Poland,39384928.85,1260866795.12,24931400.45,798152387.38,64316329.3,-14453528.4,2021,5,overview
Russian Federation,237565747.21,8948950914.84,25207371.39,949545681.02,262773118.6,-212358375.83,2021,5,overview
United States of America,1015669321.98,32871488061.8,2371401689.49,76748899114.3,3387071011.46,1355732367.51,2021,5,overview
Canada,38308143.14,1245201010.0,136159418.84,4425843488.85,174467561.98,97851275.71,2021,5,overview
Brazil,210401982.4,7274169661.67,107093825.58,3702525271.51,317495807.98,-103308156.82,2021,5,overview
Mexico,41301123.93,1354169090.09,112245414.11,3680269586.45,153546538.04,70944290.18,2021,5,overview
Argentina,44832663.35,1480068582.46,25249609.23,833569780.31,70082272.58,-19583054.12,2021,5,overview
Chile,38994167.05,1256873822.21,23996170.11,773453065.43,62990337.16,-14997996.95,2021,5,overview
South Africa,99170689.72,3295738291.56,166478852.72,5532589631.25,265649542.44,67308163.0,2021,5,overview
Nigeria,41016108.3,1308304128.53,94958048.05,3028907701.02,135974156.36,53941939.75,2021,5,overview
Kenya,39158760.15,1425990911.0,20798354.79,757385187.52,59957114.94,-18360405.36,2021,5,overview
Ghana,35824251.85,1158542375.96,21881008.33,707623301.93,57705260.18,-13943243.51,2021,5,overview
Morocco,43846080.81,1365621101.57,23877683.17,743689456.29,67723763.98,-19968397.63,2021,5,overview
Algeria,43738795.99,1478706012.7,25244749.2,853465706.64,68983545.18,-18494046.79,2021,5,overview
Libya,42026034.89,1524605462.7,28418442.51,1030954093.18,70444477.39,-13607592.38,2021,5,overview
Tanzania,37566245.21,1261277377.16,26948372.57,904784933.39,64514617.78,-10617872.64,2021,5,overview
Australia,496045496.34,16242722742.0,549897260.09,18006067584.52,1045942756.43,53851763.74,2021,5,overview
New Zealand,37165220.98,1286162707.66,25429936.22,880044158.44,62595157.2,-11735284.76,2021,5,overview
Saudi Arabia,1014485882.16,35185203098.65,202367638.58,7018674768.3,1216853520.73,-812118243.58,2021,6,overview
United Arab Emirates,958547714.83,32136987874.11,171639163.36,5754503011.33,1130186878.18,-786908551.47,2021,6,overview
Kuwait,499838509.54,15582529911.02,23798977.64,741936193.16,523637487.18,-476039531.9,2021,6,overview
Qatar,369072048.14,12190149835.88,25707513.49,849098280.2,394779561.63,-343364534.65,2021,6,overview
Iran,120287165.05,3914410995.11,31336056.21,1019744732.61,151623221.26,-88951108.84,2021,6,overview
Iraq,307585341.68,9531578503.24,23674561.38,733636847.16,331259903.05,-283910780.3,2021,6,overview
Bahrain,68731374.24,2271372171.35,23928277.23,790760022.11,92659651.47,-44803097.01,2021,6,overview
Oman,274556045.97,9179445205.71,24286985.87,812005633.24,298843031.83,-250269060.1,2021,6,overview
Israel,36721043.76,1245368093.07,47798976.2,1621068295.9,84520019.96,11077932.43,2021,6,overview
Jordan,35499989.76,1176866785.05,24717876.69,819426942.61,60217866.44,-10782113.07,2021,6,overview
Lebanon,40678919.99,1362811256.08,26345477.16,882617159.74,67024397.15,-14333442.83,2021,6,overview
Turkey,45339274.01,1505440124.11,89573263.31,2974180499.92,134912537.32,44233989.3,2021,6,overview
Egypt,40818976.47,1405578698.24,22246059.67,766030662.78,63065036.14,-18572916.79,2021,6,overview
Yemen,48085310.33,1623241384.68,24293903.46,820102214.46,72379213.79,-23791406.88,2021,6,overview
Malaysia,816382882.56,24710978838.51,611686668.24,18515057869.78,1428069550.8,-204696214.33,2021,6,overview
Singapore,612092050.08,21763638654.53,468390569.34,16654166802.13,1080482619.43,-143701480.74,2021,6,overview
Indonesia,562402822.76,19309387082.3,591344640.96,20303067675.75,1153747463.72,28941818.21,2021,6,overview
Vietnam,369064881.23,12216825706.46,913382395.35,30234883065.13,1282447276.58,544317514.12,2021,6,overview
Philippines,263291490.6,8786692035.31,506067187.35,16888720992.19,769358677.95,242775696.75,2021,6,overview
Myanmar,203991913.43,6793436486.14,251059230.13,8360894828.83,455051143.56,47067316.7,2021,6,overview
Cambodia,37204181.93,1167819441.37,244166775.38,7664264941.12,281370957.31,206962593.45,2021,6,overview
Brunei Darussalam,40807999.34,1502104603.46,23391582.2,861022443.63,64199581.54,-17416417.13,2021,6,overview
China,4041559857.69,132558029273.9,2159412512.57,70825987276.08,6200972370.26,-1882147345.11,2021,6,overview
Japan,2533775521.64,81374282120.95,2206690718.2,70869684990.81,4740466239.84,-327084803.45,2021,6,overview
"Korea, Republic of",566595785.98,17524298823.86,431944925.3,13359668627.65,998540711.28,-134650860.67,2021,6,overview
Taiwan,547824006.94,18020971912.88,277965675.35,9143833721.82,825789682.29,-269858331.59,2021,6,overview
Hong Kong,256682243.0,8365121861.3,766551276.84,24981450874.07,1023233519.84,509869033.84,2021,6,overview
India,445485839.51,14766403635.57,574423303.09,19040260315.22,1019909142.61,128937463.58,2021,6,overview
Bangladesh,41959228.33,1409366471.74,25969246.7,872279759.42,67928475.03,-15989981.63,2021,6,overview
Pakistan,42016250.0,1389701819.48,21247740.56,702776276.22,63263990.57,-20768509.44,2021,6,overview
Sri Lanka,42100330.68,1345588617.71,25745636.2,822868477.71,67845966.88,-16354694.49,2021,6,overview
Germany,384073402.08,12983455735.81,309462776.4,10461271823.25,693536178.48,-74610625.68,2021,6,overview
United Kingdom,219492482.95,7542188291.27,274563536.77,9434536729.6,494056019.72,55071053.82,2021,6,overview
France,163782076.44,5352877100.26,160567466.61,5247814252.83,324349543.05,-3214609.82,2021,6,overview
Netherlands,171866834.49,6258313906.28,291207309.45,10603946711.04,463074143.93,119340474.96,2021,6,overview
Italy,37780724.15,1216773500.83,25335308.81,815953984.17,63116032.96,-12445415.34,2021,6,overview
Spain,37725380.73,1252710075.93,24305850.81,807100780.13,62031231.54,-13419529.92,2021,6,overview
Belgium,50010387.74,1565561780.8,23968622.78,750331310.26,73979010.52,-26041764.96,2021,6,overview
Switzerland,331444300.51,10891944089.47,20289418.54,666752187.49,351733719.05,-311154881.96,2021,6,overview
Sweden,40596979.61,1398989510.89,25873419.48,891609248.2,66470399.09,-14723560.12,2021,6,overview
Poland,38911621.58,1239367006.5,24033881.03,765498788.62,62945502.61,-14877740.55,2021,6,overview
Russian Federation,221316097.78,6880633751.14,24930104.82,775067527.34,246246202.61,-196385992.96,2021,6,overview
United States of America,940802788.45,31822207230.4,2388291439.59,80782822979.09,3329094228.04,1447488651.15,2021,6,overview
Canada,46388118.67,1401870854.19,145292676.88,4390813313.38,191680795.55,98904558.21,2021,6,overview
Brazil,200699584.49,6688913536.3,121787752.11,4058940857.9,322487336.61,-78911832.38,2021,6,overview
Mexico,39097314.78,1311764392.94,119682619.11,4015503343.39,158779933.89,80585304.33,2021,6,overview
Argentina,43919741.64,1425045886.97,20522162.29,665874202.85,64441903.93,-23397579.36,2021,6,overview
Chile,41238510.2,1467957121.52,22540471.62,802367633.54,63778981.83,-18698038.58,2021,6,overview
South Africa,115451953.54,3906205222.67,145479826.95,4922169286.84,260931780.48,30027873.41,2021,6,overview
Nigeria,38627108.66,1249858058.27,82933093.59,2683467619.44,121560202.25,44305984.93,2021,6,overview
Kenya,43884093.39,1392457578.88,23671348.18,751100128.35,67555441.57,-20212745.21,2021,6,overview
Ghana,43547510.38,1403743492.51,23683259.13,763424145.12,67230769.51,-19864251.25,2021,6,overview
Morocco,41029775.77,1500564358.73,25827003.23,944559891.13,66856779.0,-15202772.54,2021,6,overview
Algeria,43228223.04,1393723330.73,26584234.15,857103641.06,69812457.19,-16643988.89,2021,6,overview
Libya,37217494.21,1234160202.53,24448306.78,810724308.17,61665800.99,-12769187.43,2021,6,overview
Tanzania,37046736.07,1244732411.08,23985848.8,805899967.75,61032584.87,-13060887.27,2021,6,overview
Australia,500567664.19,16737204221.36,674891329.3,22565968227.15,1175458993.49,174323665.11,2021,6,overview
New Zealand,38900466.71,1213755748.1,23326867.16,727834946.18,62227333.87,-15573599.56,2021,6,overview
Saudi Arabia,1362767538.74,44511695110.23,198963860.8,6498700958.18,1561731399.54,-1163803677.94,2021,7,overview
United Arab Emirates,883114588.34,27720973950.34,196341568.52,6163163397.01,1079456156.86,-686773019.83,2021,7,overview
Kuwait,460635163.16,15615679180.35,24643416.68,835419697.88,485278579.84,-435991746.48,2021,7,overview
Qatar,427962239.36,14447678444.29,27298917.03,921590595.85,455261156.39,-400663322.32,2021,7,overview
Iran,109175466.17,3653201997.71,31146331.6,1042210716.58,140321797.77,-78029134.57,2021,7,overview
Iraq,324288711.68,11286500463.94,21182987.15,737249819.84,345471698.83,-303105724.54,2021,7,overview
Bahrain,64515404.31,2119137996.73,25448580.66,835909730.66,89963984.97,-39066823.65,2021,7,overview
Oman,222426385.42,7558414810.56,25282665.26,859146594.58,247709050.68,-197143720.15,2021,7,overview
Israel,42841141.15,1375212068.03,47649229.51,1529552987.99,90490370.66,4808088.36,2021,7,overview
Jordan,34793057.36,1170293509.36,25413364.2,854799705.15,60206421.55,-9379693.16,2021,7,overview
Lebanon,36678811.23,1184720532.98,22822401.43,737160411.77,59501212.66,-13856409.8,2021,7,overview
Turkey,35034109.51,1096541508.38,89159447.95,2790624249.3,124193557.46,54125338.44,2021,7,overview
Egypt,38438316.74,1174655456.76,22440565.17,685772285.77,60878881.92,-15997751.57,2021,7,overview
Yemen,46181836.93,1470035796.96,26239847.71,835252948.11,72421684.65,-19941989.22,2021,7,overview
Malaysia,812326000.83,28258083040.87,657240623.77,22863185599.65,1469566624.6,-155085377.06,2021,7,overview
Singapore,594349376.24,19125058652.34,561897694.45,18080823826.03,1156247070.69,-32451681.79,2021,7,overview
Indonesia,497027405.77,17364217856.81,630791313.88,22037412161.4,1127818719.65,133763908.11,2021,7,overview
Vietnam,479795505.36,16336259462.09,862436967.77,29364581197.23,1342232473.13,382641462.41,2021,7,overview
Philippines,230680992.27,7103651761.66,506892968.39,15609396736.57,737573960.66,276211976.13,2021,7,overview
Myanmar,178671960.57,5917337689.97,223696308.37,7408474124.61,402368268.94,45024347.81,2021,7,overview
Cambodia,37711361.57,1302563323.26,251074756.88,8672207952.04,288786118.45,213363395.31,2021,7,overview
Brunei Darussalam,41656656.58,1400652587.83,26938646.82,905778055.01,68595303.4,-14718009.76,2021,7,overview
China,3588026846.11,115147910692.52,2645132238.78,84888286477.39,6233159084.89,-942894607.33,2021,7,overview
Japan,2558707849.74,86190155838.33,2148214790.81,72362684006.05,4706922640.55,-410493058.93,2021,7,overview
"Korea, Republic of",559875439.59,19586747716.13,368300853.1,12884680025.86,928176292.69,-191574586.48,2021,7,overview
Taiwan,548970658.04,18740890223.77,280021306.89,9559433634.37,828991964.92,-268949351.15,2021,7,overview
Hong Kong,251785840.21,8230123115.12,812731668.07,26565757956.11,1064517508.28,560945827.86,2021,7,overview
India,426312857.77,14422315019.5,594693655.7,20118697070.34,1021006513.47,168380797.93,2021,7,overview
Bangladesh,38931786.0,1277213645.1,25914670.29,850168304.85,64846456.29,-13017115.7,2021,7,overview
Pakistan,37041714.29,1167995213.8,22401883.91,706373711.03,59443598.19,-14639830.38,2021,7,overview
Sri Lanka,38883736.15,1236205629.97,26203945.92,833085209.58,65087682.07,-12679790.22,2021,7,overview
Germany,403493529.2,13157736942.99,301293823.05,9825051901.23,704787352.25,-102199706.15,2021,7,overview
United Kingdom,174740344.73,5715659158.81,273340819.02,8940825646.88,448081163.75,98600474.29,2021,7,overview
France,165872462.65,5175620887.91,161840133.22,5049802484.43,327712595.86,-4032329.43,2021,7,overview
Netherlands,172791001.66,5753523976.75,282931345.68,9420932024.47,455722347.34,110140344.01,2021,7,overview
Italy,39720800.12,1323763328.64,22862118.79,761919054.54,62582918.91,-16858681.33,2021,7,overview
Spain,41262371.23,1328312425.96,20516923.02,660477887.75,61779294.25,-20745448.21,2021,7,overview
Belgium,38939268.63,1354695851.66,24338773.52,846745115.48,63278042.15,-14600495.12,2021,7,overview
Switzerland,298366913.68,9616723320.21,22899888.8,738090869.07,321266802.47,-275467024.88,2021,7,overview
Sweden,37201142.26,1270649779.26,23187568.17,791999293.05,60388710.43,-14013574.1,2021,7,overview
Poland,36398803.12,1108239696.8,24666269.87,751017536.04,61065072.99,-11732533.26,2021,7,overview
Russian Federation,227789671.03,8089332744.79,23221334.42,824642750.55,251011005.44,-204568336.61,2021,7,overview
United States of America,933027088.1,27992367663.03,2096002928.28,62883581130.21,3029030016.38,1162975840.18,2021,7,overview
Canada,39858214.08,1337768564.72,166807165.29,5598579545.38,206665379.37,126948951.2,2021,7,overview
Brazil,201414364.68,6483651900.14,130337956.56,4195658740.85,331752321.24,-71076408.12,2021,7,overview
Mexico,42595815.57,1347841427.26,103680578.0,3280720802.33,146276393.57,61084762.43,2021,7,overview
Argentina,34003608.36,1119759503.54,23325595.17,768126034.85,57329203.53,-10678013.2,2021,7,overview
Chile,40112842.75,1267913609.25,23968073.44,757598923.91,64080916.18,-16144769.31,2021,7,overview
South Africa,117435102.34,4115494778.68,125957230.54,4414151427.19,243392332.88,8522128.19,2021,7,overview
Nigeria,38784469.09,1372326790.49,91668821.14,3243555527.76,130453290.23,52884352.05,2021,7,overview
Kenya,35799656.02,1122522182.94,21702379.79,680492648.22,57502035.81,-14097276.24,2021,7,overview
Ghana,39534169.01,1348491259.65,24673553.15,841602886.89,64207722.16,-14860615.86,2021,7,overview
Morocco,47928945.11,1625419270.57,19558082.88,663275286.61,67487027.99,-28370862.23,2021,7,overview
Algeria,37978324.78,1217977856.95,22731119.9,728994784.73,60709444.68,-15247204.88,2021,7,overview
Libya,36860112.45,1262954472.03,27064073.38,927308416.69,63924185.83,-9796039.06,2021,7,overview
Tanzania,39823763.21,1223832292.94,26427738.06,812156276.89,66251501.27,-13396025.16,2021,7,overview
Australia,426220292.19,13618112637.74,525185001.79,16780122019.18,951405293.97,98964709.6,2021,7,overview
New Zealand,40264201.31,1337738342.55,24046254.17,798913057.83,64310455.48,-16217947.15,2021,7,overview
Saudi Arabia,1089621733.67,36349172238.76,217865765.22,7267880201.2,1307487498.89,-871755968.45,2021,8,overview
United Arab Emirates,1040245103.84,34814128688.0,138971787.05,4651001634.73,1179216890.9,-901273316.79,2021,8,overview
Kuwait,444625124.8,15029017207.95,23784664.45,803958461.6,468409789.25,-420840460.35,2021,8,overview
Qatar,412408679.98,13613367095.41,22892019.57,755652053.64,435300699.55,-389516660.41,2021,8,overview
Iran,107778327.69,3523497061.13,35768068.66,1169332346.52,143546396.35,-72010259.02,2021,8,overview
Iraq,312243389.41,10058807138.74,23530738.87,758034187.83,335774128.28,-288712650.54,2021,8,overview
Bahrain,61503172.16,1964156281.32,26287392.06,839510295.44,87790564.22,-35215780.1,2021,8,overview
Oman,258322847.28,7758999261.5,23813889.25,715275288.47,282136736.53,-234508958.03,2021,8,overview
Israel,39074493.3,1291445376.6,44496538.75,1470648609.39,83571032.05,5422045.44,2021,8,overview
Jordan,37043438.5,1217372826.04,26385263.31,867109098.29,63428701.81,-10658175.2,2021,8,overview
Lebanon,40360802.08,1390262554.08,25854485.46,890579997.07,66215287.54,-14506316.61,2021,8,overview
Turkey,40876668.55,1240159110.08,92199625.29,2797248633.85,133076293.84,51322956.74,2021,8,overview
Egypt,38695412.63,1283162565.13,23352529.8,774383577.09,62047942.43,-15342882.82,2021,8,overview
Yemen,39812005.91,1277190054.46,25917453.39,831445513.96,65729459.3,-13894552.51,2021,8,overview
Malaysia,815113347.24,27316679900.46,717128519.54,24032940059.36,1532241866.78,-97984827.7,2021,8,overview
Singapore,651933648.58,20894573120.7,506621585.27,16237299272.95,1158555233.85,-145312063.3,2021,8,overview
Indonesia,534189618.92,18233760693.93,587557291.68,20055386085.79,1121746910.6,53367672.76,2021,8,overview
Vietnam,402157271.56,14337813169.38,876514878.93,31249731045.27,1278672150.49,474357607.36,2021,8,overview
Philippines,251943083.92,8147140597.41,436010371.03,14099366171.98,687953454.95,184067287.11,2021,8,overview
Myanmar,206528486.29,6472154864.65,279154325.65,8748091167.54,485682811.95,72625839.36,2021,8,overview
Cambodia,44139423.77,1414978326.32,273158267.06,8756639632.07,317297690.83,229018843.29,2021,8,overview
Brunei Darussalam,40033531.89,1308888650.34,22528903.61,736578184.63,62562435.51,-17504628.28,2021,8,overview
China,4082265319.8,141390382817.48,2586187056.22,89573300427.86,6668452376.03,-1496078263.58,2021,8,overview
Japan,2309531169.0,76140930357.0,1655938727.26,54593207920.53,3965469896.26,-653592441.73,2021,8,overview
"Korea, Republic of",670463245.21,21796753483.48,417594426.94,13575990697.71,1088057672.15,-252868818.27,2021,8,overview
Taiwan,578915582.38,19435702006.69,321343315.48,10788330995.97,900258897.86,-257572266.9,2021,8,overview
Hong Kong,238317414.36,7803756511.97,786083041.4,25740463279.26,1024400455.76,547765627.03,2021,8,overview
India,509338258.78,16793039514.31,564789635.98,18621288526.53,1074127894.77,55451377.2,2021,8,overview
Bangladesh,39362730.13,1414686911.72,26725266.05,960499537.84,66087996.18,-12637464.08,2021,8,overview
Pakistan,42418437.98,1402148858.9,24728168.62,817393922.66,67146606.6,-17690269.36,2021,8,overview
Sri Lanka,33132941.54,1100055062.98,26029900.28,864225217.03,59162841.83,-7103041.26,2021,8,overview
Germany,423454915.53,13729811979.59,308897413.84,10015478053.12,732352329.36,-114557501.69,2021,8,overview
United Kingdom,197981144.61,6420896813.31,310021067.45,10054559932.71,508002212.07,112039922.84,2021,8,overview
France,191056182.48,5939263433.11,169414987.07,5266514931.26,360471169.55,-21641195.41,2021,8,overview
Netherlands,162085837.88,4815315168.29,271656023.13,8070472940.95,433741861.02,109570185.25,2021,8,overview
Italy,46181407.12,1560922831.21,25947343.85,877015317.47,72128750.97,-20234063.27,2021,8,overview
Spain,41484263.15,1338886932.89,21849503.79,705183433.39,63333766.94,-19634759.36,2021,8,overview
Belgium,43699668.75,1276132848.03,22499600.35,657041114.82,66199269.1,-21200068.4,2021,8,overview
Switzerland,321589095.86,10677833738.05,24286912.38,806406733.91,345876008.24,-297302183.47,2021,8,overview
Sweden,43328689.96,1446665003.84,25818548.45,862033689.86,69147238.41,-17510141.52,2021,8,overview
Poland,44858343.51,1514277392.32,21580359.83,728485460.0,66438703.34,-23277983.68,2021,8,overview
Russian Federation,257967982.53,7931404675.15,22129462.61,680385687.81,280097445.14,-235838519.92,2021,8,overview
United States of America,923981787.81,31535617792.17,2481643978.19,84698829592.18,3405625766.0,1557662190.37,2021,8,overview
Canada,38929639.67,1248962087.57,152550464.25,4894207804.62,191480103.92,113620824.58,2021,8,overview
Brazil,223032341.74,7300099113.39,122955666.81,4024477110.55,345988008.54,-100076674.93,2021,8,overview
Mexico,40582187.99,1293607661.89,135523543.26,4319981317.14,176105731.25,94941355.27,2021,8,overview
Argentina,45251315.86,1482404641.07,24979175.75,818302083.73,70230491.6,-20272140.11,2021,8,overview
Chile,49133949.49,1595353365.83,22490915.05,730268122.06,71624864.54,-26643034.44,2021,8,overview
South Africa,110717384.16,3934207547.33,158623898.18,5636507239.99,269341282.34,47906514.02,2021,8,overview
Nigeria,46412165.08,1517843456.92,107883412.19,3528172646.71,154295577.27,61471247.11,2021,8,overview
Kenya,39746189.7,1433001583.79,21281250.32,767270161.91,61027440.02,-18464939.39,2021,8,overview
Ghana,42478590.8,1486414474.02,23598686.61,825767255.69,66077277.41,-18879904.18,2021,8,overview
Morocco,37756307.1,1236181376.45,25364609.89,830464120.29,63120916.99,-12391697.22,2021,8,overview
Algeria,43034423.1,1326476195.29,24440562.74,753346329.12,67474985.84,-18593860.37,2021,8,overview
Libya,41190042.85,1357466276.57,26626769.77,877516494.52,67816812.62,-14563273.08,2021,8,overview
Tanzania,43481312.07,1433170517.66,22510783.63,741969133.35,65992095.7,-20970528.44,2021,8,overview
Australia,466763741.46,15425252147.48,694226576.7,22942270450.26,1160990318.16,227462835.23,2021,8,overview
New Zealand,43202767.32,1470511076.1,26703112.04,908905249.7,69905879.36,-16499655.28,2021,8,overview
Saudi Arabia,1279483273.56,42217600854.59,192022346.34,6335934936.1,1471505619.91,-1087460927.22,2021,9,overview
United Arab Emirates,958980267.54,31107592538.82,162354681.79,5266493439.91,1121334949.34,-796625585.75,2021,9,overview
Kuwait,461586342.07,14769740729.81,21121167.87,675830597.5,482707509.94,-440465174.2,2021,9,overview
Qatar,423831939.9,13996423965.75,22341562.11,737797098.03,446173502.01,-401490377.79,2021,9,overview
Iran,144247488.81,5115782233.77,36122788.67,1281105980.03,180370277.48,-108124700.14,2021,9,overview
Iraq,301304331.87,9615842387.52,27381489.18,873854294.27,328685821.05,-273922842.69,2021,9,overview
Bahrain,63337676.56,2202834873.97,19554906.51,680104360.64,82892583.07,-43782770.05,2021,9,overview
Oman,281283850.61,9175218299.42,23934264.71,780713514.27,305218115.32,-257349585.91,2021,9,overview
Israel,39220354.4,1360452074.94,51618216.25,1790501653.34,90838570.65,12397861.85,2021,9,overview
Jordan,35918384.38,1170400279.95,25862769.15,842738134.78,61781153.53,-10055615.23,2021,9,overview
Lebanon,42116123.87,1377942552.03,25962048.58,849418421.95,68078172.46,-16154075.29,2021,9,overview
Turkey,41391623.5,1426168019.73,98456089.96,3392351277.47,139847713.45,57064466.46,2021,9,overview
Egypt,43135739.51,1341244240.18,25484417.06,792401567.38,68620156.57,-17651322.45,2021,9,overview
Yemen,40473422.24,1337911497.82,26842893.8,887333322.93,67316316.03,-13630528.44,2021,9,overview
Malaysia,878793511.54,30369266292.79,762174126.42,26339144182.12,1640967637.96,-116619385.12,2021,9,overview
Singapore,672776891.03,19624683666.6,520406993.09,15180103171.47,1193183884.12,-152369897.94,2021,9,overview
Indonesia,576453678.41,19360513430.7,609734164.15,20478256824.73,1186187842.56,33280485.73,2021,9,overview
Vietnam,412236104.47,12503492722.43,976025622.88,29603737130.7,1388261727.35,563789518.41,2021,9,overview
Philippines,231593684.51,8238681644.72,519948453.9,18496574258.56,751542138.41,288354769.39,2021,9,overview
Myanmar,207059313.72,7128786562.97,256992367.05,8847917536.76,464051680.77,49933053.33,2021,9,overview
Cambodia,39029925.15,1244635619.72,257773752.54,8220215463.78,296803677.69,218743827.4,2021,9,overview
Brunei Darussalam,44625148.8,1492607595.32,25345820.87,847758847.91,69970969.67,-19279327.93,2021,9,overview
China,3912440328.32,141345003193.62,2645896862.92,95588499544.08,6558337191.25,-1266543465.4,2021,9,overview
Japan,2302324970.94,76776577547.8,1948946144.33,64992308503.43,4251271115.26,-353378826.61,2021,9,overview
"Korea, Republic of",709812965.47,20407445413.23,398691749.53,11462569030.34,1108504715.0,-311121215.94,2021,9,overview
Taiwan,647861672.09,19685651826.9,309937809.53,9417639705.0,957799481.63,-337923862.56,2021,9,overview
Hong Kong,238252966.83,8379760593.33,939473222.64,33042865297.72,1177726189.47,701220255.82,2021,9,overview
India,493587809.39,16349840077.36,576092448.16,19082763427.26,1069680257.56,82504638.77,2021,9,overview
Bangladesh,41300338.74,1308652296.21,27302815.58,865123468.64,68603154.32,-13997523.15,2021,9,overview
Pakistan,39046934.95,1285950585.13,27066484.11,891392912.59,66113419.06,-11980450.85,2021,9,overview
Sri Lanka,46340202.5,1525419022.03,23697192.44,780060210.65,70037394.94,-22643010.06,2021,9,overview
Germany,386575630.44,11899640482.94,334096671.95,10284223757.77,720672302.38,-52478958.49,2021,9,overview
United Kingdom,200546460.04,6826778953.16,258592938.42,8802732439.55,459139398.45,58046478.38,2021,9,overview
France,176520767.22,6178373121.09,143840610.97,5034540572.96,320361378.19,-32680156.25,2021,9,overview
Netherlands,200305476.43,6417452676.13,293237807.28,9394849230.32,493543283.71,92932330.85,2021,9,overview
Italy,51167939.84,1690085224.56,22400078.51,739878170.5,73568018.35,-28767861.33,2021,9,overview
Spain,42337258.77,1419975082.47,27737368.74,930300487.42,70074627.51,-14599890.03,2021,9,overview
Belgium,40072561.42,1301848013.09,23136897.23,751654564.18,63209458.65,-16935664.19,2021,9,overview
Switzerland,307002956.33,9871282716.28,25138313.25,808289926.65,332141269.58,-281864643.09,2021,9,overview
Sweden,36748907.81,1185280575.15,27557059.07,888811362.7,64305966.88,-9191848.74,2021,9,overview
Poland,37503191.21,1241451537.74,24705409.65,817812239.77,62208600.86,-12797781.56,2021,9,overview
Russian Federation,215436285.62,6771003819.87,25706922.94,807949658.52,241143208.56,-189729362.68,2021,9,overview
United States of America,1138815004.65,36897776989.91,2783168265.59,90175069321.61,3921983270.24,1644353260.94,2021,9,overview
Canada,39249384.81,1331307188.33,165548051.3,5615255162.51,204797436.11,126298666.48,2021,9,overview
Brazil,208261875.52,6890876351.63,123037220.23,4071000845.04,331299095.75,-85224655.29,2021,9,overview
Mexico,39721215.03,1186524780.99,121774606.23,3637567176.23,161495821.26,82053391.2,2021,9,overview
Argentina,44988771.88,1432434229.4,25641111.47,816408277.34,70629883.36,-19347660.41,2021,9,overview
Chile,48077376.1,1511830815.08,25216828.82,792962968.33,73294204.92,-22860547.29,2021,9,overview
South Africa,133794438.75,4494405390.33,155039698.78,5208073402.94,288834137.53,21245260.03,2021,9,overview
Nigeria,40315902.04,1314595234.81,103780092.53,3383995104.19,144095994.57,63464190.5,2021,9,overview
Kenya,43593788.51,1410223738.76,21226134.28,686648246.69,64819922.79,-22367654.23,2021,9,overview
Ghana,47487775.87,1524084197.16,23505757.06,754399468.49,70993532.93,-23982018.81,2021,9,overview
Morocco,40241757.09,1194680336.12,22608757.39,671199267.31,62850514.48,-17632999.7,2021,9,overview
Algeria,40967572.02,1348703368.74,25314680.77,833390741.84,66282252.79,-15652891.25,2021,9,overview
Libya,41253750.48,1424667836.17,25128728.08,867802084.47,66382478.56,-16125022.4,2021,9,overview
Tanzania,41101600.19,1339020745.19,23892382.97,778373501.23,64993983.15,-17209217.22,2021,9,overview
Australia,524063265.97,16800307187.84,743236123.96,23826503413.67,1267299389.93,219172857.99,2021,9,overview
New Zealand,42067839.91,1325605298.16,25720365.3,810477851.49,67788205.21,-16347474.62,2021,9,overview
Saudi Arabia,1290003621.57,39146997564.03,189481448.52,5750084480.13,1479485070.09,-1100522173.05,2021,10,overview
United Arab Emirates,1060549292.72,35319919174.56,166446482.35,5543237211.11,1226995775.07,-894102810.36,2021,10,overview
Kuwait,514422497.89,16941022683.84,23745991.0,782005790.75,538168488.9,-490676506.89,2021,10,overview
Qatar,386950368.78,11982322332.26,28624293.28,886381138.99,415574662.06,-358326075.5,2021,10,overview
Iran,126772785.2,4291972732.8,31480337.97,1065786729.87,158253123.16,-95292447.23,2021,10,overview
Iraq,292542124.69,10028286203.91,24689214.61,846341396.24,317231339.3,-267852910.08,2021,10,overview
Bahrain,68849722.28,2170694807.9,26822618.21,845663804.56,95672340.49,-42027104.07,2021,10,overview
Oman,228631780.13,7435501129.41,25978917.01,844879336.98,254610697.14,-202652863.11,2021,10,overview
Israel,45081427.24,1501554732.37,51186674.89,1704905958.52,96268102.13,6105247.65,2021,10,overview
Jordan,37354655.04,1223500812.25,29649388.7,971125315.26,67004043.73,-7705266.34,2021,10,overview
Lebanon,45325792.69,1516692348.26,24035116.06,804263410.62,69360908.75,-21290676.63,2021,10,overview
Turkey,38455509.94,1248498080.74,106758196.28,3466015750.51,145213706.23,68302686.34,2021,10,overview
Egypt,43030251.87,1340443531.56,27196273.21,847196261.22,70226525.07,-15833978.66,2021,10,overview
Yemen,40579181.6,1466829158.19,26700380.71,965147531.58,67279562.31,-13878800.89,2021,10,overview
Malaysia,849115400.6,27884561535.97,719363166.13,23623557479.57,1568478566.73,-129752234.46,2021,10,overview
Singapore,793607172.33,26301674596.45,480081444.79,15910826389.84,1273688617.12,-313525727.54,2021,10,overview
Indonesia,522861242.0,17487718053.67,514821458.97,17218817918.35,1037682700.97,-8039783.02,2021,10,overview
Vietnam,434090912.31,14255853272.12,1006842144.5,33065409740.62,1440933056.82,572751232.19,2021,10,overview
Philippines,321424797.46,10852968245.36,504519879.67,17035207851.19,825944677.13,183095082.21,2021,10,overview
Myanmar,203499107.32,6642750031.17,263663680.53,8606681106.24,467162787.85,60164573.22,2021,10,overview
Cambodia,41520115.32,1443479088.8,295060950.71,10258023345.16,336581066.04,253540835.39,2021,10,overview
Brunei Darussalam,43399642.69,1408686701.69,21009848.72,681947883.89,64409491.4,-22389793.97,2021,10,overview
China,5221327786.72,180944207807.38,2528268934.33,87616720905.58,7749596721.04,-2693058852.39,2021,10,overview
Japan,2872932419.12,91179024844.87,2096736464.29,66544686153.48,4969668883.4,-776195954.83,2021,10,overview
"Korea, Republic of",553058613.24,17575022499.46,452796901.24,14388919250.79,1005855514.48,-100261712.01,2021,10,overview
Taiwan,609489595.57,19870667371.82,270463319.18,8817683994.59,879952914.75,-339026276.39,2021,10,overview
Hong Kong,258274828.33,8091173571.4,877049155.89,27475991356.94,1135323984.23,618774327.56,2021,10,overview
India,517447380.59,15776088805.08,572320343.72,17449071936.98,1089767724.31,54872963.13,2021,10,overview
Bangladesh,42555569.97,1414584771.18,25828835.14,858573316.51,68384405.1,-16726734.83,2021,10,overview
Pakistan,47608107.53,1562525252.49,25270764.07,829400895.32,72878871.6,-22337343.46,2021,10,overview
Sri Lanka,39141223.56,1302481500.94,27448865.37,913401169.25,66590088.93,-11692358.19,2021,10,overview
Germany,414874567.73,14589735562.8,291108681.86,10237307896.7,705983249.6,-123765885.87,2021,10,overview
United Kingdom,193568279.65,6491799424.26,286295203.63,9601630192.02,479863483.28,92726923.98,2021,10,overview
France,155282165.8,4629594700.36,151202760.07,4507970977.2,306484925.87,-4079405.73,2021,10,overview
Netherlands,181624767.74,6791114461.42,287403286.53,10746269023.11,469028054.27,105778518.79,2021,10,overview
Italy,39514986.96,1270482325.99,23859221.16,767119544.5,63374208.13,-15655765.8,2021,10,overview
Spain,43765021.66,1484443813.68,24789080.19,840808374.87,68554101.85,-18975941.47,2021,10,overview
Belgium,39569136.03,1199050783.64,22911036.84,694265769.55,62480172.87,-16658099.19,2021,10,overview
Switzerland,282346855.02,9189974948.75,24690446.26,803637719.1,307037301.28,-257656408.77,2021,10,overview
Sweden,40761392.67,1420210290.58,28320211.72,986734100.13,69081604.39,-12441180.95,2021,10,overview
Poland,41780152.62,1343229497.6,22061374.4,709271914.77,63841527.02,-19718778.22,2021,10,overview
Russian Federation,245219840.43,7835612956.72,24403881.41,779787512.49,269623721.84,-220815959.02,2021,10,overview
United States of America,976457928.74,31292242931.02,2662557534.36,85326151522.28,3639015463.1,1686099605.62,2021,10,overview
Canada,43645462.82,1380681983.73,176670601.27,5588803519.32,220316064.1,133025138.45,2021,10,overview
Brazil,236476733.78,7229873907.09,118692222.09,3628812804.39,355168955.87,-117784511.69,2021,10,overview
Mexico,44237744.21,1481165373.72,120368080.51,4030156513.24,164605824.72,76130336.3,2021,10,overview
Argentina,34674840.56,1179237238.46,28627350.41,973571532.03,63302190.97,-6047490.15,2021,10,overview
Chile,37776763.34,1341392380.16,22710772.71,806423175.63,60487536.05,-15065990.63,2021,10,overview
South Africa,121192627.38,3587413492.88,144234272.0,4269467414.82,265426899.38,23041644.62,2021,10,overview
Nigeria,41725287.33,1421715714.48,101155007.41,3446678808.84,142880294.74,59429720.08,2021,10,overview
Kenya,38125005.05,1283914595.62,22625236.22,761937499.62,60750241.27,-15499768.82,2021,10,overview
Ghana,46387513.76,1606041078.3,22520420.62,779708108.63,68907934.38,-23867093.14,2021,10,overview
Morocco,43058933.7,1416409391.28,28007817.75,921307907.25,71066751.45,-15051115.95,2021,10,overview
Algeria,34267488.72,1185319827.29,25444849.93,880142848.36,59712338.65,-8822638.79,2021,10,overview
Libya,39860518.67,1304865956.97,24958543.87,817037893.93,64819062.54,-14901974.81,2021,10,overview
Tanzania,32971909.53,1043492898.47,29202045.67,924184486.39,62173955.2,-3769863.86,2021,10,overview
Australia,536002773.23,18699222469.45,682115737.89,23796581976.23,1218118511.12,146112964.66,2021,10,overview
New Zealand,44324559.15,1403303458.0,25273905.65,800164962.2,69598464.8,-19050653.5,2021,10,overview
Saudi Arabia,1344731854.33,45678975326.6,179100020.26,6083819149.72,1523831874.59,-1165631834.06,2021,11,overview
United Arab Emirates,922328158.84,30659985906.86,185424791.07,6163881506.34,1107752949.91,-736903367.76,2021,11,overview
Kuwait,531674548.76,16147718657.11,25446820.74,772856445.59,557121369.5,-506227728.02,2021,11,overview
Qatar,392336541.36,13045183615.36,26640893.99,885809291.53,418977435.35,-365695647.37,2021,11,overview
Iran,138347642.32,4364860805.4,34795486.32,1097795754.87,173143128.64,-103552156.0,2021,11,overview
Iraq,276161389.03,8154751402.73,25489148.36,752667377.23,301650537.4,-250672240.67,2021,11,overview
Bahrain,76441340.65,2663258495.98,26174423.94,911931375.6,102615764.59,-50266916.71,2021,11,overview
Oman,220842601.42,8027020883.65,27798108.15,1010384740.89,248640709.56,-193044493.27,2021,11,overview
Israel,37682583.24,1243587985.28,53682289.4,1771604926.9,91364872.64,15999706.16,2021,11,overview
Jordan,36929022.38,1264833965.8,26277847.98,900026930.62,63206870.36,-10651174.41,2021,11,overview
Lebanon,40108722.62,1223310219.61,27639042.84,842986796.03,67747765.46,-12469679.77,2021,11,overview
Turkey,37096475.98,1225596263.92,102229062.0,3377451715.82,139325537.98,65132586.02,2021,11,overview
Egypt,39719574.09,1342376288.88,26918388.55,909743051.46,66637962.64,-12801185.53,2021,11,overview
Yemen,45027615.18,1526610429.58,25031959.02,848680294.6,70059574.2,-19995656.16,2021,11,overview
Malaysia,812656039.17,25827168951.85,784928192.65,24945945233.23,1597584231.82,-27727846.52,2021,11,overview
Singapore,787704585.2,24369006959.65,549283803.8,16993046744.91,1336988389.0,-238420781.41,2021,11,overview
Indonesia,654451306.24,22432422023.02,638390826.0,21881921982.29,1292842132.24,-16060480.24,2021,11,overview
Vietnam,462603735.3,14854964024.46,1038580333.97,33350516479.28,1501184069.27,575976598.66,2021,11,overview
Philippines,272543607.92,9274328307.99,505650559.97,17206675064.22,778194167.9,233106952.05,2021,11,overview
Myanmar,174376024.91,5587377735.38,261850115.83,8390233163.97,436226140.74,87474090.92,2021,11,overview
Cambodia,47707976.13,1591527903.54,265411816.99,8854081581.01,313119793.12,217703840.87,2021,11,overview
Brunei Darussalam,43774253.73,1551135648.29,23261673.34,824274720.68,67035927.07,-20512580.38,2021,11,overview
China,4884751140.64,172849876109.62,2607565971.68,92270300405.46,7492317112.32,-2277185168.96,2021,11,overview
Japan,2412990915.11,79776826769.12,1893508300.37,62602010939.21,4306499215.48,-519482614.75,2021,11,overview
"Korea, Republic of",697617588.03,23584115226.95,408069496.95,13795463591.68,1105687084.98,-289548091.09,2021,11,overview
Taiwan,604348887.33,20413811256.05,271389352.65,9167040989.3,875738239.98,-332959534.67,2021,11,overview
Hong Kong,270274686.0,9386362044.24,854259775.51,29667563956.89,1124534461.51,583985089.52,2021,11,overview
India,418345128.22,13071017383.06,611973141.96,19120843143.41,1030318270.18,193628013.74,2021,11,overview
Bangladesh,38379654.56,1212294683.78,24004955.01,758242346.76,62384609.57,-14374699.55,2021,11,overview
Pakistan,40287815.69,1380088606.39,24847885.28,851182492.18,65135700.97,-15439930.41,2021,11,overview
Sri Lanka,41052437.11,1424934270.06,22074103.72,766194386.62,63126540.83,-18978333.39,2021,11,overview
Germany,393133365.78,13236723670.48,335496521.47,11296102375.84,728629887.25,-57636844.3,2021,11,overview
United Kingdom,214039233.99,7217082920.57,320762822.93,10815642757.44,534802056.92,106723588.94,2021,11,overview
France,156926790.68,5224328282.36,197913989.5,6588853620.18,354840780.18,40987198.83,2021,11,overview
Netherlands,166553382.26,5558581962.59,317689398.71,10602622039.04,484242780.97,151136016.46,2021,11,overview
Italy,43480718.39,1416919990.94,30321392.29,988092848.55,73802110.69,-13159326.1,2021,11,overview
Spain,41063891.58,1421109343.39,25516777.71,883066115.31,66580669.29,-15547113.87,2021,11,overview
Belgium,37056775.09,1190238680.2,21305702.52,684324828.23,58362477.61,-15751072.57,2021,11,overview
Switzerland,293018979.92,9890489259.81,24421787.1,824326885.07,317440767.01,-268597192.82,2021,11,overview
Sweden,39132463.73,1295441304.06,22395271.78,741373205.78,61527735.52,-16737191.95,2021,11,overview
Poland,45042461.58,1541819161.5,21852950.12,748034100.49,66895411.7,-23189511.46,2021,11,overview
Russian Federation,269339854.51,9380493124.5,27210618.04,947683794.8,296550472.55,-242129236.47,2021,11,overview
United States of America,1189381164.89,39445062001.82,2619819835.04,86884641254.62,3809200999.93,1430438670.15,2021,11,overview
Canada,40731269.33,1437785704.11,168566654.19,5950286587.67,209297923.52,127835384.86,2021,11,overview
Brazil,188006125.89,6592579833.08,117697721.3,4127161389.8,305703847.18,-70308404.59,2021,11,overview
Mexico,45573339.06,1562327117.03,122732867.53,4207479440.08,168306206.59,77159528.48,2021,11,overview
Argentina,43285170.36,1433248362.64,28315275.39,937568727.41,71600445.75,-14969894.97,2021,11,overview
Chile,45592200.73,1545445609.17,30624416.25,1038080392.43,76216616.98,-14967784.48,2021,11,overview
South Africa,126903826.14,4118292954.96,160452807.47,5207027137.75,287356633.62,33548981.33,2021,11,overview
Nigeria,50184361.54,1635538454.25,102580760.29,3343168528.3,152765121.83,52396398.75,2021,11,overview
Kenya,39318059.5,1348640153.01,27500105.89,943275113.0,66818165.39,-11817953.61,2021,11,overview
Ghana,40458517.88,1243580182.27,26446861.32,812901567.72,66905379.2,-14011656.57,2021,11,overview
Morocco,42758498.81,1520534750.33,26196690.67,931580378.34,68955189.48,-16561808.15,2021,11,overview
Algeria,39536723.98,1251608459.13,22695557.38,718470038.39,62232281.36,-16841166.6,2021,11,overview
Libya,37629694.9,1329192167.94,27984362.77,988490497.26,65614057.67,-9645332.13,2021,11,overview
Tanzania,43214386.04,1434758133.11,27751044.6,921360699.35,70965430.64,-15463341.44,2021,11,overview
Australia,501772771.9,16324882850.37,656198348.7,21349028423.08,1157971120.59,154425576.8,2021,11,overview
New Zealand,36917670.51,1216049575.95,25815449.97,850347992.09,62733120.49,-11102220.54,2021,11,overview
Saudi Arabia,1162518820.03,38079401888.27,184218061.71,6034236595.49,1346736881.74,-978300758.32,2021,12,overview
United Arab Emirates,816509704.11,27848987030.11,147124366.04,5018023106.13,963634070.15,-669385338.08,2021,12,overview
Kuwait,398700569.37,13296490325.48,22095547.93,736876899.19,420796117.3,-376605021.44,2021,12,overview
Qatar,344692296.69,11494080465.44,20910100.56,697266462.42,365602397.25,-323782196.13,2021,12,overview
Iran,99762190.41,3158168513.16,30074989.46,952082992.06,129837179.86,-69687200.95,2021,12,overview
Iraq,277756393.35,8807339923.37,26045729.31,825880509.28,303802122.66,-251710664.04,2021,12,overview
Bahrain,61012605.64,2108682975.71,20666306.33,714257125.63,81678911.97,-40346299.31,2021,12,overview
Oman,197210159.99,6249691838.93,22785602.77,722087521.75,219995762.76,-174424557.22,2021,12,overview
Israel,35964445.89,1231189782.76,40264358.95,1378390967.03,76228804.83,4299913.06,2021,12,overview
Jordan,34121330.28,1108392275.37,22910895.98,744234176.21,57032226.26,-11210434.29,2021,12,overview
Lebanon,36235099.63,1154351098.44,22201364.81,707274717.53,58436464.44,-14033734.82,2021,12,overview
Turkey,37185450.03,1183719143.74,98513152.32,3135955171.44,135698602.35,61327702.3,2021,12,overview
Egypt,39998247.76,1270975021.73,24571700.66,780784647.72,64569948.42,-15426547.09,2021,12,overview
Yemen,32313092.25,1039799399.49,22472050.09,723125598.93,54785142.33,-9841042.16,2021,12,overview
Malaysia,840735711.56,26732621946.28,586749327.05,18656692848.34,1427485038.61,-253986384.51,2021,12,overview
Singapore,531421922.15,17081613902.94,516862137.33,16613615477.35,1048284059.48,-14559784.83,2021,12,overview
Indonesia,513775157.5,16581380330.94,590494447.67,19057388970.92,1104269605.17,76719290.17,2021,12,overview
Vietnam,364356306.19,12397218496.56,876516659.05,29823467725.31,1240872965.23,512160352.86,2021,12,overview
Philippines,229789689.77,7604998609.48,431112423.21,14267869817.77,660902112.98,201322733.45,2021,12,overview
Myanmar,177411616.62,5923135425.27,193482582.85,6459687153.03,370894199.47,16070966.23,2021,12,overview
Cambodia,42105796.22,1340667727.98,203907547.69,6492509185.27,246013343.91,161801751.48,2021,12,overview
Brunei Darussalam,34022598.83,1145633722.47,23213919.42,781675998.81,57236518.26,-10808679.41,2021,12,overview
China,3610618212.71,119650707008.81,2033054606.0,67372512590.47,5643672818.7,-1577563606.71,2021,12,overview
Japan,1919552490.26,65854637386.9,1775501220.67,60912629199.19,3695053710.93,-144051269.58,2021,12,overview
"Korea, Republic of",526551868.89,18623695634.01,320864645.29,11348711962.99,847416514.19,-205687223.6,2021,12,overview
Taiwan,486923303.98,15955991453.47,279253303.13,9150852468.16,766176607.11,-207670000.85,2021,12,overview
Hong Kong,216577109.93,6859863751.18,757052403.87,23978879138.53,973629513.8,540475293.95,2021,12,overview
India,406533970.07,12610382849.41,496354803.95,15396558634.08,902888774.02,89820833.88,2021,12,overview
Bangladesh,37557337.56,1230545987.68,21479800.01,703774107.4,59037137.57,-16077537.55,2021,12,overview
Pakistan,33029553.14,1133411470.47,24735480.55,848799778.19,57765033.69,-8294072.59,2021,12,overview
Sri Lanka,39390734.45,1197723560.97,21405834.59,650870637.02,60796569.04,-17984899.87,2021,12,overview
Germany,422834550.94,13478612542.85,291130025.04,9280293671.42,713964575.99,-131704525.9,2021,12,overview
United Kingdom,188946973.43,6228717124.03,279891700.04,9226748612.38,468838673.47,90944726.61,2021,12,overview
France,161242398.05,5060661709.69,158953698.48,4988829893.79,320196096.53,-2288699.56,2021,12,overview
Netherlands,138395038.67,4003918095.04,275599595.07,7973394251.18,413994633.74,137204556.41,2021,12,overview
Italy,36132752.42,1166552029.21,19430376.14,627312983.26,55563128.57,-16702376.28,2021,12,overview
Spain,35695771.95,1148390386.7,21313152.15,685678378.77,57008924.1,-14382619.8,2021,12,overview
Belgium,33360196.54,1194334835.01,25965129.36,929582607.7,59325325.9,-7395067.18,2021,12,overview
Switzerland,265362081.89,8597944211.08,24719184.46,800921395.48,290081266.35,-240642897.43,2021,12,overview
Sweden,36947950.87,1182717838.2,21830931.42,698816345.9,58778882.29,-15117019.45,2021,12,overview
Poland,39448358.42,1273597070.72,22162976.18,715535517.19,61611334.6,-17285382.24,2021,12,overview
Russian Federation,196519758.74,6001306601.92,20373419.06,622162041.48,216893177.8,-176146339.68,2021,12,overview
United States of America,878538269.12,28641805271.37,2116418249.17,68998746550.04,2994956518.28,1237879980.05,2021,12,overview
Canada,40578369.98,1337121593.81,160314683.32,5282622859.55,200893053.31,119736313.34,2021,12,overview
Brazil,181576124.63,6133847429.97,126209282.95,4263492722.01,307785407.57,-55366841.68,2021,12,overview
Mexico,35610969.42,1196201301.58,97194124.19,3264829341.98,132805093.61,61583154.77,2021,12,overview
Argentina,38996269.63,1303910629.49,20833224.18,696596436.36,59829493.81,-18163045.45,2021,12,overview
Chile,35506329.97,1039208742.64,21618956.89,632749400.59,57125286.86,-13887373.08,2021,12,overview
South Africa,107763468.98,3454131281.64,141861552.59,4547073615.27,249625021.57,34098083.62,2021,12,overview
Nigeria,36723671.14,1231736260.09,82460137.47,2765767641.78,119183808.61,45736466.33,2021,12,overview
Kenya,35936539.73,1257736744.35,20293292.97,710241453.98,56229832.7,-15643246.76,2021,12,overview
Ghana,39287683.5,1325828979.78,20880170.86,704636495.91,60167854.36,-18407512.64,2021,12,overview
Morocco,38142252.56,1161760229.91,23069469.9,702664128.48,61211722.45,-15072782.66,2021,12,overview
Algeria,39514928.1,1282783309.59,20941973.23,679844682.03,60456901.32,-18572954.87,2021,12,overview
Libya,44287386.85,1435819946.81,22471896.46,728550485.1,66759283.31,-21815490.4,2021,12,overview
Tanzania,30118190.78,933127373.58,24381536.37,755393282.44,54499727.15,-5736654.41,2021,12,overview
Australia,403612069.73,14176719643.24,569609531.42,20007317022.33,973221601.15,165997461.69,2021,12,overview
New Zealand,38832190.9,1299419784.27,21664938.35,724961658.34,60497129.25,-17167252.56,2021,12,overview
Saudi Arabia,1141411004.34,37792124194.48,202065930.32,6690403986.81,1343476934.66,-939345074.02,2022,1,overview
United Arab Emirates,1033539526.72,34872622106.31,172236230.07,5811416795.29,1205775756.78,-861303296.65,2022,1,overview
Kuwait,465697448.91,15303771593.96,25403111.89,834798264.5,491100560.8,-440294337.02,2022,1,overview
Qatar,365074257.92,12093738450.1,23206332.7,768751321.06,388280590.62,-341867925.22,2022,1,overview
Iran,128630789.8,4011505785.43,31503892.74,982486760.65,160134682.54,-97126897.06,2022,1,overview
Iraq,281036621.19,9352549268.39,24197654.07,805267836.2,305234275.26,-256838967.13,2022,1,overview
Bahrain,68652484.04,2204340894.77,25934702.34,832729154.19,94587186.39,-42717781.7,2022,1,overview
Oman,227979903.9,7762310722.76,21984482.79,748532583.78,249964386.69,-205995421.11,2022,1,overview
Israel,44599027.49,1455616554.68,46751093.66,1525855376.33,91350121.15,2152066.17,2022,1,overview
Jordan,44656459.43,1502884274.22,24949862.19,839671483.2,69606321.61,-19706597.24,2022,1,overview
Lebanon,36158909.62,1142849182.17,25282071.93,799072635.94,61440981.55,-10876837.7,2022,1,overview
Turkey,36340826.13,1167314974.88,93259013.63,2995601772.37,129599839.75,56918187.5,2022,1,overview
Egypt,39258138.58,1351980588.19,21215620.83,730628312.28,60473759.41,-18042517.74,2022,1,overview
Yemen,43572255.65,1501834856.78,20244218.2,697771370.49,63816473.84,-23328037.45,2022,1,overview
Malaysia,747502729.22,24590844154.09,683307249.87,22478984268.73,1430809979.09,-64195479.35,2022,1,overview
Singapore,640938747.79,22316329538.56,511873021.17,17822494055.31,1152811768.96,-129065726.62,2022,1,overview
Indonesia,504046068.32,17466201964.02,628652022.65,21784046900.95,1132698090.97,124605954.32,2022,1,overview
Vietnam,422570446.84,13609548840.96,1137588095.89,36637821853.4,1560158542.73,715017649.05,2022,1,overview
Philippines,258164935.72,8997076179.27,475529514.5,16572255467.62,733694450.22,217364578.79,2022,1,overview
Myanmar,199710411.92,6981697920.17,232358991.0,8123063132.22,432069402.92,32648579.08,2022,1,overview
Cambodia,38394979.29,1237267828.62,212698269.04,6854144222.25,251093248.33,174303289.75,2022,1,overview
Brunei Darussalam,41945921.34,1391207540.31,26650487.14,883908553.64,68596408.48,-15295434.2,2022,1,overview
China,4418138208.96,142860962019.98,2137447723.06,69114596135.71,6555585932.03,-2280690485.9,2022,1,overview
Japan,2342639749.53,77602616019.27,1900818335.55,62966777305.7,4243458085.07,-441821413.98,2022,1,overview
"Korea, Republic of",674811828.82,22409517654.73,385444709.36,12800057216.66,1060256538.18,-289367119.46,2022,1,overview
Taiwan,557513512.43,18302889837.73,259044016.1,8504285517.77,816557528.53,-298469496.34,2022,1,overview
Hong Kong,237044035.58,7833745758.72,788776981.47,26067217080.95,1025821017.05,551732945.89,2022,1,overview
India,442294822.21,15440101838.26,540182648.33,18857275018.21,982477470.54,97887826.12,2022,1,overview
Bangladesh,36227447.27,1346572238.26,22596890.94,839925203.42,58824338.21,-13630556.32,2022,1,overview
Pakistan,36647862.31,1249754960.08,21382957.03,729195509.08,58030819.34,-15264905.28,2022,1,overview
Sri Lanka,33325422.12,1207004712.13,23528650.53,852178014.67,56854072.65,-9796771.59,2022,1,overview
Germany,350269915.45,10771230100.54,269037324.41,8273228156.38,619307239.86,-81232591.04,2022,1,overview
United Kingdom,214195108.3,6903747554.55,304940669.36,9828578332.67,519135777.66,90745561.06,2022,1,overview
France,168604497.84,6015980395.69,177647105.47,6338629855.96,346251603.31,9042607.63,2022,1,overview
Netherlands,156716202.64,4978667145.92,228256661.0,7251413190.01,384972863.64,71540458.35,2022,1,overview
Italy,38602031.39,1262989404.04,23483251.81,768329985.39,62085283.2,-15118779.57,2022,1,overview
Spain,43544145.66,1425743732.93,26424863.49,865215815.99,69969009.15,-17119282.17,2022,1,overview
Belgium,43478888.98,1439010308.29,24666137.57,816369209.47,68145026.54,-18812751.41,2022,1,overview
Switzerland,342921524.15,12374911914.72,24118608.33,870361387.56,367040132.48,-318802915.82,2022,1,overview
Sweden,35367586.7,1160418358.88,22991696.15,754362646.8,58359282.84,-12375890.55,2022,1,overview
Poland,41371743.4,1363753415.38,26412455.4,870644389.05,67784198.8,-14959288.0,2022,1,overview
Russian Federation,212515946.4,7253687396.35,25596278.66,873663398.18,238112225.06,-186919667.74,2022,1,overview
United States of America,810189533.91,24803780216.17,2557088229.33,78284712130.58,3367277763.24,1746898695.42,2022,1,overview
Canada,37841555.56,1294707085.96,148320342.36,5074616923.65,186161897.92,110478786.81,2022,1,overview
Brazil,201701058.38,6922400280.95,107568611.12,3691765376.98,309269669.51,-94132447.26,2022,1,overview
Mexico,35382311.51,1124413911.29,123066451.48,3910926791.98,158448762.99,87684139.97,2022,1,overview
Argentina,38797475.14,1310663059.81,24947393.0,842777173.73,63744868.14,-13850082.14,2022,1,overview
Chile,44241402.45,1480303004.83,23822204.5,797083251.28,68063606.95,-20419197.95,2022,1,overview
South Africa,115701223.6,3894413989.18,145974776.34,4913398435.73,261675999.95,30273552.74,2022,1,overview
Nigeria,39652337.31,1328242525.06,82078740.29,2749408499.83,121731077.6,42426402.97,2022,1,overview
Kenya,41132291.23,1278120938.17,22675155.2,704594608.62,63807446.43,-18457136.03,2022,1,overview
Ghana,44685544.27,1459268045.1,24922789.07,813888031.93,69608333.34,-19762755.2,2022,1,overview
Morocco,36331193.53,1269916382.12,22403430.43,783086944.3,58734623.96,-13927763.1,2022,1,overview
Algeria,40406817.78,1364317366.54,22923753.77,774009860.09,63330571.55,-17483064.01,2022,1,overview
Libya,37362764.2,1308787769.53,26859217.27,940856915.12,64221981.46,-10503546.93,2022,1,overview
Tanzania,38474873.84,1118572319.84,22773959.0,662102759.76,61248832.83,-15700914.84,2022,1,overview
Australia,422754708.96,14036633925.47,570942964.9,18956896802.84,993697673.86,148188255.94,2022,1,overview
New Zealand,38923588.77,1268062559.03,21399108.4,697145587.5,60322697.17,-17524480.37,2022,1,overview
Saudi Arabia,1204944486.73,36329672214.79,201171552.63,6065421806.91,1406116039.36,-1003772934.1,2022,2,overview
United Arab Emirates,916993110.83,31501091161.94,137327796.94,4717565921.98,1054320907.76,-779665313.89,2022,2,overview
Kuwait,492310466.19,15680547278.2,21498455.55,684745850.04,513808921.74,-470812010.64,2022,2,overview
Qatar,371796202.59,12456642222.1,18988073.84,636175519.43,390784276.43,-352808128.75,2022,2,overview
Iran,113284595.28,3551742378.62,33280312.57,1043417211.68,146564907.85,-80004282.71,2022,2,overview
Iraq,256844760.4,8088956939.38,20370908.7,641552519.94,277215669.09,-236473851.7,2022,2,overview
Bahrain,55926099.63,1786984695.21,25008039.23,799072054.93,80934138.86,-30918060.4,2022,2,overview
Oman,233925975.44,7274115838.51,22456945.41,698316730.34,256382920.85,-211469030.03,2022,2,overview
Israel,38084398.86,1187789976.72,48545276.95,1514047617.98,86629675.81,10460878.09,2022,2,overview
Jordan,41102976.67,1326620114.5,21587967.13,696762953.69,62690943.8,-19515009.54,2022,2,overview
Lebanon,40243093.04,1330290263.32,21933152.8,725030245.12,62176245.85,-18309940.24,2022,2,overview
Turkey,37632296.49,1107476764.36,93608875.67,2754805430.59,131241172.16,55976579.18,2022,2,overview
Egypt,32953499.33,1138733612.93,24303886.86,839839575.76,57257386.19,-8649612.47,2022,2,overview
Yemen,35792280.23,1196968258.74,22710315.46,759480161.1,58502595.69,-13081964.77,2022,2,overview
Malaysia,814901073.86,25808682714.34,517472373.75,16388836308.96,1332373447.61,-297428700.11,2022,2,overview
Singapore,601232810.91,22093890333.93,530084073.69,19479341744.56,1131316884.6,-71148737.22,2022,2,overview
Indonesia,530600125.73,17829969387.44,513884269.07,17268259734.48,1044484394.79,-16715856.66,2022,2,overview
Vietnam,426838419.97,13505179210.19,934506006.65,29567795452.3,1361344426.61,507667586.68,2022,2,overview
Philippines,249376627.74,7845607844.21,487841000.62,15347906561.88,737217628.36,238464372.89,2022,2,overview
Myanmar,198910680.58,6916688288.15,250104330.97,8696836649.53,449015011.55,51193650.39,2022,2,overview
Cambodia,38398950.08,1337854392.03,224989787.86,7838849114.77,263388737.94,186590837.78,2022,2,overview
Brunei Darussalam,34866787.65,1078951351.11,23975187.43,741911217.31,58841975.07,-10891600.22,2022,2,overview
China,4189440372.08,146223513012.89,2268434165.96,79174873807.74,6457874538.04,-1921006206.13,2022,2,overview
Japan,2407308783.75,84585468143.35,1671669833.1,58737365296.81,4078978616.85,-735638950.66,2022,2,overview
"Korea, Republic of",694318866.1,22119345346.92,413289614.51,13166422746.19,1107608480.61,-281029251.59,2022,2,overview
Taiwan,527227309.99,16841978218.5,273373060.73,8732747805.44,800600370.72,-253854249.27,2022,2,overview
Hong Kong,262984181.99,7612071343.4,780997898.4,22605966932.15,1043982080.39,518013716.42,2022,2,overview
India,436174315.89,14344730865.19,525405168.02,17279320344.94,961579483.91,89230852.13,2022,2,overview
Bangladesh,37465747.19,1299294566.2,24657957.01,855126400.99,62123704.2,-12807790.18,2022,2,overview
Pakistan,39478329.18,1300336977.36,22533756.37,742216736.46,62012085.55,-16944572.81,2022,2,overview
Sri Lanka,38664696.82,1309511145.94,21675597.14,734117641.73,60340293.95,-16989099.68,2022,2,overview
Germany,400249307.1,13961906453.96,346892501.56,12100659690.05,747141808.67,-53356805.54,2022,2,overview
United Kingdom,182432869.81,5760056971.76,287962650.36,9092008877.02,470395520.17,105529780.55,2022,2,overview
France,163013747.89,5129247165.8,148034759.26,4657931488.85,311048507.15,-14978988.62,2022,2,overview
Netherlands,157876160.13,4795257334.14,212409482.97,6451627213.27,370285643.1,54533322.83,2022,2,overview
Italy,38056012.57,1234766215.03,23315264.59,756487584.32,61371277.16,-14740747.97,2022,2,overview
Spain,33726340.9,1132760338.32,21646946.42,727051962.76,55373287.31,-12079394.48,2022,2,overview
Belgium,40400902.7,1403335482.7,23132438.56,803511052.13,63533341.26,-17268464.14,2022,2,overview
Switzerland,318651689.13,10381432061.48,21777464.67,709493398.88,340429153.8,-296874224.45,2022,2,overview
Sweden,34271648.35,1188134677.62,22962118.45,796054188.1,57233766.8,-11309529.9,2022,2,overview
Poland,40720570.88,1325278348.93,25760423.28,838390290.14,66480994.16,-14960147.6,2022,2,overview
Russian Federation,256568229.19,9033094531.46,22804307.27,802879857.45,279372536.46,-233763921.92,2022,2,overview
United States of America,924879977.88,32567492106.34,2610453305.14,91921026989.81,3535333283.02,1685573327.26,2022,2,overview
Canada,38006797.67,1327702680.38,157114498.63,5488527150.94,195121296.3,119107700.95,2022,2,overview
Brazil,190967042.81,6915777992.64,103574433.0,3750897399.98,294541475.81,-87392609.81,2022,2,overview
Mexico,37153377.41,1290485782.74,117283374.81,4073721914.04,154436752.22,80129997.4,2022,2,overview
Argentina,36724934.66,1225900572.27,21294920.76,710837358.42,58019855.42,-15430013.9,2022,2,overview
Chile,33066549.06,1103349993.43,22629010.04,755074804.9,55695559.1,-10437539.02,2022,2,overview
South Africa,113311395.68,4010233851.07,121814912.41,4311184081.81,235126308.09,8503516.74,2022,2,overview
Nigeria,38923927.0,1269307142.93,103257699.5,3367227965.93,142181626.5,64333772.5,2022,2,overview
Kenya,35886396.33,1172635345.38,23661292.25,773163940.7,59547688.58,-12225104.08,2022,2,overview
Ghana,34966846.7,1121267699.78,25886010.23,830076197.61,60852856.93,-9080836.47,2022,2,overview
Morocco,32920810.65,1061483902.16,25623591.7,826195636.36,58544402.35,-7297218.95,2022,2,overview
Algeria,36727003.88,1307900475.08,19891236.8,708355033.49,56618240.68,-16835767.08,2022,2,overview
Libya,34621820.79,1189914951.83,23270806.89,799792744.23,57892627.67,-11351013.9,2022,2,overview
Tanzania,39906569.13,1215055311.92,23051960.56,701874597.1,62958529.69,-16854608.57,2022,2,overview
Australia,433241597.59,13785417892.86,626946507.37,19948960692.42,1060188104.96,193704909.78,2022,2,overview
New Zealand,39232208.47,1351304550.16,24425770.54,841315239.65,63657979.0,-14806437.93,2022,2,overview
Saudi Arabia,1167404127.5,39868274039.35,253639616.5,8662102094.4,1421043744.0,-913764511.0,2022,3,overview
United Arab Emirates,1035357999.51,37840379772.1,187626201.76,6857383371.78,1222984201.27,-847731797.75,2022,3,overview
Kuwait,458158213.41,13484674042.65,25420981.07,748199275.93,483579194.48,-432737232.35,2022,3,overview
Qatar,438108022.07,14431828872.86,26644231.48,877694471.97,464752253.54,-411463790.59,2022,3,overview
Iran,122659804.87,4116499913.87,28857273.92,968458784.96,151517078.79,-93802530.96,2022,3,overview
Iraq,337186556.19,11349729792.21,24663500.78,830175653.28,361850056.97,-312523055.41,2022,3,overview
Bahrain,60372995.01,1956684333.92,26834388.25,869700552.45,87207383.26,-33538606.75,2022,3,overview
Oman,243085324.24,7878293901.45,24312786.9,787967275.9,267398111.14,-218772537.34,2022,3,overview
Israel,44465865.66,1440886451.35,46340020.02,1501617162.06,90805885.68,1874154.36,2022,3,overview
Jordan,43002686.58,1534980802.96,23611389.77,842808505.81,66614076.35,-19391296.81,2022,3,overview
Lebanon,40199851.43,1267603345.98,24501096.15,772581747.29,64700947.59,-15698755.28,2022,3,overview
Turkey,49353587.1,1559332111.59,108130266.91,3416387892.72,157483854.01,58776679.81,2022,3,overview
Egypt,46964175.93,1567940348.1,26303147.0,878153712.69,73267322.93,-20661028.93,2022,3,overview
Yemen,41956812.83,1405832207.04,24335459.49,815399703.03,66292272.33,-17621353.34,2022,3,overview
Malaysia,825287478.22,25663191698.28,790666690.9,24586621502.83,1615954169.13,-34620787.32,2022,3,overview
Singapore,775170151.38,25928378495.97,555900771.06,18594118430.09,1331070922.43,-219269380.32,2022,3,overview
Indonesia,644302627.14,22097242952.86,614556342.75,21077053300.58,1258858969.89,-29746284.39,2022,3,overview
Vietnam,338002944.59,10685593246.72,975856067.07,30850621767.9,1313859011.66,637853122.48,2022,3,overview
Philippines,232914890.48,7820961753.35,508846570.61,17086368152.65,741761461.09,275931680.12,2022,3,overview
Myanmar,227855907.14,7291721653.16,263863557.64,8444019033.26,491719464.78,36007650.5,2022,3,overview
Cambodia,44419555.07,1528214115.1,261448956.74,8994911935.27,305868511.81,217029401.67,2022,3,overview
Brunei Darussalam,45827559.85,1450631101.38,25950616.65,821443946.35,71778176.51,-19876943.2,2022,3,overview
China,4089206704.55,133010037440.44,2474888623.62,80500950984.6,6564095328.16,-1614318080.93,2022,3,overview
Japan,2644263243.55,87057930115.78,2189490092.96,72085287259.68,4833753336.51,-454773150.6,2022,3,overview
"Korea, Republic of",691223851.62,22275478017.03,436404789.29,14063642722.5,1127628640.91,-254819062.33,2022,3,overview
Taiwan,559323628.14,17874459536.92,259606528.0,8296317457.21,818930156.14,-299717100.13,2022,3,overview
Hong Kong,268673842.34,8770398001.41,814392347.06,26584445105.97,1083066189.4,545718504.72,2022,3,overview
India,492313785.26,15449151556.57,629203118.77,19744834763.17,1121516904.03,136889333.5,2022,3,overview
Bangladesh,46587349.88,1458427480.08,28222242.04,883503642.96,74809591.91,-18365107.84,2022,3,overview
Pakistan,40302223.07,1321095576.3,28354248.8,929444328.64,68656471.88,-11947974.27,2022,3,overview
Sri Lanka,35483899.78,1157695782.71,22988759.6,750030019.37,58472659.39,-12495140.18,2022,3,overview
Germany,391313977.85,12932376906.06,333750658.28,11029990109.71,725064636.13,-57563319.57,2022,3,overview
United Kingdom,240965244.04,8339520998.08,295002982.63,10209702971.5,535968226.67,54037738.59,2022,3,overview
France,192309748.64,6428363331.44,192386368.83,6430924524.9,384696117.47,76620.2,2022,3,overview
Netherlands,145476854.5,5029513075.37,313155130.12,10826586998.99,458631984.62,167678275.62,2022,3,overview
Italy,42866016.71,1469865011.07,29500533.19,1011565918.22,72366549.9,-13365483.51,2022,3,overview
Spain,45107323.61,1511097811.67,28137394.45,942604255.45,73244718.06,-16969929.15,2022,3,overview
Belgium,34541482.43,1201896857.63,24853783.23,864806078.6,59395265.66,-9687699.19,2022,3,overview
Switzerland,322866377.8,10148576693.16,25424688.44,799167761.94,348291066.24,-297441689.35,2022,3,overview
Sweden,49303339.49,1561643670.9,29369870.88,930267066.03,78673210.37,-19933468.61,2022,3,overview
Poland,43654256.93,1480857905.64,24478196.83,830359599.16,68132453.76,-19176060.1,2022,3,overview
Russian Federation,269430536.53,9025351153.65,27568542.24,923487655.5,296999078.77,-241861994.29,2022,3,overview
United States of America,1278669050.14,38915135304.96,2534258120.82,77127852323.26,3812927170.95,1255589070.68,2022,3,overview
Canada,41789016.99,1285484763.95,150934642.01,4642946798.78,192723659.0,109145625.02,2022,3,overview
Brazil,198448144.59,6264625484.88,119888233.88,3784640500.77,318336378.48,-78559910.71,2022,3,overview
Mexico,44934552.41,1470740618.94,124195912.27,4065022640.4,169130464.68,79261359.86,2022,3,overview
Argentina,46232426.79,1507324185.84,24300446.05,792271844.68,70532872.84,-21931980.74,2022,3,overview
Chile,44408314.89,1306609939.0,21866513.08,643370580.53,66274827.97,-22541801.8,2022,3,overview
South Africa,133021544.94,4801589610.16,161438769.45,5827347129.53,294460314.39,28417224.51,2022,3,overview
Nigeria,43691524.15,1429009550.24,110340723.82,3608890996.52,154032247.96,66649199.67,2022,3,overview
Kenya,44171762.63,1316937406.8,29340388.92,874754671.32,73512151.55,-14831373.71,2022,3,overview
Ghana,44573498.78,1489782337.71,30310300.12,1013062716.64,74883798.9,-14263198.66,2022,3,overview
Morocco,48843061.01,1609473066.81,24584401.64,810103451.36,73427462.65,-24258659.37,2022,3,overview
Algeria,43261549.43,1351825356.96,21294868.87,665416382.36,64556418.31,-21966680.56,2022,3,overview
Libya,39359786.18,1350364583.72,27589998.85,946564016.74,66949785.03,-11769787.34,2022,3,overview
Tanzania,44264299.12,1449822932.95,27594217.1,903814802.48,71858516.22,-16670082.02,2022,3,overview
Australia,567534009.75,18777882044.11,690818689.73,22856977109.07,1258352699.48,123284679.97,2022,3,overview
New Zealand,42229096.09,1366879903.16,27304996.94,883813650.4,69534093.03,-14924099.16,2022,3,overview
Saudi Arabia,1439552399.71,45132307893.14,202385638.13,6345118757.14,1641938037.84,-1237166761.58,2022,4,overview
United Arab Emirates,1126944740.79,36421910629.46,176772227.6,5713130415.71,1303716968.39,-950172513.19,2022,4,overview
Kuwait,572130386.79,18708490932.59,25407646.71,830822377.48,597538033.51,-546722740.08,2022,4,overview
Qatar,494905176.54,17499152846.67,29993223.71,1060518319.27,524898400.25,-464911952.83,2022,4,overview
Iran,130511332.45,4121100323.9,39112364.91,1235034358.26,169623697.37,-91398967.54,2022,4,overview
Iraq,288954081.48,10260557830.98,21683486.12,769965463.49,310637567.6,-267270595.37,2022,4,overview
Bahrain,66291182.53,2097089307.96,26434675.8,836248108.02,92725858.33,-39856506.74,2022,4,overview
Oman,281901510.37,8751005063.81,25902496.25,804085354.25,307804006.61,-255999014.12,2022,4,overview
Israel,46080946.5,1462788561.97,47283958.35,1500976839.39,93364904.85,1203011.85,2022,4,overview
Jordan,37006403.49,1231121398.99,23662855.89,787211009.36,60669259.38,-13343547.6,2022,4,overview
Lebanon,37513275.35,1237804787.75,23540680.27,776758800.19,61053955.62,-13972595.07,2022,4,overview
Turkey,42572730.38,1522011077.29,123843148.28,4427497175.93,166415878.65,81270417.9,2022,4,overview
Egypt,41417950.75,1413342996.84,27895268.81,951896028.17,69313219.56,-13522681.94,2022,4,overview
Yemen,42380910.28,1397788210.01,23509925.06,775393823.59,65890835.34,-18870985.22,2022,4,overview
Malaysia,877857750.01,29551742686.38,687307539.43,23137160378.69,1565165289.44,-190550210.58,2022,4,overview
Singapore,669363767.14,22198528597.43,525283902.85,17420318086.74,1194647669.99,-144079864.28,2022,4,overview
Indonesia,642357018.47,22092029886.05,604780393.55,20799689494.47,1247137412.01,-37576624.92,2022,4,overview
Vietnam,382042401.62,12459543952.28,1018796736.27,33226004915.06,1400839137.89,636754334.65,2022,4,overview
Philippines,253457716.6,9075462046.72,509956096.09,18259799928.57,763413812.69,256498379.48,2022,4,overview
Myanmar,207393093.6,6979957701.57,319204260.88,10743039704.95,526597354.48,111811167.28,2022,4,overview
Cambodia,44836110.99,1649739844.8,277224398.91,10200441713.38,322060509.9,232388287.92,2022,4,overview
Brunei Darussalam,40970479.84,1305634989.41,24311339.16,774746480.03,65281819.0,-16659140.69,2022,4,overview
China,4462278436.53,147404714264.31,2301806256.9,76036737378.79,6764084693.42,-2160472179.63,2022,4,overview
Japan,3032309409.58,98734941209.27,2162277339.95,70405851514.72,5194586749.53,-870032069.64,2022,4,overview
"Korea, Republic of",676916320.46,21499709052.07,477076340.09,15152541307.6,1153992660.56,-199839980.37,2022,4,overview
Taiwan,715158272.38,23875649174.88,359746680.59,12010188330.87,1074904952.97,-355411591.79,2022,4,overview
Hong Kong,266803991.66,9242676640.41,963563387.14,33379953405.33,1230367378.8,696759395.49,2022,4,overview
India,458023119.87,14206264409.4,596868244.32,18512751274.87,1054891364.19,138845124.44,2022,4,overview
Bangladesh,45964877.22,1423767199.08,28129183.81,871304606.14,74094061.03,-17835693.41,2022,4,overview
Pakistan,42887521.77,1357467273.65,23826726.73,754158795.91,66714248.5,-19060795.04,2022,4,overview
Sri Lanka,46470321.41,1512551388.31,25137988.91,818210394.8,71608310.33,-21332332.5,2022,4,overview
Germany,387140187.07,12749916201.44,361393145.12,11901973677.53,748533332.19,-25747041.95,2022,4,overview
United Kingdom,209563762.15,6972279061.2,306847214.97,10208942566.89,516410977.12,97283452.82,2022,4,overview
France,166427437.91,5942851141.25,157007418.01,5606477663.76,323434855.92,-9420019.9,2022,4,overview
Netherlands,169013841.29,5833725622.42,309146620.01,10670584991.67,478160461.31,140132778.72,2022,4,overview
Italy,57074122.5,1921956282.9,24046279.15,809752218.02,81120401.65,-33027843.36,2022,4,overview
Spain,41988975.5,1340274744.02,25553928.39,815673267.36,67542903.89,-16435047.1,2022,4,overview
Belgium,40500251.21,1246931696.12,26616785.13,819484127.64,67117036.35,-13883466.08,2022,4,overview
Switzerland,383036795.8,12882926469.12,26822508.27,902138921.33,409859304.07,-356214287.53,2022,4,overview
Sweden,42848391.08,1432479381.72,25920505.51,866557384.68,68768896.6,-16927885.57,2022,4,overview
Poland,40363537.05,1279951159.72,25940189.24,822578438.96,66303726.28,-14423347.81,2022,4,overview
Russian Federation,248023887.93,8683065783.6,22197541.58,777113508.72,270221429.51,-225826346.35,2022,4,overview
United States of America,1009531144.31,34932996465.12,3113646571.12,107742099167.09,4123177715.43,2104115426.81,2022,4,overview
Canada,39929317.04,1471026164.17,162531454.91,5987781418.86,202460771.95,122602137.86,2022,4,overview
Brazil,253713984.85,8470510234.78,133188319.24,4446633172.13,386902304.09,-120525665.61,2022,4,overview
Mexico,42262099.57,1349184866.61,138143391.69,4410121015.53,180405491.27,95881292.12,2022,4,overview
Argentina,37271799.03,1231148614.98,23881628.22,788849324.93,61153427.25,-13390170.81,2022,4,overview
Chile,40480979.93,1270617339.74,26561268.42,833705317.49,67042248.35,-13919711.51,2022,4,overview
South Africa,125167895.4,4177005477.15,171166214.16,5712025530.03,296334109.56,45998318.76,2022,4,overview
Nigeria,44473921.55,1499701234.48,114331274.53,3855354948.97,158805196.08,69857352.98,2022,4,overview
Kenya,49659063.03,1606746174.13,25722556.67,832267405.05,75381619.7,-23936506.35,2022,4,overview
Ghana,39875516.94,1373598106.37,25788525.6,888341334.32,65664042.53,-14086991.34,2022,4,overview
Morocco,49137155.04,1489283890.35,28756595.96,871575390.84,77893751.0,-20380559.08,2022,4,overview
Algeria,48365052.39,1661202965.92,22777188.81,782332112.64,71142241.2,-25587863.57,2022,4,overview
Libya,43198775.23,1339219377.53,28205892.17,874420100.03,71404667.4,-14992883.06,2022,4,overview
Tanzania,48678470.88,1557580494.81,23575227.95,754344057.08,72253698.84,-25103242.93,2022,4,overview
Australia,491453412.74,16287646464.11,612190555.74,20289091665.78,1103643968.49,120737143.0,2022,4,overview
New Zealand,50939214.65,1688417642.76,32402576.32,1074007165.17,83341790.97,-18536638.34,2022,4,overview
Saudi Arabia,1484218258.98,50089879866.58,231299719.26,7805978049.78,1715517978.24,-1252918539.73,2022,5,overview
United Arab Emirates,1060164637.62,35840156915.66,184501784.65,6237307563.75,1244666422.27,-875662852.97,2022,5,overview
Kuwait,519779155.82,17107156005.2,27081062.43,891301535.52,546860218.25,-492698093.39,2022,5,overview
Qatar,484192653.86,15940923039.32,24926049.87,820632530.08,509118703.73,-459266604.0,2022,5,overview
Iran,157090859.61,5501913912.06,39716868.18,1391034399.48,196807727.79,-117373991.44,2022,5,overview
Iraq,318538049.8,10990631174.44,27949774.69,964360977.3,346487824.49,-290588275.11,2022,5,overview
Bahrain,81736952.15,2536039176.04,22995505.65,713477829.43,104732457.79,-58741446.5,2022,5,overview
Oman,301045881.41,9631185920.95,26646381.2,852482187.43,327692262.62,-274399500.21,2022,5,overview
Israel,40859881.75,1262425133.03,52080127.18,1609090841.03,92940008.93,11220245.43,2022,5,overview
Jordan,53014309.19,1744863891.39,27201089.41,895271473.62,80215398.6,-25813219.78,2022,5,overview
Lebanon,47553345.25,1636730612.47,29347912.47,1010120875.71,76901257.72,-18205432.78,2022,5,overview
Turkey,49317493.06,1605442204.94,103499026.8,3369224497.66,152816519.86,54181533.73,2022,5,overview
Egypt,48210815.01,1590587603.15,26100291.85,861109704.03,74311106.86,-22110523.17,2022,5,overview
Yemen,46865508.34,1421593892.39,28961703.48,878509211.45,75827211.82,-17903804.86,2022,5,overview
Malaysia,960271517.23,32707987302.51,713079508.1,24288334162.12,1673351025.33,-247192009.12,2022,5,overview
Singapore,771832295.72,27037424612.6,666363854.72,23342846090.49,1438196150.44,-105468441.0,2022,5,overview
Indonesia,704328945.24,23550695172.42,759930032.39,25409832531.08,1464258977.63,55601087.16,2022,5,overview
Vietnam,455336058.16,15526104201.38,1166109649.65,39762148431.24,1621445707.82,710773591.49,2022,5,overview
Philippines,265762356.04,8756166769.74,562650300.62,18537839364.21,828412656.66,296887944.58,2022,5,overview
Myanmar,211570218.83,6999334995.11,300632044.16,9945749449.02,512202262.99,89061825.33,2022,5,overview
Cambodia,52860306.67,1700242875.08,237064268.51,7625132332.06,289924575.18,184203961.84,2022,5,overview
Brunei Darussalam,45535254.44,1529948305.8,29729490.79,998887227.72,75264745.23,-15805763.65,2022,5,overview
China,4654471767.35,145520141717.8,2479256493.22,77512932569.33,7133728260.58,-2175215274.13,2022,5,overview
Japan,2795306015.94,90014956913.43,1942099914.68,62539857584.19,4737405930.62,-853206101.27,2022,5,overview
"Korea, Republic of",755786660.73,26760919737.24,418475551.44,14817396529.95,1174262212.17,-337311109.29,2022,5,overview
Taiwan,698090895.38,22060679733.47,277950218.04,8783628009.89,976041113.42,-420140677.33,2022,5,overview
Hong Kong,222670056.07,7604089497.89,851465027.65,29077175390.71,1074135083.72,628794971.58,2022,5,overview
India,483041332.14,14837338365.03,659272553.13,20250544404.05,1142313885.27,176231220.98,2022,5,overview
Bangladesh,48315976.76,1595309218.15,26039861.88,859790787.41,74355838.64,-22276114.88,2022,5,overview
Pakistan,45079222.64,1409644129.3,24478024.22,765436960.1,69557246.87,-20601198.42,2022,5,overview
Sri Lanka,48932986.57,1691861610.31,28119802.9,972244253.94,77052789.47,-20813183.67,2022,5,overview
Germany,465962582.56,14170380676.28,367489594.45,11175720203.5,833452177.01,-98472988.1,2022,5,overview
United Kingdom,222171671.68,7982552802.09,317220192.12,11397613900.88,539391863.79,95048520.44,2022,5,overview
France,191650436.39,6496241943.89,203990755.84,6914533195.15,395641192.23,12340319.45,2022,5,overview
Netherlands,171329059.77,5714566935.17,320895525.9,10703257021.41,492224585.67,149566466.13,2022,5,overview
Italy,42004401.43,1373180568.08,26412035.52,863445084.41,68416436.95,-15592365.91,2022,5,overview
Spain,51250418.72,1783961866.38,22713985.65,790644940.07,73964404.38,-28536433.07,2022,5,overview
Belgium,42012977.31,1460787574.24,24258867.37,843478712.73,66271844.68,-17754109.94,2022,5,overview
Switzerland,384607170.55,13153970193.75,29984850.77,1025513468.06,414592021.32,-354622319.77,2022,5,overview
Sweden,52900770.17,1733308755.14,28468017.96,932762691.7,81368788.14,-24432752.21,2022,5,overview
Poland,46662632.5,1485315316.06,29960762.7,953679150.33,76623395.2,-16701869.8,2022,5,overview
Russian Federation,258288828.9,7708146014.1,26576467.17,793124853.07,284865296.07,-231712361.73,2022,5,overview
United States of America,1102040437.21,36455044690.7,2468078872.04,81643034631.18,3570119309.26,1366038434.83,2022,5,overview
Canada,48560552.78,1724660752.36,174736062.11,6205868983.75,223296614.89,126175509.32,2022,5,overview
Brazil,200550900.33,6821278727.56,149234741.43,5075877323.25,349785641.76,-51316158.9,2022,5,overview
Mexico,39181745.86,1289251136.16,165797657.86,5455469480.81,204979403.72,126615912.0,2022,5,overview
Argentina,42228474.72,1379603127.17,24182549.92,790043251.8,66411024.63,-18045924.8,2022,5,overview
Chile,44953755.03,1463393332.82,27473767.25,894361945.9,72427522.28,-17479987.78,2022,5,overview
South Africa,143152155.88,4308529716.65,158429801.79,4768349486.69,301581957.67,15277645.91,2022,5,overview
Nigeria,44873986.57,1504654204.48,88355594.86,2962621052.27,133229581.43,43481608.3,2022,5,overview
Kenya,41858542.5,1463839797.58,27606125.57,965416922.36,69464668.07,-14252416.92,2022,5,overview
Ghana,41969546.41,1357711286.14,29563538.64,956377981.43,71533085.05,-12406007.76,2022,5,overview
Morocco,51786607.78,1643668635.89,26453967.3,839629360.07,78240575.08,-25332640.48,2022,5,overview
Algeria,47913633.04,1520674535.34,26299978.39,834704130.79,74213611.43,-21613654.65,2022,5,overview
Libya,43680515.21,1529397681.35,27152757.76,950706844.04,70833272.97,-16527757.45,2022,5,overview
Tanzania,38389481.19,1302837466.51,27300315.84,926500520.86,65689797.03,-11089165.35,2022,5,overview
Australia,553434357.87,18201615919.94,802813495.18,26403317189.99,1356247853.05,249379137.31,2022,5,overview
New Zealand,44746129.76,1483288145.36,28541278.41,946114002.48,73287408.17,-16204851.35,2022,5,overview
Saudi Arabia,1346344356.48,43111572086.25,241189149.05,7723167803.11,1587533505.53,-1105155207.42,2022,6,overview
United Arab Emirates,1057439459.39,37041685241.76,177473016.62,6216809446.83,1234912476.01,-879966442.77,2022,6,overview
Kuwait,412654960.62,13638827351.56,28674653.57,947737666.38,441329614.19,-383980307.05,2022,6,overview
Qatar,400956940.78,13517713140.58,28483708.47,960289150.94,429440649.25,-372473232.31,2022,6,overview
Iran,145530608.97,5100787320.95,29197860.16,1023372855.69,174728469.13,-116332748.82,2022,6,overview
Iraq,305136634.41,10408702074.36,29321652.04,1000208778.68,334458286.45,-275814982.37,2022,6,overview
Bahrain,68921536.96,2234557539.74,29263598.75,948777379.47,98185135.71,-39657938.21,2022,6,overview
Oman,231890857.04,7382809521.25,30391590.95,967590226.98,262282447.99,-201499266.09,2022,6,overview
Israel,43158247.23,1441846048.34,53797485.47,1797285497.48,96955732.7,10639238.24,2022,6,overview
Jordan,46112755.86,1429069624.1,29013681.61,899156216.25,75126437.47,-17099074.24,2022,6,overview
Lebanon,43573716.11,1561979634.82,27537068.91,987116653.77,71110785.02,-16036647.2,2022,6,overview
Turkey,45903210.73,1517460663.23,120832400.9,3994457300.18,166735611.63,74929190.17,2022,6,overview
Egypt,44532561.09,1458324274.29,27246383.57,892247415.72,71778944.66,-17286177.52,2022,6,overview
Yemen,48562111.11,1628749958.52,30851585.61,1034747411.98,79413696.72,-17710525.49,2022,6,overview
Malaysia,1014486197.55,32847089126.68,683991827.72,22146324495.35,1698478025.27,-330494369.83,2022,6,overview
Singapore,698251756.93,22666342994.07,617374311.5,20040934750.61,1315626068.43,-80877445.43,2022,6,overview
Indonesia,686413539.07,22695952353.18,643120614.85,21264491449.09,1329534153.92,-43292924.21,2022,6,overview
Vietnam,488704954.18,17682541084.27,928103709.98,33581063260.54,1416808664.16,439398755.79,2022,6,overview
Philippines,271653834.69,9028996765.38,465842424.96,15483270291.27,737496259.65,194188590.27,2022,6,overview
Myanmar,232244707.46,8009373681.32,276128996.58,9522801798.14,508373704.04,43884289.11,2022,6,overview
Cambodia,49095031.06,1653286632.36,284573574.98,9583081571.54,333668606.05,235478543.92,2022,6,overview
Brunei Darussalam,45938247.59,1414034660.97,31742981.45,977087250.27,77681229.04,-14195266.13,2022,6,overview
China,4684254910.46,160294831148.86,2793958876.99,95609050955.72,7478213787.46,-1890296033.47,2022,6,overview
Japan,2591860651.82,86141096617.01,1913421568.1,63593014559.53,4505282219.92,-678439083.71,2022,6,overview
"Korea, Republic of",757875843.27,23565737767.13,518454554.11,16121062803.33,1276330397.38,-239421289.15,2022,6,overview
Taiwan,708460131.39,22977737293.17,385690463.43,12509234821.44,1094150594.82,-322769667.96,2022,6,overview
Hong Kong,249244608.81,8230308084.56,896335059.96,29597886693.73,1145579668.77,647090451.16,2022,6,overview
India,532558376.51,18816777434.66,617866075.84,21830937125.79,1150424452.35,85307699.32,2022,6,overview
Bangladesh,42194543.24,1462465638.22,23927703.42,829335771.19,66122246.66,-18266839.82,2022,6,overview
Pakistan,37895254.46,1427761376.69,27341097.05,1030117435.98,65236351.5,-10554157.41,2022,6,overview
Sri Lanka,46280366.59,1523267534.06,25302861.05,832815934.64,71583227.64,-20977505.54,2022,6,overview
Germany,461367322.77,15683441400.11,375362949.43,12759860810.67,836730272.21,-86004373.34,2022,6,overview
United Kingdom,212370270.05,7086301391.8,368053371.65,12281083972.62,580423641.7,155683101.6,2022,6,overview
France,196073994.94,6848780960.09,175988313.3,6147196672.65,372062308.24,-20085681.65,2022,6,overview
Netherlands,181489455.09,5735128647.79,331475267.31,10474731441.53,512964722.4,149985812.21,2022,6,overview
Italy,42630371.39,1378435570.07,29325293.32,948221328.92,71955664.71,-13305078.07,2022,6,overview
Spain,43160731.64,1469555132.98,26364817.52,897680633.47,69525549.16,-16795914.12,2022,6,overview
Belgium,43993785.69,1452786619.09,27533382.49,909222269.5,71527168.18,-16460403.19,2022,6,overview
Switzerland,313754440.23,10512159548.86,24523803.33,821655728.95,338278243.55,-289230636.9,2022,6,overview
Sweden,43593569.19,1501807641.78,30144733.51,1038492419.69,73738302.7,-13448835.67,2022,6,overview
Poland,48990239.08,1610572040.51,31841444.55,1046799143.69,80831683.62,-17148794.53,2022,6,overview
Russian Federation,292378538.5,10724022267.14,26495525.99,971817603.76,318874064.49,-265883012.52,2022,6,overview
United States of America,1288232311.58,43258685591.08,2967617848.98,99652249310.42,4255850160.56,1679385537.4,2022,6,overview
Canada,51362556.9,1644375541.01,183118803.98,5862560209.6,234481360.88,131756247.08,2022,6,overview
Brazil,247820030.09,8246085527.87,139847087.54,4653340749.98,387667117.62,-107972942.55,2022,6,overview
Mexico,43233190.4,1442009067.94,119877921.05,3998433786.55,163111111.46,76644730.65,2022,6,overview
Argentina,49678789.33,1746440166.98,27292896.11,959472054.2,76971685.44,-22385893.21,2022,6,overview
Chile,43716286.1,1438228852.22,25449759.17,837275560.05,69166045.27,-18266526.92,2022,6,overview
South Africa,138056735.75,4395389022.94,177042614.83,5636604122.11,315099350.57,38985879.08,2022,6,overview
Nigeria,51395157.24,1693022468.84,128674546.23,4238704765.77,180069703.47,77279388.99,2022,6,overview
Kenya,50956426.82,1763746256.63,25445773.11,880750277.83,76402199.93,-25510653.7,2022,6,overview
Ghana,50206206.37,1655632764.74,29714939.14,979899307.14,79921145.51,-20491267.23,2022,6,overview
Morocco,35376553.42,1134212135.83,26368055.52,845389549.81,61744608.95,-9008497.9,2022,6,overview
Algeria,42699587.2,1382252028.32,28066819.54,908566587.85,70766406.74,-14632767.65,2022,6,overview
Libya,43268987.89,1381437316.37,25440651.99,812236840.39,68709639.88,-17828335.9,2022,6,overview
Tanzania,50481276.08,1626889966.11,26325144.69,848396020.79,76806420.77,-24156131.39,2022,6,overview
Australia,535589743.66,18041005360.85,761300959.39,25643946420.04,1296890703.06,225711215.73,2022,6,overview
New Zealand,35041502.87,1231868336.45,30066708.06,1056981653.56,65108210.93,-4974794.8,2022,6,overview
Saudi Arabia,1248029667.43,40342084646.4,209419915.22,6769419162.84,1457449582.65,-1038609752.21,2022,7,overview
United Arab Emirates,1024076449.5,30804436777.43,184921070.57,5562465018.98,1208997520.07,-839155378.94,2022,7,overview
Kuwait,496258356.29,15685570384.65,30605449.9,967366962.03,526863806.19,-465652906.39,2022,7,overview
Qatar,499344560.77,15123198517.06,28024637.27,848756922.66,527369198.04,-471319923.5,2022,7,overview
Iran,143175088.23,4626960607.57,35991313.71,1163124065.82,179166401.94,-107183774.52,2022,7,overview
Iraq,324146742.07,11040887864.01,28284701.0,963416167.62,352431443.07,-295862041.07,2022,7,overview
Bahrain,79516243.22,2459958144.09,28139736.29,870546326.83,107655979.51,-51376506.93,2022,7,overview
Oman,262174529.02,8936674111.57,33665845.37,1147558803.26,295840374.39,-228508683.65,2022,7,overview
Israel,54025077.19,1802422610.74,60584092.6,2021249094.39,114609169.79,6559015.41,2022,7,overview
Jordan,46511779.02,1413646131.26,27170255.51,825793538.76,73682034.53,-19341523.51,2022,7,overview
Lebanon,45482238.35,1460004411.82,29889270.52,959461724.28,75371508.88,-15592967.83,2022,7,overview
Turkey,46913429.23,1484128821.22,116425873.92,3683188329.16,163339303.15,69512444.69,2022,7,overview
Egypt,43776932.93,1390650953.64,25030952.95,795152064.45,68807885.88,-18745979.98,2022,7,overview
Yemen,40738367.47,1431105587.19,25287022.35,888312448.99,66025389.82,-15451345.12,2022,7,overview
Malaysia,841808669.22,27144707169.76,734018162.6,23668927167.95,1575826831.82,-107790506.62,2022,7,overview
Singapore,795198073.14,27272196590.89,652347232.48,22372969163.99,1447545305.62,-142850840.66,2022,7,overview
Indonesia,651405377.6,20331787073.23,668657255.24,20870255920.55,1320062632.84,17251877.64,2022,7,overview
Vietnam,524781549.35,17840195165.79,1023756512.85,34803083329.12,1548538062.2,498974963.5,2022,7,overview
Philippines,295598529.48,10215003937.93,520789770.33,17996941879.61,816388299.82,225191240.85,2022,7,overview
Myanmar,240966539.86,7782250624.39,310169611.61,10017231666.37,551136151.47,69203071.75,2022,7,overview
Cambodia,40744694.07,1357339414.87,261480323.33,8710767307.68,302225017.4,220735629.26,2022,7,overview
Brunei Darussalam,45628172.91,1375059918.32,26392305.39,795363894.17,72020478.29,-19235867.52,2022,7,overview
China,4712608821.93,158797842844.14,3154971096.44,106311095039.16,7867579918.37,-1557637725.49,2022,7,overview
Japan,2857791543.15,96009135847.21,2279834461.39,76592338247.15,5137626004.55,-577957081.76,2022,7,overview
"Korea, Republic of",780827514.87,25401087584.83,468531910.42,15241804196.28,1249359425.29,-312295604.46,2022,7,overview
Taiwan,595344030.78,19926875696.56,311584436.7,10429103204.43,906928467.48,-283759594.08,2022,7,overview
Hong Kong,265609391.45,8940073517.42,931175277.64,31342172783.66,1196784669.09,665565886.19,2022,7,overview
India,532882737.94,17647483562.01,701084837.41,23217834362.15,1233967575.35,168202099.48,2022,7,overview
Bangladesh,40665078.48,1344635301.48,26497673.07,876174544.53,67162751.55,-14167405.41,2022,7,overview
Pakistan,38746706.85,1286916338.99,30277288.65,1005616751.31,69023995.51,-8469418.2,2022,7,overview
Sri Lanka,46802248.63,1500236052.75,30226847.69,968915126.69,77029096.32,-16575400.94,2022,7,overview
Germany,475023523.49,15544607886.83,360139949.49,11785172780.64,835163472.98,-114883574.0,2022,7,overview
United Kingdom,213055171.62,6910817325.29,360278508.4,11686263885.73,573333680.02,147223336.78,2022,7,overview
France,191832213.72,6670002770.54,154416559.3,5369061110.12,346248773.02,-37415654.42,2022,7,overview
Netherlands,196958802.13,6432592995.97,320394740.87,10463959689.83,517353543.01,123435938.74,2022,7,overview
Italy,46870000.02,1422745644.5,32239563.64,978636627.49,79109563.66,-14630436.38,2022,7,overview
Spain,48258032.84,1591073249.84,25262674.28,832913463.35,73520707.12,-22995358.56,2022,7,overview
Belgium,44516035.57,1468330374.64,26316266.2,868023679.85,70832301.77,-18199769.37,2022,7,overview
Switzerland,330366758.71,10013014972.77,29493613.35,893915578.05,359860372.06,-300873145.36,2022,7,overview
Sweden,47377811.06,1480253977.51,26538151.84,829147736.83,73915962.9,-20839659.22,2022,7,overview
Poland,46151992.91,1525765074.16,23855846.63,788664049.08,70007839.54,-22296146.28,2022,7,overview
Russian Federation,241481283.41,7634059859.64,28255573.14,893256544.37,269736856.55,-213225710.27,2022,7,overview
United States of America,1050673321.72,33454685536.38,2975019697.68,94728158023.3,4025693019.39,1924346375.96,2022,7,overview
Canada,45206064.13,1534579220.94,159665663.38,5420060649.24,204871727.52,114459599.25,2022,7,overview
Brazil,259145934.13,8587254608.22,166685076.66,5523402084.06,425831010.79,-92460857.47,2022,7,overview
Mexico,48280475.04,1702084767.19,116841180.17,4119130823.7,165121655.21,68560705.12,2022,7,overview
Argentina,48236963.57,1681336565.5,26195025.09,913047801.13,74431988.66,-22041938.48,2022,7,overview
Chile,44492070.25,1499961270.76,26251505.1,885017054.16,70743575.36,-18240565.15,2022,7,overview
South Africa,124659435.95,3916302744.92,176862851.92,5556326058.7,301522287.87,52203415.97,2022,7,overview
Nigeria,41601467.6,1420242905.0,101067505.05,3450368827.3,142668972.64,59466037.45,2022,7,overview
Kenya,43175716.19,1385572632.49,24311369.19,780187818.14,67487085.38,-18864347.0,2022,7,overview
Ghana,45300246.05,1416650963.33,24675479.99,771663413.29,69975726.04,-20624766.07,2022,7,overview
Morocco,53087710.01,1726170061.07,25373967.42,825045625.04,78461677.43,-27713742.59,2022,7,overview
Algeria,44082372.23,1495803941.02,26331442.16,893479024.87,70413814.39,-17750930.07,2022,7,overview
Libya,48861586.05,1521807904.46,26583019.34,827935648.89,75444605.39,-22278566.71,2022,7,overview
Tanzania,50047132.83,1781451851.87,27042156.42,962578611.66,77089289.25,-23004976.41,2022,7,overview
Australia,447092454.87,16040742634.18,738026107.26,26478833885.65,1185118562.13,290933652.4,2022,7,overview
New Zealand,44133140.31,1475956418.58,26758424.34,894889143.99,70891564.65,-17374715.97,2022,7,overview
Saudi Arabia,1340638993.41,43561754650.9,228056447.36,7410301397.67,1568695440.78,-1112582546.05,2022,8,overview
United Arab Emirates,1066347579.32,35926974282.88,205511829.99,6924025874.8,1271859409.3,-860835749.33,2022,8,overview
Kuwait,572605212.65,18668914725.23,29883065.34,974291512.23,602488277.99,-542722147.31,2022,8,overview
Qatar,438818379.1,14482180157.26,26714367.39,881645572.97,465532746.49,-412104011.72,2022,8,overview
Iran,128445730.15,4139269626.59,35925618.55,1157732697.78,164371348.7,-92520111.6,2022,8,overview
Iraq,383109749.85,12539400645.2,21839175.93,714808685.77,404948925.78,-361270573.91,2022,8,overview
Bahrain,85179660.91,2907192577.5,28341089.56,967284963.61,113520750.47,-56838571.35,2022,8,overview
Oman,282916500.08,8384831988.12,26569069.63,787430866.81,309485569.71,-256347430.45,2022,8,overview
Israel,47548050.33,1512004078.72,52651905.86,1674304116.69,100199956.19,5103855.53,2022,8,overview
Jordan,44911790.03,1644097408.96,31985411.8,1170898168.14,76897201.83,-12926378.22,2022,8,overview
Lebanon,47592031.17,1486497134.13,27023911.68,844069191.2,74615942.85,-20568119.5,2022,8,overview
Turkey,48532600.13,1583569696.18,128283344.94,4185755904.66,176815945.07,79750744.81,2022,8,overview
Egypt,37876170.48,1305898377.15,29572029.53,1019587378.65,67448200.02,-8304140.95,2022,8,overview
Yemen,40844403.67,1375510407.27,28463777.59,958570055.78,69308181.25,-12380626.08,2022,8,overview
Malaysia,930111495.47,32111081685.94,701117412.75,24205311537.45,1631228908.22,-228994082.71,2022,8,overview
Singapore,724313363.16,21675648348.06,535874364.79,16036462780.81,1260187727.95,-188438998.37,2022,8,overview
Indonesia,720967601.95,23887069980.36,736303932.32,24395192669.57,1457271534.27,15336330.37,2022,8,overview
Vietnam,451315122.17,14165154706.35,1075187478.43,33746258926.45,1526502600.6,623872356.26,2022,8,overview
Philippines,270987094.96,8643378506.85,466141123.34,14867992762.91,737128218.3,195154028.39,2022,8,overview
Myanmar,228077674.17,7512903745.36,294369246.58,9696555452.71,522446920.75,66291572.41,2022,8,overview
Cambodia,49754033.93,1720855465.93,310968479.65,10755546146.39,360722513.58,261214445.72,2022,8,overview
Brunei Darussalam,48539971.35,1530407921.88,28094136.46,885774914.95,76634107.81,-20445834.89,2022,8,overview
China,4954828395.49,166051952130.61,3183920477.2,106703233385.26,8138748872.7,-1770907918.29,2022,8,overview
Japan,3237251369.19,101224819686.73,1971358502.94,61641925893.39,5208609872.13,-1265892866.25,2022,8,overview
"Korea, Republic of",799673852.41,27965133011.19,477682287.3,16704871193.51,1277356139.71,-321991565.12,2022,8,overview
Taiwan,654097732.82,21375658899.79,304716393.17,9958012931.15,958814125.99,-349381339.64,2022,8,overview
Hong Kong,246260114.12,8485795020.71,851112083.42,29328187008.51,1097372197.54,604851969.3,2022,8,overview
India,550499709.11,16745311388.61,673927095.83,20499772999.16,1224426804.93,123427386.72,2022,8,overview
Bangladesh,45437901.02,1579639535.93,25316885.25,880136449.32,70754786.27,-20121015.77,2022,8,overview
Pakistan,44594683.87,1473617693.52,25629562.09,846921042.97,70224245.96,-18965121.78,2022,8,overview
Sri Lanka,44383495.3,1415735131.01,31399098.58,1001561653.3,75782593.88,-12984396.73,2022,8,overview
Germany,415427881.11,13689935719.51,309777973.22,10208367645.88,725205854.34,-105649907.89,2022,8,overview
United Kingdom,223381184.35,7770055306.71,290022105.29,10088082417.61,513403289.65,66640920.94,2022,8,overview
France,197104881.69,6907834140.31,186694263.83,6542978532.09,383799145.52,-10410617.86,2022,8,overview
Netherlands,197034389.4,6194991684.38,305898359.19,9617802238.62,502932748.58,108863969.79,2022,8,overview
Italy,49840326.27,1657421193.0,28957502.36,962970785.1,78797828.63,-20882823.9,2022,8,overview
Spain,43611289.72,1389750139.82,29432585.47,937920892.24,73043875.19,-14178704.26,2022,8,overview
Belgium,46397498.61,1485125870.81,31316468.39,1002400965.07,77713967.0,-15081030.22,2022,8,overview
Switzerland,327140132.3,11283536940.31,25704110.54,886571998.09,352844242.83,-301436021.76,2022,8,overview
Sweden,47732455.49,1538720585.17,27778118.73,895465415.96,75510574.23,-19954336.76,2022,8,overview
Poland,48595545.23,1625933969.95,26160919.97,875305097.65,74756465.19,-22434625.26,2022,8,overview
Russian Federation,264255409.91,8467739271.99,26051895.62,834800921.17,290307305.53,-238203514.3,2022,8,overview
United States of America,1088982404.79,36321030184.93,2982171465.22,99464912682.36,4071153870.0,1893189060.43,2022,8,overview
Canada,32976074.29,1068841790.61,175026676.25,5673077528.8,208002750.54,142050601.96,2022,8,overview
Brazil,262058052.51,8711908979.95,128212310.72,4262315049.49,390270363.23,-133845741.8,2022,8,overview
Mexico,52374068.43,1759295386.32,125596802.31,4218917519.21,177970870.74,73222733.89,2022,8,overview
Argentina,43776798.04,1391897904.15,26934395.4,856388090.92,70711193.44,-16842402.65,2022,8,overview
Chile,44040312.67,1509115468.94,34179281.54,1171210633.21,78219594.2,-9861031.13,2022,8,overview
South Africa,152706710.97,4671392175.45,175033333.05,5354377271.6,327740044.03,22326622.08,2022,8,overview
Nigeria,48257231.04,1530714581.07,121906624.63,3866866038.64,170163855.67,73649393.58,2022,8,overview
Kenya,50391740.83,1802918730.33,29649016.53,1060784294.19,80040757.36,-20742724.31,2022,8,overview
Ghana,45215683.37,1467590658.17,25602924.3,831008396.25,70818607.67,-19612759.07,2022,8,overview
Morocco,52151551.85,1559197705.9,23961997.44,716402294.98,76113549.28,-28189554.41,2022,8,overview
Algeria,47113713.6,1555298683.38,27073710.0,893746264.17,74187423.6,-20040003.6,2022,8,overview
Libya,50316838.42,1519090070.18,26826760.79,809913087.0,77143599.21,-23490077.63,2022,8,overview
Tanzania,54430298.15,1709734279.42,25828323.6,811304948.67,80258621.75,-28601974.54,2022,8,overview
Australia,610915858.38,20102134527.61,725444483.4,23870689224.61,1336360341.78,114528625.03,2022,8,overview
New Zealand,48585928.24,1579033385.99,30500577.5,991262941.92,79086505.74,-18085350.74,2022,8,overview
Saudi Arabia,1604583507.08,54779968837.49,197697117.89,6749316510.65,1802280624.96,-1406886389.19,2022,9,overview
United Arab Emirates,1067632856.79,35459361303.09,211690860.29,7030902666.5,1279323717.08,-855941996.5,2022,9,overview
Kuwait,541444393.9,18593082733.66,30129743.26,1034648831.02,571574137.16,-511314650.64,2022,9,overview
Qatar,501363260.79,16180985000.91,26255525.31,847370149.39,527618786.09,-475107735.48,2022,9,overview
Iran,143015886.38,4880362521.1,38024075.54,1297557060.71,181039961.92,-104991810.84,2022,9,overview
Iraq,280004562.59,9118356411.87,29377774.63,956688052.4,309382337.21,-250626787.96,2022,9,overview
Bahrain,71181792.24,2326092380.65,26912947.77,879466514.83,98094740.0,-44268844.47,2022,9,overview
Oman,203696161.96,6454373167.09,27007248.17,855759167.21,230703410.13,-176688913.79,2022,9,overview
Israel,49720067.94,1624719033.0,53537298.85,1749455944.26,103257366.79,3817230.9,2022,9,overview
Jordan,53571285.33,1840356173.96,30888570.63,1061127641.55,84459855.96,-22682714.71,2022,9,overview
Lebanon,45780486.68,1494694127.67,29855500.89,974756825.3,75635987.57,-15924985.79,2022,9,overview
Turkey,46939404.4,1506966560.03,118201079.01,3794787677.77,165140483.41,71261674.61,2022,9,overview
Egypt,53383306.84,1811164323.61,28245962.11,958316033.33,81629268.95,-25137344.73,2022,9,overview
Yemen,53240615.83,1644422741.32,30973955.49,956680834.81,84214571.32,-22266660.34,2022,9,overview
Malaysia,987695556.79,33915287090.42,814927911.84,27982827196.09,1802623468.63,-172767644.95,2022,9,overview
Singapore,695044483.33,23973361272.39,587351837.42,20258844045.64,1282396320.75,-107692645.91,2022,9,overview
Indonesia,626939378.6,22170967395.0,698162393.16,24689684813.91,1325101771.76,71223014.56,2022,9,overview
Vietnam,475051458.6,15051328025.53,1077956559.94,34153516397.6,1553008018.54,602905101.34,2022,9,overview
Philippines,293740945.45,9584472150.17,511218484.17,16680545902.86,804959429.63,217477538.72,2022,9,overview
Myanmar,244793872.45,8323315310.48,315862539.39,10739743947.7,560656411.85,71068666.94,2022,9,overview
Cambodia,44963341.57,1463589476.56,313099018.18,10191600803.63,358062359.75,268135676.6,2022,9,overview
Brunei Darussalam,42973292.97,1510822967.67,28218697.33,992091903.94,71191990.3,-14754595.64,2022,9,overview
China,4831789079.1,171315031627.87,2864116254.75,101549583132.66,7695905333.84,-1967672824.35,2022,9,overview
Japan,2533612875.51,77468330756.27,2053581090.23,62790768341.49,4587193965.74,-480031785.27,2022,9,overview
"Korea, Republic of",785746445.3,27747932119.93,483226712.8,17064718657.6,1268973158.1,-302519732.5,2022,9,overview
Taiwan,680629003.87,22462589591.51,323019483.06,10660512609.22,1003648486.93,-357609520.81,2022,9,overview
Hong Kong,288819322.81,10705231877.84,826194614.85,30623314403.38,1115013937.65,537375292.04,2022,9,overview
India,546378887.27,18534672199.9,678841543.73,23028169246.24,1225220431.01,132462656.46,2022,9,overview
Bangladesh,50393902.89,1615282738.62,28290773.07,906808061.76,78684675.96,-22103129.82,2022,9,overview
Pakistan,49974404.37,1588444681.2,29495392.11,937515900.7,79469796.48,-20479012.25,2022,9,overview
Sri Lanka,53101120.86,1810468327.53,29283982.81,998429459.26,82385103.67,-23817138.05,2022,9,overview
Germany,529976781.86,17741199608.55,382168046.82,12793238939.29,912144828.69,-147808735.04,2022,9,overview
United Kingdom,253888769.57,8398914061.22,314455084.76,10402513027.32,568343854.33,60566315.18,2022,9,overview
France,192665871.43,7027768024.6,176160546.5,6425712279.47,368826417.93,-16505324.93,2022,9,overview
Netherlands,169274702.05,5919763135.77,299146635.25,10461558650.44,468421337.3,129871933.2,2022,9,overview
Italy,50408610.75,1709403048.0,26264066.53,890639014.23,76672677.28,-24144544.21,2022,9,overview
Spain,53287349.45,1966209107.82,28543227.86,1053194710.73,81830577.31,-24744121.59,2022,9,overview
Belgium,41110204.19,1428571065.47,30200661.89,1049466734.03,71310866.08,-10909542.31,2022,9,overview
Switzerland,408703815.88,13309169110.96,28144729.74,916514485.95,436848545.62,-380559086.14,2022,9,overview
Sweden,49381913.83,1674230093.28,30479762.02,1033377017.1,79861675.85,-18902151.81,2022,9,overview
Poland,51655320.85,1686977213.65,26280306.67,858271283.28,77935627.52,-25375014.19,2022,9,overview
Russian Federation,264608035.31,9135018573.74,27728687.86,957272814.05,292336723.17,-236879347.46,2022,9,overview
United States of America,1154387007.78,38429669953.05,3688490733.27,122790260587.77,4842877741.06,2534103725.49,2022,9,overview
Canada,47915224.52,1535361289.22,192370351.35,6164178371.06,240285575.88,144455126.83,2022,9,overview
Brazil,237334266.62,7872604515.83,155970033.97,5173675134.49,393304300.59,-81364232.65,2022,9,overview
Mexico,44660451.13,1443635557.93,132474906.52,4282211234.85,177135357.65,87814455.39,2022,9,overview
Argentina,47969289.0,1486533106.51,31344619.58,971346786.36,79313908.58,-16624669.42,2022,9,overview
Chile,46467362.75,1405611764.12,28942825.63,875504306.49,75410188.38,-17524537.12,2022,9,overview
South Africa,133521967.65,4246805636.73,162337410.8,5163310901.9,295859378.45,28815443.14,2022,9,overview
Nigeria,48419558.61,1557515372.28,112979916.22,3634232969.09,161399474.83,64560357.6,2022,9,overview
Kenya,49320177.42,1748838488.23,32556618.03,1154421367.35,81876795.45,-16763559.39,2022,9,overview
Ghana,40352125.69,1320844720.49,29933418.23,979809533.16,70285543.92,-10418707.46,2022,9,overview
Morocco,48279417.63,1601736447.75,27700830.14,919013348.49,75980247.77,-20578587.5,2022,9,overview
Algeria,48265119.22,1527854004.29,27287279.43,863791073.48,75552398.64,-20977839.79,2022,9,overview
Libya,45975725.97,1558507894.53,29148719.46,988097706.54,75124445.43,-16827006.51,2022,9,overview
Tanzania,50943026.35,1702809721.41,27481299.04,918583494.38,78424325.39,-23461727.31,2022,9,overview
Australia,616313368.66,20283951953.99,834147912.4,27453268155.51,1450461281.06,217834543.74,2022,9,overview
New Zealand,46844645.47,1465086842.05,29049983.37,908550976.8,75894628.84,-17794662.1,2022,9,overview
Saudi Arabia,1448708288.36,49202364706.58,259858785.14,8825563311.33,1708567073.5,-1188849503.22,2022,10,overview
United Arab Emirates,1151747278.09,36582976999.81,199617304.88,6340449343.58,1351364582.98,-952129973.21,2022,10,overview
Kuwait,621726038.28,20259609958.87,29246777.21,953037612.01,650972815.49,-592479261.06,2022,10,overview
Qatar,476305956.67,15398106384.95,29281922.68,946631370.58,505587879.35,-447024033.99,2022,10,overview
Iran,154897659.82,5481742390.03,37999125.89,1344768019.07,192896785.71,-116898533.93,2022,10,overview
Iraq,383596402.11,12698788730.06,27330950.01,904778976.1,410927352.12,-356265452.1,2022,10,overview
Bahrain,74394917.47,2678487915.75,28660940.98,1031898235.44,103055858.45,-45733976.49,2022,10,overview
Oman,287058538.56,9706018121.65,30278116.18,1023763117.54,317336654.74,-256780422.37,2022,10,overview
Israel,45123530.34,1407446520.69,54833526.43,1710310682.83,99957056.77,9709996.09,2022,10,overview
Jordan,45573450.84,1541151626.63,22719889.11,768315618.29,68293339.95,-22853561.73,2022,10,overview
Lebanon,57110656.63,1763325602.1,29778029.15,919414418.82,86888685.78,-27332627.49,2022,10,overview
Turkey,46527745.47,1464396712.36,113398481.42,3569061034.32,159926226.9,66870735.95,2022,10,overview
Egypt,52425356.67,1639174311.6,31337676.25,979829554.85,83763032.92,-21087680.42,2022,10,overview
Yemen,51895218.02,1860642703.89,33024727.74,1184063215.35,84919945.75,-18870490.28,2022,10,overview
Malaysia,1205861839.57,44901870163.96,728169293.5,27114352574.27,1934031133.07,-477692546.07,2022,10,overview
Singapore,762561506.1,25538648905.62,607427152.19,20343104984.12,1369988658.29,-155134353.91,2022,10,overview
Indonesia,654723878.55,20309458907.65,759237738.12,23551466730.67,1413961616.67,104513859.57,2022,10,overview
Vietnam,481131347.9,15836153516.45,1298270992.5,42731821223.42,1779402340.4,817139644.61,2022,10,overview
Philippines,297633731.2,10344555712.76,610978977.18,21235180714.26,908612708.38,313345245.98,2022,10,overview
Myanmar,212774491.15,6935978454.48,308062034.28,10042141898.07,520836525.42,95287543.13,2022,10,overview
Cambodia,49703887.1,1551194696.59,319255466.8,9963554479.04,368959353.9,269551579.7,2022,10,overview
Brunei Darussalam,45076383.21,1450389497.63,24873223.7,800327352.38,69949606.91,-20203159.51,2022,10,overview
China,5427061651.93,168183623868.81,2914608952.35,90323185400.21,8341670604.28,-2512452699.59,2022,10,overview
Japan,2828651796.38,88571369748.57,2074158272.42,64946501898.61,4902810068.8,-754493523.95,2022,10,overview
"Korea, Republic of",809211606.46,28054517903.52,444437210.68,15408172082.96,1253648817.14,-364774395.79,2022,10,overview
Taiwan,682792935.7,22247060234.54,345701115.33,11263786037.75,1028494051.03,-337091820.37,2022,10,overview
Hong Kong,312495929.51,10469420355.56,1042462387.99,34925181143.46,1354958317.5,729966458.48,2022,10,overview
India,563928556.97,19068288018.83,675048641.89,22825625287.64,1238977198.86,111120084.93,2022,10,overview
Bangladesh,47724167.61,1555236814.61,29435254.13,959237073.49,77159421.74,-18288913.48,2022,10,overview
Pakistan,47255874.45,1592595514.15,27807555.18,937157298.61,75063429.64,-19448319.27,2022,10,overview
Sri Lanka,54192817.6,1686217756.78,32187242.48,1001510942.17,86380060.08,-22005575.12,2022,10,overview
Germany,541088327.74,18343489249.2,382412368.32,12964199757.04,923500696.05,-158675959.42,2022,10,overview
United Kingdom,227470055.19,7613555765.7,347249904.27,11622657358.9,574719959.46,119779849.09,2022,10,overview
France,172897643.19,6054685711.24,205747361.44,7205046792.42,378645004.63,32849718.26,2022,10,overview
Netherlands,193458725.84,6329091160.55,380711098.22,12455138613.85,574169824.06,187252372.37,2022,10,overview
Italy,52383769.7,1918721447.31,24206598.87,886643337.98,76590368.57,-28177170.83,2022,10,overview
Spain,54918178.15,1649844574.34,28759877.71,864000405.65,83678055.87,-26158300.44,2022,10,overview
Belgium,50180223.32,1689431644.26,26030421.69,876373503.6,76210645.01,-24149801.63,2022,10,overview
Switzerland,405319871.06,14057081059.05,27213560.38,943805748.17,432533431.43,-378106310.68,2022,10,overview
Sweden,52211075.13,1723659184.76,31727478.47,1047428338.26,83938553.6,-20483596.67,2022,10,overview
Poland,43495483.56,1417711055.41,31732302.48,1034296721.24,75227786.04,-11763181.08,2022,10,overview
Russian Federation,261579016.31,9455848969.25,32613241.48,1178939695.6,294192257.79,-228965774.83,2022,10,overview
United States of America,1173315416.21,38880120202.98,3681433050.28,121991544249.15,4854748466.49,2508117634.08,2022,10,overview
Canada,47557091.03,1686166319.71,186304324.1,6605535992.69,233861415.14,138747233.07,2022,10,overview
Brazil,229943577.05,7395273843.97,155805590.32,5010903203.35,385749167.36,-74137986.73,2022,10,overview
Mexico,47243756.26,1532112404.49,159278099.4,5165379960.25,206521855.66,112034343.13,2022,10,overview
Argentina,47461582.93,1679954742.89,32097075.38,1136111159.5,79558658.31,-15364507.55,2022,10,overview
Chile,51579762.79,1662626574.1,27888410.04,898957442.53,79468172.83,-23691352.75,2022,10,overview
South Africa,148090762.48,4667554438.2,181113586.43,5708374445.24,329204348.91,33022823.94,2022,10,overview
Nigeria,51887200.87,1578742675.61,118525330.33,3606303558.16,170412531.21,66638129.46,2022,10,overview
Kenya,45404892.48,1493399308.64,28243079.45,928935033.63,73647971.93,-17161813.03,2022,10,overview
Ghana,56463529.99,1792087066.55,29990750.52,951871697.27,86454280.52,-26472779.47,2022,10,overview
Morocco,49915755.28,1671535753.32,28601044.61,957767109.39,78516799.88,-21314710.67,2022,10,overview
Algeria,51328147.6,1691958999.68,32277012.64,1063965573.69,83605160.24,-19051134.97,2022,10,overview
Libya,55481281.11,1772007798.26,31567848.56,1008240485.75,87049129.67,-23913432.55,2022,10,overview
Tanzania,57721473.63,1832501704.32,30199875.88,958764919.56,87921349.51,-27521597.75,2022,10,overview
Australia,666432369.76,21959254544.82,915251187.91,30157949583.22,1581683557.67,248818818.15,2022,10,overview
New Zealand,47073676.38,1603898895.54,29024160.4,988914025.66,76097836.78,-18049515.98,2022,10,overview
Saudi Arabia,1591893557.92,52775386191.82,251694017.7,8344307268.69,1843587575.62,-1340199540.22,2022,11,overview
United Arab Emirates,1293864223.95,44698323864.98,187747316.52,6485989954.17,1481611540.47,-1106116907.43,2022,11,overview
Kuwait,564386889.71,18528627526.38,29881007.85,980983213.26,594267897.56,-534505881.86,2022,11,overview
Qatar,479265612.94,16782578664.33,28012935.24,980936826.08,507278548.17,-451252677.7,2022,11,overview
Iran,135956772.56,4919118654.07,36232628.41,1310950495.29,172189400.97,-99724144.14,2022,11,overview
Iraq,363353785.11,11682591554.99,23373479.27,751506720.62,386727264.38,-339980305.85,2022,11,overview
Bahrain,65860946.77,1863352922.36,26688143.95,755067053.42,92549090.72,-39172802.82,2022,11,overview
Oman,285684444.84,9453257679.72,26246200.84,868483055.96,311930645.68,-259438243.99,2022,11,overview
Israel,41882782.99,1356065066.07,58153185.42,1882862064.0,100035968.41,16270402.43,2022,11,overview
Jordan,53926188.19,1843090252.33,32146363.44,1098699001.16,86072551.62,-21779824.75,2022,11,overview
Lebanon,46883768.13,1437946129.37,33472817.02,1026626263.06,80356585.14,-13410951.11,2022,11,overview
Turkey,42736094.53,1554784298.08,114765576.05,4175292982.7,157501670.58,72029481.52,2022,11,overview
Egypt,47362392.09,1460520453.5,28461556.89,877672856.99,75823948.98,-18900835.2,2022,11,overview
Yemen,51784756.81,1770190075.82,31087599.69,1062686470.7,82872356.5,-20697157.12,2022,11,overview
Malaysia,914366562.31,28400514935.99,726718453.32,22572105257.03,1641085015.63,-187648108.98,2022,11,overview
Singapore,775435002.06,24219840112.57,571748552.78,17857922967.27,1347183554.83,-203686449.28,2022,11,overview
Indonesia,651138494.8,20962122534.11,693866447.76,22337664899.92,1345004942.56,42727952.96,2022,11,overview
Vietnam,499381002.91,16263723624.64,1162706546.45,37866754678.18,1662087549.35,663325543.54,2022,11,overview
Philippines,293079062.75,9717891511.3,531875586.27,17635887041.57,824954649.02,238796523.52,2022,11,overview
Myanmar,243608435.34,8402917462.49,254117593.17,8765415525.34,497726028.51,10509157.84,2022,11,overview
Cambodia,44746971.66,1554805913.39,290936878.84,10109072477.94,335683850.5,246189907.18,2022,11,overview
Brunei Darussalam,51706756.42,1678207490.38,28964337.59,940073825.37,80671094.01,-22742418.83,2022,11,overview
China,5179085086.39,166105960270.97,3044408515.47,97641647411.54,8223493601.86,-2134676570.92,2022,11,overview
Japan,2704815976.05,89883868888.99,1927696131.69,64059362223.86,4632512107.74,-777119844.36,2022,11,overview
"Korea, Republic of",765170721.35,25662741472.04,525175183.81,17613631302.76,1290345905.16,-239995537.55,2022,11,overview
Taiwan,745923192.51,25888924445.51,318191191.99,11043533451.43,1064114384.5,-427732000.52,2022,11,overview
Hong Kong,276627800.31,8523417722.32,1022728965.99,31512184183.92,1299356766.3,746101165.67,2022,11,overview
India,539519761.91,17587963213.89,566971605.78,18482873936.73,1106491367.69,27451843.87,2022,11,overview
Bangladesh,49837616.68,1566114388.66,27681145.87,869861837.92,77518762.55,-22156470.81,2022,11,overview
Pakistan,51400350.93,1658465426.14,28645918.19,924278999.06,80046269.12,-22754432.75,2022,11,overview
Sri Lanka,48303021.82,1677576230.19,34977815.05,1214788410.77,83280836.88,-13325206.77,2022,11,overview
Germany,526191253.87,17495716019.34,398552805.79,13251772349.69,924744059.66,-127638448.09,2022,11,overview
United Kingdom,194567775.4,6280480146.5,318686809.18,10286935613.45,513254584.58,124119033.78,2022,11,overview
France,163683329.46,4915205009.05,174736290.61,5247111564.37,338419620.07,11052961.16,2022,11,overview
Netherlands,191976275.2,6653928756.07,359065051.4,12445252770.22,551041326.6,167088776.19,2022,11,overview
Italy,49739139.89,1497242727.62,26658783.73,802480102.41,76397923.63,-23080356.16,2022,11,overview
Spain,41375379.68,1310222168.28,25952635.06,821834579.95,67328014.74,-15422744.62,2022,11,overview
Belgium,47526421.95,1592537391.43,26541469.32,889363865.14,74067891.28,-20984952.63,2022,11,overview
Switzerland,377976831.86,13119717888.62,28909369.03,1003455064.03,406886200.89,-349067462.83,2022,11,overview
Sweden,43596200.85,1437760858.46,29852542.54,984508199.21,73448743.39,-13743658.31,2022,11,overview
Poland,46857299.84,1608073239.31,30930650.31,1061494179.25,77787950.14,-15926649.53,2022,11,overview
Russian Federation,266978490.69,8922906398.52,28464063.32,951320730.36,295442554.01,-238514427.36,2022,11,overview
United States of America,1130165440.27,37772149779.89,3225265844.76,107794151393.95,4355431285.03,2095100404.5,2022,11,overview
Canada,55199470.86,1811444935.51,168992206.48,5545706721.9,224191677.34,113792735.63,2022,11,overview
Brazil,223213603.3,6824586761.9,151404857.54,4629088779.38,374618460.84,-71808745.76,2022,11,overview
Mexico,49475432.35,1578204803.98,137145420.42,4374768467.32,186620852.78,87669988.07,2022,11,overview
Argentina,42570719.92,1474085709.81,27810302.5,962980414.34,70381022.42,-14760417.42,2022,11,overview
Chile,48044656.65,1705439386.63,30335443.91,1076816121.95,78380100.56,-17709212.74,2022,11,overview
South Africa,147472432.03,4969950487.71,165562355.69,5579596804.05,313034787.72,18089923.67,2022,11,overview
Nigeria,46045400.78,1414522115.94,110877520.25,3406175251.36,156922921.03,64832119.48,2022,11,overview
Kenya,51708993.02,1720520944.95,27993025.25,931416054.38,79702018.27,-23715967.77,2022,11,overview
Ghana,44151831.96,1406548802.38,29892387.78,952284432.39,74044219.74,-14259444.18,2022,11,overview
Morocco,47595899.14,1627120022.43,30913480.39,1056812536.71,78509379.54,-16682418.75,2022,11,overview
Algeria,48056821.51,1801612555.05,24799202.81,929702667.16,72856024.32,-23257618.7,2022,11,overview
Libya,54865551.51,1748575788.65,30554956.99,973792416.8,85420508.5,-24310594.53,2022,11,overview
Tanzania,47704185.39,1664674944.83,27629264.07,964144828.57,75333449.46,-20074921.32,2022,11,overview
Australia,589831833.6,19047950993.98,721945444.16,23314410408.68,1311777277.77,132113610.56,2022,11,overview
New Zealand,52459735.93,1851435091.15,32582506.1,1149918010.19,85042242.04,-19877229.83,2022,11,overview
Saudi Arabia,1329415175.48,37406724284.56,204694463.03,5759637382.06,1534109638.51,-1124720712.46,2022,12,overview
United Arab Emirates,1026639365.75,34094665765.63,167108881.61,5549681470.42,1193748247.36,-859530484.14,2022,12,overview
Kuwait,503561930.38,17038578296.03,22410048.61,758268933.34,525971978.99,-481151881.78,2022,12,overview
Qatar,438966217.32,15109158161.68,26438498.66,910009568.09,465404715.99,-412527718.66,2022,12,overview
Iran,131407429.9,4322482454.35,32330193.35,1063461127.05,163737623.24,-99077236.55,2022,12,overview
Iraq,294615533.73,10163448254.23,25286002.02,872299466.99,319901535.74,-269329531.71,2022,12,overview
Bahrain,70295845.47,2552421304.16,29236320.0,1061562109.84,99532165.47,-41059525.47,2022,12,overview
Oman,252297452.03,8793890436.64,17375203.63,605617043.79,269672655.66,-234922248.4,2022,12,overview
Israel,39977035.36,1295349175.53,46925087.69,1520482274.66,86902123.05,6948052.34,2022,12,overview
Jordan,40290354.51,1235336368.23,26297968.33,806317965.83,66588322.84,-13992386.18,2022,12,overview
Lebanon,38180872.12,1295645599.52,25758238.8,874090791.92,63939110.92,-12422633.32,2022,12,overview
Turkey,43927793.21,1385157599.06,93966080.16,2962994962.53,137893873.36,50038286.95,2022,12,overview
Egypt,40089821.96,1412292909.65,25551088.79,900119276.38,65640910.75,-14538733.17,2022,12,overview
Yemen,34939433.3,1083156754.66,24627306.41,763470690.91,59566739.71,-10312126.9,2022,12,overview
Malaysia,725208736.21,24524338044.0,720248753.28,24356606614.34,1445457489.49,-4959982.93,2022,12,overview
Singapore,692570236.26,22356459251.93,583206204.19,18826142182.99,1275776440.45,-109364032.07,2022,12,overview
Indonesia,564720384.6,18426907140.99,736342533.12,24026962461.01,1301062917.72,171622148.52,2022,12,overview
Vietnam,442406349.43,13372887567.62,1003311952.74,30327724628.02,1445718302.17,560905603.31,2022,12,overview
Philippines,209692920.7,7252051817.12,478175784.97,16537303971.54,687868705.67,268482864.27,2022,12,overview
Myanmar,222091647.89,7000202311.67,269032731.61,8479758548.38,491124379.49,46941083.72,2022,12,overview
Cambodia,47184656.44,1572156731.84,231348099.97,7708342079.45,278532756.42,184163443.53,2022,12,overview
Brunei Darussalam,41748729.08,1461534840.4,24721278.67,865439759.88,66470007.74,-17027450.41,2022,12,overview
China,3942638390.13,130225319331.47,2236323169.91,73865739160.82,6178961560.04,-1706315220.21,2022,12,overview
Japan,2426810750.17,82547388180.25,2547494334.6,86652411487.15,4974305084.77,120683584.43,2022,12,overview
"Korea, Republic of",646640707.8,19515336814.25,382531043.95,11544621417.34,1029171751.74,-264109663.85,2022,12,overview
Taiwan,536989147.37,18870331856.73,295172817.54,10372665908.18,832161964.91,-241816329.83,2022,12,overview
Hong Kong,273196597.44,8883055255.5,850982419.81,27669904850.54,1124179017.25,577785822.37,2022,12,overview
India,469500717.8,16703683381.71,560695791.42,19948180307.65,1030196509.22,91195073.62,2022,12,overview
Bangladesh,41150933.62,1221206067.19,24896840.79,738845278.91,66047774.41,-16254092.83,2022,12,overview
Pakistan,41130059.79,1291418732.81,26747652.59,839833926.55,67877712.37,-14382407.2,2022,12,overview
Sri Lanka,39273925.5,1209048352.68,26659861.22,820724205.2,65933786.71,-12614064.28,2022,12,overview
Germany,453192095.01,14691195066.55,320036429.52,10374668195.24,773228524.53,-133155665.49,2022,12,overview
United Kingdom,190132912.26,6975940040.87,301329111.77,11055707248.73,491462024.02,111196199.51,2022,12,overview
France,177582472.42,6162721056.92,155577263.19,5399064799.37,333159735.61,-22005209.23,2022,12,overview
Netherlands,162899116.68,5572781160.63,324644449.25,11106091349.78,487543565.94,161745332.57,2022,12,overview
Italy,31945392.13,1099451074.59,23056217.89,793516117.51,55001610.02,-8889174.24,2022,12,overview
Spain,42290273.04,1355386999.97,23016755.07,737678155.31,65307028.11,-19273517.97,2022,12,overview
Belgium,35411419.72,1286002343.56,24892758.53,904006279.96,60304178.26,-10518661.19,2022,12,overview
Switzerland,355791658.78,12212049026.14,29463100.34,1011279542.13,385254759.12,-326328558.44,2022,12,overview
Sweden,45217854.29,1517777744.04,29029212.22,974391485.96,74247066.5,-16188642.07,2022,12,overview
Poland,41157494.81,1447951961.63,27141097.92,954844461.55,68298592.72,-14016396.89,2022,12,overview
Russian Federation,241073829.13,8005648194.3,23622821.05,784473351.41,264696650.17,-217451008.08,2022,12,overview
United States of America,1069506165.1,33008969405.52,2844869483.43,87803336535.72,3914375648.53,1775363318.33,2022,12,overview
Canada,48173195.21,1570561900.29,158560530.78,5169454245.97,206733726.0,110387335.57,2022,12,overview
Brazil,193830303.46,6466780961.51,152408841.57,5084832337.36,346239145.03,-41421461.9,2022,12,overview
Mexico,38938807.3,1329904485.64,134013425.36,4577054817.38,172952232.66,95074618.06,2022,12,overview
Argentina,41155824.47,1307193850.87,26755920.82,849823217.62,67911745.29,-14399903.65,2022,12,overview
Chile,40135671.85,1244770671.54,21038309.48,652483673.8,61173981.32,-19097362.37,2022,12,overview
South Africa,143476921.72,4748897145.92,170172295.53,5632478860.68,313649217.25,26695373.82,2022,12,overview
Nigeria,47341958.85,1544999361.28,98995818.44,3230717105.3,146337777.29,51653859.59,2022,12,overview
Kenya,41972229.59,1371535172.36,24819457.25,811030505.27,66791686.84,-17152772.35,2022,12,overview
Ghana,45605332.07,1553715409.6,25371112.07,864361380.27,70976444.14,-20234220.01,2022,12,overview
Morocco,45230894.64,1426790162.82,25848545.43,815381845.57,71079440.07,-19382349.2,2022,12,overview
Algeria,37261153.62,1220046258.3,25368394.44,830640270.32,62629548.06,-11892759.18,2022,12,overview
Libya,42075453.75,1551547524.81,25037802.02,923277975.33,67113255.77,-17037651.73,2022,12,overview
Tanzania,37336830.37,1250730248.37,21078963.76,706115042.96,58415794.13,-16257866.61,2022,12,overview
Australia,486300938.49,16473845262.74,685437485.85,23219759999.43,1171738424.34,199136547.36,2022,12,overview
New Zealand,46075667.29,1482020297.76,22047107.89,709143531.18,68122775.19,-24028559.4,2022,12,overview
Saudi Arabia,1274258709.68,46243070709.82,217989482.0,7910876302.84,1492248191.67,-1056269227.68,2023,1,overview
United Arab Emirates,1060955346.71,33594457582.09,163520388.8,5177766229.57,1224475735.51,-897434957.92,2023,1,overview
Kuwait,470553436.85,15990747069.68,23471664.2,797634053.99,494025101.04,-447081772.65,2023,1,overview
Qatar,419109889.41,13556590425.85,22030821.97,712612223.39,441140711.38,-397079067.45,2023,1,overview
Iran,131849108.69,4463483515.34,33777595.78,1143471832.67,165626704.47,-98071512.91,2023,1,overview
Iraq,296272844.87,9881903605.87,27846020.26,928777958.62,324118865.14,-268426824.61,2023,1,overview
Bahrain,63677524.96,2125200092.51,22834863.66,762100197.8,86512388.63,-40842661.3,2023,1,overview
Oman,198288842.46,6482308179.87,24276729.52,793636396.24,222565571.98,-174012112.94,2023,1,overview
Israel,36583925.09,1251700203.58,45620404.76,1560878713.36,82204329.85,9036479.67,2023,1,overview
Jordan,41824631.67,1399432154.14,24840645.16,831156095.97,66665276.83,-16983986.5,2023,1,overview
Lebanon,41370979.17,1372901891.73,27089930.68,898983244.53,68460909.85,-14281048.49,2023,1,overview
Turkey,36275950.52,1217258034.87,111413248.75,3738528427.14,147689199.26,75137298.23,2023,1,overview
Egypt,39130771.74,1314554111.04,22169294.53,744752428.05,61300066.28,-16961477.21,2023,1,overview
Yemen,40681717.57,1321388526.46,27742958.14,901122881.96,68424675.72,-12938759.43,2023,1,overview
Malaysia,766311832.91,26351872180.87,704154493.48,24214410388.47,1470466326.39,-62157339.44,2023,1,overview
Singapore,665931882.02,21938106523.87,562753425.27,18539050199.42,1228685307.29,-103178456.75,2023,1,overview
Indonesia,585689880.7,19877129993.75,673410750.69,22854198905.96,1259100631.39,87720869.99,2023,1,overview
Vietnam,405105437.12,11931455770.66,1092231082.02,32169172892.73,1497336519.14,687125644.9,2023,1,overview
Philippines,286850469.11,9196242674.34,425544268.64,13642677228.99,712394737.76,138693799.53,2023,1,overview
Myanmar,204661194.62,7062779351.12,243512573.02,8403525522.42,448173767.64,38851378.4,2023,1,overview
Cambodia,37591320.76,1207909950.48,251540235.51,8082662360.67,289131556.27,213948914.74,2023,1,overview
Brunei Darussalam,42036303.16,1393058011.32,24512320.92,812323693.22,66548624.09,-17523982.24,2023,1,overview
China,3925998028.37,131249681921.87,2363456194.16,79012488411.22,6289454222.53,-1562541834.22,2023,1,overview
Japan,2650025200.49,83997447786.59,1876853742.11,59490349064.18,4526878942.61,-773171458.38,2023,1,overview
"Korea, Republic of",689313404.76,23606052601.72,409598805.43,14027017144.7,1098912210.2,-279714599.33,2023,1,overview
Taiwan,533271492.44,17171605427.13,246544316.55,7938848755.62,779815808.99,-286727175.88,2023,1,overview
Hong Kong,231293657.37,7411743304.91,816156410.19,26153513580.45,1047450067.56,584862752.83,2023,1,overview
India,478512697.93,15898924969.32,561679958.06,18662216381.33,1040192656.0,83167260.13,2023,1,overview
Bangladesh,41584548.74,1370785011.03,25024295.48,824896029.79,66608844.21,-16560253.26,2023,1,overview
Pakistan,42744160.13,1500282700.38,23071604.6,809793177.42,65815764.74,-19672555.53,2023,1,overview
Sri Lanka,40289562.52,1340921652.96,22054674.34,734026098.16,62344236.86,-18234888.18,2023,1,overview
Germany,382702550.55,13897616702.64,346020099.13,12565515181.82,728722649.68,-36682451.42,2023,1,overview
United Kingdom,192412575.78,5842942972.44,295110344.0,8961539564.87,487522919.78,102697768.23,2023,1,overview
France,170231586.59,5458092474.74,152627206.39,4893647667.33,322858792.97,-17604380.2,2023,1,overview
Netherlands,149794293.81,5169544362.99,304304192.46,10501828759.87,454098486.27,154509898.65,2023,1,overview
Italy,41143494.89,1455833130.81,22936042.08,811575439.45,64079536.97,-18207452.81,2023,1,overview
Spain,38601319.26,1300385166.37,20378201.93,686492379.41,58979521.19,-18223117.33,2023,1,overview
Belgium,37437113.61,1214021706.11,26588745.65,862227646.66,64025859.26,-10848367.95,2023,1,overview
Switzerland,344400527.2,10740719952.07,27402637.48,854598155.09,371803164.68,-316997889.71,2023,1,overview
Sweden,39207374.55,1384268385.69,24490837.18,864681505.51,63698211.73,-14716537.36,2023,1,overview
Poland,38903659.98,1311722906.81,23468114.31,791279358.91,62371774.29,-15435545.66,2023,1,overview
Russian Federation,235021667.36,7208747655.37,24940659.02,764997199.01,259962326.38,-210081008.34,2023,1,overview
United States of America,1160195487.31,37726507028.45,2344895526.96,76249837674.99,3505091014.27,1184700039.65,2023,1,overview
Canada,40959955.64,1270280099.4,189401939.0,5873871447.41,230361894.64,148441983.37,2023,1,overview
Brazil,237918979.93,8000178678.94,130662734.75,4393618470.32,368581714.68,-107256245.18,2023,1,overview
Mexico,37831816.79,1207393734.16,128829168.08,4111553277.16,166660984.88,90997351.29,2023,1,overview
Argentina,45228071.1,1484849435.78,22725842.53,746095370.24,67953913.63,-22502228.58,2023,1,overview
Chile,39242409.48,1338636276.61,22693394.74,774116621.15,61935804.22,-16549014.75,2023,1,overview
South Africa,128477481.41,3896746079.98,162139205.42,4917712475.31,290616686.84,33661724.01,2023,1,overview
Nigeria,44562822.15,1440383528.57,118314963.53,3824239947.96,162877785.68,73752141.38,2023,1,overview
Kenya,47292861.57,1463306656.32,24121256.5,746345093.56,71414118.07,-23171605.07,2023,1,overview
Ghana,40062562.22,1271695306.92,26706219.66,847728460.94,66768781.88,-13356342.55,2023,1,overview
Morocco,39094354.06,1290293133.88,25809984.93,851847975.01,64904338.99,-13284369.13,2023,1,overview
Algeria,42987347.94,1449509212.76,25108809.59,846654947.73,68096157.53,-17878538.35,2023,1,overview
Libya,39646413.17,1253181114.62,25096788.03,793282879.46,64743201.2,-14549625.14,2023,1,overview
Tanzania,45299600.59,1571591330.09,23389717.68,811465819.43,68689318.27,-21909882.92,2023,1,overview
Australia,483590279.17,15599439144.6,667684812.0,21537878326.34,1151275091.17,184094532.83,2023,1,overview
New Zealand,37728783.01,1185325695.06,21200728.32,666063573.52,58929511.33,-16528054.69,2023,1,overview
Saudi Arabia,1159163877.17,40009200750.04,201695149.64,6961622848.21,1360859026.81,-957468727.54,2023,2,overview
United Arab Emirates,918051111.86,28308957821.36,147471644.7,4547424991.58,1065522756.56,-770579467.16,2023,2,overview
Kuwait,494280822.57,17250151294.54,26433602.36,922519383.92,520714424.93,-467847220.21,2023,2,overview
Qatar,419195199.21,14900895181.63,25015786.48,889222044.7,444210985.68,-394179412.73,2023,2,overview
Iran,122161415.51,3972545595.96,33373641.2,1085271571.47,155535056.72,-88787774.31,2023,2,overview
Iraq,247411143.26,8161168655.14,22497951.69,742123316.47,269909094.95,-224913191.56,2023,2,overview
Bahrain,63775294.26,2112359923.65,27467648.27,909781131.81,91242942.53,-36307646.0,2023,2,overview
Oman,260445179.17,8472929189.88,22971612.93,747323680.05,283416792.11,-237473566.24,2023,2,overview
Israel,35449282.43,1197847988.5,44773214.93,1512908069.24,80222497.36,9323932.5,2023,2,overview
Jordan,39690657.64,1320582834.71,25595355.13,851605608.13,65286012.77,-14095302.51,2023,2,overview
Lebanon,38548213.49,1266661323.0,27890357.23,916453282.43,66438570.72,-10657856.26,2023,2,overview
Turkey,43357256.41,1476938891.41,92144390.68,3138843310.02,135501647.09,48787134.27,2023,2,overview
Egypt,42611569.69,1255689480.1,24196968.71,713042943.08,66808538.4,-18414600.98,2023,2,overview
Yemen,39724587.81,1342342335.7,26142795.93,883397001.38,65867383.74,-13581791.88,2023,2,overview
Malaysia,821629240.61,26225844511.36,547221941.27,17466950828.45,1368851181.89,-274407299.34,2023,2,overview
Singapore,655552664.79,22827655004.97,532596344.78,18546070008.52,1188149009.57,-122956320.01,2023,2,overview
Indonesia,548897386.29,18127095415.51,614317226.53,20287556943.68,1163214612.82,65419840.23,2023,2,overview
Vietnam,365347683.83,12292676155.43,780198932.22,26250974715.75,1145546616.05,414851248.4,2023,2,overview
Philippines,241311954.85,7377205786.73,452459894.4,13832260209.85,693771849.25,211147939.55,2023,2,overview
Myanmar,208325200.3,7048748166.86,232936881.79,7881492091.04,441262082.08,24611681.49,2023,2,overview
Cambodia,45581914.0,1456369446.26,197227156.04,6301525732.48,242809070.04,151645242.04,2023,2,overview
Brunei Darussalam,39002248.05,1191339091.07,26569989.04,811590822.76,65572237.09,-12432259.02,2023,2,overview
China,4580979898.82,150512671008.41,2405866963.66,79047162569.89,6986846862.47,-2175112935.16,2023,2,overview
Japan,2342289421.08,80978040091.69,1837548414.94,63528045627.46,4179837836.02,-504741006.14,2023,2,overview
"Korea, Republic of",580414306.25,18819195303.66,407627810.03,13216813034.45,988042116.28,-172786496.22,2023,2,overview
Taiwan,521474284.66,17536437667.02,335109795.24,11269265251.66,856584079.9,-186364489.42,2023,2,overview
Hong Kong,249676575.97,7707010325.62,865544233.01,26717597817.04,1115220808.98,615867657.04,2023,2,overview
India,497500002.91,15843808159.11,443868729.08,14135821005.67,941368731.99,-53631273.82,2023,2,overview
Bangladesh,38210006.16,1273466042.63,24907601.29,830122463.52,63117607.44,-13302404.87,2023,2,overview
Pakistan,39137307.89,1234115378.06,23777157.06,749764272.29,62914464.95,-15360150.83,2023,2,overview
Sri Lanka,34915449.2,1188541414.45,25183278.13,857252869.21,60098727.33,-9732171.07,2023,2,overview
Germany,446947954.84,15213761021.65,297277432.64,10119092767.49,744225387.47,-149670522.2,2023,2,overview
United Kingdom,193831853.24,6693584565.45,304111084.34,10501851095.4,497942937.58,110279231.09,2023,2,overview
France,161347617.97,5557037570.23,154356897.21,5316267372.26,315704515.19,-6990720.76,2023,2,overview
Netherlands,166878041.42,5174604703.67,262462963.87,8138530844.76,429341005.28,95584922.45,2023,2,overview
Italy,38751055.6,1345426216.08,26685347.9,926508093.89,65436403.5,-12065707.69,2023,2,overview
Spain,36136880.83,1261611714.93,21576589.88,753282462.02,57713470.71,-14560290.95,2023,2,overview
Belgium,36062915.4,1156750221.88,24769698.3,794510196.58,60832613.69,-11293217.1,2023,2,overview
Switzerland,358384713.82,12441340498.16,22333111.18,775294899.28,380717825.0,-336051602.63,2023,2,overview
Sweden,40253284.8,1209391309.56,24280179.0,729486739.51,64533463.8,-15973105.79,2023,2,overview
Poland,32676088.29,1090412800.14,23380042.45,780200412.21,56056130.74,-9296045.84,2023,2,overview
Russian Federation,216576233.36,7329418141.83,21727127.75,735293996.96,238303361.11,-194849105.61,2023,2,overview
United States of America,994866997.23,33994906324.03,2510692375.58,85791118163.18,3505559372.81,1515825378.34,2023,2,overview
Canada,35940531.38,1274875930.8,154148666.12,5467933184.22,190089197.5,118208134.74,2023,2,overview
Brazil,199417377.8,7270542199.5,120202495.14,4382453139.52,319619872.93,-79214882.66,2023,2,overview
Mexico,35226087.53,1250384477.9,126582017.09,4493152673.55,161808104.62,91355929.56,2023,2,overview
Argentina,38635784.18,1218069237.91,25436737.02,801943264.05,64072521.2,-13199047.16,2023,2,overview
Chile,37487435.86,1281989708.95,24532976.06,838975035.46,62020411.92,-12954459.81,2023,2,overview
South Africa,129671315.6,4266034588.77,160731436.98,5287876246.83,290402752.58,31060121.38,2023,2,overview
Nigeria,43454394.64,1492794770.78,92593006.31,3180860228.07,136047400.95,49138611.68,2023,2,overview
Kenya,40325097.79,1356345221.56,24648570.74,829061129.94,64973668.52,-15676527.05,2023,2,overview
Ghana,34574402.77,1146273254.94,21659671.98,718100696.29,56234074.75,-12914730.79,2023,2,overview
Morocco,34312367.72,1177165857.99,25382625.94,870810224.65,59694993.66,-8929741.78,2023,2,overview
Algeria,40704887.89,1427528901.46,21665360.84,759808719.89,62370248.73,-19039527.05,2023,2,overview
Libya,46131415.1,1557664277.39,24080034.28,813081695.34,70211449.38,-22051380.82,2023,2,overview
Tanzania,40306850.66,1322897516.51,24809822.94,814274809.51,65116673.6,-15497027.73,2023,2,overview
Australia,474683793.75,17334709857.45,680652968.3,24856382026.46,1155336762.05,205969174.56,2023,2,overview
New Zealand,35223773.95,1100014130.4,23602341.03,737084807.56,58826114.98,-11621432.92,2023,2,overview
Saudi Arabia,1499391449.21,46234033429.34,211244113.34,6513754232.26,1710635562.55,-1288147335.86,2023,3,overview
United Arab Emirates,1118322477.34,38017816370.78,202079293.68,6869765774.33,1320401771.02,-916243183.66,2023,3,overview
Kuwait,540716197.66,18991175417.93,27470651.88,964831405.14,568186849.54,-513245545.77,2023,3,overview
Qatar,412328399.22,13326851667.96,26361989.36,852044929.64,438690388.59,-385966409.86,2023,3,overview
Iran,120573913.13,4179282534.1,34534956.6,1197036217.67,155108869.73,-86038956.53,2023,3,overview
Iraq,324400176.0,10776480879.44,27971092.74,929191684.94,352371268.75,-296429083.26,2023,3,overview
Bahrain,73903021.36,2404489131.28,24896343.75,810020847.03,98799365.11,-49006677.61,2023,3,overview
Oman,270085850.16,9042550368.88,27190553.75,910347401.29,297276403.91,-242895296.41,2023,3,overview
Israel,43842704.2,1654477087.03,51593686.0,1946973228.24,95436390.2,7750981.81,2023,3,overview
Jordan,47549405.53,1552496994.24,27479177.83,897200301.66,75028583.36,-20070227.7,2023,3,overview
Lebanon,42733010.56,1428959535.59,26321656.34,880176269.39,69054666.9,-16411354.22,2023,3,overview
Turkey,37664055.27,1206932463.68,93041355.76,2981480138.82,130705411.03,55377300.49,2023,3,overview
Egypt,45067987.87,1587167523.91,26090826.74,918845389.74,71158814.61,-18977161.13,2023,3,overview
Yemen,39075766.06,1378598403.95,25001136.84,882043548.18,64076902.9,-14074629.22,2023,3,overview
Malaysia,895967397.43,32323699693.07,759545200.43,27402013770.25,1655512597.86,-136422197.0,2023,3,overview
Singapore,669962245.3,21834980487.52,571754280.27,18634249378.76,1241716525.56,-98207965.03,2023,3,overview
Indonesia,523614608.68,17971287635.28,648486890.04,22257103288.07,1172101498.72,124872281.36,2023,3,overview
Vietnam,462506242.42,15002193128.29,1116696359.38,36221985592.09,1579202601.79,654190116.96,2023,3,overview
Philippines,252038250.82,8129247861.48,586019521.4,18901487871.93,838057772.21,333981270.58,2023,3,overview
Myanmar,226881721.49,7984552118.57,269475762.0,9483546106.35,496357483.49,42594040.52,2023,3,overview
Cambodia,47778609.16,1491584644.42,238436896.55,7443682848.86,286215505.71,190658287.39,2023,3,overview
Brunei Darussalam,46386533.49,1499084843.31,26463089.49,855214075.57,72849622.97,-19923444.0,2023,3,overview
China,4793542689.52,158564093839.42,2699891356.51,89308858632.95,7493434046.03,-2093651333.01,2023,3,overview
Japan,2825947534.75,99905097187.15,2064141444.7,72973135242.2,4890088979.45,-761806090.05,2023,3,overview
"Korea, Republic of",664614257.54,23361689120.08,466632417.55,16402479105.05,1131246675.09,-197981839.99,2023,3,overview
Taiwan,552279354.64,19171445045.81,301809465.37,10476805861.01,854088820.01,-250469889.27,2023,3,overview
Hong Kong,290626163.98,9270391448.59,874501912.08,27894856184.36,1165128076.05,583875748.1,2023,3,overview
India,524960909.55,16406605918.97,679433824.77,21234348707.35,1204394734.32,154472915.22,2023,3,overview
Bangladesh,40063452.92,1359915486.69,27079346.22,919182436.97,67142799.14,-12984106.71,2023,3,overview
Pakistan,43272634.98,1381902731.01,28045537.25,895628485.23,71318172.23,-15227097.73,2023,3,overview
Sri Lanka,36833220.04,1218989826.51,25697938.52,850469374.82,62531158.55,-11135281.52,2023,3,overview
Germany,433550209.42,13126394420.34,321793230.07,9742781269.25,755343439.49,-111756979.36,2023,3,overview
United Kingdom,212550158.54,7414662679.03,332619133.96,11603184377.16,545169292.49,120068975.42,2023,3,overview
France,194183027.21,6071994618.27,165758296.73,5183169199.33,359941323.94,-28424730.48,2023,3,overview
Netherlands,184378923.07,6195178722.63,326100749.62,10957068149.85,510479672.69,141721826.55,2023,3,overview
Italy,37190122.25,1225617839.77,24755269.6,815821465.9,61945391.86,-12434852.65,2023,3,overview
Spain,46061333.86,1529990781.98,28232830.07,937792420.0,74294163.93,-17828503.8,2023,3,overview
Belgium,45506513.23,1548515157.41,26780593.7,911301532.78,72287106.93,-18725919.54,2023,3,overview
Switzerland,363543708.08,11850596684.24,26739889.74,871652133.29,390283597.83,-336803818.34,2023,3,overview
Sweden,44621646.92,1490417136.93,27631210.45,922915948.13,72252857.37,-16990436.47,2023,3,overview
Poland,45683997.7,1525742546.06,29457312.12,983807824.64,75141309.82,-16226685.58,2023,3,overview
Russian Federation,252189311.48,7805436351.79,28480315.24,881485763.93,280669626.72,-223708996.24,2023,3,overview
United States of America,971950093.03,32827220753.98,2913566184.46,98404517890.77,3885516277.49,1941616091.43,2023,3,overview
Canada,39917551.66,1280989130.78,171902429.34,5516499243.39,211819981.0,131984877.68,2023,3,overview
Brazil,213036273.21,7255963952.28,143039880.34,4871903736.65,356076153.55,-69996392.87,2023,3,overview
Mexico,44265513.34,1371147536.86,127190965.1,3939806982.01,171456478.43,82925451.76,2023,3,overview
Argentina,49370255.92,1576885793.46,27860018.38,889848885.19,77230274.3,-21510237.54,2023,3,overview
Chile,46885512.88,1527030010.62,26450564.14,861477303.91,73336077.02,-20434948.75,2023,3,overview
South Africa,137630650.66,4470844321.64,150132550.35,4876960596.93,287763201.01,12501899.68,2023,3,overview
Nigeria,44764115.24,1522142314.14,102148671.45,3473425405.69,146912786.69,57384556.21,2023,3,overview
Kenya,50962289.2,1554467648.23,24994853.57,762400823.49,75957142.77,-25967435.63,2023,3,overview
Ghana,37233828.21,1191678096.17,26279803.79,841091772.26,63513632.0,-10954024.41,2023,3,overview
Morocco,45070545.24,1378941206.91,26882167.85,822464622.37,71952713.09,-18188377.4,2023,3,overview
Algeria,37896545.35,1258284424.06,27229745.94,904113155.01,65126291.29,-10666799.42,2023,3,overview
Libya,42823098.83,1443441913.42,23073598.45,777743787.94,65896697.28,-19749500.38,2023,3,overview
Tanzania,48844337.05,1549771672.26,27191546.63,862754850.16,76035883.69,-21652790.42,2023,3,overview
Australia,533896140.17,18465834337.85,631810912.95,21852406814.2,1165707053.12,97914772.79,2023,3,overview
New Zealand,44623607.91,1452453298.76,22837362.09,743333035.17,67460970.0,-21786245.81,2023,3,overview
Saudi Arabia,1422851973.76,46365276976.48,222574115.52,7252834942.91,1645426089.28,-1200277858.24,2023,4,overview
United Arab Emirates,990087691.0,31709831743.72,191224471.83,6124402800.06,1181312162.84,-798863219.17,2023,4,overview
Kuwait,454123422.17,15654417531.28,26625015.82,917810212.1,480748437.99,-427498406.35,2023,4,overview
Qatar,443176874.65,14909999875.5,31255224.64,1051533647.49,474432099.29,-411921650.01,2023,4,overview
Iran,140918209.59,4635866761.24,36210853.5,1191249112.77,177129063.09,-104707356.09,2023,4,overview
Iraq,313386878.42,10591317192.1,26776458.23,904945235.19,340163336.65,-286610420.19,2023,4,overview
Bahrain,67695102.09,2119886163.57,25078197.87,785328968.02,92773299.96,-42616904.22,2023,4,overview
Oman,319306208.63,10682944260.52,28604208.74,957003526.09,347910417.37,-290701999.89,2023,4,overview
Israel,41864239.66,1374199652.59,57616722.04,1891277138.92,99480961.7,15752482.38,2023,4,overview
Jordan,46516906.1,1546240718.36,25296123.08,840853332.84,71813029.18,-21220783.02,2023,4,overview
Lebanon,44182667.69,1506680198.36,25759330.39,878423034.27,69941998.08,-18423337.31,2023,4,overview
Turkey,40107373.03,1364722721.07,114719187.42,3903518724.48,154826560.45,74611814.39,2023,4,overview
Egypt,42515010.34,1388772432.47,25639214.96,837516788.67,68154225.3,-16875795.38,2023,4,overview
Yemen,46765209.82,1573665383.03,27104452.72,912074149.63,73869662.54,-19660757.09,2023,4,overview
Malaysia,1043669764.44,31755980012.58,702012270.62,21360288851.92,1745682035.06,-341657493.82,2023,4,overview
Singapore,780081798.65,26202286532.19,674596263.4,22659116797.46,1454678062.06,-105485535.25,2023,4,overview
Indonesia,584550729.18,18309423485.6,679200787.11,21274072928.18,1263751516.29,94650057.92,2023,4,overview
Vietnam,480853273.01,15651681144.99,978945892.32,31864499682.01,1459799165.33,498092619.31,2023,4,overview
Philippines,252352776.04,8188970600.42,554368110.98,17989515446.92,806720887.01,302015334.94,2023,4,overview
Myanmar,231900234.74,7309498056.28,274890639.38,8664556103.15,506790874.12,42990404.64,2023,4,overview
Cambodia,48026867.55,1513672701.55,273329496.41,8614582177.69,321356363.96,225302628.86,2023,4,overview
Brunei Darussalam,53932136.63,1767362005.03,28485859.5,933484725.68,82417996.13,-25446277.12,2023,4,overview
China,5091109496.17,166896628637.28,3148315362.57,103207998236.08,8239424858.74,-1942794133.6,2023,4,overview
Japan,2820260696.22,92445920080.69,2021690897.11,66269432238.23,4841951593.34,-798569799.11,2023,4,overview
"Korea, Republic of",720080476.85,24122077222.35,464095538.4,15546801747.55,1184176015.26,-255984938.45,2023,4,overview
Taiwan,668941826.25,20860205690.7,326219520.19,10172792348.16,995161346.44,-342722306.06,2023,4,overview
Hong Kong,253798770.09,8267910940.48,874684199.79,28494271513.69,1128482969.89,620885429.7,2023,4,overview
India,545355428.24,17704351777.09,580699381.17,18851753532.82,1126054809.42,35343952.93,2023,4,overview
Bangladesh,49220077.42,1658255095.67,26781708.97,902292472.85,76001786.39,-22438368.45,2023,4,overview
Pakistan,45222795.51,1476854001.21,28003690.61,914524678.37,73226486.12,-17219104.91,2023,4,overview
Sri Lanka,48173903.54,1563485580.44,24048292.17,780488091.76,72222195.72,-24125611.37,2023,4,overview
Germany,468183939.0,16498534646.42,381487570.78,13443404139.72,849671509.78,-86696368.22,2023,4,overview
United Kingdom,221513522.09,7090972195.63,358023847.58,11460867600.9,579537369.67,136510325.48,2023,4,overview
France,202377630.68,6401166437.97,194896692.24,6164545760.53,397274322.93,-7480938.44,2023,4,overview
Netherlands,187426750.22,6360959688.47,318821149.43,10820272329.96,506247899.65,131394399.2,2023,4,overview
Italy,44916457.02,1574485398.46,26765533.09,938229411.35,71681990.1,-18150923.93,2023,4,overview
Spain,45372146.49,1481943813.2,29254162.29,955498652.07,74626308.77,-16117984.2,2023,4,overview
Belgium,51831098.64,1662678654.34,25950919.82,832473969.81,77782018.47,-25880178.82,2023,4,overview
Switzerland,410488268.21,14531946179.86,26463253.68,936841824.82,436951521.9,-384025014.53,2023,4,overview
Sweden,48996280.73,1483610310.21,27100512.96,820605152.95,76096793.7,-21895767.77,2023,4,overview
Poland,45662654.1,1586814974.63,27663098.29,961315532.02,73325752.39,-17999555.8,2023,4,overview
Russian Federation,309269592.41,10577568286.02,25936316.14,887067988.04,335205908.56,-283333276.27,2023,4,overview
United States of America,1164808432.52,39309995595.3,3178277926.86,107260634296.58,4343086359.38,2013469494.35,2023,4,overview
Canada,38626381.78,1207709395.76,180658777.84,5648556591.71,219285159.62,142032396.06,2023,4,overview
Brazil,224960331.73,7526661196.9,147956526.5,4950288960.96,372916858.22,-77003805.23,2023,4,overview
Mexico,49933815.12,1550570347.7,140951091.03,4376885317.54,190884906.15,91017275.92,2023,4,overview
Argentina,36510394.42,1193127206.32,27766664.99,907389908.0,64277059.41,-8743729.42,2023,4,overview
Chile,42159014.52,1344783404.5,23706783.06,756196244.08,65865797.58,-18452231.46,2023,4,overview
South Africa,135065261.46,4495369887.78,173410409.99,5771609419.51,308475671.45,38345148.53,2023,4,overview
Nigeria,51616715.37,1771567656.24,100666567.9,3455036503.03,152283283.27,49049852.54,2023,4,overview
Kenya,45906383.67,1484852432.87,28964937.66,936877504.12,74871321.33,-16941446.01,2023,4,overview
Ghana,49654254.59,1587984400.23,28088077.39,898280098.88,77742331.98,-21566177.21,2023,4,overview
Morocco,45689341.42,1541273621.86,26914126.98,907914902.66,72603468.4,-18775214.44,2023,4,overview
Algeria,41416923.47,1391317089.73,27375567.14,919626356.09,68792490.61,-14041356.32,2023,4,overview
Libya,45854154.61,1566425341.94,30396805.42,1038386308.33,76250960.03,-15457349.19,2023,4,overview
Tanzania,45705963.59,1528567316.92,27915675.91,933597860.49,73621639.5,-17790287.68,2023,4,overview
Australia,566506465.82,18438488477.85,624861748.48,20337819327.19,1191368214.3,58355282.66,2023,4,overview
New Zealand,40302265.6,1326296204.39,30246082.34,995360027.7,70548347.93,-10056183.26,2023,4,overview
Saudi Arabia,1378345813.64,46358576274.82,250073550.2,8410845548.68,1628419363.83,-1128272263.44,2023,5,overview
United Arab Emirates,1018874347.51,33110613921.15,185607813.25,6031743423.88,1204482160.76,-833266534.26,2023,5,overview
Kuwait,481844926.59,15768225618.0,26453781.24,865691777.55,508298707.83,-455391145.35,2023,5,overview
Qatar,462375165.22,16057132798.77,24679801.61,857067770.33,487054966.84,-437695363.61,2023,5,overview
Iran,138856445.74,4665710220.31,37445491.86,1258204566.04,176301937.6,-101410953.88,2023,5,overview
Iraq,306071607.23,9931836348.31,29022237.38,941753842.26,335093844.61,-277049369.85,2023,5,overview
Bahrain,69311062.37,2442349308.02,29284522.39,1031913673.47,98595584.76,-40026539.99,2023,5,overview
Oman,296236177.97,9544449441.35,30067469.75,968745434.1,326303647.71,-266168708.22,2023,5,overview
Israel,40702219.68,1468608223.91,62675816.1,2261454527.34,103378035.78,21973596.42,2023,5,overview
Jordan,52426478.62,1639273675.81,27247839.5,851986766.68,79674318.12,-25178639.13,2023,5,overview
Lebanon,42688117.93,1401832204.94,24228439.05,795636064.14,66916556.98,-18459678.88,2023,5,overview
Turkey,52661197.71,1761700553.48,110730702.82,3704327833.86,163391900.53,58069505.11,2023,5,overview
Egypt,51802228.67,1867641144.97,27094826.5,976857832.04,78897055.17,-24707402.17,2023,5,overview
Yemen,54103819.12,1738555816.97,27706310.6,890306234.29,81810129.72,-26397508.52,2023,5,overview
Malaysia,985393774.13,30808501080.8,725907843.43,22695630078.16,1711301617.56,-259485930.7,2023,5,overview
Singapore,823199322.24,27357603204.05,665704913.2,22123549393.49,1488904235.43,-157494409.04,2023,5,overview
Indonesia,587327602.21,19476278954.05,631146529.93,20929351577.69,1218474132.14,43818927.73,2023,5,overview
Vietnam,448004814.71,15470925506.38,1089438073.28,37621504774.16,1537442887.99,641433258.57,2023,5,overview
Philippines,296423216.71,9341500567.81,621740792.09,19593579837.51,918164008.8,325317575.38,2023,5,overview
Myanmar,226927090.72,7641115665.2,297001189.98,10000658970.01,523928280.7,70074099.26,2023,5,overview
Cambodia,52387553.43,1874016134.78,289420022.21,10353180399.95,341807575.64,237032468.78,2023,5,overview
Brunei Darussalam,48682733.13,1582905805.45,30379255.08,987773203.09,79061988.21,-18303478.04,2023,5,overview
China,4672000559.1,165479770822.66,3004051546.46,106401905384.85,7676052105.56,-1667949012.64,2023,5,overview
Japan,2963349076.65,103912806261.28,2225095618.47,78025208618.54,5188444695.11,-738253458.18,2023,5,overview
"Korea, Republic of",615732474.93,20948728164.05,413569911.94,14070662202.93,1029302386.88,-202162562.99,2023,5,overview
Taiwan,654070730.09,21647524705.7,342490756.75,11335283444.38,996561486.84,-311579973.34,2023,5,overview
Hong Kong,292789183.56,9912591290.51,872524589.37,29539956156.07,1165313772.92,579735405.81,2023,5,overview
India,554170623.29,19961409526.37,717127444.9,25831168251.39,1271298068.19,162956821.61,2023,5,overview
Bangladesh,47577967.52,1461368753.19,28613560.83,878872425.59,76191528.36,-18964406.69,2023,5,overview
Pakistan,44682730.77,1544926834.04,27567496.15,953159393.42,72250226.92,-17115234.61,2023,5,overview
Sri Lanka,44385595.8,1464616690.2,29783801.64,982793002.92,74169397.45,-14601794.16,2023,5,overview
Germany,460052390.37,14911800246.08,380766966.54,12341900758.02,840819356.91,-79285423.82,2023,5,overview
United Kingdom,225324638.04,7351907767.15,282114928.33,9204865259.7,507439566.36,56790290.29,2023,5,overview
France,179499142.35,6035714233.38,178961350.56,6017630817.89,358460492.91,-537791.79,2023,5,overview
Netherlands,196502237.16,6777975794.08,332734683.05,11477058277.66,529236920.22,136232445.89,2023,5,overview
Italy,48815431.19,1577017435.51,27339074.13,883208352.99,76154505.32,-21476357.05,2023,5,overview
Spain,47834536.35,1678837551.05,29285238.33,1027817170.28,77119774.68,-18549298.02,2023,5,overview
Belgium,51113712.7,1678931639.59,26787100.47,879875636.65,77900813.17,-24326612.24,2023,5,overview
Switzerland,393374398.44,13535404973.39,30392315.02,1045752579.59,423766713.46,-362982083.42,2023,5,overview
Sweden,46428189.42,1462562040.05,25190989.26,793556352.25,71619178.68,-21237200.17,2023,5,overview
Poland,47684498.45,1495003486.64,28766585.3,901889433.96,76451083.75,-18917913.16,2023,5,overview
Russian Federation,280998359.28,8787706653.48,29413942.56,919866932.3,310412301.84,-251584416.72,2023,5,overview
United States of America,1219007749.28,42526815921.04,2896461890.9,101047185080.95,4115469640.19,1677454141.62,2023,5,overview
Canada,44675110.87,1443577677.46,171335726.12,5536336111.31,216010836.99,126660615.25,2023,5,overview
Brazil,231557235.04,7566363718.27,135649025.04,4432467253.09,367206260.08,-95908209.99,2023,5,overview
Mexico,47913469.89,1576392995.14,138082791.06,4543038629.1,185996260.95,90169321.17,2023,5,overview
Argentina,40285554.78,1324032901.12,28877403.56,949090377.9,69162958.33,-11408151.22,2023,5,overview
Chile,52678427.13,1595500864.67,25895374.03,784307617.02,78573801.15,-26783053.1,2023,5,overview
South Africa,146922367.13,4626196065.65,172657323.13,5436521644.35,319579690.26,25734955.99,2023,5,overview
Nigeria,40955603.9,1438408546.29,125775074.71,4417367225.36,166730678.61,84819470.81,2023,5,overview
Kenya,37380161.43,1326856978.83,26973580.41,957461981.0,64353741.85,-10406581.02,2023,5,overview
Ghana,44889366.45,1462309762.27,26901028.6,876324168.52,71790395.05,-17988337.86,2023,5,overview
Morocco,42481984.63,1468976940.85,24181302.33,836160924.1,66663286.96,-18300682.3,2023,5,overview
Algeria,39786368.88,1365860841.27,28553888.05,980251243.12,68340256.94,-11232480.83,2023,5,overview
Libya,41248755.15,1436272116.92,25929638.78,902864026.87,67178393.93,-15319116.37,2023,5,overview
Tanzania,48656129.09,1693397433.99,26617280.02,926371138.11,75273409.11,-22038849.07,2023,5,overview
Australia,614052800.41,19434623550.44,762738080.86,24140476941.46,1376790881.27,148685280.45,2023,5,overview
New Zealand,45123124.84,1476298137.7,28641506.31,937067248.13,73764631.15,-16481618.53,2023,5,overview
Saudi Arabia,1535266468.04,47222654409.48,208873101.51,6424645163.29,1744139569.56,-1326393366.53,2023,6,overview
United Arab Emirates,1158930172.62,37154637357.57,182912795.49,5864079428.6,1341842968.11,-976017377.13,2023,6,overview
Kuwait,490406880.16,16144619843.41,28604658.35,941690162.66,519011538.51,-461802221.81,2023,6,overview
Qatar,500884479.63,16429558840.79,28717436.73,941963338.35,529601916.37,-472167042.9,2023,6,overview
Iran,156246055.27,5281832873.37,34081699.61,1152117671.37,190327754.88,-122164355.67,2023,6,overview
Iraq,288653901.18,9000521420.6,26644510.78,830802871.57,315298411.95,-262009390.4,2023,6,overview
Bahrain,80924219.48,2668860133.55,28410550.7,936972721.12,109334770.18,-52513668.78,2023,6,overview
Oman,260313364.7,8292230702.08,27875260.3,887960898.83,288188625.0,-232438104.4,2023,6,overview
Israel,49060196.7,1716846450.67,52591109.95,1840409670.79,101651306.64,3530913.25,2023,6,overview
Jordan,41219389.65,1463939630.39,26717263.49,948885006.98,67936653.13,-14502126.16,2023,6,overview
Lebanon,45942991.65,1531215928.83,25555765.23,851738064.64,71498756.88,-20387226.42,2023,6,overview
Turkey,45789706.34,1435790905.35,106600814.56,3342595798.85,152390520.9,60811108.22,2023,6,overview
Egypt,58141966.69,1750750490.79,27985254.22,842682151.07,86127220.91,-30156712.47,2023,6,overview
Yemen,53288046.76,1697240294.63,29956174.8,954113164.95,83244221.57,-23331871.96,2023,6,overview
Malaysia,880933650.21,28744532461.48,802633350.52,26189623240.55,1683567000.73,-78300299.68,2023,6,overview
Singapore,644254023.48,20840982622.62,707275527.21,22879666148.41,1351529550.69,63021503.73,2023,6,overview
Indonesia,746131920.42,23502025613.04,787024204.8,24790070647.25,1533156125.21,40892284.38,2023,6,overview
Vietnam,515343870.03,15563358654.25,1082863362.48,32702418450.67,1598207232.52,567519492.45,2023,6,overview
Philippines,275898781.1,8913157060.66,589370443.28,19040139673.25,865269224.38,313471662.18,2023,6,overview
Myanmar,232153799.59,7698159859.67,311728196.99,10336826265.52,543881996.58,79574397.41,2023,6,overview
Cambodia,44388720.03,1477989609.11,301639988.84,10043559915.27,346028708.87,257251268.8,2023,6,overview
Brunei Darussalam,37997728.92,1276257955.76,29538700.74,992138290.74,67536429.65,-8459028.18,2023,6,overview
China,4767662126.14,152524232023.98,3059735748.76,97885259678.37,7827397874.91,-1707926377.38,2023,6,overview
Japan,2932883471.75,98576077553.21,1998384898.3,67166986555.56,4931268370.05,-934498573.45,2023,6,overview
"Korea, Republic of",880596021.13,28056050595.87,438115870.1,13958501655.0,1318711891.23,-442480151.03,2023,6,overview
Taiwan,628547656.71,19739819233.94,336665232.71,10573121648.07,965212889.42,-291882424.0,2023,6,overview
Hong Kong,295224660.11,9979042495.28,1016495330.25,34359088068.96,1311719990.36,721270670.14,2023,6,overview
India,449524614.65,15466366872.0,719454378.56,24753584128.41,1168978993.22,269929763.91,2023,6,overview
Bangladesh,50761254.51,1691887027.42,29411869.97,980305978.22,80173124.48,-21349384.54,2023,6,overview
Pakistan,51531338.83,1626867004.77,32954843.62,1040398890.2,84486182.44,-18576495.21,2023,6,overview
Sri Lanka,51705501.51,1696224334.46,28363011.17,930462491.42,80068512.68,-23342490.33,2023,6,overview
Germany,417488911.31,13152613480.85,372124175.43,11723438188.89,789613086.74,-45364735.88,2023,6,overview
United Kingdom,229168211.66,7408237686.37,303926743.75,9824929647.28,533094955.42,74758532.09,2023,6,overview
France,184214127.04,5632876587.97,191873770.92,5867092222.53,376087897.96,7659643.88,2023,6,overview
Netherlands,168381867.57,5355190450.79,342847186.8,10903858041.79,511229054.37,174465319.23,2023,6,overview
Italy,51691809.44,1752876661.73,29074696.26,985927114.44,80766505.7,-22617113.18,2023,6,overview
Spain,52971916.36,1702425747.19,27852372.74,895127073.55,80824289.09,-25119543.62,2023,6,overview
Belgium,50919443.45,1666033501.04,29724136.59,972544159.92,80643580.04,-21195306.86,2023,6,overview
Switzerland,423189375.51,13986053574.49,28075064.2,927857301.6,451264439.71,-395114311.3,2023,6,overview
Sweden,47680815.85,1579015925.2,26424639.87,875088364.64,74105455.72,-21256175.99,2023,6,overview
Poland,52918862.76,1748788232.73,29576663.61,977408027.8,82495526.36,-23342199.15,2023,6,overview
Russian Federation,281903941.16,9619873309.56,29315964.99,1000397042.9,311219906.15,-252587976.17,2023,6,overview
United States of America,1198079555.23,40120296604.41,2965520550.8,99306897914.04,4163600106.03,1767440995.56,2023,6,overview
Canada,49427610.53,1643583998.14,175058405.95,5821102651.91,224486016.48,125630795.42,2023,6,overview
Brazil,196848774.0,6690991123.23,148312465.1,5041217007.68,345161239.11,-48536308.9,2023,6,overview
Mexico,50446655.65,1688125205.25,138286984.76,4627576229.55,188733640.41,87840329.11,2023,6,overview
Argentina,53022416.24,1747419525.54,31790180.89,1047684861.37,84812597.14,-21232235.35,2023,6,overview
Chile,48130529.15,1479955869.35,31098209.78,956232538.98,79228738.94,-17032319.37,2023,6,overview
South Africa,139109182.72,4794092055.12,189669068.26,6536527319.77,328778250.98,50559885.55,2023,6,overview
Nigeria,49006156.47,1613534300.32,100477896.48,3308248271.04,149484052.95,51471740.02,2023,6,overview
Kenya,45353602.17,1441608690.3,29316357.69,931849158.26,74669959.86,-16037244.49,2023,6,overview
Ghana,43694045.31,1521981879.2,23842195.81,830488221.66,67536241.13,-19851849.5,2023,6,overview
Morocco,46077673.89,1520408547.65,28919046.69,954231454.37,74996720.58,-17158627.21,2023,6,overview
Algeria,43535211.58,1371012072.17,25683288.49,808818822.57,69218500.07,-17851923.09,2023,6,overview
Libya,44846174.58,1426396421.42,29397621.95,935033213.87,74243796.54,-15448552.63,2023,6,overview
Tanzania,54250636.33,1856052028.65,30906834.69,1057401297.12,85157471.01,-23343801.64,2023,6,overview
Australia,565732066.79,18484159039.76,853862096.67,27898229072.07,1419594163.46,288130029.87,2023,6,overview
New Zealand,47480956.53,1616856409.58,28948357.83,985770745.1,76429314.36,-18532598.71,2023,6,overview
Saudi Arabia,1471333704.85,47377694824.2,224464328.14,7227865712.78,1695798032.98,-1246869376.71,2023,7,overview
United Arab Emirates,1177335304.96,38157405813.96,197347532.99,6396028277.42,1374682837.95,-979987771.97,2023,7,overview
Kuwait,488893974.48,16590758166.75,27535611.94,934428940.83,516429586.42,-461358362.53,2023,7,overview
Qatar,534068895.6,17282545897.95,25316574.16,819247963.29,559385469.76,-508752321.44,2023,7,overview
Iran,135638680.11,4468967315.16,41382671.95,1363459215.28,177021352.06,-94256008.16,2023,7,overview
Iraq,302955199.25,9813640560.0,29251477.43,947544343.51,332206676.68,-273703721.81,2023,7,overview
Bahrain,67352993.35,2397838155.02,26000187.79,925634321.81,93353181.15,-41352805.56,2023,7,overview
Oman,288606286.56,9415826101.95,28241382.52,921379606.42,316847669.09,-260364904.04,2023,7,overview
Israel,47757355.68,1596922553.32,57255457.04,1914522471.94,105012812.72,9498101.36,2023,7,overview
Jordan,47095421.67,1555781078.5,29946108.28,989259401.04,77041529.95,-17149313.39,2023,7,overview
Lebanon,43015695.01,1291824638.64,26628172.72,799683222.51,69643867.74,-16387522.29,2023,7,overview
Turkey,54233450.57,1722177487.95,119730281.14,3802022417.12,173963731.71,65496830.58,2023,7,overview
Egypt,45614445.9,1610820369.03,26573396.7,938408169.49,72187842.59,-19041049.2,2023,7,overview
Yemen,41365791.92,1358337123.13,28256426.37,927862156.78,69622218.29,-13109365.55,2023,7,overview
Malaysia,995070617.76,30213017396.5,740453848.8,22482168215.75,1735524466.56,-254616768.96,2023,7,overview
Singapore,731666561.34,24232335064.13,559484393.69,18529770263.27,1291150955.03,-172182167.65,2023,7,overview
Indonesia,728292986.44,23159473643.92,602592186.32,19162230197.15,1330885172.77,-125700800.12,2023,7,overview
Vietnam,446032796.39,15214262760.4,1085805853.85,37037042345.09,1531838650.24,639773057.46,2023,7,overview
Philippines,276112605.05,8852540228.63,578627962.11,18551588078.15,854740567.16,302515357.07,2023,7,overview
Myanmar,237625254.45,7580614096.52,297422666.93,9488244281.13,535047921.38,59797412.48,2023,7,overview
Cambodia,49583736.98,1714020058.74,281173150.02,9719646974.2,330756887.0,231589413.04,2023,7,overview
Brunei Darussalam,45914699.04,1512388433.95,28853988.03,950424127.33,74768687.07,-17060711.01,2023,7,overview
China,4630747422.17,156543394638.13,2858000415.92,96615307680.92,7488747838.09,-1772747006.25,2023,7,overview
Japan,2520097459.73,76133418014.4,2496907142.7,75432826815.66,5017004602.43,-23190317.03,2023,7,overview
"Korea, Republic of",705760556.64,23726635236.7,463147288.02,15570332827.99,1168907844.67,-242613268.62,2023,7,overview
Taiwan,735714617.45,23718305388.67,278103315.77,8965622289.8,1013817933.22,-457611301.68,2023,7,overview
Hong Kong,232358929.87,7762536846.26,935694440.72,31259235773.19,1168053370.59,703335510.85,2023,7,overview
India,578662011.81,20002052912.47,659638510.17,22801089607.04,1238300521.98,80976498.36,2023,7,overview
Bangladesh,48846325.1,1508694896.4,27025044.04,834710613.93,75871369.14,-21821281.07,2023,7,overview
Pakistan,47693341.91,1666539413.8,24657691.48,861609043.5,72351033.4,-23035650.43,2023,7,overview
Sri Lanka,46061634.82,1486854756.18,30677197.4,990250064.77,76738832.22,-15384437.42,2023,7,overview
Germany,476703762.69,15699015118.03,379585885.87,12500687066.63,856289648.56,-97117876.82,2023,7,overview
United Kingdom,225257022.42,7120544571.24,336922850.62,10650385720.03,562179873.03,111665828.2,2023,7,overview
France,168605765.75,5747897343.29,205226214.94,6996315994.01,373831980.69,36620449.19,2023,7,overview
Netherlands,187650648.02,6117101825.06,370182387.6,12067335672.15,557833035.62,182531739.58,2023,7,overview
Italy,51604758.69,1623634013.94,28393285.95,893334374.75,79998044.64,-23211472.74,2023,7,overview
Spain,53566016.72,1757954629.77,30219192.3,991747609.07,83785209.01,-23346824.42,2023,7,overview
Belgium,49381439.37,1691004358.38,27095704.31,927857807.78,76477143.68,-22285735.06,2023,7,overview
Switzerland,301919786.85,10406839805.96,25715645.01,886389729.35,327635431.86,-276204141.84,2023,7,overview
Sweden,45734619.32,1416850343.34,28464894.74,881837358.27,74199514.06,-17269724.58,2023,7,overview
Poland,53565370.12,1751532546.87,30666786.4,1002772395.17,84232156.52,-22898583.72,2023,7,overview
Russian Federation,270934812.81,9746529213.07,30306313.77,1090230411.65,301241126.58,-240628499.04,2023,7,overview
United States of America,1205456918.92,38112296137.44,3505582717.33,110834161354.19,4711039636.25,2300125798.41,2023,7,overview
Canada,43607622.5,1467947739.95,168911812.64,5686017705.15,212519435.14,125304190.14,2023,7,overview
Brazil,236611266.26,8095391349.78,138298147.42,4731717318.34,374909413.68,-98313118.85,2023,7,overview
Mexico,51267360.13,1645915114.25,122912581.02,3946052114.41,174179941.14,71645220.89,2023,7,overview
Argentina,49728536.08,1581501261.29,26952265.35,857154563.53,76680801.43,-22776270.74,2023,7,overview
Chile,50469206.4,1642653070.74,25111519.84,817320463.85,75580726.24,-25357686.55,2023,7,overview
South Africa,143680813.09,4910253494.08,160287860.36,5477794908.43,303968673.45,16607047.27,2023,7,overview
Nigeria,44542859.29,1461512707.2,124621230.66,4088994624.3,169164089.95,80078371.37,2023,7,overview
Kenya,49172741.84,1576413687.01,29671093.65,951216393.31,78843835.5,-19501648.19,2023,7,overview
Ghana,39000316.89,1291239359.87,28808092.89,953790799.51,67808409.78,-10192223.99,2023,7,overview
Morocco,48741750.5,1577008067.34,27492578.46,889504738.32,76234328.96,-21249172.04,2023,7,overview
Algeria,54164965.91,1847075478.91,24701926.9,842358574.37,78866892.81,-29463039.01,2023,7,overview
Libya,44521486.4,1448032216.9,27247855.9,886218686.15,71769342.29,-17273630.5,2023,7,overview
Tanzania,43667178.71,1532105121.06,29279542.23,1027301005.46,72946720.94,-14387636.48,2023,7,overview
Australia,581056612.02,18315101535.23,752842017.91,23729835807.1,1333898629.93,171785405.88,2023,7,overview
New Zealand,48596147.66,1575922434.52,32830223.18,1064649930.59,81426370.83,-15765924.48,2023,7,overview
Saudi Arabia,1398626534.29,45127914029.51,229545459.64,7406485945.06,1628171993.93,-1169081074.64,2023,8,overview
United Arab Emirates,900241794.79,28566177114.85,198496650.95,6298630568.48,1098738445.74,-701745143.84,2023,8,overview
Kuwait,502496018.65,15766804171.7,30577759.85,959437555.14,533073778.5,-471918258.79,2023,8,overview
Qatar,467643712.65,14443726155.82,32223375.88,995256868.66,499867088.53,-435420336.76,2023,8,overview
Iran,126519946.77,4393307863.42,39281790.99,1364029986.15,165801737.75,-87238155.78,2023,8,overview
Iraq,294089585.87,9961255204.85,29780621.76,1008714309.42,323870207.63,-264308964.11,2023,8,overview
Bahrain,64237613.15,2204307838.11,30682302.29,1052860405.35,94919915.44,-33555310.87,2023,8,overview
Oman,281206483.25,9759181960.52,31729413.53,1101159249.7,312935896.78,-249477069.73,2023,8,overview
Israel,48463189.46,1528565738.59,55596850.39,1753566812.7,104060039.85,7133660.93,2023,8,overview
Jordan,47922222.45,1558130427.44,30154547.78,980436966.76,78076770.23,-17767674.67,2023,8,overview
Lebanon,39616542.8,1318649892.05,31767176.7,1057381113.07,71383719.5,-7849366.1,2023,8,overview
Turkey,46606883.94,1644615151.03,123270543.34,4349842472.32,169877427.27,76663659.4,2023,8,overview
Egypt,37292382.71,1150843906.93,29841933.09,920922836.63,67134315.8,-7450449.62,2023,8,overview
Yemen,49985912.94,1697201183.07,29135153.64,989243055.2,79121066.58,-20850759.29,2023,8,overview
Malaysia,922937863.46,29833456709.91,653814944.37,21134206983.46,1576752807.83,-269122919.09,2023,8,overview
Singapore,794098103.03,24809413880.97,675625452.25,21108061345.7,1469723555.28,-118472650.79,2023,8,overview
Indonesia,728224789.06,24427335521.85,683630726.33,22931486782.72,1411855515.39,-44594062.73,2023,8,overview
Vietnam,461059544.53,15831778013.53,1170412162.89,40189398022.35,1631471707.42,709352618.36,2023,8,overview
Philippines,260090331.21,8655141400.79,545426422.3,18150397159.33,805516753.51,285336091.09,2023,8,overview
Myanmar,286507781.86,10331528152.8,268484486.96,9681604519.28,554992268.82,-18023294.9,2023,8,overview
Cambodia,55774342.41,1815609407.91,286154837.13,9315132943.96,341929179.54,230380494.72,2023,8,overview
Brunei Darussalam,45405445.29,1402570611.2,28682643.12,886004575.84,74088088.41,-16722802.17,2023,8,overview
China,4777350223.21,153273506326.38,3229360216.78,103608766469.09,8006710439.99,-1547990006.42,2023,8,overview
Japan,2828460088.58,94926212453.66,1993210295.82,66894316370.12,4821670384.41,-835249792.76,2023,8,overview
"Korea, Republic of",785338990.49,25660762581.2,483116234.74,15785706744.31,1268455225.23,-302222755.75,2023,8,overview
Taiwan,657172808.36,21658296445.46,349976482.56,11534096225.09,1007149290.92,-307196325.8,2023,8,overview
Hong Kong,295667031.02,10255252639.49,977866945.21,33917452806.18,1273533976.23,682199914.19,2023,8,overview
India,557369280.99,19662668965.99,683315986.37,24105770621.68,1240685267.37,125946705.38,2023,8,overview
Bangladesh,49682739.25,1684762252.29,31850809.92,1080074147.69,81533549.17,-17831929.33,2023,8,overview
Pakistan,40983873.84,1360777905.59,31850514.77,1057525136.58,72834388.6,-9133359.07,2023,8,overview
Sri Lanka,47866883.25,1554837244.28,29489126.91,957881309.58,77356010.16,-18377756.35,2023,8,overview
Germany,489396683.11,17085527467.89,366325647.2,12788944272.31,855722330.31,-123071035.92,2023,8,overview
United Kingdom,238149412.54,7528524804.19,326168529.84,10311038944.57,564317942.38,88019117.31,2023,8,overview
France,196400796.67,6595656645.52,195144623.34,6553471032.71,391545420.01,-1256173.33,2023,8,overview
Netherlands,176466162.97,5988976923.04,293367138.61,9956407469.7,469833301.58,116900975.64,2023,8,overview
Italy,53775609.51,1902804874.4,26471996.92,936689425.59,80247606.43,-27303612.58,2023,8,overview
Spain,49158399.32,1592912891.35,28823704.47,933994008.19,77982103.79,-20334694.86,2023,8,overview
Belgium,42742733.38,1360782897.54,31118887.23,990719268.31,73861620.61,-11623846.14,2023,8,overview
Switzerland,360544400.5,10879616509.7,31128572.38,939321008.84,391672972.89,-329415828.12,2023,8,overview
Sweden,42207925.22,1411429923.09,28798160.67,963008380.39,71006085.89,-13409764.55,2023,8,overview
Poland,49930632.97,1837225326.68,28143690.52,1035562698.3,78074323.48,-21786942.45,2023,8,overview
Russian Federation,283142062.88,9005197400.93,28307530.19,900307409.98,311449593.07,-254834532.69,2023,8,overview
United States of America,1165035112.28,40549474746.2,3227609445.82,112338131558.51,4392644558.1,2062574333.54,2023,8,overview
Canada,42339872.24,1425585844.7,188482930.37,6346230710.53,230822802.61,146143058.13,2023,8,overview
Brazil,251620492.87,8508203744.38,144275545.32,4878480766.44,395896038.18,-107344947.55,2023,8,overview
Mexico,44955930.84,1550482498.37,162171997.07,5593140625.93,207127927.91,117216066.22,2023,8,overview
Argentina,42894971.02,1348172526.34,26359522.25,828469698.42,69254493.26,-16535448.77,2023,8,overview
Chile,50673687.19,1647070342.08,25875876.1,841055594.23,76549563.29,-24797811.1,2023,8,overview
South Africa,149445469.92,4989734856.93,172124051.73,5746934859.47,321569521.65,22678581.82,2023,8,overview
Nigeria,43968299.97,1410511072.49,120849792.04,3876883342.84,164818092.02,76881492.07,2023,8,overview
Kenya,46818395.81,1552245997.26,29388494.64,974364293.85,76206890.45,-17429901.17,2023,8,overview
Ghana,48158877.83,1567604023.24,27108153.8,882388728.02,75267031.63,-21050724.04,2023,8,overview
Morocco,48075063.3,1553122636.49,25667403.35,829216280.24,73742466.65,-22407659.95,2023,8,overview
Algeria,49557425.03,1721370838.66,25892698.27,899379572.42,75450123.3,-23664726.76,2023,8,overview
Libya,52948752.87,1855135244.23,25967188.59,909797571.08,78915941.46,-26981564.27,2023,8,overview
Tanzania,47514547.6,1532582845.64,29805596.79,961380222.59,77320144.39,-17708950.81,2023,8,overview
Australia,619392980.51,19683547138.46,794051736.54,25233987595.04,1413444717.05,174658756.03,2023,8,overview
New Zealand,43586076.58,1450627994.0,25470790.22,847716615.65,69056866.8,-18115286.35,2023,8,overview
Saudi Arabia,1537322638.03,50459584543.44,257758927.3,8460428580.45,1795081565.33,-1279563710.72,2023,9,overview
United Arab Emirates,1067149773.45,37060535407.39,185305067.17,6435371279.42,1252454840.62,-881844706.28,2023,9,overview
Kuwait,565203072.32,17739759949.51,29737318.27,933351061.66,594940390.59,-535465754.05,2023,9,overview
Qatar,503194055.38,17395453250.5,28323525.91,979146247.07,531517581.29,-474870529.47,2023,9,overview
Iran,156097038.62,5121544455.27,37645466.15,1235147893.47,193742504.78,-118451572.47,2023,9,overview
Iraq,327877370.37,10398249268.75,26061493.12,826509928.05,353938863.5,-301815877.25,2023,9,overview
Bahrain,79643219.08,2645972479.47,30165010.34,1002166764.79,109808229.42,-49478208.74,2023,9,overview
Oman,286903238.57,9495152440.14,31594572.66,1045632266.65,318497811.23,-255308665.91,2023,9,overview
Israel,51756755.01,1403456851.91,50456161.78,1368189446.2,102212916.78,-1300593.23,2023,9,overview
Jordan,50112449.07,1637741106.58,26048951.18,851314172.97,76161400.25,-24063497.89,2023,9,overview
Lebanon,47815779.6,1606609947.3,33133566.22,1113287653.57,80949345.82,-14682213.38,2023,9,overview
Turkey,49650167.39,1665899474.01,125474412.78,4210011149.31,175124580.17,75824245.4,2023,9,overview
Egypt,47205906.19,1479214763.54,31920111.39,1000228654.26,79126017.58,-15285794.8,2023,9,overview
Yemen,50267128.98,1674192764.46,25760115.84,857964248.95,76027244.82,-24507013.13,2023,9,overview
Malaysia,995130387.91,30503273184.71,889147255.21,27254621059.23,1884277643.13,-105983132.7,2023,9,overview
Singapore,746312356.33,25003684876.52,678923896.46,22745970930.52,1425236252.79,-67388459.87,2023,9,overview
Indonesia,695895141.22,22347818233.51,678779220.67,21798161455.17,1374674361.88,-17115920.55,2023,9,overview
Vietnam,538805607.52,18083953911.92,1171154015.05,39307488519.55,1709959622.57,632348407.53,2023,9,overview
Philippines,291290770.51,10020610964.52,532347657.36,18313140382.08,823638427.87,241056886.86,2023,9,overview
Myanmar,254863354.74,8022238990.18,348228578.41,10961061397.54,603091933.15,93365223.68,2023,9,overview
Cambodia,52224485.85,1735734048.48,263152485.92,8746141245.97,315376971.77,210928000.07,2023,9,overview
Brunei Darussalam,52827905.83,1727081662.19,24526338.21,801829796.07,77354244.04,-28301567.62,2023,9,overview
China,4679221784.26,157118062031.46,2774899643.44,93175077910.66,7454121427.7,-1904322140.81,2023,9,overview
Japan,3203585278.15,106705754120.26,2326922276.94,77505661557.95,5530507555.09,-876663001.21,2023,9,overview
"Korea, Republic of",791169444.99,24815809769.6,490070697.45,15371550656.49,1281240142.44,-301098747.54,2023,9,overview
Taiwan,746831439.74,25087802379.06,351100160.9,11794269741.79,1097931600.64,-395731278.84,2023,9,overview
Hong Kong,275030893.53,9003355967.67,943997120.8,30902499723.05,1219028014.32,668966227.27,2023,9,overview
India,472848543.22,15177907750.44,593360676.23,19046212018.14,1066209219.45,120512133.01,2023,9,overview
Bangladesh,51048281.4,1606580904.71,27863820.86,876924380.07,78912102.26,-23184460.55,2023,9,overview
Pakistan,45806432.24,1487298738.99,28329034.62,919821418.27,74135466.86,-17477397.62,2023,9,overview
Sri Lanka,57488844.09,1985501473.81,31880467.72,1101060851.71,89369311.81,-25608376.37,2023,9,overview
Germany,535808350.28,16699245807.53,360676977.54,11241022096.57,896485327.82,-175131372.74,2023,9,overview
United Kingdom,223305342.29,7185790020.87,379618848.3,12215835518.82,602924190.58,156313506.01,2023,9,overview
France,176378735.06,5757370844.27,189241979.58,6177254051.42,365620714.64,12863244.52,2023,9,overview
Netherlands,200208720.13,6358174308.24,349886096.01,11111587871.85,550094816.14,149677375.88,2023,9,overview
Italy,51687773.06,1693580147.2,27896616.81,914048983.06,79584389.87,-23791156.25,2023,9,overview
Spain,51692154.36,1661694591.25,27890436.06,896565200.7,79582590.41,-23801718.3,2023,9,overview
Belgium,51319338.75,1663917270.59,27382611.57,887821265.99,78701950.32,-23936727.19,2023,9,overview
Switzerland,409428074.7,13882930866.42,34231225.42,1160716046.05,443659300.13,-375196849.28,2023,9,overview
Sweden,50852747.87,1596278668.1,30648445.32,962061275.56,81501193.2,-20204302.55,2023,9,overview
Poland,49453139.22,1655808641.68,29329989.22,982037750.89,78783128.44,-20123150.0,2023,9,overview
Russian Federation,296740269.39,9653791601.03,30293053.64,985517831.5,327033323.04,-266447215.75,2023,9,overview
United States of America,1181513926.95,38422997232.79,2827962369.35,91965729572.66,4009476296.29,1646448442.4,2023,9,overview
Canada,54452067.51,1795209437.18,200998914.77,6626656528.54,255450982.27,146546847.26,2023,9,overview
Brazil,282164016.21,8841839882.08,130996580.66,4104884835.39,413160596.87,-151167435.56,2023,9,overview
Mexico,55713828.73,1818283503.56,147540500.61,4815150286.14,203254329.34,91826671.88,2023,9,overview
Argentina,44299119.05,1498049567.37,30452981.62,1029819033.01,74752100.66,-13846137.43,2023,9,overview
Chile,44709582.11,1452915050.52,29070071.82,944682166.15,73779653.93,-15639510.28,2023,9,overview
South Africa,150010291.24,5232047114.39,160605140.58,5601573434.6,310615431.82,10594849.34,2023,9,overview
Nigeria,52590029.22,1718398764.83,114183244.34,3730979977.39,166773273.57,61593215.12,2023,9,overview
Kenya,48465225.17,1567116070.74,27569418.28,891453166.68,76034643.45,-20895806.89,2023,9,overview
Ghana,47940540.16,1650109914.78,33193466.41,1142516705.99,81134006.57,-14747073.75,2023,9,overview
Morocco,52663846.45,1649642825.89,30270065.04,948179804.53,82933911.49,-22393781.41,2023,9,overview
Algeria,48837354.87,1519457236.37,31682588.86,985727810.89,80519943.73,-17154766.01,2023,9,overview
Libya,51495288.57,1781362354.73,34862776.9,1205998452.88,86358065.47,-16632511.67,2023,9,overview
Tanzania,54542994.21,1879109668.99,29913532.74,1030577976.52,84456526.95,-24629461.47,2023,9,overview
Australia,554232184.8,18833686546.16,833916578.31,28337804754.7,1388148763.11,279684393.51,2023,9,overview
New Zealand,50136451.8,1613983769.39,32495249.45,1046081310.33,82631701.25,-17641202.35,2023,9,overview
Saudi Arabia,1489373522.81,46849113273.94,253924514.75,7987343787.55,1743298037.56,-1235449008.05,2023,10,overview
United Arab Emirates,1231559750.34,42575552358.7,173877090.3,6011006092.08,1405436840.64,-1057682660.04,2023,10,overview
Kuwait,607056502.34,19273096687.26,28979855.89,920065203.71,636036358.23,-578076646.46,2023,10,overview
Qatar,494541773.53,16726198235.31,31905037.89,1079079699.75,526446811.42,-462636735.63,2023,10,overview
Iran,142665812.99,4848547310.64,37591014.43,1277543709.38,180256827.42,-105074798.56,2023,10,overview
Iraq,332412466.85,11031317785.13,30384933.73,1008343227.86,362797400.58,-302027533.13,2023,10,overview
Bahrain,82653175.22,2570972937.01,32316327.82,1005217331.77,114969503.05,-50336847.4,2023,10,overview
Oman,256165233.6,9145686127.06,28867231.54,1030626347.23,285032465.14,-227298002.07,2023,10,overview
Israel,58553405.97,1915312822.5,69339967.45,2268146943.3,127893373.42,10786561.48,2023,10,overview
Jordan,43214511.99,1386275856.41,24571719.81,788234793.09,67786231.79,-18642792.18,2023,10,overview
Lebanon,49601367.12,1701411620.85,33386472.97,1145213053.3,82987840.09,-16214894.15,2023,10,overview
Turkey,51316897.28,1619501271.34,112349150.12,3545607803.75,163666047.4,61032252.84,2023,10,overview
Egypt,51424642.83,1727241744.45,31926305.73,1072335070.51,83350948.56,-19498337.11,2023,10,overview
Yemen,46228501.03,1555074372.26,31814095.13,1070190097.24,78042596.15,-14414405.9,2023,10,overview
Malaysia,921661461.0,31366668521.87,755801885.56,25722012057.28,1677463346.57,-165859575.44,2023,10,overview
Singapore,791271449.89,26706751779.74,738496744.96,24925516092.53,1529768194.86,-52774704.93,2023,10,overview
Indonesia,678130642.69,22442784539.92,755382765.29,24999449338.12,1433513407.98,77252122.6,2023,10,overview
Vietnam,474631302.57,16162185383.18,1121290665.24,38182284863.81,1595921967.81,646659362.67,2023,10,overview
Philippines,322848851.6,11387840162.71,634013362.62,22363538847.19,956862214.22,311164511.02,2023,10,overview
Myanmar,241077851.56,7629780910.01,342903958.37,10852436499.7,583981809.93,101826106.81,2023,10,overview
Cambodia,46316851.81,1497484356.45,259823074.72,8400419602.16,306139926.53,213506222.91,2023,10,overview
Brunei Darussalam,48368991.54,1613871859.09,31512347.47,1051435830.6,79881339.01,-16856644.07,2023,10,overview
China,4558993136.81,147906534307.48,2928991668.4,95024711309.86,7487984805.21,-1630001468.41,2023,10,overview
Japan,2594354374.81,82614048796.77,2229351494.24,70990977531.16,4823705869.06,-365002880.57,2023,10,overview
"Korea, Republic of",898886017.28,30556059921.2,511719292.87,17395003454.42,1410605310.15,-387166724.41,2023,10,overview
Taiwan,621005023.46,21705152149.83,386505509.57,13509006489.57,1007510533.03,-234499513.89,2023,10,overview
Hong Kong,254056038.55,8572777628.61,951123259.38,32094368811.2,1205179297.94,697067220.83,2023,10,overview
India,582979916.69,18971187173.53,667300329.45,21715121033.45,1250280246.14,84320412.76,2023,10,overview
Bangladesh,47991359.56,1669896203.59,30507123.34,1061518779.87,78498482.9,-17484236.22,2023,10,overview
Pakistan,47291158.02,1505158948.5,32661184.95,1039523599.1,79952342.97,-14629973.07,2023,10,overview
Sri Lanka,46982367.08,1615390243.62,32220344.1,1107829016.33,79202711.18,-14762022.98,2023,10,overview
Germany,538328848.65,17388599725.13,360757638.8,11652859018.45,899086487.45,-177571209.85,2023,10,overview
United Kingdom,268591450.01,8430940772.84,353972476.91,11111005163.66,622563926.92,85381026.89,2023,10,overview
France,208991751.72,7459289144.19,190071588.53,6783994704.27,399063340.25,-18920163.2,2023,10,overview
Netherlands,226515203.11,7937434767.73,369850045.76,12960104098.19,596365248.87,143334842.66,2023,10,overview
Italy,50661238.72,1784115588.85,32091746.39,1130161568.17,82752985.11,-18569492.34,2023,10,overview
Spain,51389850.68,1564464670.75,29622651.19,901804356.9,81012501.88,-21767199.49,2023,10,overview
Belgium,50064805.62,1723153016.22,32232025.37,1109376358.09,82296830.99,-17832780.26,2023,10,overview
Switzerland,419468799.56,12598647929.77,28930489.23,868920521.91,448399288.79,-390538310.33,2023,10,overview
Sweden,48403292.72,1574588471.32,29503728.89,959774196.19,77907021.61,-18899563.84,2023,10,overview
Poland,52894019.23,1755303568.6,35043748.37,1162937085.73,87937767.6,-17850270.86,2023,10,overview
Russian Federation,297156824.56,9861617883.91,29612890.59,982750478.21,326769715.15,-267543933.97,2023,10,overview
United States of America,1129447669.4,38035526504.06,3256616997.69,109670545599.58,4386064667.09,2127169328.29,2023,10,overview
Canada,51245454.21,1724441378.75,208979236.31,7032281164.51,260224690.52,157733782.1,2023,10,overview
Brazil,216278562.89,6919503385.49,158903581.44,5083878194.13,375182144.32,-57374981.45,2023,10,overview
Mexico,45981576.49,1547294414.42,137840550.69,4638377594.28,183822127.19,91858974.2,2023,10,overview
Argentina,49502577.89,1669081226.76,26170981.12,882408454.84,75673559.01,-23331596.78,2023,10,overview
Chile,44595500.02,1487605468.81,30578255.83,1020021764.15,75173755.85,-14017244.19,2023,10,overview
South Africa,161911940.38,5011657944.67,207301511.01,6416600666.81,369213451.39,45389570.63,2023,10,overview
Nigeria,50188425.41,1688871859.25,118285958.62,3980396380.46,168474384.03,68097533.2,2023,10,overview
Kenya,51269576.48,1657988721.26,29387120.13,950339695.9,80656696.61,-21882456.35,2023,10,overview
Ghana,45898470.15,1546264669.15,32629834.74,1099260181.26,78528304.89,-13268635.41,2023,10,overview
Morocco,54100441.37,1732011932.18,29489089.67,944085738.95,83589531.04,-24611351.71,2023,10,overview
Algeria,46052233.65,1447896509.71,31108293.42,978054393.73,77160527.07,-14943940.23,2023,10,overview
Libya,57853809.49,1932924133.91,27076551.07,904640843.53,84930360.56,-30777258.43,2023,10,overview
Tanzania,56717558.18,1886625095.94,31689317.95,1054097962.4,88406876.13,-25028240.23,2023,10,overview
Australia,557940887.23,19056512939.9,717259306.11,24498045511.72,1275200193.33,159318418.88,2023,10,overview
New Zealand,56472785.67,1767112962.68,29178334.1,913031149.55,85651119.78,-27294451.57,2023,10,overview
Saudi Arabia,1192166125.21,39138235375.48,227927266.29,7482741547.57,1420093391.5,-964238858.91,2023,11,overview
United Arab Emirates,1339078328.92,44802384735.29,208521924.26,6976648994.02,1547600253.18,-1130556404.66,2023,11,overview
Kuwait,574599117.52,20173296681.91,28295331.32,993405830.33,602894448.85,-546303786.2,2023,11,overview
Qatar,502610559.85,16078356265.88,24687584.92,789748201.39,527298144.77,-477922974.94,2023,11,overview
Iran,138211259.27,4677672442.76,37843934.32,1280803963.49,176055193.59,-100367324.96,2023,11,overview
Iraq,343290300.18,12004933799.72,29497490.78,1031533439.36,372787790.96,-313792809.4,2023,11,overview
Bahrain,74736860.77,2391059272.4,34106355.35,1091165943.8,108843216.12,-40630505.41,2023,11,overview
Oman,298917921.98,9919629711.73,29012310.18,962777247.32,327930232.16,-269905611.8,2023,11,overview
Israel,51226065.39,1632591301.39,61420196.79,1957481572.03,112646262.18,10194131.4,2023,11,overview
Jordan,45022918.98,1453070744.88,35623531.1,1149714679.55,80646450.08,-9399387.88,2023,11,overview
Lebanon,52233683.36,1701803747.38,25862816.47,842625584.9,78096499.83,-26370866.89,2023,11,overview
Turkey,48963296.3,1415838284.88,123210608.41,3562797230.86,172173904.71,74247312.1,2023,11,overview
Egypt,50124140.45,1678482959.92,26950053.89,902463479.91,77074194.34,-23174086.56,2023,11,overview
Yemen,45365566.59,1478443790.16,27648741.89,901060293.5,73014308.48,-17716824.7,2023,11,overview
Malaysia,906044963.58,28277605640.99,761357093.59,23761906428.46,1667402057.17,-144687869.99,2023,11,overview
Singapore,675395202.12,20975024066.68,695435806.55,21597403614.05,1370831008.67,20040604.43,2023,11,overview
Indonesia,682633935.68,21897247307.97,786691614.6,25235166228.37,1469325550.27,104057678.92,2023,11,overview
Vietnam,462012101.46,16021147780.3,1208687188.71,41913525661.44,1670699290.17,746675087.25,2023,11,overview
Philippines,269035778.35,8179026137.66,586469779.75,17829419146.55,855505558.1,317434001.41,2023,11,overview
Myanmar,239553196.14,7598163375.99,297612156.03,9439681125.64,537165352.17,58058959.89,2023,11,overview
Cambodia,47658197.65,1578230663.98,263363063.61,8721430588.09,311021261.26,215704865.96,2023,11,overview
Brunei Darussalam,53644400.71,1720160942.72,27074941.6,868184870.09,80719342.3,-26569459.11,2023,11,overview
China,5145540967.93,158277947914.27,3255798820.4,100149072629.24,8401339788.33,-1889742147.53,2023,11,overview
Japan,2927923751.95,96173263819.04,2428181265.96,79758264653.03,5356105017.91,-499742485.99,2023,11,overview
"Korea, Republic of",634642797.77,22389566135.35,514496468.64,18150923245.91,1149139266.41,-120146329.14,2023,11,overview
Taiwan,698996705.45,22528879897.7,317703654.18,10239686986.17,1016700359.63,-381293051.26,2023,11,overview
Hong Kong,338824815.88,11506504275.68,1061353835.23,36043618621.83,1400178651.11,722529019.36,2023,11,overview
India,559648210.7,18300016999.64,655904574.29,21447517619.13,1215552784.99,96256363.58,2023,11,overview
Bangladesh,49158300.43,1733487746.59,30984909.26,1092632577.97,80143209.68,-18173391.17,2023,11,overview
Pakistan,53892303.45,1796553421.21,26309813.79,877063753.81,80202117.24,-27582489.67,2023,11,overview
Sri Lanka,52382284.81,1679174345.46,31149421.97,998530522.92,83531706.78,-21232862.84,2023,11,overview
Germany,609987682.03,19138496092.38,355302538.87,11147694374.93,965290220.9,-254685143.16,2023,11,overview
United Kingdom,251955401.34,7998502530.45,404904933.69,12853993681.01,656860335.03,152949532.35,2023,11,overview
France,193658780.86,6385551023.59,214919507.31,7086585353.09,408578288.17,21260726.46,2023,11,overview
Netherlands,192570110.72,6433531883.04,361935452.23,12091820806.51,554505562.94,169365341.51,2023,11,overview
Italy,53544456.42,1791624529.85,32746463.73,1095713199.95,86290920.15,-20797992.69,2023,11,overview
Spain,50621150.31,1707638487.21,30188385.12,1018365801.26,80809535.42,-20432765.19,2023,11,overview
Belgium,49684995.27,1728786463.2,29678555.22,1032663568.37,79363550.49,-20006440.05,2023,11,overview
Switzerland,443731550.12,14649811205.59,26100466.29,861707722.61,469832016.4,-417631083.83,2023,11,overview
Sweden,46741273.23,1570683196.75,28941629.35,972547980.97,75682902.58,-17799643.88,2023,11,overview
Poland,52115857.45,1570250237.61,29413766.97,886236489.97,81529624.42,-22702090.48,2023,11,overview
Russian Federation,273885957.73,7912390132.45,31808648.82,918931518.46,305694606.55,-242077308.92,2023,11,overview
United States of America,1299977081.16,45465741789.36,3297878238.91,115340864570.83,4597855320.07,1997901157.75,2023,11,overview
Canada,48680862.2,1637894089.42,165235993.07,5559454869.14,213916855.28,116555130.87,2023,11,overview
Brazil,272554469.81,8723368214.97,159378297.28,5101055849.69,431932767.09,-113176172.54,2023,11,overview
Mexico,49810009.16,1582518797.23,142074167.82,4513852636.28,191884176.98,92264158.65,2023,11,overview
Argentina,53247457.71,1685775925.41,26836579.28,849626652.99,80084036.99,-26410878.43,2023,11,overview
Chile,45097669.23,1498127499.43,26141556.28,868412603.44,71239225.51,-18956112.95,2023,11,overview
South Africa,162189364.19,4985924600.71,175446171.78,5393457137.82,337635535.97,13256807.59,2023,11,overview
Nigeria,52790607.19,1690916750.31,134730120.98,4315491532.54,187520728.17,81939513.79,2023,11,overview
Kenya,47572867.92,1685640419.57,30904384.6,1095029206.91,78477252.52,-16668483.32,2023,11,overview
Ghana,47409509.67,1609416689.03,26516231.24,900149893.58,73925740.91,-20893278.43,2023,11,overview
Morocco,52628845.39,1692691034.27,29694558.52,955060149.92,82323403.9,-22934286.87,2023,11,overview
Algeria,53401754.76,1700704199.7,30933768.69,985158456.94,84335523.45,-22467986.08,2023,11,overview
Libya,49660950.88,1689904337.55,26470505.64,900760486.78,76131456.52,-23190445.25,2023,11,overview
Tanzania,48428921.02,1595766279.94,28645448.2,943887234.04,77074369.22,-19783472.82,2023,11,overview
Australia,595514132.03,20179970503.92,848131251.68,28740314833.89,1443645383.71,252617119.66,2023,11,overview
New Zealand,48847703.01,1641336841.0,31493253.65,1058208150.57,80340956.67,-17354449.36,2023,11,overview
Saudi Arabia,1244043173.48,40776831215.22,212524840.16,6966068156.72,1456568013.64,-1031518333.31,2023,12,overview
United Arab Emirates,1072049703.04,34749833121.79,166690931.97,5403184248.33,1238740635.01,-905358771.07,2023,12,overview
Kuwait,596344301.27,18998992134.11,27696606.88,882388940.67,624040908.15,-568647694.38,2023,12,overview
Qatar,448943253.34,15078803747.88,26003895.82,873401345.86,474947149.15,-422939357.52,2023,12,overview
Iran,130215165.01,4364607960.59,37615487.42,1260812101.4,167830652.43,-92599677.59,2023,12,overview
Iraq,299040555.46,9972980862.53,27907746.34,930721318.88,326948301.8,-271132809.12,2023,12,overview
Bahrain,69360914.82,2279170977.71,26407137.78,867727627.15,95768052.6,-42953777.04,2023,12,overview
Oman,257790149.87,8216609680.58,24550939.79,782518221.35,282341089.66,-233239210.08,2023,12,overview
Israel,39503576.91,1251490064.44,45782801.69,1450418567.37,85286378.6,6279224.77,2023,12,overview
Jordan,42334784.16,1379819955.08,25972504.71,846523278.66,68307288.87,-16362279.45,2023,12,overview
Lebanon,34842277.08,1206578305.84,29004907.57,1004431832.99,63847184.65,-5837369.51,2023,12,overview
Turkey,44464369.84,1402137385.2,118763827.11,3745093040.08,163228196.95,74299457.28,2023,12,overview
Egypt,49416696.41,1648447441.04,23770886.83,792951783.72,73187583.24,-25645809.58,2023,12,overview
Yemen,38558126.73,1294752967.38,25790281.59,866018306.63,64348408.33,-12767845.14,2023,12,overview
Malaysia,848040472.19,28111287972.9,726164230.31,24071270727.62,1574204702.5,-121876241.87,2023,12,overview
Singapore,658224206.07,22522043411.69,532824740.82,18231328828.07,1191048946.89,-125399465.26,2023,12,overview
Indonesia,569631263.25,19842573981.94,691161561.04,24075968601.45,1260792824.29,121530297.79,2023,12,overview
Vietnam,372018574.54,13426386232.7,1123789387.96,40558271547.44,1495807962.5,751770813.42,2023,12,overview
Philippines,262793293.51,9080955752.73,539891853.78,18656237265.21,802685147.29,277098560.27,2023,12,overview
Myanmar,209935717.04,6514032531.46,261356430.85,8109550470.22,471292147.89,51420713.81,2023,12,overview
Cambodia,43409498.44,1466123015.59,267865092.01,9046941119.65,311274590.45,224455593.56,2023,12,overview
Brunei Darussalam,46592712.12,1500336109.94,24163287.67,778084197.74,70755999.79,-22429424.45,2023,12,overview
China,4944376923.1,164648002125.15,2545020328.73,84749305930.96,7489397251.84,-2399356594.37,2023,12,overview
Japan,2562190570.6,90791975682.71,1925334412.25,68224790592.86,4487524982.85,-636856158.35,2023,12,overview
"Korea, Republic of",657933678.14,21266975565.88,390614833.21,12626190738.65,1048548511.35,-267318844.93,2023,12,overview
Taiwan,504813966.34,15925773633.05,284874645.91,8987170377.72,789688612.25,-219939320.43,2023,12,overview
Hong Kong,270323969.23,9280683010.1,812407597.84,27891338722.61,1082731567.06,542083628.61,2023,12,overview
India,525103256.57,17158755828.95,638629743.1,20868451471.05,1163732999.67,113526486.53,2023,12,overview
Bangladesh,43418014.59,1424081829.39,22617311.04,741832669.65,66035325.63,-20800703.56,2023,12,overview
Pakistan,39978014.01,1473554758.86,27190867.81,1002231692.78,67168881.81,-12787146.2,2023,12,overview
Sri Lanka,44650054.05,1449258362.05,21656658.38,702935168.25,66306712.43,-22993395.66,2023,12,overview
Germany,433540488.32,13831580495.44,345867015.76,11034465287.82,779407504.08,-87673472.56,2023,12,overview
United Kingdom,218879143.53,6912780518.49,270660299.88,8548165978.62,489539443.41,51781156.35,2023,12,overview
France,180605731.87,6105795302.92,157779474.76,5334100783.67,338385206.62,-22826257.11,2023,12,overview
Netherlands,152918727.02,4868717435.34,342964453.78,10919506383.28,495883180.8,190045726.76,2023,12,overview
Italy,42165113.21,1355691668.96,26441327.81,850140912.55,68606441.02,-15723785.41,2023,12,overview
Spain,43425885.01,1495627424.91,26945695.14,928034526.51,70371580.15,-16480189.87,2023,12,overview
Belgium,45651863.19,1496470464.85,25405933.0,832807813.33,71057796.19,-20245930.2,2023,12,overview
Switzerland,408013905.55,12900283577.84,27717531.39,876352521.73,435731436.94,-380296374.16,2023,12,overview
Sweden,43276759.35,1419347817.82,25069337.02,822199012.37,68346096.37,-18207422.33,2023,12,overview
Poland,38710427.3,1382633247.93,24911108.6,889758377.65,63621535.9,-13799318.7,2023,12,overview
Russian Federation,269533604.41,9386530748.23,20626214.57,718309680.56,290159818.98,-248907389.84,2023,12,overview
United States of America,1120220340.83,38172511064.7,2668755716.79,90940240428.37,3788976057.62,1548535375.96,2023,12,overview
Canada,39981583.51,1409263640.54,165272646.8,5825500429.45,205254230.31,125291063.29,2023,12,overview
Brazil,210000156.12,6910064621.81,109534284.96,3604230593.66,319534441.07,-100465871.16,2023,12,overview
Mexico,42663408.4,1408809938.14,141147989.74,4660918997.14,183811398.14,98484581.34,2023,12,overview
Argentina,41485338.62,1376532710.04,27913651.7,926208050.95,69398990.33,-13571686.92,2023,12,overview
Chile,40357255.43,1343512915.13,28140218.97,936801752.79,68497474.4,-12217036.46,2023,12,overview
South Africa,128830149.16,4044493373.32,156759801.68,4921316813.03,285589950.84,27929652.52,2023,12,overview
Nigeria,41121018.5,1344986456.29,103069532.1,3371198715.47,144190550.6,61948513.61,2023,12,overview
Kenya,47303700.69,1621682301.53,26208029.98,898473010.84,73511730.67,-21095670.7,2023,12,overview
Ghana,42965603.24,1443484936.87,27936799.31,938572856.87,70902402.55,-15028803.94,2023,12,overview
Morocco,42979428.23,1356789291.84,25732626.21,812336346.32,68712054.44,-17246802.02,2023,12,overview
Algeria,44674419.86,1440616555.99,25677146.08,828011239.4,70351565.94,-18997273.78,2023,12,overview
Libya,46733660.7,1512593633.22,23183554.81,750364873.73,69917215.51,-23550105.88,2023,12,overview
Tanzania,46463204.66,1529950235.14,26410229.68,869641631.42,72873434.34,-20052974.99,2023,12,overview
Australia,525545362.03,16147384496.68,696792979.3,21408968595.53,1222338341.33,171247617.26,2023,12,overview
New Zealand,41733735.18,1335939172.61,29091327.83,931242896.42,70825063.0,-12642407.35,2023,12,overview
Saudi Arabia,1232787937.37,40521094956.79,201697996.46,6629707688.84,1434485933.83,-1031089940.91,2024,1,overview
United Arab Emirates,964790375.58,32123631515.73,175234432.0,5834600411.67,1140024807.58,-789555943.57,2024,1,overview
Kuwait,537313207.46,17457031691.44,23172895.08,752875526.18,560486102.54,-514140312.38,2024,1,overview
Qatar,414052289.89,13171072986.85,26222229.35,834133526.19,440274519.24,-387830060.55,2024,1,overview
Iran,135766416.5,4278908261.95,36935073.54,1164071317.51,172701490.04,-98831342.96,2024,1,overview
Iraq,283575521.38,10477712641.06,24223370.63,895019130.7,307798892.0,-259352150.75,2024,1,overview
Bahrain,65146352.5,2026054950.8,28695513.89,892431974.51,93841866.39,-36450838.6,2024,1,overview
Oman,232969464.44,7392462647.72,23910312.43,758709266.63,256879776.87,-209059152.02,2024,1,overview
Israel,41262954.94,1310964830.09,47730865.84,1516456747.11,88993820.77,6467910.9,2024,1,overview
Jordan,46074578.87,1586068757.22,27776958.29,956192477.5,73851537.16,-18297620.58,2024,1,overview
Lebanon,43934289.81,1417076528.12,25487711.97,822092232.23,69422001.78,-18446577.85,2024,1,overview
Turkey,38951348.68,1216822776.6,104138813.21,3253250121.75,143090161.9,65187464.53,2024,1,overview
Egypt,38813840.07,1391513954.05,27633496.43,990687749.97,66447336.5,-11180343.64,2024,1,overview
Yemen,43493382.27,1419242452.51,27539469.28,898646687.84,71032851.54,-15953912.99,2024,1,overview
Malaysia,753084914.91,25494886994.46,707707609.5,23958686692.48,1460792524.41,-45377305.42,2024,1,overview
Singapore,678534857.41,23370990421.3,537537694.91,18514580616.69,1216072552.33,-140997162.5,2024,1,overview
Indonesia,543780447.94,17122471870.34,593346702.71,18683206181.72,1137127150.65,49566254.77,2024,1,overview
Vietnam,424533087.94,13573866733.32,923924181.74,29541216152.29,1348457269.68,499391093.8,2024,1,overview
Philippines,238715507.42,7345022726.33,495450574.71,15244488178.92,734166082.13,256735067.29,2024,1,overview
Myanmar,212304190.87,7049186377.82,278245425.89,9238648836.24,490549616.76,65941235.02,2024,1,overview
Cambodia,47366056.66,1618337233.31,280000123.28,9566652931.98,327366179.94,232634066.62,2024,1,overview
Brunei Darussalam,42418606.91,1448413011.45,25345540.79,865441223.36,67764147.69,-17073066.12,2024,1,overview
China,4084543114.39,137804340432.16,2148977799.9,72502226081.39,6233520914.3,-1935565314.49,2024,1,overview
Japan,2301071709.3,75936139387.53,1868210092.33,61651560619.8,4169281801.63,-432861616.97,2024,1,overview
"Korea, Republic of",669532459.94,22260774139.14,374032649.55,12435926307.37,1043565109.49,-295499810.4,2024,1,overview
Taiwan,635960889.05,22200583784.24,268522761.05,9373787220.88,904483650.1,-367438128.0,2024,1,overview
Hong Kong,221422142.5,7170337454.01,986182135.61,31935643940.59,1207604278.11,764759993.11,2024,1,overview
India,469236694.7,15441076141.28,500978894.48,16485610231.12,970215589.18,31742199.79,2024,1,overview
Bangladesh,42937413.21,1380668768.71,25125607.9,807923429.2,68063021.11,-17811805.31,2024,1,overview
Pakistan,38973589.02,1287929434.73,27588185.88,911685003.42,66561774.9,-11385403.15,2024,1,overview
Sri Lanka,47364138.02,1532126040.76,24234399.71,783929707.97,71598537.73,-23129738.3,2024,1,overview
Germany,449179379.18,14005325434.92,293534649.03,9152353105.55,742714028.21,-155644730.16,2024,1,overview
United Kingdom,229344246.52,6942576808.33,267493400.15,8097405993.29,496837646.67,38149153.63,2024,1,overview
France,193879326.86,6451563203.82,149859420.54,4986748917.27,343738747.4,-44019906.32,2024,1,overview
Netherlands,169598856.2,5528757262.56,228798363.35,7458603444.46,398397219.55,59199507.15,2024,1,overview
Italy,43679314.03,1500615108.45,26017122.19,893825544.26,69696436.22,-17662191.84,2024,1,overview
Spain,40859529.3,1306115974.95,26742108.99,854838427.09,67601638.29,-14117420.31,2024,1,overview
Belgium,37408689.92,1152443312.24,22673397.77,698495608.44,60082087.68,-14735292.15,2024,1,overview
Switzerland,364578693.32,12180959963.23,22234503.22,742878282.41,386813196.54,-342344190.1,2024,1,overview
Sweden,41269615.72,1446310642.31,25092239.29,879367837.3,66361855.01,-16177376.43,2024,1,overview
Poland,40687705.01,1344986815.32,26537881.56,877245369.15,67225586.58,-14149823.45,2024,1,overview
Russian Federation,249923137.35,7707126555.93,29955137.51,923756152.47,279878274.86,-219967999.84,2024,1,overview
United States of America,1116368113.4,36037158121.73,2840380468.11,91689505304.62,3956748581.51,1724012354.72,2024,1,overview
Canada,47662901.13,1535572368.46,143729500.88,4630583637.31,191392402.02,96066599.75,2024,1,overview
Brazil,190450266.82,5966883772.51,130670284.66,4093952789.5,321120551.49,-59779982.16,2024,1,overview
Mexico,43627535.71,1408339131.67,124613263.47,4022636905.84,168240799.19,80985727.76,2024,1,overview
Argentina,43477703.38,1363767197.24,24756309.83,776532352.29,68234013.21,-18721393.54,2024,1,overview
Chile,51616631.55,1531650574.98,24313973.62,721482796.49,75930605.17,-27302657.93,2024,1,overview
South Africa,117977961.26,4039473184.81,136410191.9,4670578355.61,254388153.16,18432230.64,2024,1,overview
Nigeria,43251708.31,1403300218.43,104427978.84,3388162254.48,147679687.15,61176270.54,2024,1,overview
Kenya,41224325.17,1355382029.16,24549235.45,807134923.84,65773560.61,-16675089.72,2024,1,overview
Ghana,44984524.79,1518235325.0,25980216.63,876836708.44,70964741.42,-19004308.15,2024,1,overview
Morocco,43851845.38,1466064764.27,27090111.49,905682704.41,70941956.88,-16761733.89,2024,1,overview
Algeria,43377180.83,1388175241.88,27706143.83,886663959.67,71083324.66,-15671037.0,2024,1,overview
Libya,39279961.7,1307016051.58,22899694.68,761972956.04,62179656.38,-16380267.01,2024,1,overview
Tanzania,35913409.91,1179260282.36,26235399.89,861471109.63,62148809.8,-9678010.02,2024,1,overview
Australia,551930215.05,18045370839.12,638401049.7,20872536729.74,1190331264.75,86470834.65,2024,1,overview
New Zealand,45952232.58,1469541895.51,28099466.55,898614518.15,74051699.13,-17852766.03,2024,1,overview
Saudi Arabia,1239644115.49,41603051679.28,208442409.18,6995427326.98,1448086524.66,-1031201706.31,2024,2,overview
United Arab Emirates,956966583.44,28867322623.91,179617363.62,5418237662.9,1136583947.06,-777349219.82,2024,2,overview
Kuwait,472283807.82,15909275470.86,25313204.58,852696489.03,497597012.4,-446970603.24,2024,2,overview
Qatar,451369065.08,14701852162.98,26780030.64,872270791.03,478149095.72,-424589034.44,2024,2,overview
Iran,134893741.41,4639849789.22,30722064.52,1056726302.55,165615805.93,-104171676.88,2024,2,overview
Iraq,326399166.86,10822957554.04,26812715.73,889073605.89,353211882.59,-299586451.13,2024,2,overview
Bahrain,63436993.34,2122970331.52,21449104.02,717811628.01,84886097.35,-41987889.32,2024,2,overview
Oman,222572503.19,6947351695.07,22886921.73,714389658.26,245459424.93,-199685581.46,2024,2,overview
Israel,39229054.98,1310659276.6,48765639.59,1629280591.53,87994694.57,9536584.61,2024,2,overview
Jordan,38772515.88,1267384061.52,26527949.65,867137450.42,65300465.53,-12244566.23,2024,2,overview
Lebanon,38162504.4,1371763785.85,24879901.38,894316246.91,63042405.79,-13282603.02,2024,2,overview
Turkey,41821231.51,1284280167.42,94912468.99,2914648783.9,136733700.51,53091237.48,2024,2,overview
Egypt,40014248.19,1297207053.22,24896784.48,807119611.11,64911032.67,-15117463.7,2024,2,overview
Yemen,35302788.39,1242015912.0,22774644.66,801253168.79,58077433.05,-12528143.72,2024,2,overview
Malaysia,908032398.74,30881396597.4,605443211.31,20590600017.81,1513475610.06,-302589187.43,2024,2,overview
Singapore,590223738.82,19694499409.64,588963663.84,19652453412.1,1179187402.67,-1260074.98,2024,2,overview
Indonesia,613527813.03,20870041643.7,527112312.66,17930492607.57,1140640125.69,-86415500.37,2024,2,overview
Vietnam,407041620.09,13990957369.08,1044120853.34,35888836979.14,1451162473.43,637079233.24,2024,2,overview
Philippines,245661090.68,8394127514.18,465257561.11,15897638832.87,710918651.79,219596470.43,2024,2,overview
Myanmar,202665816.28,6408246832.62,227312054.16,7187555246.42,429977870.44,24646237.88,2024,2,overview
Cambodia,35916072.61,1244636947.53,234398807.83,8122865209.91,270314880.44,198482735.22,2024,2,overview
Brunei Darussalam,41308595.43,1413054851.71,23401804.13,800512157.99,64710399.57,-17906791.3,2024,2,overview
China,3801668034.09,124430702556.01,2462390978.63,80595421980.93,6264059012.72,-1339277055.46,2024,2,overview
Japan,2596070037.3,82359551890.45,1708321482.79,54195992321.32,4304391520.09,-887748554.51,2024,2,overview
"Korea, Republic of",566259459.64,19715535593.49,398833140.15,13886229777.88,965092599.79,-167426319.49,2024,2,overview
Taiwan,547151516.45,18771448053.88,273456317.18,9381626292.76,820607833.63,-273695199.28,2024,2,overview
Hong Kong,265265143.87,9026196224.04,808811452.12,27521485742.92,1074076595.98,543546308.25,2024,2,overview
India,409420987.66,14830480772.51,633066929.2,22931621006.46,1042487916.86,223645941.54,2024,2,overview
Bangladesh,42427461.45,1364579788.54,20362631.68,654916289.61,62790093.13,-22064829.77,2024,2,overview
Pakistan,42725955.84,1491490391.58,23613500.74,824307116.69,66339456.58,-19112455.1,2024,2,overview
Sri Lanka,42645579.09,1409368037.17,23056340.4,761975095.76,65701919.48,-19589238.69,2024,2,overview
Germany,378167600.89,12164937036.7,321073954.17,10328342320.6,699241555.06,-57093646.72,2024,2,overview
United Kingdom,222784661.0,6873623601.39,333366875.0,10285440701.6,556151535.99,110582214.0,2024,2,overview
France,137850747.74,4235102566.11,159721252.77,4907016454.9,297572000.5,21870505.03,2024,2,overview
Netherlands,163518957.9,5762606399.74,302186151.2,10649406473.37,465705109.1,138667193.29,2024,2,overview
Italy,41385377.27,1242903140.69,24059881.54,722576530.58,65445258.81,-17325495.74,2024,2,overview
Spain,40814486.61,1385996099.67,24576866.59,834591932.19,65391353.21,-16237620.02,2024,2,overview
Belgium,38420676.27,1182703547.62,23586972.17,726077684.41,62007648.44,-14833704.1,2024,2,overview
Switzerland,266106967.5,8154717966.89,22270388.19,682465161.99,288377355.69,-243836579.31,2024,2,overview
Sweden,41826287.56,1346498798.1,23424547.92,754098139.17,65250835.48,-18401739.64,2024,2,overview
Poland,37521620.82,1323104883.21,18117834.58,638879528.08,55639455.4,-19403786.25,2024,2,overview
Russian Federation,224819711.28,6928417817.42,23631218.76,728258906.64,248450930.04,-201188492.52,2024,2,overview
United States of America,1053504952.86,33459793562.94,2636576381.0,83738857783.3,3690081333.86,1583071428.15,2024,2,overview
Canada,39451151.85,1297569918.83,184788944.99,6077809268.01,224240096.83,145337793.14,2024,2,overview
Brazil,200685091.12,6052286720.62,112985495.97,3407431080.69,313670587.09,-87699595.14,2024,2,overview
Mexico,40207707.32,1393171997.1,125369116.97,4343961760.1,165576824.29,85161409.65,2024,2,overview
Argentina,33402815.46,1073195328.91,22237936.68,714480185.06,55640752.14,-11164878.78,2024,2,overview
Chile,40717824.9,1336255873.86,24153959.13,792671756.08,64871784.03,-16563865.77,2024,2,overview
South Africa,126176638.97,4340629327.35,136029371.81,4679575280.1,262206010.78,9852732.84,2024,2,overview
Nigeria,42141499.21,1491866468.1,95248911.69,3371941201.84,137390410.9,53107412.49,2024,2,overview
Kenya,45800488.92,1304039070.36,26261310.42,747716359.28,72061799.34,-19539178.5,2024,2,overview
Ghana,45873896.09,1651901243.15,25991252.91,935934957.6,71865149.01,-19882643.18,2024,2,overview
Morocco,44761238.79,1536115399.58,27523159.93,944539314.79,72284398.73,-17238078.86,2024,2,overview
Algeria,45123658.67,1503738349.33,28336011.91,944292839.6,73459670.59,-16787646.76,2024,2,overview
Libya,35606315.48,1195835199.79,23836413.94,800544017.12,59442729.42,-11769901.54,2024,2,overview
Tanzania,40973175.38,1251869757.72,22000471.36,672189169.9,62973646.74,-18972704.02,2024,2,overview
Australia,459770539.66,16262318312.57,693776822.19,24539239788.38,1153547361.84,234006282.53,2024,2,overview
New Zealand,43715649.47,1437317074.77,26504770.35,871444424.12,70220419.82,-17210879.13,2024,2,overview
Saudi Arabia,1175302491.5,38328792532.38,219315358.59,7152280318.79,1394617850.09,-955987132.91,2024,3,overview
United Arab Emirates,1049057612.65,35313513356.7,182880055.21,6156132126.87,1231937667.86,-866177557.44,2024,3,overview
Kuwait,583526763.73,17590041355.63,26704808.1,804999372.8,610231571.82,-556821955.63,2024,3,overview
Qatar,437623536.39,15244270991.65,27408007.22,954736330.71,465031543.61,-410215529.17,2024,3,overview
Iran,130359199.32,4358577017.19,37909877.1,1267521739.37,168269076.43,-92449322.22,2024,3,overview
Iraq,319764931.09,10235271966.36,29345715.3,939319318.56,349110646.39,-290419215.79,2024,3,overview
Bahrain,69481913.62,2226185243.21,27286496.7,874253357.9,96768410.32,-42195416.92,2024,3,overview
Oman,284225068.56,9475909255.91,25754174.81,858630186.09,309979243.37,-258470893.74,2024,3,overview
Israel,45156037.5,1459009088.0,55564226.47,1795301710.89,100720263.97,10408188.97,2024,3,overview
Jordan,44285986.79,1474861167.57,27522280.25,916577575.05,71808267.04,-16763706.54,2024,3,overview
Lebanon,45505531.36,1434056519.93,31038716.75,978150848.83,76544248.11,-14466814.61,2024,3,overview
Turkey,45287024.51,1519747503.51,95496482.35,3204682625.98,140783506.86,50209457.83,2024,3,overview
Egypt,41459477.2,1345024358.87,26704392.09,866341311.56,68163869.29,-14755085.11,2024,3,overview
Yemen,46543745.19,1494381956.09,26104651.85,838143138.92,72648397.03,-20439093.34,2024,3,overview
Malaysia,1014994879.13,32640635398.83,744914091.66,23955262996.01,1759908970.79,-270080787.48,2024,3,overview
Singapore,713718091.39,23300934873.74,669664679.03,21862711988.99,1383382770.42,-44053412.36,2024,3,overview
Indonesia,602150046.83,19374966741.01,645394585.3,20766416428.67,1247544632.13,43244538.47,2024,3,overview
Vietnam,433558707.94,13576327249.82,980658778.05,30708054635.75,1414217486.0,547100070.11,2024,3,overview
Philippines,255004349.82,8269317794.21,572101653.51,18552194842.07,827106003.33,317097303.69,2024,3,overview
Myanmar,223832097.58,7821255470.19,300876423.35,10513377649.84,524708520.93,77044325.77,2024,3,overview
Cambodia,44493428.33,1410590932.64,259340632.29,8221968009.44,303834060.62,214847203.96,2024,3,overview
Brunei Darussalam,48043691.76,1557588866.06,26865214.69,870977182.62,74908906.46,-21178477.07,2024,3,overview
China,4255773817.22,142483678875.3,2563077889.63,85812071468.84,6818851706.85,-1692695927.59,2024,3,overview
Japan,2443826738.9,78689346661.36,2358903047.67,75954868937.33,4802729786.58,-84923691.23,2024,3,overview
"Korea, Republic of",719614545.65,23733931942.85,406520052.69,13407621236.01,1126134598.34,-313094492.96,2024,3,overview
Taiwan,620552770.61,21848150981.57,317369195.4,11173796051.63,937921966.01,-303183575.2,2024,3,overview
Hong Kong,277007702.3,8845692534.89,852538989.42,27224144714.37,1129546691.72,575531287.12,2024,3,overview
India,524569130.09,17532609529.29,703503379.62,23513106947.99,1228072509.71,178934249.53,2024,3,overview
Bangladesh,48028895.58,1687187698.87,28644776.93,1006250813.89,76673672.5,-19384118.65,2024,3,overview
Pakistan,38421075.79,1324589796.64,28770373.38,991876001.56,67191449.17,-9650702.41,2024,3,overview
Sri Lanka,40645647.84,1289435454.64,25377315.02,805065522.86,66022962.85,-15268332.82,2024,3,overview
Germany,428668223.68,14302045556.9,350132643.25,11681791973.52,778800866.93,-78535580.43,2024,3,overview
United Kingdom,243366659.27,7725252456.83,346210404.78,10989848766.09,589577064.06,102843745.51,2024,3,overview
France,169778826.32,5767406407.95,201250471.47,6836501841.38,371029297.79,31471645.15,2024,3,overview
Netherlands,183290397.86,6040389008.94,330711974.09,10898710443.6,514002371.95,147421576.22,2024,3,overview
Italy,47431195.89,1584354073.54,26578194.27,887796935.5,74009390.16,-20853001.62,2024,3,overview
Spain,40019928.13,1280016720.44,25809691.32,825509639.19,65829619.45,-14210236.82,2024,3,overview
Belgium,44157429.63,1421855305.09,25288068.54,814267830.1,69445498.17,-18869361.09,2024,3,overview
Switzerland,320046736.98,10521930046.68,28511410.54,937347682.63,348558147.52,-291535326.44,2024,3,overview
Sweden,39311035.63,1317112401.8,25488396.65,853986235.35,64799432.27,-13822638.98,2024,3,overview
Poland,43543328.41,1432057817.44,25789682.91,848173953.79,69333011.32,-17753645.5,2024,3,overview
Russian Federation,280632606.14,9492451986.84,24174069.88,817692572.61,304806676.03,-256458536.26,2024,3,overview
United States of America,1022554367.19,33689965587.86,2909154921.53,95847548395.68,3931709288.72,1886600554.35,2024,3,overview
Canada,43601434.22,1420162814.39,167172023.03,5445038562.74,210773457.25,123570588.81,2024,3,overview
Brazil,257198722.71,9140448969.88,121686200.29,4324541321.14,378884923.0,-135512522.42,2024,3,overview
Mexico,44575015.4,1398315281.53,136948932.73,4296078951.44,181523948.13,92373917.33,2024,3,overview
Argentina,42712127.21,1342504412.93,26213642.41,823932988.62,68925769.62,-16498484.79,2024,3,overview
Chile,44760023.77,1601342296.37,26423170.28,945319877.03,71183194.05,-18336853.5,2024,3,overview
South Africa,123824232.02,4132233719.98,165221272.67,5513726215.45,289045504.7,41397040.65,2024,3,overview
Nigeria,41623082.67,1348692330.79,115252872.31,3734482287.71,156875954.98,73629789.64,2024,3,overview
Kenya,36444381.02,1141605244.89,28754271.4,900715724.3,65198652.42,-7690109.62,2024,3,overview
Ghana,41705186.24,1354553494.43,28815566.05,935908197.75,70520752.29,-12889620.19,2024,3,overview
Morocco,48863053.58,1565211007.32,29956712.92,959591621.2,78819766.5,-18906340.66,2024,3,overview
Algeria,48409630.92,1759674296.49,25661818.15,932798720.77,74071449.07,-22747812.77,2024,3,overview
Libya,42997314.91,1473332450.17,29554501.06,1012705224.75,72551815.97,-13442813.85,2024,3,overview
Tanzania,46671919.82,1529574336.61,25847363.19,847093146.41,72519283.01,-20824556.63,2024,3,overview
Australia,452138199.46,15157672251.74,741409540.9,24855327062.91,1193547740.37,289271341.44,2024,3,overview
New Zealand,46006993.72,1430888600.72,20815826.02,647404356.46,66822819.73,-25191167.7,2024,3,overview
Saudi Arabia,1324440146.23,44281342919.44,240269993.63,8033188975.26,1564710139.86,-1084170152.6,2024,4,overview
United Arab Emirates,1111652622.92,34973299013.84,197378956.26,6209667583.33,1309031579.18,-914273666.65,2024,4,overview
Kuwait,591009394.06,19838017594.69,29245068.7,981649688.39,620254462.76,-561764325.35,2024,4,overview
Qatar,462744681.14,15612910000.0,32301496.58,1089845825.45,495046177.72,-430443184.56,2024,4,overview
Iran,129961854.82,4435432412.21,38312907.39,1307570682.77,168274762.21,-91648947.43,2024,4,overview
Iraq,313243037.54,10516524336.57,30630219.64,1028349912.75,343873257.19,-282612817.9,2024,4,overview
Bahrain,61053476.87,1977580499.39,28850460.64,934494008.81,89903937.51,-32203016.23,2024,4,overview
Oman,293858033.02,9783339992.59,30303260.25,1008878657.71,324161293.27,-263554772.77,2024,4,overview
Israel,53214130.89,1805940025.57,55544389.36,1885022535.69,108758520.26,2330258.47,2024,4,overview
Jordan,49982234.27,1707801050.71,27955582.19,955190845.9,77937816.45,-22026652.08,2024,4,overview
Lebanon,44724345.14,1387853094.0,27222530.78,844749620.19,71946875.93,-17501814.36,2024,4,overview
Turkey,47865226.91,1664221036.17,115632469.11,4020413146.75,163497696.02,67767242.2,2024,4,overview
Egypt,49930382.62,1559462182.47,27533070.82,859932979.76,77463453.43,-22397311.8,2024,4,overview
Yemen,48584408.01,1658320786.74,30678637.65,1047147111.73,79263045.66,-17905770.36,2024,4,overview
Malaysia,1020647078.03,32966973645.5,738597359.91,23856747570.11,1759244437.95,-282049718.12,2024,4,overview
Singapore,707040649.39,23248991098.69,607728536.23,19983398891.35,1314769185.61,-99312113.16,2024,4,overview
Indonesia,668286532.08,21919503140.41,697089088.3,22864214265.34,1365375620.37,28802556.22,2024,4,overview
Vietnam,440405526.74,14583930848.79,1211896370.26,40131678161.48,1652301897.01,771490843.52,2024,4,overview
Philippines,277818033.72,8612950890.68,529805889.26,16425111230.89,807623922.98,251987855.54,2024,4,overview
Myanmar,259359594.08,7927098596.04,294251556.48,8993540834.72,553611150.56,34891962.4,2024,4,overview
Cambodia,49825204.58,1653527349.63,302542725.58,10040353580.6,352367930.15,252717521.0,2024,4,overview
Brunei Darussalam,52961903.27,1635186301.8,28663486.07,884978388.23,81625389.34,-24298417.19,2024,4,overview
China,4833015154.73,155115885886.58,2872699851.81,92199458957.48,7705715006.53,-1960315302.92,2024,4,overview
Japan,2946780161.83,101622219354.58,1953286599.2,67360749138.1,4900066761.03,-993493562.63,2024,4,overview
"Korea, Republic of",698552364.8,22932959192.66,432582190.57,14201354434.67,1131134555.37,-265970174.24,2024,4,overview
Taiwan,680188156.2,21688487201.48,333018989.79,10618647255.43,1013207145.99,-347169166.4,2024,4,overview
Hong Kong,270342747.38,8830199790.6,854037418.3,27895407239.21,1124380165.68,583694670.92,2024,4,overview
India,560965126.65,19235001319.0,657192464.57,22534552188.94,1218157591.22,96227337.91,2024,4,overview
Bangladesh,52425791.03,1715379228.27,26849606.26,878522878.94,79275397.28,-25576184.77,2024,4,overview
Pakistan,55114781.18,1680526464.76,31430550.05,958361260.44,86545331.23,-23684231.13,2024,4,overview
Sri Lanka,48412720.51,1657636041.94,28176262.22,964746192.7,76588982.73,-20236458.28,2024,4,overview
Germany,441596964.3,14124873658.66,350433636.39,11208933122.12,792030600.69,-91163327.91,2024,4,overview
United Kingdom,224048942.14,6996644780.69,350148641.17,10934511180.12,574197583.31,126099699.03,2024,4,overview
France,178477521.8,6159380059.21,160950440.48,5554508621.74,339427962.28,-17527081.32,2024,4,overview
Netherlands,206932678.96,6736295215.32,320107392.35,10420480256.1,527040071.31,113174713.39,2024,4,overview
Italy,48660936.95,1635635991.96,31498482.44,1058755848.36,80159419.39,-17162454.5,2024,4,overview
Spain,44337900.77,1388987189.02,24526173.92,768339068.45,68864074.69,-19811726.85,2024,4,overview
Belgium,47233394.4,1572515495.08,26697891.76,888838268.24,73931286.16,-20535502.64,2024,4,overview
Switzerland,359049456.9,11214713225.62,25789937.94,805534593.05,384839394.84,-333259518.95,2024,4,overview
Sweden,52827578.44,1880438697.79,30178778.39,1074237063.4,83006356.83,-22648800.05,2024,4,overview
Poland,48986748.88,1713801967.35,27205799.36,951795200.49,76192548.25,-21780949.52,2024,4,overview
Russian Federation,281004647.25,9255102584.92,28672777.35,944359811.73,309677424.6,-252331869.9,2024,4,overview
United States of America,861307115.59,29057492603.1,3391154423.22,114405701271.08,4252461538.81,2529847307.63,2024,4,overview
Canada,48197368.63,1602328351.21,186905045.04,6213684712.44,235102413.67,138707676.41,2024,4,overview
Brazil,223572777.32,6939554240.98,147823849.3,4588356563.89,371396626.62,-75748928.02,2024,4,overview
Mexico,47657330.41,1558489842.74,147203933.01,4813862472.64,194861263.42,99546602.6,2024,4,overview
Argentina,48351560.01,1525552633.63,25940532.28,818456474.45,74292092.29,-22411027.73,2024,4,overview
Chile,47847600.65,1444409086.75,29704450.92,896709098.14,77552051.57,-18143149.73,2024,4,overview
South Africa,146758172.56,4800575890.86,161703742.91,5289457317.03,308461915.47,14945570.35,2024,4,overview
Nigeria,41926211.0,1444323924.39,105021818.96,3617916384.31,146948029.96,63095607.96,2024,4,overview
Kenya,47081790.07,1545472352.23,27312217.48,896530844.09,74394007.56,-19769572.59,2024,4,overview
Ghana,48796139.09,1604781047.98,29167874.59,959257294.41,77964013.68,-19628264.49,2024,4,overview
Morocco,51064216.39,1716781919.1,30362422.78,1020786416.33,81426639.18,-20701793.61,2024,4,overview
Algeria,47163491.6,1578628146.09,29656601.75,992648013.35,76820093.35,-17506889.85,2024,4,overview
Libya,50943405.6,1603322402.64,30202611.34,950555284.07,81146016.95,-20740794.26,2024,4,overview
Tanzania,42878731.69,1477781529.2,26594383.53,916554366.44,69473115.22,-16284348.16,2024,4,overview
Australia,492439990.43,16518315758.5,775060884.13,25998498629.52,1267500874.56,282620893.71,2024,4,overview
New Zealand,51326014.54,1590346102.77,28581483.41,885602577.12,79907497.95,-22744531.13,2024,4,overview
Saudi Arabia,1327174179.53,42725829911.12,216928419.16,6983594831.08,1544102598.69,-1110245760.36,2024,5,overview
United Arab Emirates,1133173055.8,39894482654.29,173796563.26,6118680587.28,1306969619.06,-959376492.53,2024,5,overview
Kuwait,514037056.89,17877049452.3,31846037.87,1107533370.05,545883094.77,-482191019.02,2024,5,overview
Qatar,513601597.74,17212677703.39,27154336.8,910041654.26,540755934.54,-486447260.94,2024,5,overview
Iran,129060231.96,4244664915.22,41126781.57,1352619658.02,170187013.54,-87933450.39,2024,5,overview
Iraq,324433240.91,9500618940.83,25935386.85,759485146.71,350368627.76,-298497854.06,2024,5,overview
Bahrain,70296949.41,2277322388.82,31309435.85,1014292651.97,101606385.26,-38987513.56,2024,5,overview
Oman,283605436.29,10127125662.4,30257775.02,1080459859.82,313863211.31,-253347661.26,2024,5,overview
Israel,52995851.18,1594440817.49,53027258.98,1595385757.25,106023110.16,31407.81,2024,5,overview
Jordan,56961854.66,1895843203.33,33968680.71,1130568743.39,90930535.37,-22993173.95,2024,5,overview
Lebanon,43046461.73,1413560763.52,30965421.03,1016843253.47,74011882.75,-12081040.7,2024,5,overview
Turkey,47483572.36,1590773849.16,123229021.36,4128364714.0,170712593.72,75745449.0,2024,5,overview
Egypt,43371042.84,1474256751.75,28003093.55,951873578.09,71374136.39,-15367949.29,2024,5,overview
Yemen,49872633.52,1715625297.52,29352638.12,1009734697.29,79225271.64,-20519995.4,2024,5,overview
Malaysia,930601697.6,25997876559.31,777625079.55,21724225175.61,1708226777.15,-152976618.05,2024,5,overview
Singapore,739088121.44,23957104137.68,660984494.94,21425421298.64,1400072616.39,-78103626.5,2024,5,overview
Indonesia,645812463.31,22283790587.45,658866455.27,22734219217.63,1304678918.58,13053991.96,2024,5,overview
Vietnam,500191092.15,15211150770.65,1225938143.0,37281611410.58,1726129235.15,725747050.85,2024,5,overview
Philippines,283809649.0,9246274980.81,562114893.64,18313221187.71,845924542.65,278305244.64,2024,5,overview
Myanmar,227776138.75,7806905790.46,279539601.75,9581070904.0,507315740.49,51763463.0,2024,5,overview
Cambodia,40584069.81,1368728666.8,328377779.66,11074790740.46,368961849.48,287793709.85,2024,5,overview
Brunei Darussalam,47754394.4,1471897781.66,30835718.54,950426160.36,78590112.94,-16918675.86,2024,5,overview
China,4536864653.03,159009577414.12,2847152650.55,99787975710.4,7384017303.58,-1689712002.48,2024,5,overview
Japan,2864305786.34,91988989154.9,2382810059.5,76525449819.86,5247115845.84,-481495726.84,2024,5,overview
"Korea, Republic of",796526313.56,27474813156.25,543460851.06,18745752759.78,1339987164.63,-253065462.5,2024,5,overview
Taiwan,666461861.99,22570580982.99,353542337.73,11973162186.57,1020004199.72,-312919524.25,2024,5,overview
Hong Kong,299151516.45,10367609312.8,1043583091.0,36167163387.14,1342734607.45,744431574.55,2024,5,overview
India,521721479.17,16917005539.06,705280842.97,22868983554.48,1227002322.13,183559363.8,2024,5,overview
Bangladesh,44378222.48,1459403708.68,28130164.36,925076848.52,72508386.84,-16248058.12,2024,5,overview
Pakistan,41547272.87,1198597768.17,30728764.89,886494502.85,72276037.76,-10818507.99,2024,5,overview
Sri Lanka,58323464.93,1901839943.09,32204322.01,1050134212.76,90527786.94,-26119142.93,2024,5,overview
Germany,479528010.49,15400645983.05,392624470.79,12609629357.75,872152481.28,-86903539.7,2024,5,overview
United Kingdom,243275200.33,7993680289.59,331552667.27,10894353463.47,574827867.59,88277466.94,2024,5,overview
France,194449069.64,6428360742.19,171525907.09,5670535783.27,365974976.73,-22923162.55,2024,5,overview
Netherlands,194172865.45,6344841845.44,338874131.51,11073137150.01,533046996.95,144701266.06,2024,5,overview
Italy,52278454.81,1743015379.38,27936599.12,931433840.18,80215053.93,-24341855.68,2024,5,overview
Spain,52889640.55,1762372465.73,28567434.88,951915349.11,81457075.42,-24322205.67,2024,5,overview
Belgium,47547192.23,1550676224.6,31595950.53,1030451788.59,79143142.75,-15951241.7,2024,5,overview
Switzerland,422689540.37,13403827879.01,28511747.84,904130630.42,451201288.21,-394177792.53,2024,5,overview
Sweden,50520930.49,1714213130.26,28049263.98,951732601.7,78570194.47,-22471666.5,2024,5,overview
Poland,37453949.86,1210159294.59,28761972.1,929316347.21,66215921.96,-8691977.76,2024,5,overview
Russian Federation,263045050.21,8454121998.33,27477545.7,883113076.42,290522595.91,-235567504.51,2024,5,overview
United States of America,1145585306.87,38347793020.26,2731215908.16,91425842939.41,3876801215.04,1585630601.29,2024,5,overview
Canada,53153823.34,1818577426.76,195974236.95,6704961207.55,249128060.3,142820413.61,2024,5,overview
Brazil,260562447.05,9329492623.72,157969629.39,5656135444.19,418532076.44,-102592817.66,2024,5,overview
Mexico,46003059.01,1572163671.89,135487434.17,4630309953.31,181490493.18,89484375.16,2024,5,overview
Argentina,50631687.18,1814332014.1,30534053.19,1094154931.66,81165740.36,-20097633.99,2024,5,overview
Chile,47960251.32,1512158793.07,29730160.09,937374633.38,77690411.4,-18230091.23,2024,5,overview
South Africa,168306192.93,5476292392.35,167855680.09,5461633751.53,336161873.01,-450512.84,2024,5,overview
Nigeria,46587458.75,1486412211.15,109066958.1,3479873397.25,155654416.85,62479499.35,2024,5,overview
Kenya,45909133.58,1460921510.26,25608669.37,814919668.61,71517802.95,-20300464.22,2024,5,overview
Ghana,55387691.93,1904719376.54,30442006.83,1046865797.31,85829698.76,-24945685.1,2024,5,overview
Morocco,52429300.35,1590855244.11,32968509.5,1000359071.62,85397809.85,-19460790.85,2024,5,overview
Algeria,43202114.72,1395229805.08,26901435.58,868792765.35,70103550.3,-16300679.14,2024,5,overview
Libya,46764484.0,1558611774.33,27721951.63,923943910.36,74486435.63,-19042532.37,2024,5,overview
Tanzania,48051965.66,1428905774.23,27087479.97,805491638.16,75139445.64,-20964485.69,2024,5,overview
Australia,529328039.55,17271646194.39,732980029.26,23916684526.46,1262308068.82,203651989.71,2024,5,overview
New Zealand,43586274.74,1364403775.84,27621145.13,864639039.0,71207419.87,-15965129.61,2024,5,overview
Saudi Arabia,1451491390.06,46050949172.53,223396064.53,7087607190.41,1674887454.59,-1228095325.53,2024,6,overview
United Arab Emirates,1050193081.15,33291465498.11,193099249.12,6121309600.33,1243292330.27,-857093832.03,2024,6,overview
Kuwait,629046317.79,20692618396.44,30277124.73,995972745.36,659323442.52,-598769193.07,2024,6,overview
Qatar,457568317.05,15573818728.07,30217700.64,1028491210.05,487786017.69,-427350616.42,2024,6,overview
Iran,148298735.08,4996103706.77,44116379.4,1486256821.8,192415114.48,-104182355.67,2024,6,overview
Iraq,367130429.54,12487389646.41,29638344.46,1008103731.05,396768774.01,-337492085.08,2024,6,overview
Bahrain,73215336.61,2454474263.33,28249597.44,947040785.14,101464934.05,-44965739.17,2024,6,overview
Oman,301275653.84,10439378958.78,30515857.34,1057392440.88,331791511.17,-270759796.5,2024,6,overview
Israel,43303362.72,1443922870.72,54077868.65,1803191864.03,97381231.36,10774505.93,2024,6,overview
Jordan,46042738.2,1555028075.7,37249244.29,1258040310.83,83291982.49,-8793493.91,2024,6,overview
Lebanon,48568726.38,1567786664.74,28115709.09,907568245.21,76684435.47,-20453017.3,2024,6,overview
Turkey,48992849.99,1583201560.5,118350838.46,3824501578.99,167343688.44,69357988.47,2024,6,overview
Egypt,47806974.72,1676913656.25,32478691.61,1139247187.82,80285666.33,-15328283.1,2024,6,overview
Yemen,49860452.86,1685669961.32,26178404.68,885033084.77,76038857.54,-23682048.18,2024,6,overview
Malaysia,1099044886.93,37479231736.37,867693505.74,29589770503.77,1966738392.67,-231351381.2,2024,6,overview
Singapore,870986780.08,29563167817.61,638088522.57,21658099188.88,1509075302.65,-232898257.51,2024,6,overview
Indonesia,646984345.5,22640765165.46,750266369.0,26255047421.65,1397250714.5,103282023.5,2024,6,overview
Vietnam,465703544.61,15436318388.85,1092162148.58,36201061496.77,1557865693.19,626458603.97,2024,6,overview
Philippines,287932504.7,9306010429.24,616958011.07,19940151221.95,904890515.77,329025506.37,2024,6,overview
Myanmar,277970494.49,9695778235.72,262994198.74,9173396021.79,540964693.23,-14976295.74,2024,6,overview
Cambodia,45884439.52,1530558656.41,251116245.05,8376437560.62,297000684.56,205231805.53,2024,6,overview
Brunei Darussalam,47879482.77,1459267747.68,26721856.42,814426994.12,74601339.2,-21157626.35,2024,6,overview
China,4884230932.18,165465192679.06,3161431334.77,107101169501.22,8045662266.95,-1722799597.4,2024,6,overview
Japan,2945803379.82,97091260309.28,2435870112.54,80284278576.32,5381673492.36,-509933267.28,2024,6,overview
"Korea, Republic of",692556451.36,22643304381.56,433193045.18,14163353700.23,1125749496.53,-259363406.18,2024,6,overview
Taiwan,675455839.1,23057331030.33,365416395.91,12473838135.14,1040872235.02,-310039443.19,2024,6,overview
Hong Kong,307446420.55,9509017026.55,955581891.84,29555213111.61,1263028312.39,648135471.29,2024,6,overview
India,555348179.61,16336790027.55,712997768.21,20974399947.8,1268345947.81,157649588.6,2024,6,overview
Bangladesh,45612737.69,1513317758.8,27703786.43,919143075.25,73316524.12,-17908951.26,2024,6,overview
Pakistan,45733860.71,1494774539.91,29235536.3,955540045.11,74969397.01,-16498324.41,2024,6,overview
Sri Lanka,48252725.57,1546090788.01,27644338.99,885766707.41,75897064.55,-20608386.58,2024,6,overview
Germany,446511557.96,15117387299.44,402888509.54,13640456845.1,849400067.5,-43623048.42,2024,6,overview
United Kingdom,229309419.08,7458999216.75,383744919.43,12482492280.47,613054338.5,154435500.35,2024,6,overview
France,219432103.16,6574215068.56,185457131.0,5556320372.74,404889234.16,-33974972.15,2024,6,overview
Netherlands,201790373.98,6669492846.62,348927679.53,11532614845.17,550718053.51,147137305.55,2024,6,overview
Italy,46363871.01,1494451791.97,29243893.56,942621661.7,75607764.57,-17119977.45,2024,6,overview
Spain,47692813.2,1587041592.33,31299469.27,1041531338.25,78992282.47,-16393343.92,2024,6,overview
Belgium,51259909.92,1665279360.0,28781036.48,935008783.39,80040946.41,-22478873.44,2024,6,overview
Switzerland,354919066.43,9944238875.93,28456894.11,797314597.69,383375960.54,-326462172.33,2024,6,overview
Sweden,46567232.11,1576091742.53,29132923.18,986018656.85,75700155.29,-17434308.93,2024,6,overview
Poland,47824469.5,1421836638.94,30140642.13,896090845.35,77965111.63,-17683827.37,2024,6,overview
Russian Federation,291916607.45,9104162251.17,25384886.45,791692281.47,317301493.9,-266531721.0,2024,6,overview
United States of America,1155436384.99,38772759405.92,3447372300.33,115682817781.86,4602808685.31,2291935915.34,2024,6,overview
Canada,48946283.2,1562833122.7,195194544.71,6232475275.04,244140827.91,146248261.51,2024,6,overview
Brazil,233740124.27,7227702591.26,151638121.01,4688947794.53,385378245.28,-82102003.26,2024,6,overview
Mexico,51193841.34,1752791920.97,142067812.1,4864165430.48,193261653.44,90873970.77,2024,6,overview
Argentina,52632875.42,1690969487.0,25399944.91,816040002.9,78032820.32,-27232930.51,2024,6,overview
Chile,45529886.74,1431969577.74,25072340.19,788555188.06,70602226.93,-20457546.55,2024,6,overview
South Africa,175260931.06,6287649236.89,184529461.3,6620166396.87,359790392.36,9268530.23,2024,6,overview
Nigeria,52116774.9,1690008546.43,110338543.78,3577985827.8,162455318.68,58221768.88,2024,6,overview
Kenya,51175785.46,1644482023.63,30351389.55,975311156.62,81527175.02,-20824395.91,2024,6,overview
Ghana,42970926.7,1408942582.86,37038087.75,1214415024.68,80009014.45,-5932838.96,2024,6,overview
Morocco,47601360.93,1553513593.83,29590882.65,965725297.72,77192243.58,-18010478.28,2024,6,overview
Algeria,49354870.03,1619490099.92,32344178.33,1061315257.64,81699048.36,-17010691.7,2024,6,overview
Libya,44328802.18,1431970909.96,28945783.66,935047150.48,73274585.84,-15383018.52,2024,6,overview
Tanzania,54442444.84,1805381565.73,32072445.33,1063563580.3,86514890.17,-22369999.52,2024,6,overview
Australia,526501713.69,17386500186.54,705308180.0,23291169780.13,1231809893.69,178806466.31,2024,6,overview
New Zealand,50190022.81,1620121169.16,28446134.87,918233997.45,78636157.68,-21743887.94,2024,6,overview
Saudi Arabia,1369328088.18,40293651785.84,239134949.1,7036750689.49,1608463037.28,-1130193139.09,2024,7,overview
United Arab Emirates,1048677950.15,36505795317.98,182051887.04,6337454625.07,1230729837.19,-866626063.12,2024,7,overview
Kuwait,537564572.47,17922302927.13,29165076.73,972358237.03,566729649.2,-508399495.75,2024,7,overview
Qatar,528920132.72,17408742662.83,31653928.04,1041849332.93,560574060.75,-497266204.68,2024,7,overview
Iran,138281925.48,4513301510.87,36297578.48,1184695073.14,174579503.96,-101984346.99,2024,7,overview
Iraq,323770104.99,10888539095.35,30023343.04,1009698979.12,353793448.03,-293746761.95,2024,7,overview
Bahrain,80296380.64,2874153033.17,31646352.54,1132759153.12,111942733.18,-48650028.1,2024,7,overview
Oman,290367258.05,9428953610.58,31278766.67,1015700054.99,321646024.72,-259088491.37,2024,7,overview
Israel,52459193.44,1810504416.07,62382942.12,2152999022.69,114842135.56,9923748.69,2024,7,overview
Jordan,48277267.72,1492163800.79,27212776.22,841098129.88,75490043.95,-21064491.5,2024,7,overview
Lebanon,47763190.7,1553986521.58,32275928.85,1050104853.97,80039119.55,-15487261.86,2024,7,overview
Turkey,50926318.58,1658897870.77,122764352.88,3998983812.2,173690671.46,71838034.31,2024,7,overview
Egypt,52962655.21,1650627469.81,22060080.29,687521695.51,75022735.5,-30902574.92,2024,7,overview
Yemen,44406742.86,1487821028.12,26864655.45,900084012.25,71271398.31,-17542087.42,2024,7,overview
Malaysia,980569564.9,33235544698.75,790831421.76,26804536881.32,1771400986.66,-189738143.14,2024,7,overview
Singapore,708393586.43,23798113833.41,562210892.67,18887182321.44,1270604479.1,-146182693.75,2024,7,overview
Indonesia,637010878.71,21949494311.92,628447684.89,21654432201.69,1265458563.61,-8563193.82,2024,7,overview
Vietnam,532645573.08,17726717164.19,1293258801.85,43040314533.84,1825904374.93,760613228.77,2024,7,overview
Philippines,301896438.21,9672120747.22,638013938.27,20440611641.67,939910376.48,336117500.07,2024,7,overview
Myanmar,260871322.28,8966295385.55,293834113.39,10099245221.6,554705435.66,32962791.11,2024,7,overview
Cambodia,48630023.25,1621095715.79,317313904.32,10577749639.4,365943927.57,268683881.08,2024,7,overview
Brunei Darussalam,42228080.27,1333508042.69,32089431.25,1013342647.53,74317511.53,-10138649.02,2024,7,overview
China,5272005647.26,183276091192.39,2854244137.27,99224990219.66,8126249784.53,-2417761509.99,2024,7,overview
Japan,3135996781.42,105880041465.81,2379146307.27,80326648024.62,5515143088.69,-756850474.15,2024,7,overview
"Korea, Republic of",792587888.52,26296080968.71,401970051.01,13336359489.49,1194557939.53,-390617837.51,2024,7,overview
Taiwan,610937889.22,19113549984.0,340010188.36,10637418050.07,950948077.57,-270927700.86,2024,7,overview
Hong Kong,260246105.35,9005600753.07,1081378311.8,37420200106.13,1341624417.15,821132206.45,2024,7,overview
India,526908654.33,17192041943.78,680749250.9,22211572306.38,1207657905.23,153840596.56,2024,7,overview
Bangladesh,50101192.77,1728020720.28,27195074.96,937974734.98,77296267.73,-22906117.82,2024,7,overview
Pakistan,46946500.44,1550763539.96,27784351.91,917788536.24,74730852.35,-19162148.53,2024,7,overview
Sri Lanka,45650603.82,1469673536.01,29505969.4,949913884.15,75156573.22,-16144634.41,2024,7,overview
Germany,497126738.11,15868791291.85,420624200.53,13426752453.23,917750938.63,-76502537.58,2024,7,overview
United Kingdom,237080637.07,7668661014.18,347795707.47,11249874370.7,584876344.53,110715070.4,2024,7,overview
France,198786248.6,6882952520.92,200182782.53,6931307358.37,398969031.13,1396533.93,2024,7,overview
Netherlands,182374819.29,5934227480.42,310118864.39,10090844198.63,492493683.68,127744045.09,2024,7,overview
Italy,44206949.37,1381793107.69,30048345.87,939232356.36,74255295.23,-14158603.5,2024,7,overview
Spain,56859896.27,1877449162.34,31730634.08,1047709480.41,88590530.35,-25129262.19,2024,7,overview
Belgium,51241678.89,1884928232.31,24985355.71,919087808.92,76227034.6,-26256323.18,2024,7,overview
Switzerland,365233418.56,11035929523.81,28472855.95,860338664.58,393706274.51,-336760562.61,2024,7,overview
Sweden,49780768.0,1650356096.87,26205408.44,868774374.61,75986176.44,-23575359.56,2024,7,overview
Poland,45830281.34,1457103113.35,26271188.95,835251935.84,72101470.29,-19559092.39,2024,7,overview
Russian Federation,292693124.78,9330115076.07,25802570.76,822502935.97,318495695.55,-266890554.02,2024,7,overview
United States of America,1211021151.08,40831253228.51,3705141729.3,124923978464.14,4916162880.38,2494120578.23,2024,7,overview
Canada,44400497.04,1467320253.63,186037582.73,6148055343.46,230438079.76,141637085.69,2024,7,overview
Brazil,232886021.78,7761208520.18,154135168.92,5136741042.34,387021190.7,-78750852.86,2024,7,overview
Mexico,51396767.48,1798282966.56,140133896.41,4903039847.31,191530663.89,88737128.94,2024,7,overview
Argentina,47278471.93,1714600144.35,26516263.3,961638289.7,73794735.23,-20762208.63,2024,7,overview
Chile,40920918.64,1311902481.45,27050900.93,867237228.3,67971819.57,-13870017.7,2024,7,overview
South Africa,172595522.14,6082420192.61,197434652.6,6957773311.92,370030174.74,24839130.46,2024,7,overview
Nigeria,46649141.79,1565196636.5,137320837.64,4607461250.53,183969979.43,90671695.84,2024,7,overview
Kenya,51662842.92,1701040440.79,29163299.38,960224966.78,80826142.3,-22499543.54,2024,7,overview
Ghana,46951515.08,1592254404.98,28267828.02,958639430.41,75219343.1,-18683687.07,2024,7,overview
Morocco,49324265.9,1739385018.73,28677615.85,1011295646.77,78001881.74,-20646650.05,2024,7,overview
Algeria,36544113.24,1245299423.66,29922740.67,1019665505.9,66466853.91,-6621372.57,2024,7,overview
Libya,52313357.66,1742656298.11,28600795.69,952746276.67,80914153.35,-23712561.98,2024,7,overview
Tanzania,51696135.47,1682667646.98,32179682.73,1047422801.11,83875818.2,-19516452.74,2024,7,overview
Australia,587280886.02,17509168484.2,869619203.15,25926791604.06,1456900089.17,282338317.12,2024,7,overview
New Zealand,45271618.37,1568154839.91,32121422.75,1112647755.21,77393041.12,-13150195.62,2024,7,overview
Saudi Arabia,1542508635.23,48862465988.64,237914783.4,7536491366.32,1780423418.63,-1304593851.84,2024,8,overview
United Arab Emirates,1128476407.92,36175947338.72,221864876.5,7112396885.1,1350341284.42,-906611531.42,2024,8,overview
Kuwait,597055420.05,20457603065.32,27826966.59,953467664.61,624882386.63,-569228453.46,2024,8,overview
Qatar,472270957.36,14392422855.65,29381300.07,895392969.06,501652257.44,-442889657.29,2024,8,overview
Iran,128952153.24,3999098254.17,39507570.39,1225219213.59,168459723.64,-89444582.85,2024,8,overview
Iraq,403660252.9,12836289900.57,24728751.75,786367803.19,428389004.65,-378931501.15,2024,8,overview
Bahrain,79072171.61,2478420894.65,28747500.07,901055369.93,107819671.68,-50324671.54,2024,8,overview
Oman,273431689.48,8905647556.78,27265640.49,888039660.21,300697329.97,-246166048.99,2024,8,overview
Israel,57061033.36,1984260387.14,59594266.91,2072351939.31,116655300.27,2533233.56,2024,8,overview
Jordan,51355878.27,1479052044.14,32251240.02,928837439.53,83607118.29,-19104638.25,2024,8,overview
Lebanon,48152064.91,1547722751.46,32709103.82,1051348976.4,80861168.73,-15442961.1,2024,8,overview
Turkey,56312998.21,1818701705.25,132511343.1,4279626610.28,188824341.31,76198344.88,2024,8,overview
Egypt,47367509.37,1518394343.27,27211267.76,872273750.23,74578777.13,-20156241.61,2024,8,overview
Yemen,44487494.18,1370923518.04,30628353.69,943841211.18,75115847.86,-13859140.49,2024,8,overview
Malaysia,1034758117.18,31568600753.06,829344491.55,25301802136.85,1864102608.72,-205413625.63,2024,8,overview
Singapore,887573874.09,30288056410.92,667966875.73,22794067066.9,1555540749.82,-219606998.36,2024,8,overview
Indonesia,649021849.88,22514301986.55,777172903.29,26959809509.98,1426194753.17,128151053.42,2024,8,overview
Vietnam,489648278.38,16190757445.45,1374202172.24,45439502259.39,1863850450.62,884553893.86,2024,8,overview
Philippines,323150215.61,10947774229.6,606132757.29,20534736662.24,929282972.9,282982541.68,2024,8,overview
Myanmar,213775948.82,6818926311.5,304915263.06,9726045991.41,518691211.87,91139314.24,2024,8,overview
Cambodia,46012304.02,1503651940.28,337442804.44,11027409698.5,383455108.46,291430500.42,2024,8,overview
Brunei Darussalam,45392796.6,1409415678.83,28761717.17,893031894.19,74154513.78,-16631079.43,2024,8,overview
China,5501562050.86,185919512323.52,2796443231.71,94502862473.06,8298005282.57,-2705118819.15,2024,8,overview
Japan,3282511680.6,110942440232.09,2274211063.86,76863862059.8,5556722744.45,-1008300616.74,2024,8,overview
"Korea, Republic of",724592696.96,24929300310.3,590108801.82,20302439699.01,1314701498.78,-134483895.14,2024,8,overview
Taiwan,680311691.42,22333956035.35,324119330.4,10640515173.68,1004431021.82,-356192361.02,2024,8,overview
Hong Kong,288070785.62,8976774800.03,1141300854.95,35564872473.92,1429371640.56,853230069.33,2024,8,overview
India,548750483.82,18012122527.24,689944666.14,22646664066.8,1238695149.95,141194182.32,2024,8,overview
Bangladesh,48925311.91,1678607837.36,29337528.25,1006558832.86,78262840.16,-19587783.66,2024,8,overview
Pakistan,51758640.26,1472482382.55,30604901.61,870679334.18,82363541.86,-21153738.65,2024,8,overview
Sri Lanka,50537856.76,1716744726.87,25690290.36,872685810.72,76228147.12,-24847566.41,2024,8,overview
Germany,551759737.73,17991411251.02,365576527.23,11920474067.55,917336264.96,-186183210.5,2024,8,overview
United Kingdom,234938552.79,7786460812.81,379624441.9,12581718944.42,614562994.69,144685889.11,2024,8,overview
France,224712748.68,7497243176.33,203951224.71,6804562432.4,428663973.4,-20761523.97,2024,8,overview
Netherlands,198493879.12,6032917899.68,368087104.97,11187444640.92,566580984.09,169593225.85,2024,8,overview
Italy,49691133.05,1693877715.87,29446559.97,1003778112.67,79137693.03,-20244573.08,2024,8,overview
Spain,48613058.16,1604766927.44,27151738.13,896306733.54,75764796.28,-21461320.03,2024,8,overview
Belgium,45078751.31,1536765453.57,25051553.82,854024597.97,70130305.13,-20027197.49,2024,8,overview
Switzerland,413123958.21,14440497041.32,30719038.45,1073765331.16,443842996.66,-382404919.76,2024,8,overview
Sweden,46728399.09,1537128600.81,26222190.6,862577788.43,72950589.68,-20506208.49,2024,8,overview
Poland,47982119.65,1577662950.99,27617101.45,908056544.49,75599221.1,-20365018.2,2024,8,overview
Russian Federation,281636074.09,9107613538.09,25263003.48,816960942.55,306899077.57,-256373070.6,2024,8,overview
United States of America,1076817089.2,34475319785.53,3217202590.04,103001790386.34,4294019679.25,2140385500.84,2024,8,overview
Canada,53743258.27,1828295775.81,222747058.09,7577648220.18,276490316.36,169003799.82,2024,8,overview
Brazil,216150991.46,7643873024.5,165891546.61,5866519091.82,382042538.06,-50259444.85,2024,8,overview
Mexico,49428357.87,1590233215.44,163732560.37,5267683717.92,213160918.24,114304202.5,2024,8,overview
Argentina,41985605.63,1494433602.19,27811386.16,989917124.71,69796991.8,-14174219.47,2024,8,overview
Chile,43466886.1,1436633434.44,29611365.92,978691646.24,73078252.02,-13855520.18,2024,8,overview
South Africa,141986320.08,4700936145.7,171370783.98,5673807957.5,313357104.06,29384463.9,2024,8,overview
Nigeria,47134562.35,1570643712.44,104974573.68,3498020261.27,152109136.03,57840011.33,2024,8,overview
Kenya,53592175.72,1703448570.67,31672517.3,1006723529.9,85264693.02,-21919658.43,2024,8,overview
Ghana,44413901.78,1570106365.96,28939258.91,1023051630.56,73353160.69,-15474642.87,2024,8,overview
Morocco,51903203.08,1782085340.82,31280192.32,1073998691.42,83183395.4,-20623010.76,2024,8,overview
Algeria,51015493.31,1734193148.85,29898221.65,1016344012.02,80913714.96,-21117271.66,2024,8,overview
Libya,47197720.83,1608710498.67,26261637.13,895114649.87,73459357.96,-20936083.71,2024,8,overview
Tanzania,54241169.29,1856831559.89,26963408.54,923035188.75,81204577.82,-27277760.75,2024,8,overview
Australia,671884679.5,21347789719.92,789524766.61,25085567822.28,1461409446.11,117640087.11,2024,8,overview
New Zealand,49839885.4,1598609581.07,28308285.03,907985548.36,78148170.43,-21531600.37,2024,8,overview
Saudi Arabia,1561681976.12,48153068552.47,219287444.32,6761532437.62,1780969420.44,-1342394531.81,2024,9,overview
United Arab Emirates,1209363499.04,40532219016.56,200890832.52,6732922920.77,1410254331.57,-1008472666.52,2024,9,overview
Kuwait,694323386.26,23535659116.19,30439901.4,1031829198.02,724763287.66,-663883484.87,2024,9,overview
Qatar,463859799.34,14941116036.67,32042069.46,1032088313.1,495901868.8,-431817729.88,2024,9,overview
Iran,151799906.55,5244605004.76,39899507.43,1378506489.84,191699413.98,-111900399.13,2024,9,overview
Iraq,315278910.58,10303267806.83,24673478.7,806325606.36,339952389.28,-290605431.88,2024,9,overview
Bahrain,83517341.29,2910437895.48,30555230.54,1064798034.73,114072571.84,-52962110.75,2024,9,overview
Oman,312437550.08,9220616288.88,28825806.28,850703440.87,341263356.36,-283611743.8,2024,9,overview
Israel,49357318.26,1599765861.72,65340041.98,2117796757.5,114697360.24,15982723.72,2024,9,overview
Jordan,50426489.06,1587277694.32,31205085.01,982244378.19,81631574.08,-19221404.05,2024,9,overview
Lebanon,52821024.48,1729401540.53,34141149.12,1117807851.43,86962173.61,-18679875.36,2024,9,overview
Turkey,45768015.7,1357636047.95,120106634.08,3562773992.33,165874649.78,74338618.38,2024,9,overview
Egypt,51668535.64,1834928186.38,31279742.62,1110851714.53,82948278.26,-20388793.02,2024,9,overview
Yemen,49531670.96,1570553583.34,31173992.09,988467056.29,80705663.05,-18357678.87,2024,9,overview
Malaysia,977557616.8,31973774237.39,706778057.88,23117166364.67,1684335674.68,-270779558.92,2024,9,overview
Singapore,785338090.51,25181555412.07,669718127.76,21474247013.34,1455056218.27,-115619962.75,2024,9,overview
Indonesia,709071510.53,23046774689.41,734559679.14,23875210285.25,1443631189.67,25488168.62,2024,9,overview
Vietnam,506359583.62,17288007913.68,1211414516.23,41359824955.94,1717774099.85,705054932.61,2024,9,overview
Philippines,298961470.73,9784646844.4,586850537.64,19206907322.5,885812008.36,287889066.91,2024,9,overview
Myanmar,237179884.65,8549561177.31,293183147.09,10568296109.59,530363031.74,56003262.44,2024,9,overview
Cambodia,46638967.99,1511977836.57,295145449.54,9568251561.15,341784417.53,248506481.55,2024,9,overview
Brunei Darussalam,49317634.26,1648139122.38,29387557.07,982098659.89,78705191.33,-19930077.19,2024,9,overview
China,4342904521.69,147436719267.13,3269226910.62,110986573118.02,7612131432.31,-1073677611.07,2024,9,overview
Japan,2718596511.97,85729287502.21,1976614270.87,62331328816.97,4695210782.83,-741982241.1,2024,9,overview
"Korea, Republic of",789372279.88,26692533219.68,606981748.92,20525018308.51,1396354028.81,-182390530.96,2024,9,overview
Taiwan,602517323.27,19834979545.86,332756456.15,10954402880.35,935273779.42,-269760867.12,2024,9,overview
Hong Kong,308001457.84,10101682328.08,900412716.75,29531299275.73,1208414174.58,592411258.91,2024,9,overview
India,521664027.18,17418045462.76,642178205.0,21441940764.55,1163842232.18,120514177.82,2024,9,overview
Bangladesh,53427355.62,1809134651.33,32218614.68,1090973183.36,85645970.31,-21208740.94,2024,9,overview
Pakistan,48310587.63,1616645294.03,31913137.67,1067927888.49,80223725.3,-16397449.96,2024,9,overview
Sri Lanka,50851616.08,1640202899.5,28710261.11,926040451.63,79561877.19,-22141354.97,2024,9,overview
Germany,506098949.18,16929953076.84,481063957.84,16092485958.23,987162907.02,-25034991.34,2024,9,overview
United Kingdom,239262331.39,7719165096.58,328734927.39,10605761311.25,567997258.78,89472596.0,2024,9,overview
France,236304424.51,8119492288.36,194821968.0,6694142397.42,431126392.51,-41482456.51,2024,9,overview
Netherlands,195197555.25,6673339435.98,359546374.45,12292034071.01,554743929.7,164348819.2,2024,9,overview
Italy,48010591.03,1703814475.68,28639215.36,1016357196.36,76649806.38,-19371375.67,2024,9,overview
Spain,54275486.4,1855185756.88,32096973.65,1097103910.09,86372460.05,-22178512.75,2024,9,overview
Belgium,52162291.34,1724791150.69,35060428.59,1159303309.25,87222719.93,-17101862.75,2024,9,overview
Switzerland,421087848.22,13374827610.81,26683545.28,847537680.41,447771393.5,-394404302.95,2024,9,overview
Sweden,45479203.53,1326682476.73,33264363.55,970361061.88,78743567.08,-12214839.97,2024,9,overview
Poland,48693202.16,1546158566.91,22957698.55,728977366.93,71650900.71,-25735503.6,2024,9,overview
Russian Federation,290018582.86,9743157443.8,33531963.69,1126504372.31,323550546.56,-256486619.17,2024,9,overview
United States of America,1127018528.85,37221757373.83,3494592254.2,115415019076.53,4621610783.05,2367573725.36,2024,9,overview
Canada,50463706.61,1590362675.62,181886988.72,5732164708.09,232350695.33,131423282.12,2024,9,overview
Brazil,234957416.84,7781044499.5,151498519.87,5017150514.36,386455936.71,-83458896.97,2024,9,overview
Mexico,56527472.97,1635828838.18,155587041.15,4502479155.54,212114514.12,99059568.18,2024,9,overview
Argentina,51369634.0,1620765562.76,26685710.5,841962015.83,78055344.5,-24683923.5,2024,9,overview
Chile,47043517.88,1455398292.41,28585537.95,884358674.61,75629055.83,-18457979.93,2024,9,overview
South Africa,153394545.19,5144086289.42,160682474.89,5388487022.11,314077020.08,7287929.7,2024,9,overview
Nigeria,59316308.59,1932124031.8,107908391.49,3514925345.24,167224700.08,48592082.91,2024,9,overview
Kenya,40155584.12,1363847299.85,29460741.27,1000606847.44,69616325.38,-10694842.85,2024,9,overview
Ghana,53213072.91,1827012065.09,30374333.41,1042869178.11,83587406.31,-22838739.5,2024,9,overview
Morocco,60560369.51,1951026102.9,34322715.82,1105748116.01,94883085.33,-26237653.69,2024,9,overview
Algeria,44471806.45,1404398561.6,29206644.33,922331979.62,73678450.78,-15265162.13,2024,9,overview
Libya,52129173.88,1714568478.17,27334917.6,899066388.08,79464091.48,-24794256.28,2024,9,overview
Tanzania,53685506.57,1695416711.37,29944319.47,945657457.28,83629826.04,-23741187.1,2024,9,overview
Australia,660493518.98,21471526361.44,683993627.16,22235475102.36,1344487146.14,23500108.18,2024,9,overview
New Zealand,50144818.41,1668355420.33,30225919.41,1005638829.4,80370737.82,-19918899.0,2024,9,overview
Saudi Arabia,1628316625.62,52835475515.45,258017066.01,8372115201.27,1886333691.63,-1370299559.61,2024,10,overview
United Arab Emirates,1201501922.71,41068915677.18,196873298.32,6729388222.25,1398375221.03,-1004628624.4,2024,10,overview
Kuwait,588880465.14,19449837632.2,33153379.43,1095006347.02,622033844.57,-555727085.7,2024,10,overview
Qatar,495920051.0,15824223201.7,32586123.52,1039784721.12,528506174.52,-463333927.47,2024,10,overview
Iran,163176245.79,5238857074.88,42104548.91,1351788141.08,205280794.7,-121071696.87,2024,10,overview
Iraq,377569836.95,13115371352.54,32407728.88,1125723925.33,409977565.83,-345162108.07,2024,10,overview
Bahrain,89199757.81,2792720748.1,32270324.67,1010339124.9,121470082.48,-56929433.14,2024,10,overview
Oman,371322900.79,12782380459.17,27563417.33,948840177.49,398886318.12,-343759483.45,2024,10,overview
Israel,53535515.0,1756690222.9,56266860.69,1846315367.47,109802375.7,2731345.69,2024,10,overview
Jordan,51423963.05,1641968870.61,34293067.47,1094978798.14,85717030.52,-17130895.58,2024,10,overview
Lebanon,50665547.67,1803802133.72,25247203.1,898854565.19,75912750.77,-25418344.57,2024,10,overview
Turkey,47318261.47,1554304965.34,127448186.35,4186403783.48,174766447.82,80129924.87,2024,10,overview
Egypt,51344276.0,1823075749.46,33061697.17,1173918166.66,84405973.17,-18282578.83,2024,10,overview
Yemen,52791183.79,1768152925.53,32677213.8,1094468943.85,85468397.59,-20113970.0,2024,10,overview
Malaysia,1119251601.9,38740751763.8,797336419.02,27598273908.32,1916588020.92,-321915182.88,2024,10,overview
Singapore,901559511.1,28858719983.52,731012141.81,23399536520.02,1632571652.91,-170547369.29,2024,10,overview
Indonesia,714743150.72,22116824030.36,791120900.0,24480237011.71,1505864050.72,76377749.28,2024,10,overview
Vietnam,583529696.61,19505000519.46,1240780203.63,41474184873.13,1824309900.25,657250507.02,2024,10,overview
Philippines,296167209.72,9505177152.02,555080722.85,17814735835.89,851247932.57,258913513.13,2024,10,overview
Myanmar,263287526.68,8752384922.42,327227971.71,10877937142.9,590515498.39,63940445.02,2024,10,overview
Cambodia,53185437.43,1794709230.7,302128264.85,10195128817.53,355313702.28,248942827.43,2024,10,overview
Brunei Darussalam,57888928.07,1980629894.41,32800696.98,1122253307.42,90689625.04,-25088231.09,2024,10,overview
China,5296722789.31,166491888517.29,2731616280.71,85862895109.0,8028339070.02,-2565106508.6,2024,10,overview
Japan,3217991148.88,108316823686.56,2481826191.59,83537684716.37,5699817340.48,-736164957.29,2024,10,overview
"Korea, Republic of",939046287.2,32761756103.8,547557890.37,19103379994.69,1486604177.57,-391488396.83,2024,10,overview
Taiwan,729987733.33,24026232820.41,338856889.67,11152864838.9,1068844623.0,-391130843.67,2024,10,overview
Hong Kong,290509964.95,9931253569.17,1164026822.42,39792939759.82,1454536787.37,873516857.47,2024,10,overview
India,592954139.1,17770785371.88,796135268.0,23860106611.61,1389089407.1,203181128.9,2024,10,overview
Bangladesh,54184891.12,1787511683.07,27794355.87,916911242.57,81979246.99,-26390535.25,2024,10,overview
Pakistan,50459530.57,1682435843.94,32693753.74,1090084322.12,83153284.31,-17765776.82,2024,10,overview
Sri Lanka,57318785.1,1952488271.22,29554887.45,1006747979.89,86873672.55,-27763897.65,2024,10,overview
Germany,524216041.18,16576799134.05,359839186.26,11378861848.05,884055227.43,-164376854.92,2024,10,overview
United Kingdom,255647524.71,8614192793.02,394484235.2,13292376915.09,650131759.9,138836710.49,2024,10,overview
France,187666186.36,6760995211.34,204676363.26,7373815916.26,392342549.62,17010176.91,2024,10,overview
Netherlands,208841858.42,7045825058.68,352764104.83,11901417600.81,561605963.26,143922246.41,2024,10,overview
Italy,54910447.35,1853439671.06,29916877.82,1009810170.4,84827325.17,-24993569.52,2024,10,overview
Spain,50388397.48,1675642966.41,32836809.76,1091972995.1,83225207.25,-17551587.72,2024,10,overview
Belgium,53745346.8,1707385962.23,29164188.07,926489980.51,82909534.88,-24581158.73,2024,10,overview
Switzerland,445314870.73,14885786048.1,30852779.39,1031332890.85,476167650.12,-414462091.34,2024,10,overview
Sweden,50481522.93,1619865496.58,33282437.31,1067976334.79,83763960.24,-17199085.63,2024,10,overview
Poland,51188610.87,1779288039.27,33002406.15,1147145537.45,84191017.01,-18186204.72,2024,10,overview
Russian Federation,297489819.21,9956943356.2,35917855.01,1202165669.98,333407674.22,-261571964.2,2024,10,overview
United States of America,1138374647.91,36912368487.02,3409784030.79,110563956108.19,4548158678.7,2271409382.89,2024,10,overview
Canada,53547043.54,1773018141.5,206290300.54,6830562830.59,259837344.08,152743257.0,2024,10,overview
Brazil,239880017.1,7500042785.54,167546560.49,5238478750.25,407426577.59,-72333456.62,2024,10,overview
Mexico,47159713.33,1669655052.81,159812615.54,5658048409.86,206972328.87,112652902.2,2024,10,overview
Argentina,50290264.58,1740546573.29,32791215.25,1134904296.4,83081479.83,-17499049.33,2024,10,overview
Chile,55122793.57,1728839873.37,30276958.61,949589269.67,85399752.18,-24845834.96,2024,10,overview
South Africa,127832259.23,4444360909.58,182382625.2,6340920631.95,310214884.43,54550365.96,2024,10,overview
Nigeria,47095952.82,1487043935.07,131157285.04,4141261267.15,178253237.87,84061332.22,2024,10,overview
Kenya,52189140.47,1670613885.4,32808154.37,1050213852.05,84997294.84,-19380986.1,2024,10,overview
Ghana,52455806.58,1786525329.57,30018913.12,1022375827.44,82474719.7,-22436893.46,2024,10,overview
Morocco,52724213.08,1863143194.58,31190365.06,1102190303.32,83914578.14,-21533848.01,2024,10,overview
Algeria,54491947.43,1791215928.42,29335165.96,964282229.16,83827113.39,-25156781.46,2024,10,overview
Libya,51435779.03,1892155859.95,31249513.82,1149568487.29,82685292.85,-20186265.21,2024,10,overview
Tanzania,53285326.84,1715030954.66,25992818.02,836599682.19,79278144.85,-27292508.82,2024,10,overview
Australia,524999754.69,15759985830.22,806154163.45,24199969770.31,1331153918.15,281154408.76,2024,10,overview
New Zealand,48141615.45,1616414447.18,27272527.72,915708943.43,75414143.17,-20869087.73,2024,10,overview
Saudi Arabia,1523815748.3,50046944115.44,260113517.55,8542953234.89,1783929265.85,-1263702230.76,2024,11,overview
United Arab Emirates,1083028083.4,38862661524.26,211513100.65,7589795836.96,1294541184.06,-871514982.75,2024,11,overview
Kuwait,629453205.33,19423603583.84,29436595.83,908351507.87,658889801.16,-600016609.51,2024,11,overview
Qatar,471018878.75,16301811273.54,31579510.68,1092956665.82,502598389.44,-439439368.07,2024,11,overview
Iran,155554958.67,5298437926.11,43233500.28,1472598620.69,198788458.95,-112321458.39,2024,11,overview
Iraq,369949193.21,12304837670.19,28869641.37,960229829.49,398818834.58,-341079551.83,2024,11,overview
Bahrain,75751079.77,2537380537.05,30517491.79,1022222916.62,106268571.56,-45233587.98,2024,11,overview
Oman,345678749.22,11657069157.83,27281873.45,920006469.11,372960622.67,-318396875.78,2024,11,overview
Israel,56810424.68,1945723991.09,64650141.71,2214229737.67,121460566.39,7839717.02,2024,11,overview
Jordan,53179666.95,1668181419.2,33640339.49,1055256500.9,86820006.44,-19539327.47,2024,11,overview
Lebanon,45160184.65,1343888373.89,30459557.37,906423331.46,75619742.01,-14700627.28,2024,11,overview
Turkey,55792190.78,1804875930.61,133804414.59,4328569355.35,189596605.37,78012223.8,2024,11,overview
Egypt,49285102.14,1630254135.3,30298616.86,1002218586.87,79583719.0,-18986485.29,2024,11,overview
Yemen,51308416.69,1679891973.55,31835969.88,1042343414.87,83144386.57,-19472446.82,2024,11,overview
Malaysia,1092483509.13,35057309468.38,841659218.15,27008469630.01,1934142727.28,-250824290.98,2024,11,overview
Singapore,899466791.58,29558053992.78,588544005.14,19340586716.34,1488010796.71,-310922786.44,2024,11,overview
Indonesia,766088041.22,25636625678.96,717803694.26,24020822190.68,1483891735.48,-48284346.97,2024,11,overview
Vietnam,529994365.62,17432194891.09,1135081712.39,37334294307.92,1665076078.02,605087346.77,2024,11,overview
Philippines,300934436.62,10969816245.77,582597262.34,21237133858.79,883531698.96,281662825.73,2024,11,overview
Myanmar,238454555.92,7728502557.26,329250200.57,10671261898.4,567704756.49,90795644.65,2024,11,overview
Cambodia,46376301.62,1575571779.29,307256611.25,10438625521.69,353632912.87,260880309.63,2024,11,overview
Brunei Darussalam,54532003.91,2040471402.2,34283802.34,1282826839.68,88815806.25,-20248201.57,2024,11,overview
China,5180958938.13,174491129895.04,2885838128.02,97193041223.91,8066797066.15,-2295120810.1,2024,11,overview
Japan,2982597282.69,92622332270.48,2618600433.97,81318681836.81,5601197716.66,-363996848.72,2024,11,overview
"Korea, Republic of",966639989.72,29457381220.98,542700754.25,16538259514.35,1509340743.97,-423939235.47,2024,11,overview
Taiwan,670749042.51,23318265876.85,378753731.83,13167190202.23,1049502774.34,-291995310.68,2024,11,overview
Hong Kong,273732846.65,8233607609.28,1073778567.45,32298174997.5,1347511414.09,800045720.8,2024,11,overview
India,554715317.93,17846704156.44,774343971.36,24912756733.74,1329059289.29,219628653.42,2024,11,overview
Bangladesh,44668539.06,1433543926.44,30831471.67,989472006.32,75500010.73,-13837067.38,2024,11,overview
Pakistan,53349772.16,1698712478.27,28316574.16,901629302.55,81666346.32,-25033198.0,2024,11,overview
Sri Lanka,42579660.57,1394851882.31,30889325.21,1011892364.33,73468985.78,-11690335.36,2024,11,overview
Germany,459628636.21,15875851377.37,412633083.52,14252596533.96,872261719.73,-46995552.69,2024,11,overview
United Kingdom,249578711.28,8338416476.51,363169228.61,12133471897.63,612747939.89,113590517.33,2024,11,overview
France,183592292.54,5928879054.26,236593041.54,7640470680.67,420185334.08,53000749.0,2024,11,overview
Netherlands,213830742.0,7011639891.61,377420713.2,12375854397.01,591251455.2,163589971.2,2024,11,overview
Italy,53257277.12,1644240694.8,31074307.26,959373879.57,84331584.38,-22182969.86,2024,11,overview
Spain,49441531.92,1597326480.19,28981600.9,936319663.94,78423132.82,-20459931.02,2024,11,overview
Belgium,45493067.09,1610590552.85,33221245.4,1176131384.91,78714312.49,-12271821.69,2024,11,overview
Switzerland,438124950.07,14231633671.28,33572550.25,1090538752.63,471697500.32,-404552399.82,2024,11,overview
Sweden,48206343.06,1637381342.94,28576804.78,970642534.09,76783147.84,-19629538.28,2024,11,overview
Poland,51714299.54,1807038434.44,30286733.47,1058300932.55,82001033.01,-21427566.07,2024,11,overview
Russian Federation,314622470.21,10061197690.09,28430352.68,909163921.2,343052822.89,-286192117.53,2024,11,overview
United States of America,1285507986.54,43485547572.8,3521572767.44,119126074448.97,4807080753.99,2236064780.9,2024,11,overview
Canada,58499357.95,1969179281.96,229740983.13,7733438452.86,288240341.08,171241625.19,2024,11,overview
Brazil,236921169.6,7680730192.68,136406252.23,4422144385.62,373327421.83,-100514917.37,2024,11,overview
Mexico,53852223.97,1810844067.82,174641827.9,5872535890.3,228494051.87,120789603.93,2024,11,overview
Argentina,55540576.95,1884722474.26,29876940.35,1013848685.51,85417517.3,-25663636.61,2024,11,overview
Chile,54137239.92,1752955263.81,25648749.16,830502439.93,79785989.07,-28488490.76,2024,11,overview
South Africa,163951847.68,5116154694.19,186864922.81,5831162414.67,350816770.5,22913075.13,2024,11,overview
Nigeria,40917269.41,1345876254.02,118332906.17,3892279489.05,159250175.59,77415636.76,2024,11,overview
Kenya,47199993.08,1593451948.11,30823841.08,1040599932.45,78023834.16,-16376152.0,2024,11,overview
Ghana,53516892.2,1660552761.87,24731269.66,767375990.07,78248161.86,-28785622.54,2024,11,overview
Morocco,49553883.31,1671643316.91,31869958.09,1075096418.35,81423841.4,-17683925.21,2024,11,overview
Algeria,52709031.55,1713494179.53,29540227.06,960309943.7,82249258.61,-23168804.5,2024,11,overview
Libya,47832222.07,1512419792.23,32347857.28,1022815530.48,80180079.36,-15484364.79,2024,11,overview
Tanzania,54245647.89,1786441179.85,30981746.19,1020304289.52,85227394.08,-23263901.69,2024,11,overview
Australia,577478800.91,18495791824.19,724538371.8,23205892358.99,1302017172.71,147059570.89,2024,11,overview
New Zealand,49450738.76,1617235341.64,24699318.73,807765711.21,74150057.49,-24751420.03,2024,11,overview
Saudi Arabia,1420297009.54,45812661732.58,230418609.07,7432311497.62,1650715618.6,-1189878400.47,2024,12,overview
United Arab Emirates,1061972688.3,35282068467.67,168487705.14,5597690801.5,1230460393.44,-893484983.16,2024,12,overview
Kuwait,594177363.1,20072019263.24,28499343.47,962741778.08,622676706.57,-565678019.63,2024,12,overview
Qatar,423450925.42,12902416129.77,28036869.64,854274574.33,451487795.06,-395414055.78,2024,12,overview
Iran,129580100.16,4420059087.91,36913511.15,1259143188.14,166493611.31,-92666589.01,2024,12,overview
Iraq,325120548.45,10633526779.98,27073861.74,885488890.83,352194410.19,-298046686.71,2024,12,overview
Bahrain,73568952.41,2334562397.32,24433746.04,775355674.65,98002698.44,-49135206.37,2024,12,overview
Oman,265806305.75,8043718050.36,26816486.21,811509168.6,292622791.97,-238989819.54,2024,12,overview
Israel,45688482.9,1502423367.94,56170186.5,1847104465.04,101858669.4,10481703.59,2024,12,overview
Jordan,52457284.43,1702677908.0,25004909.32,811618579.73,77462193.74,-27452375.11,2024,12,overview
Lebanon,42690064.04,1387722188.49,26288787.01,854567306.59,68978851.06,-16401277.03,2024,12,overview
Turkey,39121981.48,1285296716.24,101174015.22,3323927485.64,140295996.7,62052033.74,2024,12,overview
Egypt,48416097.54,1694718870.67,31109946.77,1088948026.1,79526044.31,-17306150.78,2024,12,overview
Yemen,41348829.96,1354629313.14,24977666.86,818293522.31,66326496.82,-16371163.09,2024,12,overview
Malaysia,1007537553.63,31242468795.54,695999005.48,21582051341.14,1703536559.11,-311538548.14,2024,12,overview
Singapore,677053578.09,23043457876.53,607791827.5,20686140400.03,1284845405.58,-69261750.59,2024,12,overview
Indonesia,607281302.45,17969600517.16,697402636.23,20636312565.64,1304683938.68,90121333.78,2024,12,overview
Vietnam,444495044.36,14113031066.08,1130848414.06,35905234493.37,1575343458.42,686353369.71,2024,12,overview
Philippines,246803076.57,8733088213.07,450011914.18,15923601107.72,696814990.74,203208837.61,2024,12,overview
Myanmar,207717951.54,7042859016.91,269600475.76,9141040182.62,477318427.3,61882524.22,2024,12,overview
Cambodia,49415892.97,1590739860.49,261243523.1,8409652452.69,310659416.07,211827630.14,2024,12,overview
Brunei Darussalam,44693685.24,1463483156.61,29167113.87,955069595.15,73860799.11,-15526571.38,2024,12,overview
China,4071582837.23,126903313423.06,2318975647.76,72277958035.74,6390558484.99,-1752607189.47,2024,12,overview
Japan,2827905240.85,90743855600.45,2061724688.65,66158103437.19,4889629929.5,-766180552.2,2024,12,overview
"Korea, Republic of",664933689.49,21703979114.61,443832617.34,14487059400.6,1108766306.82,-221101072.15,2024,12,overview
Taiwan,603681222.29,21314187659.0,341893643.36,12071247216.27,945574865.66,-261787578.93,2024,12,overview
Hong Kong,230431941.4,7335733303.86,904772873.97,28803179210.54,1135204815.37,674340932.57,2024,12,overview
India,475286178.46,15532789634.46,632436771.47,20668615612.22,1107722949.92,157150593.01,2024,12,overview
Bangladesh,44896088.51,1501408940.07,27874004.96,932158716.34,72770093.47,-17022083.56,2024,12,overview
Pakistan,41802157.3,1289197010.01,25118613.63,774669148.21,66920770.93,-16683543.67,2024,12,overview
Sri Lanka,41071841.08,1306577188.37,30601736.65,973502282.37,71673577.74,-10470104.43,2024,12,overview
Germany,398746840.55,13092634339.46,361692898.08,11875988412.04,760439738.62,-37053942.47,2024,12,overview
United Kingdom,216967705.92,7338648428.06,343367981.42,11613972164.2,560335687.35,126400275.5,2024,12,overview
France,168856899.71,5444979889.57,170345393.06,5492978024.96,339202292.77,1488493.35,2024,12,overview
Netherlands,188672993.6,5718729329.71,300976195.52,9122669673.46,489649189.12,112303201.93,2024,12,overview
Italy,43912925.93,1593000490.74,23197652.98,841526083.69,67110578.91,-20715272.95,2024,12,overview
Spain,40677744.49,1358120225.49,26107494.16,871658846.75,66785238.65,-14570250.33,2024,12,overview
Belgium,43065332.22,1448405161.59,25836295.67,868945438.86,68901627.89,-17229036.55,2024,12,overview
Switzerland,395726306.25,13936598360.14,28074049.22,988705431.26,423800355.47,-367652257.03,2024,12,overview
Sweden,40392256.61,1342350575.76,27121539.33,901326565.82,67513795.94,-13270717.28,2024,12,overview
Poland,45321515.29,1480600256.28,29362106.85,959225274.13,74683622.14,-15959408.44,2024,12,overview
Russian Federation,255919548.76,7762729849.73,27579903.37,836572822.03,283499452.13,-228339645.4,2024,12,overview
United States of America,1037952842.56,32819510541.6,2791044020.21,88251310548.2,3828996862.77,1753091177.65,2024,12,overview
Canada,47811228.11,1568026141.78,161348663.26,5291621485.38,209159891.37,113537435.14,2024,12,overview
Brazil,225586005.74,7440766113.45,146569517.52,4834473200.82,372155523.26,-79016488.22,2024,12,overview
Mexico,47384835.01,1572474579.18,139662299.3,4634719426.25,187047134.31,92277464.29,2024,12,overview
Argentina,40240982.71,1334381252.57,23414426.9,776416732.05,63655409.61,-16826555.82,2024,12,overview
Chile,42169422.36,1438769445.61,28395156.47,968808232.31,70564578.83,-13774265.89,2024,12,overview
South Africa,130296815.68,4399615741.05,144001676.72,4862375494.94,274298492.4,13704861.04,2024,12,overview
Nigeria,40493364.95,1276791285.07,99380361.36,3133549889.79,139873726.31,58886996.4,2024,12,overview
Kenya,43594886.4,1438301616.82,28926126.98,954343471.03,72521013.37,-14668759.42,2024,12,overview
Ghana,42520248.74,1438382920.6,23221798.81,785551349.7,65742047.55,-19298449.94,2024,12,overview
Morocco,41331106.42,1341966140.99,26698667.28,866870272.85,68029773.71,-14632439.14,2024,12,overview
Algeria,47039304.99,1548139282.67,26117287.79,859562002.38,73156592.79,-20922017.2,2024,12,overview
Libya,45796401.61,1572312761.66,30908285.43,1061163976.01,76704687.03,-14888116.18,2024,12,overview
Tanzania,43770849.13,1409977704.96,26456766.95,852244182.66,70227616.08,-17314082.18,2024,12,overview
Australia,488796181.83,15564138802.4,674143448.92,21465925066.2,1162939630.75,185347267.09,2024,12,overview
New Zealand,46387545.83,1623555561.54,24183351.68,846412855.27,70570897.51,-22204194.15,2024,12,overview
Saudi Arabia,1376092496.47,45411710041.94,216688149.93,7150812506.67,1592780646.4,-1159404346.55,2025,1,overview
United Arab Emirates,992105527.05,34358736212.61,176806075.37,6123172524.3,1168911602.42,-815299451.68,2025,1,overview
Kuwait,489993693.18,16686650639.78,22775451.31,775614062.91,512769144.49,-467218241.87,2025,1,overview
Qatar,443894054.26,14160181686.93,23633571.13,753908861.57,467527625.38,-420260483.13,2025,1,overview
Iran,120879061.22,3930319319.04,32607055.18,1060201308.75,153486116.4,-88272006.04,2025,1,overview
Iraq,296408403.18,9444388114.38,24608431.74,784092413.43,321016834.92,-271799971.44,2025,1,overview
Bahrain,67959628.47,2210424646.72,26308261.78,855690820.61,94267890.25,-41651366.69,2025,1,overview
Oman,283663196.74,8683988860.53,27015196.57,827035966.36,310678393.31,-256648000.18,2025,1,overview
Israel,45079463.04,1458225851.89,54435187.49,1760863867.8,99514650.52,9355724.45,2025,1,overview
Jordan,38091289.42,1256572102.08,25976753.05,856932481.91,64068042.46,-12114536.37,2025,1,overview
Lebanon,39384275.16,1294508730.83,22946107.93,754208042.06,62330383.09,-16438167.23,2025,1,overview
Turkey,42459908.81,1395864572.53,100373693.16,3299773508.94,142833601.97,57913784.34,2025,1,overview
Egypt,39449590.04,1333395652.2,25056964.55,846925089.77,64506554.6,-14392625.49,2025,1,overview
Yemen,42055303.56,1358006191.7,22487647.57,726147763.8,64542951.13,-19567655.99,2025,1,overview
Malaysia,791249830.1,26489664455.17,707061030.95,23671170275.94,1498310861.05,-84188799.15,2025,1,overview
Singapore,600401516.23,18811612523.16,596620226.31,18693138204.02,1197021742.54,-3781289.92,2025,1,overview
Indonesia,681289228.22,21208812834.25,646467536.35,20124799297.98,1327756764.57,-34821691.87,2025,1,overview
Vietnam,393138722.14,12742825122.58,1067316972.08,34594998558.13,1460455694.22,674178249.94,2025,1,overview
Philippines,257592691.61,8230378582.08,586188439.75,18729385331.08,843781131.35,328595748.14,2025,1,overview
Myanmar,217371090.52,7261448701.03,289087330.31,9657184928.01,506458420.84,71716239.79,2025,1,overview
Cambodia,37705679.07,1178509690.39,270095919.0,8441981838.36,307801598.06,232390239.93,2025,1,overview
Brunei Darussalam,48136096.46,1802902077.32,24251068.56,908305930.4,72387165.02,-23885027.9,2025,1,overview
China,4834574408.76,159686092833.3,2430559501.54,80281430666.67,7265133910.3,-2404014907.22,2025,1,overview
Japan,2752516844.41,92659362875.23,2207000485.83,74295370543.39,4959517330.24,-545516358.58,2025,1,overview
"Korea, Republic of",761612903.68,24714280458.82,428410301.53,13901881509.94,1190023205.21,-333202602.15,2025,1,overview
Taiwan,588924766.96,19757113548.4,323664477.83,10858221964.43,912589244.79,-265260289.14,2025,1,overview
Hong Kong,265649379.17,7949138314.39,920384749.63,27541060702.43,1186034128.8,654735370.46,2025,1,overview
India,487739100.45,17316304743.31,616324890.26,21881513315.04,1104063990.71,128585789.82,2025,1,overview
Bangladesh,37975714.13,1257494139.6,29193965.2,966703088.77,67169679.33,-8781748.93,2025,1,overview
Pakistan,44959222.43,1521471426.02,29440548.14,996301767.21,74399770.57,-15518674.29,2025,1,overview
Sri Lanka,44652474.77,1441148924.66,26463190.33,854093720.18,71115665.11,-18189284.44,2025,1,overview
Germany,431680563.1,14216600586.06,326320307.83,10746755531.91,758000870.93,-105360255.27,2025,1,overview
United Kingdom,175906159.4,5772781761.14,313262009.36,10280442823.86,489168168.77,137355849.96,2025,1,overview
France,168411813.86,5195446206.7,176109290.59,5432910701.28,344521104.46,7697476.73,2025,1,overview
Netherlands,199778052.86,6548970969.12,300376679.59,9846718026.58,500154732.45,100598626.73,2025,1,overview
Italy,39925108.58,1400590369.63,26009731.85,912432833.2,65934840.43,-13915376.74,2025,1,overview
Spain,46852317.97,1584526579.24,27734496.32,937969528.18,74586814.29,-19117821.65,2025,1,overview
Belgium,42025631.46,1374172666.33,22948301.13,750373690.03,64973932.6,-19077330.33,2025,1,overview
Switzerland,339601895.23,11364466913.62,28138136.29,941617003.3,367740031.53,-311463758.94,2025,1,overview
Sweden,48847414.3,1578516726.72,28446944.2,919270300.9,77294358.5,-20400470.1,2025,1,overview
Poland,37053126.14,1298307370.87,28837562.65,1010441602.12,65890688.79,-8215563.49,2025,1,overview
Russian Federation,231226517.68,7763008517.5,29094389.67,976791058.01,260320907.35,-202132128.01,2025,1,overview
United States of America,1051748465.7,36829105219.8,3126782065.32,109490614380.47,4178530531.03,2075033599.62,2025,1,overview
Canada,45521140.2,1544286083.04,179618514.68,6093484724.89,225139654.88,134097374.48,2025,1,overview
Brazil,209409672.68,6627088288.37,129227826.55,4089611548.9,338637499.22,-80181846.13,2025,1,overview
Mexico,42113904.99,1349626079.69,125992873.8,4037698911.64,168106778.79,83878968.81,2025,1,overview
Argentina,43739991.89,1476371346.41,25287156.57,853526298.8,69027148.46,-18452835.33,2025,1,overview
Chile,37651274.25,1249921680.59,25724584.76,853987464.18,63375859.01,-11926689.49,2025,1,overview
South Africa,126574425.97,3875978651.37,153611849.05,4703922162.17,280186275.02,27037423.07,2025,1,overview
Nigeria,44500552.75,1501462264.4,109219792.42,3685109211.04,153720345.17,64719239.67,2025,1,overview
Kenya,46862047.26,1580095529.8,26378536.69,889432074.24,73240583.95,-20483510.58,2025,1,overview
Ghana,43806948.74,1341988881.77,27387905.33,839005352.09,71194854.08,-16419043.41,2025,1,overview
Morocco,40173685.08,1177464446.71,29255673.21,857464656.32,69429358.28,-10918011.87,2025,1,overview
Algeria,42781464.13,1405803574.42,28394580.64,933049014.76,71176044.76,-14386883.49,2025,1,overview
Libya,41864788.34,1359363062.98,26228782.94,851656968.14,68093571.28,-15636005.41,2025,1,overview
Tanzania,43373447.04,1503454299.33,24540754.26,850656450.44,67914201.31,-18832692.78,2025,1,overview
Australia,578316731.76,17881707102.53,684879332.77,21176651057.54,1263196064.54,106562601.01,2025,1,overview
New Zealand,41453470.84,1399399049.35,25577892.35,863466376.03,67031363.19,-15875578.49,2025,1,overview
Saudi Arabia,1152646273.72,38920270453.7,196100503.24,6621532378.36,1348746776.96,-956545770.48,2025,2,overview
United Arab Emirates,1078338044.68,33428667467.89,158853882.3,4924498058.53,1237191926.99,-919484162.38,2025,2,overview
Kuwait,633258822.24,20643917402.21,26646308.3,868656177.06,659905130.54,-606612513.94,2025,2,overview
Qatar,446971278.98,15331443541.99,24825340.0,851527416.94,471796618.98,-422145938.98,2025,2,overview
Iran,126973713.77,4168499687.09,33677455.24,1105618300.4,160651169.01,-93296258.54,2025,2,overview
Iraq,258668118.86,8170730710.36,28962818.37,914868792.27,287630937.23,-229705300.49,2025,2,overview
Bahrain,59591447.22,1880574512.88,24648003.08,777836561.16,84239450.29,-34943444.14,2025,2,overview
Oman,249712641.42,8613326741.36,26454654.28,912499182.45,276167295.7,-223257987.14,2025,2,overview
Israel,44515583.05,1472325654.2,48923804.2,1618124869.77,93439387.24,4408221.15,2025,2,overview
Jordan,43155342.29,1461061962.75,21548878.43,729556178.61,64704220.72,-21606463.87,2025,2,overview
Lebanon,36919429.38,1195939470.45,29167935.28,944843559.44,66087364.66,-7751494.1,2025,2,overview
Turkey,41173567.32,1319820551.42,94123870.24,3017144891.48,135297437.56,52950302.91,2025,2,overview
Egypt,49394719.5,1515242113.14,26961381.6,827072635.21,76356101.09,-22433337.9,2025,2,overview
Yemen,46820751.8,1525334940.98,27468644.0,894878464.61,74289395.8,-19352107.79,2025,2,overview
Malaysia,856341135.52,30793059445.21,667867258.04,24015751813.57,1524208393.57,-188473877.48,2025,2,overview
Singapore,626070450.16,20258251145.02,549637774.47,17785059287.18,1175708224.63,-76432675.69,2025,2,overview
Indonesia,518007488.79,16176156625.49,736785658.49,23008084765.15,1254793147.29,218778169.7,2025,2,overview
Vietnam,425276319.17,13779545657.53,863326183.34,27972971982.06,1288602502.51,438049864.18,2025,2,overview
Philippines,259214694.56,8782246414.17,468411672.74,15869882455.21,727626367.3,209196978.18,2025,2,overview
Myanmar,204460863.08,7164848699.14,274021255.2,9602428573.69,478482118.28,69560392.12,2025,2,overview
Cambodia,39829983.35,1325349918.73,252289261.16,8394970915.14,292119244.51,212459277.81,2025,2,overview
Brunei Darussalam,43862357.81,1459972459.5,25103850.28,835589600.56,68966208.1,-18758507.53,2025,2,overview
China,4097787768.59,143205021537.74,2530617117.31,88437249377.9,6628404885.91,-1567170651.28,2025,2,overview
Japan,2637104298.19,89884659629.68,2118537505.02,72209515066.26,4755641803.2,-518566793.17,2025,2,overview
"Korea, Republic of",660438922.44,20719448038.41,428576117.49,13445392594.39,1089015039.93,-231862804.95,2025,2,overview
Taiwan,644471990.37,21183328635.3,227411116.02,7474839058.76,871883106.38,-417060874.35,2025,2,overview
Hong Kong,273636373.3,9194091809.12,744636030.84,25019524814.25,1018272404.14,470999657.54,2025,2,overview
India,434672012.65,14960937509.25,567820881.83,19543776646.17,1002492894.48,133148869.18,2025,2,overview
Bangladesh,42453836.99,1338797104.59,20994082.13,662055973.3,63447919.12,-21459754.86,2025,2,overview
Pakistan,45052539.14,1604870711.09,25975579.09,925307360.8,71028118.23,-19076960.05,2025,2,overview
Sri Lanka,47417318.46,1742816745.31,24388456.27,896394215.48,71805774.72,-23028862.19,2025,2,overview
Germany,418735103.63,13420267537.37,308585158.93,9890012456.7,727320262.56,-110149944.7,2025,2,overview
United Kingdom,171233411.99,6060317400.71,330151268.19,11684760889.98,501384680.18,158917856.2,2025,2,overview
France,153585947.18,5090362219.93,164119094.12,5439466641.15,317705041.3,10533146.93,2025,2,overview
Netherlands,154323545.18,5043982294.27,251466428.79,8219045337.14,405789973.98,97142883.61,2025,2,overview
Italy,40718191.11,1357303199.35,24295847.05,809879565.76,65014038.16,-16422344.06,2025,2,overview
Spain,46571027.39,1548750462.27,24466996.0,813666210.39,71038023.4,-22104031.39,2025,2,overview
Belgium,44221837.12,1418564219.36,26186610.71,840023648.98,70408447.83,-18035226.41,2025,2,overview
Switzerland,336911100.12,10547835168.28,26173364.88,819421914.11,363084465.0,-310737735.24,2025,2,overview
Sweden,46016098.76,1468641967.64,27946767.34,891944264.89,73962866.1,-18069331.42,2025,2,overview
Poland,42439170.09,1365759495.14,26363410.18,848416161.33,68802580.28,-16075759.91,2025,2,overview
Russian Federation,260411173.74,8020175290.17,25402490.79,782349028.98,285813664.53,-235008682.96,2025,2,overview
United States of America,1039843103.99,35779757844.63,2439265526.72,83932210089.6,3479108630.71,1399422422.72,2025,2,overview
Canada,39547584.31,1386475756.11,165009742.8,5784980598.25,204557327.11,125462158.5,2025,2,overview
Brazil,217256179.86,6838708589.74,114547876.59,3605695120.21,331804056.44,-102708303.27,2025,2,overview
Mexico,39787997.68,1334387971.64,129333280.16,4337508380.67,169121277.83,89545282.48,2025,2,overview
Argentina,38972894.63,1302566703.29,22733577.77,759810163.83,61706472.4,-16239316.86,2025,2,overview
Chile,41183647.85,1361321587.09,29402375.07,971892728.98,70586022.92,-11781272.78,2025,2,overview
South Africa,143571955.86,4399070655.36,136363263.01,4178195004.66,279935218.88,-7208692.85,2025,2,overview
Nigeria,38046848.71,1355767204.57,109841577.37,3914111506.03,147888426.07,71794728.66,2025,2,overview
Kenya,39176580.03,1224132129.58,24151104.54,754638179.7,63327684.57,-15025475.48,2025,2,overview
Ghana,35734750.78,1191201138.08,26516133.87,883902871.88,62250884.64,-9218616.91,2025,2,overview
Morocco,41826731.49,1483173180.8,22266486.59,789568167.54,64093218.08,-19560244.9,2025,2,overview
Algeria,40108777.31,1236078631.87,26145454.61,805754748.28,66254231.91,-13963322.7,2025,2,overview
Libya,41154677.45,1378295368.48,25659497.16,859352284.7,66814174.61,-15495180.29,2025,2,overview
Tanzania,42308708.3,1324441083.48,26067012.12,816007464.29,68375720.42,-16241696.18,2025,2,overview
Australia,509418588.93,16987840992.51,674751944.35,22501296554.66,1184170533.28,165333355.42,2025,2,overview
New Zealand,42033540.84,1304019163.27,22520935.18,698673736.61,64554476.02,-19512605.67,2025,2,overview
Saudi Arabia,1153030536.36,39481479273.52,248815936.43,8519827469.53,1401846472.79,-904214599.94,2025,3,overview
United Arab Emirates,1196649590.12,35660542117.53,191418820.64,5704342333.68,1388068410.76,-1005230769.48,2025,3,overview
Kuwait,514462301.55,17081834306.52,28407071.37,943207859.45,542869372.91,-486055230.18,2025,3,overview
Qatar,458759975.1,15147097184.05,28852112.37,952623972.74,487612087.47,-429907862.73,2025,3,overview
Iran,141478836.92,4877202276.56,35456287.37,1222285178.63,176935124.28,-106022549.55,2025,3,overview
Iraq,315690783.96,10052699946.36,25041684.76,797414925.6,340732468.71,-290649099.2,2025,3,overview
Bahrain,72649970.13,2392842861.07,30253554.25,996449154.52,102903524.38,-42396415.88,2025,3,overview
Oman,276076556.93,9435806372.11,25225496.6,862162670.46,301302053.53,-250851060.33,2025,3,overview
Israel,44272205.45,1559279233.81,55601475.08,1958299221.35,99873680.53,11329269.63,2025,3,overview
Jordan,48609412.31,1475088327.34,24374454.43,739660726.11,72983866.74,-24234957.89,2025,3,overview
Lebanon,46468026.62,1578649909.69,25306035.54,859717393.44,71774062.16,-21161991.08,2025,3,overview
Turkey,46866256.32,1496902847.89,113583170.61,3627833433.02,160449426.93,66716914.29,2025,3,overview
Egypt,53215303.59,1733867562.56,34398095.14,1120762963.81,87613398.73,-18817208.45,2025,3,overview
Yemen,48027523.32,1566200094.39,28243409.68,921030855.83,76270933.01,-19784113.64,2025,3,overview
Malaysia,871983267.04,27290115092.02,682466713.92,21358890558.21,1554449980.97,-189516553.12,2025,3,overview
Singapore,771561283.66,22477555949.15,581964279.43,16954109710.17,1353525563.09,-189597004.23,2025,3,overview
Indonesia,677188683.05,23715154115.02,698480455.12,24460792175.26,1375669138.16,21291772.07,2025,3,overview
Vietnam,481025673.57,14265049665.92,988392551.88,29311260534.93,1469418225.45,507366878.31,2025,3,overview
Philippines,264119429.14,9089601166.36,532470183.26,18324822276.35,796589612.4,268350754.11,2025,3,overview
Myanmar,233375928.08,7237629410.8,305667296.13,9479583565.27,539043224.21,72291368.05,2025,3,overview
Cambodia,50315204.58,1508079957.92,296414576.82,8884330019.96,346729781.4,246099372.24,2025,3,overview
Brunei Darussalam,51650515.33,1734840956.99,28234533.94,948343410.75,79885049.27,-23415981.39,2025,3,overview
China,4347650485.99,135738958854.35,3088410380.3,96423944585.12,7436060866.29,-1259240105.69,2025,3,overview
Japan,2989055030.52,94271055929.52,2389184156.88,75351879098.7,5378239187.4,-599870873.64,2025,3,overview
"Korea, Republic of",865912629.6,29424437581.17,475734780.88,16165866955.45,1341647410.47,-390177848.72,2025,3,overview
Taiwan,574027887.46,17888525535.97,382351091.11,11915269983.36,956378978.57,-191676796.35,2025,3,overview
Hong Kong,303227953.82,9724980413.96,859824060.28,27575861790.64,1163052014.1,556596106.46,2025,3,overview
India,546212087.05,16983412638.25,707671374.29,22003678144.19,1253883461.35,161459287.24,2025,3,overview
Bangladesh,50783064.34,1604392900.7,30367846.27,959413489.52,81150910.61,-20415218.07,2025,3,overview
Pakistan,52681946.51,1689132881.09,24758725.2,793835072.48,77440671.71,-27923221.31,2025,3,overview
Sri Lanka,48498206.47,1619632942.31,26111304.39,872006035.53,74609510.86,-22386902.08,2025,3,overview
Germany,476091542.81,16305469197.75,368074393.16,12606032958.87,844165935.97,-108017149.65,2025,3,overview
United Kingdom,229275125.86,7960365379.29,333014675.89,11562172245.42,562289801.75,103739550.03,2025,3,overview
France,198651456.55,6213068763.5,198581671.77,6210886158.66,397233128.33,-69784.78,2025,3,overview
Netherlands,194677233.03,6050155206.0,303979733.29,9447044922.92,498656966.32,109302500.26,2025,3,overview
Italy,46440390.62,1587607783.98,25997570.19,888751025.78,72437960.81,-20442820.43,2025,3,overview
Spain,49751980.83,1580000829.42,23759311.98,754537447.6,73511292.81,-25992668.86,2025,3,overview
Belgium,41253597.14,1389535156.05,26987785.16,909023185.13,68241382.3,-14265811.97,2025,3,overview
Switzerland,366423867.79,12806611204.55,26702759.78,933268525.03,393126627.57,-339721108.0,2025,3,overview
Sweden,38095850.37,1226060373.99,30798066.79,991191663.11,68893917.15,-7297783.58,2025,3,overview
Poland,46416466.0,1639166497.9,26842651.4,947930307.44,73259117.4,-19573814.6,2025,3,overview
Russian Federation,252651462.1,8537385469.2,28051312.94,947886347.07,280702775.04,-224600149.16,2025,3,overview
United States of America,976525271.78,32008283844.57,2769342752.2,90772775100.88,3745868023.97,1792817480.42,2025,3,overview
Canada,43395161.65,1409266814.34,174642954.99,5671565940.78,218038116.65,131247793.34,2025,3,overview
Brazil,245678011.21,8504792774.07,136283133.72,4717800364.7,381961144.93,-109394877.49,2025,3,overview
Mexico,42980045.09,1542533106.4,126090951.46,4525343485.76,169070996.55,83110906.37,2025,3,overview
Argentina,44249763.13,1344613971.85,25085935.28,762284285.59,69335698.41,-19163827.85,2025,3,overview
Chile,50725636.57,1654641625.17,27259795.28,889199131.02,77985431.85,-23465841.29,2025,3,overview
South Africa,138340348.81,4527977181.05,181776107.68,5949660201.94,320116456.5,43435758.87,2025,3,overview
Nigeria,55467280.95,1918761742.44,113299564.83,3919335267.38,168766845.78,57832283.87,2025,3,overview
Kenya,49717246.27,1596895255.28,27943285.11,897525562.14,77660531.38,-21773961.16,2025,3,overview
Ghana,47948771.88,1541127275.33,29168641.36,937512829.1,77117413.24,-18780130.52,2025,3,overview
Morocco,47329886.23,1708841832.05,30796571.56,1111907802.03,78126457.79,-16533314.67,2025,3,overview
Algeria,49900826.69,1599617840.73,32201307.22,1032243129.66,82102133.91,-17699519.48,2025,3,overview
Libya,49331033.35,1561598526.19,31025960.74,982142300.17,80356994.09,-18305072.61,2025,3,overview
Tanzania,44893844.95,1415832978.02,31921382.48,1006715866.42,76815227.42,-12972462.47,2025,3,overview
Australia,500363729.34,17410228433.65,838686258.35,29182209832.46,1339049987.69,338322529.01,2025,3,overview
New Zealand,48323022.65,1562873502.86,27922516.49,903075982.5,76245539.13,-20400506.16,2025,3,overview
Saudi Arabia,1478104567.77,49306389257.47,271364812.76,9052146499.27,1749469380.53,-1206739755.01,2025,4,overview
United Arab Emirates,1356869735.73,44736644949.25,178888265.17,5898031766.64,1535758000.9,-1177981470.56,2025,4,overview
Kuwait,560943798.27,18382338286.89,26400284.64,865147211.9,587344082.91,-534543513.63,2025,4,overview
Qatar,497919986.81,18052426845.37,30122439.56,1092109477.35,528042426.37,-467797547.25,2025,4,overview
Iran,149921101.82,4962259743.4,42093381.87,1393254797.1,192014483.69,-107827719.95,2025,4,overview
Iraq,382561748.25,12929296976.46,34457133.51,1164534912.65,417018881.76,-348104614.74,2025,4,overview
Bahrain,70971141.94,2372061483.34,27640723.74,923833185.81,98611865.69,-43330418.2,2025,4,overview
Oman,299657886.56,10095563053.29,30525317.65,1028407003.08,330183204.21,-269132568.91,2025,4,overview
Israel,48210257.86,1619946977.81,54877200.49,1843967633.36,103087458.35,6666942.63,2025,4,overview
Jordan,55333691.27,1870392526.72,31268890.88,1056952798.18,86602582.15,-24064800.39,2025,4,overview
Lebanon,52151970.64,1681254487.52,28051803.11,904322872.05,80203773.75,-24100167.52,2025,4,overview
Turkey,45300871.02,1466252891.54,114480948.4,3705403844.12,159781819.41,69180077.38,2025,4,overview
Egypt,52840829.7,1680122657.85,27810672.0,884265830.45,80651501.7,-25030157.7,2025,4,overview
Yemen,55671320.83,1849974285.46,27866059.37,925997308.72,83537380.2,-27805261.47,2025,4,overview
Malaysia,998460647.64,34799574258.94,700828164.12,24426122148.99,1699288811.76,-297632483.51,2025,4,overview
Singapore,810227437.78,25912019071.85,704474995.09,22529932531.68,1514702432.87,-105752442.69,2025,4,overview
Indonesia,679916023.1,22706361785.72,725025549.75,24212831992.91,1404941572.85,45109526.65,2025,4,overview
Vietnam,425762783.49,13139168987.0,1166653695.07,36003287847.45,1592416478.56,740890911.57,2025,4,overview
Philippines,297387550.4,8987830853.66,479737206.1,14498915159.09,777124756.49,182349655.7,2025,4,overview
Myanmar,256692828.93,8090499229.38,276452720.21,8713295689.42,533145549.14,19759891.28,2025,4,overview
Cambodia,53082019.59,1821145109.65,296677339.15,10178446290.16,349759358.74,243595319.57,2025,4,overview
Brunei Darussalam,47542525.56,1525793169.93,35107445.24,1126711287.14,82649970.8,-12435080.32,2025,4,overview
China,5490778217.76,167568856729.91,2876807262.25,87795078374.79,8367585480.01,-2613970955.51,2025,4,overview
Japan,3002673257.92,94353053665.63,2371038628.17,74505187781.33,5373711886.09,-631634629.75,2025,4,overview
"Korea, Republic of",714055766.82,23938449471.76,480881321.52,16121364397.48,1194937088.34,-233174445.3,2025,4,overview
Taiwan,541236499.05,17459343940.5,365699358.45,11796822441.06,906935857.5,-175537140.61,2025,4,overview
Hong Kong,258299344.18,8514727595.08,1036216624.01,34158438577.87,1294515968.19,777917279.83,2025,4,overview
India,581583717.16,19190941450.79,698200906.52,23039043774.24,1279784623.68,116617189.37,2025,4,overview
Bangladesh,47594610.31,1541099351.41,30026418.07,972246502.7,77621028.38,-17568192.23,2025,4,overview
Pakistan,44896950.19,1471868761.29,30320597.82,994008291.43,75217548.01,-14576352.38,2025,4,overview
Sri Lanka,48312725.43,1586067405.18,31429517.69,1031805453.32,79742243.11,-16883207.74,2025,4,overview
Germany,482412841.05,16231315467.6,366975074.8,12347283697.6,849387915.85,-115437766.25,2025,4,overview
United Kingdom,247659016.64,7957607831.6,361588648.46,11618315778.87,609247665.09,113929631.82,2025,4,overview
France,185674406.08,6197499650.21,204947035.84,6840787644.04,390621441.93,19272629.76,2025,4,overview
Netherlands,178760658.12,5443677505.82,372537646.22,11344637159.95,551298304.34,193776988.11,2025,4,overview
Italy,51206489.63,1834661072.92,25983817.6,930965958.18,77190307.23,-25222672.03,2025,4,overview
Spain,42229416.25,1388399679.28,31574925.31,1038106136.92,73804341.56,-10654490.95,2025,4,overview
Belgium,46770202.63,1587747847.06,29338785.39,995988700.43,76108988.01,-17431417.24,2025,4,overview
Switzerland,357577366.91,12148479103.81,27023246.15,918098771.18,384600613.06,-330554120.76,2025,4,overview
Sweden,41602095.36,1562617569.87,27558794.95,1035136735.89,69160890.31,-14043300.41,2025,4,overview
Poland,44451966.03,1427844883.36,31564638.3,1013890077.68,76016604.32,-12887327.73,2025,4,overview
Russian Federation,300873196.11,10438324703.37,30423393.84,1055492039.84,331296589.95,-270449802.27,2025,4,overview
United States of America,1137874117.97,36543959657.71,3574388521.87,114795044443.69,4712262639.84,2436514403.89,2025,4,overview
Canada,49086174.95,1537234088.35,196515176.59,6154275182.71,245601351.55,147429001.64,2025,4,overview
Brazil,235406955.41,7615843079.69,146417742.11,4736880208.29,381824697.51,-88989213.3,2025,4,overview
Mexico,57592281.58,2002433911.21,134852155.84,4688693040.94,192444437.42,77259874.26,2025,4,overview
Argentina,51484700.43,1632177570.66,28877939.66,915493826.36,80362640.08,-22606760.77,2025,4,overview
Chile,45221965.16,1371192755.17,27712045.23,840267677.84,72934010.39,-17509919.93,2025,4,overview
South Africa,132945925.82,4655608449.43,152887969.89,5353955151.87,285833895.71,19942044.08,2025,4,overview
Nigeria,50567299.7,1713384352.81,122911203.58,4164630784.06,173478503.29,72343903.88,2025,4,overview
Kenya,48826937.87,1566556444.2,32288261.47,1035931932.09,81115199.34,-16538676.39,2025,4,overview
Ghana,48594509.3,1507313535.39,30637797.66,950328911.02,79232306.96,-17956711.64,2025,4,overview
Morocco,60119651.33,1996753028.34,28976066.9,962381651.3,89095718.23,-31143584.44,2025,4,overview
Algeria,53028179.19,1752958725.19,31026108.69,1025633706.06,84054287.88,-22002070.49,2025,4,overview
Libya,48684938.94,1565965731.42,25431205.28,818002381.02,74116144.22,-23253733.66,2025,4,overview
Tanzania,50177006.31,1747752870.66,29936635.36,1042745357.47,80113641.67,-20240370.96,2025,4,overview
Australia,572626103.05,19804328543.5,685372900.05,23703687301.39,1257999003.1,112746797.0,2025,4,overview
New Zealand,53718979.07,1759540958.58,30987460.05,1014980293.83,84706439.11,-22731519.02,2025,4,overview
Saudi Arabia,1598237554.12,53017900416.08,313268572.73,10391973302.02,1911506126.86,-1284968981.39,2025,5,overview
United Arab Emirates,1056172056.25,35844593266.38,187442448.55,6361461931.79,1243614504.81,-868729607.7,2025,5,overview
Kuwait,514253236.53,17263740835.44,29899791.26,1003751091.15,544153027.78,-484353445.27,2025,5,overview
Qatar,552048121.77,18933526633.87,32592059.86,1117805874.32,584640181.63,-519456061.91,2025,5,overview
Iran,121980387.68,4154440987.82,42231580.51,1438334574.86,164211968.19,-79748807.17,2025,5,overview
Iraq,351213668.52,11180830639.63,25416675.78,809135784.91,376630344.3,-325796992.73,2025,5,overview
Bahrain,71323462.04,2353362369.19,24744580.08,816462941.43,96068042.12,-46578881.95,2025,5,overview
Oman,276171397.93,9043741158.15,35695721.17,1168922144.45,311867119.1,-240475676.76,2025,5,overview
Israel,54255429.08,1747288802.72,51593852.6,1661573089.96,105849281.68,-2661576.48,2025,5,overview
Jordan,49547798.31,1603698672.74,27356756.68,885447908.38,76904554.99,-22191041.63,2025,5,overview
Lebanon,48309393.1,1728639450.96,28947977.15,1035836141.2,77257370.26,-19361415.95,2025,5,overview
Turkey,50654356.72,1712597570.02,122526579.71,4142560211.16,173180936.44,71872222.99,2025,5,overview
Egypt,51576330.42,1677204522.52,29304386.72,952945848.13,80880717.14,-22271943.7,2025,5,overview
Yemen,49822809.83,1728321251.16,32230057.32,1118039973.59,82052867.15,-17592752.51,2025,5,overview
Malaysia,964421986.58,31544432966.18,834989629.85,27310943521.44,1799411616.43,-129432356.73,2025,5,overview
Singapore,788798253.24,25815420304.65,614953837.76,20125921583.05,1403752091.0,-173844415.49,2025,5,overview
Indonesia,762195909.16,25307132664.29,742952847.69,24668206761.33,1505148756.86,-19243061.47,2025,5,overview
Vietnam,434742767.35,14189146458.94,1150807375.12,37560082922.51,1585550142.47,716064607.77,2025,5,overview
Philippines,275432213.74,8911947111.09,591022607.43,19123261390.92,866454821.18,315590393.69,2025,5,overview
Myanmar,247406585.15,7809727427.18,297867471.03,9402594343.81,545274056.18,50460885.88,2025,5,overview
Cambodia,47598439.66,1655304716.15,296826033.07,10322555444.6,344424472.73,249227593.42,2025,5,overview
Brunei Darussalam,50176428.75,1685853099.44,27937832.98,938669480.67,78114261.72,-22238595.77,2025,5,overview
China,5588302563.13,189003600453.52,3166342727.53,107089794980.19,8754645290.66,-2421959835.6,2025,5,overview
Japan,3121239281.41,108036829189.1,2631863323.02,91097843722.37,5753102604.44,-489375958.39,2025,5,overview
"Korea, Republic of",822334786.65,25802828974.29,533699927.3,16746181933.86,1356034713.96,-288634859.35,2025,5,overview
Taiwan,605608593.44,20047474025.4,348492116.18,11536141862.75,954100709.62,-257116477.26,2025,5,overview
Hong Kong,282163722.74,8522954063.57,1048300410.03,31664652538.62,1330464132.76,766136687.29,2025,5,overview
India,517695520.39,15813293016.58,661628448.0,20209803068.06,1179323968.38,143932927.61,2025,5,overview
Bangladesh,55045941.96,1767937485.77,26292285.01,844442198.5,81338226.97,-28753656.96,2025,5,overview
Pakistan,52738053.71,1652691307.56,31024667.01,972242884.92,83762720.72,-21713386.7,2025,5,overview
Sri Lanka,51851124.22,1892542874.48,30183891.37,1101698553.15,82035015.59,-21667232.85,2025,5,overview
Germany,507554989.7,16097231897.02,388888924.03,12333708306.2,896443913.73,-118666065.67,2025,5,overview
United Kingdom,231196547.12,8104976022.14,321430490.9,11268275647.11,552627038.02,90233943.79,2025,5,overview
France,196949393.33,6946675199.13,205559888.08,7250379157.54,402509281.41,8610494.75,2025,5,overview
Netherlands,159560164.16,5278744127.87,379378324.32,12551009283.95,538938488.48,219818160.16,2025,5,overview
Italy,50877856.93,1621340611.98,27544968.4,877784140.55,78422825.33,-23332888.53,2025,5,overview
Spain,51089460.5,1762840300.29,35127650.81,1212078536.25,86217111.31,-15961809.69,2025,5,overview
Belgium,54144390.16,1738018337.63,29046877.0,932395853.64,83191267.16,-25097513.16,2025,5,overview
Switzerland,368764004.19,11033723733.6,28347674.01,848185831.48,397111678.2,-340416330.18,2025,5,overview
Sweden,46315317.25,1516222815.07,28177566.55,922447946.26,74492883.8,-18137750.7,2025,5,overview
Poland,49684883.77,1638488816.15,30355384.05,1001048075.53,80040267.81,-19329499.72,2025,5,overview
Russian Federation,281277943.16,9039439691.27,24866473.6,799134784.38,306144416.76,-256411469.56,2025,5,overview
United States of America,1088200659.8,37394852491.03,3263991202.77,112163568786.69,4352191862.57,2175790542.96,2025,5,overview
Canada,52858379.53,1733739593.5,208576056.38,6841234453.61,261434435.91,155717676.85,2025,5,overview
Brazil,235568207.21,7241072612.27,138684187.51,4262978794.1,374252394.72,-96884019.71,2025,5,overview
Mexico,53067957.89,1652031509.0,145438409.75,4527568896.36,198506367.64,92370451.86,2025,5,overview
Argentina,45915800.59,1518184674.94,27453942.64,907751894.83,73369743.23,-18461857.95,2025,5,overview
Chile,53365373.55,1580746388.4,28678744.66,849498823.6,82044118.21,-24686628.88,2025,5,overview
South Africa,145267672.05,4744822719.97,174788294.37,5709043579.06,320055966.42,29520622.33,2025,5,overview
Nigeria,46698652.75,1545688592.04,120052624.92,3973647244.16,166751277.67,73353972.18,2025,5,overview
Kenya,49069000.76,1587639824.53,30473833.61,985988528.33,79542834.38,-18595167.15,2025,5,overview
Ghana,47252763.03,1598987813.01,32757090.96,1108468285.85,80009854.0,-14495672.07,2025,5,overview
Morocco,52419321.17,1771192054.1,32393606.82,1094544868.6,84812927.99,-20025714.35,2025,5,overview
Algeria,52818328.8,1759179450.06,25772745.42,858393007.43,78591074.22,-27045583.39,2025,5,overview
Libya,48447974.05,1666196963.64,33459334.45,1150715640.16,81907308.5,-14988639.6,2025,5,overview
Tanzania,46686915.58,1552411000.62,30379794.21,1010174395.67,77066709.8,-16307121.37,2025,5,overview
Australia,611444443.64,20507861741.21,722547513.93,24234261462.5,1333991957.57,111103070.28,2025,5,overview
New Zealand,48269271.36,1540437638.71,30166581.44,962718851.5,78435852.8,-18102689.92,2025,5,overview
Saudi Arabia,1362377706.86,42809556899.48,260582407.38,8188197252.27,1622960114.24,-1101795299.47,2025,6,overview
United Arab Emirates,1053981285.02,33561045391.39,189783612.78,6043121005.79,1243764897.81,-864197672.24,2025,6,overview
Kuwait,531231622.45,16331335675.32,28825791.93,886174060.96,560057414.39,-502405830.52,2025,6,overview
Qatar,438007527.38,14756128705.2,33282887.94,1121274287.46,471290415.32,-404724639.44,2025,6,overview
Iran,134391145.32,4549274084.34,39389187.96,1333363232.85,173780333.28,-95001957.36,2025,6,overview
Iraq,360028277.85,12408283348.26,28294714.51,975170164.26,388322992.35,-331733563.34,2025,6,overview
Bahrain,63797063.86,2120984878.94,26169892.31,870039191.8,89966956.18,-37627171.55,2025,6,overview
Oman,293393191.48,9796143407.65,26500399.79,884825293.4,319893591.27,-266892791.69,2025,6,overview
Israel,45264795.28,1563317508.55,55904277.73,1930775023.83,101169073.01,10639482.45,2025,6,overview
Jordan,51106824.38,1605476057.21,26305382.56,826360518.25,77412206.94,-24801441.81,2025,6,overview
Lebanon,46075353.72,1475017314.41,28524335.49,913153895.32,74599689.21,-17551018.23,2025,6,overview
Turkey,51608804.61,1734526902.65,117519699.94,3949734598.5,169128504.55,65910895.34,2025,6,overview
Egypt,42815213.91,1231782861.87,31254907.1,899195762.6,74070121.01,-11560306.8,2025,6,overview
Yemen,50821418.95,1644143962.48,30722121.45,993903585.3,81543540.4,-20099297.5,2025,6,overview
Malaysia,1049881400.04,34744405027.48,758432159.79,25099286590.35,1808313559.83,-291449240.25,2025,6,overview
Singapore,782985280.32,27417522191.32,777241551.05,27216396028.49,1560226831.37,-5743729.28,2025,6,overview
Indonesia,704407080.42,23397152188.4,662451554.7,22003583259.68,1366858635.11,-41955525.72,2025,6,overview
Vietnam,445433588.29,14793161477.03,1218621438.8,40471271582.51,1664055027.09,773187850.51,2025,6,overview
Philippines,260138988.42,8253136715.94,575420378.85,18255714318.61,835559367.27,315281390.42,2025,6,overview
Myanmar,241094227.53,7966050173.09,266209276.3,8795882312.32,507303503.83,25115048.77,2025,6,overview
Cambodia,50502840.83,1636982295.54,284641785.83,9226284230.68,335144626.66,234138945.0,2025,6,overview
Brunei Darussalam,48417266.99,1517359628.66,30179845.1,945812959.07,78597112.09,-18237421.88,2025,6,overview
China,4863596486.8,164683738051.38,3159850504.66,106994072021.02,8023446991.46,-1703745982.15,2025,6,overview
Japan,2871757449.28,96717185929.0,2403878185.59,80959599664.14,5275635634.86,-467879263.69,2025,6,overview
"Korea, Republic of",808236404.28,24788461641.7,399284870.58,12245993432.19,1207521274.86,-408951533.7,2025,6,overview
Taiwan,720612281.48,24214235797.58,293336952.64,9856798616.63,1013949234.12,-427275328.85,2025,6,overview
Hong Kong,277804187.65,9313239442.44,876912486.19,29398030400.91,1154716673.83,599108298.54,2025,6,overview
India,532495910.06,17073300915.41,779602039.78,24996211178.4,1312097949.84,247106129.72,2025,6,overview
Bangladesh,53131335.71,1700652615.23,29391434.82,940774776.66,82522770.53,-23739900.89,2025,6,overview
Pakistan,50688747.95,1675453959.9,29879253.44,987621819.91,80568001.39,-20809494.51,2025,6,overview
Sri Lanka,48657458.12,1545425064.31,27220286.18,864552201.06,75877744.3,-21437171.94,2025,6,overview
Germany,505370379.01,16616515144.66,374311818.23,12307325982.41,879682197.24,-131058560.79,2025,6,overview
United Kingdom,243545060.15,7514828883.05,340575339.98,10508796196.18,584120400.14,97030279.83,2025,6,overview
France,210179684.81,6872039200.35,192417494.62,6291286272.63,402597179.42,-17762190.19,2025,6,overview
Netherlands,197138505.86,6732397082.02,339808398.42,11604658663.77,536946904.27,142669892.56,2025,6,overview
Italy,49692970.97,1740570393.35,30227099.47,1058749223.28,79920070.44,-19465871.5,2025,6,overview
Spain,51010346.61,1597422072.23,28218493.69,883680423.05,79228840.3,-22791852.91,2025,6,overview
Belgium,53999145.04,1743650692.63,28041864.68,905481313.37,82041009.72,-25957280.36,2025,6,overview
Switzerland,328185115.25,10903402354.31,29359533.84,975421478.52,357544649.09,-298825581.42,2025,6,overview
Sweden,41867790.93,1350349807.99,29622065.21,955391941.6,71489856.14,-12245725.72,2025,6,overview
Poland,57896366.62,1872785929.35,27283462.05,882543876.55,85179828.67,-30612904.57,2025,6,overview
Russian Federation,265850267.39,8624405007.02,31507799.14,1022139354.45,297358066.54,-234342468.25,2025,6,overview
United States of America,1077109492.66,33314426382.98,3221567252.79,99641369620.98,4298676745.45,2144457760.12,2025,6,overview
Canada,50025046.34,1693343403.72,217728507.52,7370090764.83,267753553.86,167703461.18,2025,6,overview
Brazil,250368928.21,8904261281.07,152875942.53,5436965943.07,403244870.75,-97492985.68,2025,6,overview
Mexico,52253889.84,1795226127.21,147954771.54,5083110029.28,200208661.38,95700881.7,2025,6,overview
Argentina,44265847.63,1394005290.53,30360759.24,956110890.65,74626606.86,-13905088.39,2025,6,overview
Chile,46243630.75,1553885162.28,21536173.52,723661614.21,67779804.27,-24707457.24,2025,6,overview
South Africa,135565338.65,4553001065.56,186759067.94,6272357254.55,322324406.59,51193729.29,2025,6,overview
Nigeria,51926879.09,1794467229.38,104429952.31,3608846332.78,156356831.4,52503073.22,2025,6,overview
Kenya,55668760.87,1903065733.69,30333007.77,1036949750.23,86001768.64,-25335753.1,2025,6,overview
Ghana,48288904.58,1648669570.05,27385666.45,934995633.34,75674571.03,-20903238.14,2025,6,overview
Morocco,41902215.6,1271456308.7,27630160.87,838393432.18,69532376.47,-14272054.73,2025,6,overview
Algeria,44960584.08,1517783446.84,30053754.4,1014557347.74,75014338.48,-14906829.69,2025,6,overview
Libya,47836552.46,1443286338.57,28975179.81,874216034.11,76811732.27,-18861372.65,2025,6,overview
Tanzania,46222516.12,1479647936.33,27027357.89,865183847.26,73249874.02,-19195158.23,2025,6,overview
Australia,599132807.78,19227956453.57,709804198.01,22779731025.58,1308937005.8,110671390.23,2025,6,overview
New Zealand,39687844.28,1244937970.35,27912887.35,875578252.04,67600731.62,-11774956.93,2025,6,overview
Saudi Arabia,1484345945.59,49216181491.8,227128208.41,7530847617.07,1711474154.0,-1257217737.17,2025,7,overview
United Arab Emirates,1166341664.19,39359163988.31,222973457.23,7524423706.71,1389315121.42,-943368206.96,2025,7,overview
Kuwait,503169092.42,16646248495.37,26514862.33,877186205.96,529683954.74,-476654230.09,2025,7,overview
Qatar,455092647.36,15939310270.04,22494650.5,787859825.66,477587297.87,-432597996.86,2025,7,overview
Iran,155998643.4,5005842875.38,40972673.9,1314772764.91,196971317.29,-115025969.5,2025,7,overview
Iraq,355942033.76,11855463100.25,27837709.63,927198555.01,383779743.4,-328104324.13,2025,7,overview
Bahrain,72873129.57,2233171186.95,33078440.74,1013677074.36,105951570.31,-39794688.82,2025,7,overview
Oman,324081898.38,10456761556.86,29591841.35,954804420.17,353673739.73,-294490057.02,2025,7,overview
Israel,49823544.83,1746321230.19,62461402.59,2189279662.84,112284947.42,12637857.77,2025,7,overview
Jordan,50398362.56,1667351465.12,27397957.24,906418816.51,77796319.8,-23000405.32,2025,7,overview
Lebanon,56312720.06,1935082177.14,32680520.28,1123005464.22,88993240.35,-23632199.78,2025,7,overview
Turkey,52296368.95,1816678180.73,124602808.86,4328468852.96,176899177.8,72306439.91,2025,7,overview
Egypt,47370593.44,1568132688.78,26301996.88,870688291.99,73672590.33,-21068596.56,2025,7,overview
Yemen,45950845.76,1466731795.37,27010151.02,862152733.88,72960996.78,-18940694.74,2025,7,overview
Malaysia,1178844695.4,39541824647.76,795233443.64,26674405462.53,1974078139.03,-383611251.76,2025,7,overview
Singapore,709739300.68,22549426147.19,544889432.04,17311911563.05,1254628732.72,-164849868.64,2025,7,overview
Indonesia,767529970.23,26017648526.51,757222252.5,25668238617.67,1524752222.72,-10307717.73,2025,7,overview
Vietnam,520716930.88,18267764487.45,1124176618.55,39438306097.33,1644893549.42,603459687.67,2025,7,overview
Philippines,280065740.66,9427979963.16,656374167.36,22095821086.97,936439908.02,376308426.7,2025,7,overview
Myanmar,210648778.63,6387417012.07,277346976.12,8409879254.87,487995754.75,66698197.48,2025,7,overview
Cambodia,53742243.06,1593859839.31,294416244.07,8731645736.77,348158487.12,240674001.01,2025,7,overview
Brunei Darussalam,50644604.4,1558551804.44,28232292.34,868828786.23,78876896.74,-22412312.06,2025,7,overview
China,5576666562.54,181575442929.33,2975319464.4,96875964081.01,8551986026.94,-2601347098.14,2025,7,overview
Japan,2855735751.69,88651109407.13,2074292836.22,64392638939.99,4930028587.91,-781442915.46,2025,7,overview
"Korea, Republic of",867530762.99,28657231792.98,473027273.79,15625557971.64,1340558036.78,-394503489.21,2025,7,overview
Taiwan,575758868.44,19526700108.26,307875199.28,10441500802.9,883634067.72,-267883669.16,2025,7,overview
Hong Kong,303913997.54,10641376759.68,1121265515.63,39260477951.38,1425179513.17,817351518.09,2025,7,overview
India,530851238.59,17265986878.78,714377309.63,23235189744.16,1245228548.22,183526071.04,2025,7,overview
Bangladesh,57248918.62,1903785746.4,32211674.68,1071184025.95,89460593.3,-25037243.94,2025,7,overview
Pakistan,49954886.15,1691940361.13,32909846.68,1114635667.5,82864732.83,-17045039.48,2025,7,overview
Sri Lanka,55297270.2,1863066912.32,24322990.89,819486375.71,79620261.09,-30974279.31,2025,7,overview
Germany,471392895.32,16649407577.36,448600694.01,15844396188.79,919993589.33,-22792201.31,2025,7,overview
United Kingdom,246479104.25,8793061144.59,386447706.28,13786395081.78,632926810.53,139968602.04,2025,7,overview
France,197837331.64,6519331269.04,235558424.69,7762354005.82,433395756.32,37721093.05,2025,7,overview
Netherlands,193291537.05,6276043591.26,368007025.27,11948935622.18,561298562.32,174715488.22,2025,7,overview
Italy,49502336.45,1635004170.03,32826265.24,1084213077.66,82328601.69,-16676071.21,2025,7,overview
Spain,42499596.68,1358098396.05,30366873.76,970390445.11,72866470.44,-12132722.93,2025,7,overview
Belgium,52570066.55,1850839617.56,31143007.73,1096455003.69,83713074.28,-21427058.82,2025,7,overview
Switzerland,421890349.73,13498953341.93,32072976.51,1026218337.81,453963326.24,-389817373.22,2025,7,overview
Sweden,52329013.55,1672802891.57,34145545.04,1091531496.7,86474558.59,-18183468.51,2025,7,overview
Poland,56245637.28,1784226531.83,28203533.78,894673715.21,84449171.07,-28042103.5,2025,7,overview
Russian Federation,301990330.46,10378690487.14,31189548.58,1071910715.39,333179879.05,-270800781.88,2025,7,overview
United States of America,1089209627.48,34823848747.67,3256054893.82,104101506519.73,4345264521.29,2166845266.34,2025,7,overview
Canada,43310239.13,1380455379.55,182054548.64,5802742864.18,225364787.76,138744309.51,2025,7,overview
Brazil,256091371.49,7885101999.58,161096121.22,4960180189.65,417187492.71,-94995250.26,2025,7,overview
Mexico,50551046.89,1715885936.45,133614961.41,4535376560.43,184166008.3,83063914.52,2025,7,overview
Argentina,46717259.71,1597706772.86,27018863.52,924031535.68,73736123.23,-19698396.2,2025,7,overview
Chile,46858104.42,1390280725.1,28754325.07,853141295.64,75612429.49,-18103779.34,2025,7,overview
South Africa,158669306.06,5237386088.69,188624064.66,6226138354.93,347293370.72,29954758.59,2025,7,overview
Nigeria,43158181.63,1381087919.45,129416445.04,4141404528.05,172574626.67,86258263.41,2025,7,overview
Kenya,47383476.43,1513643610.88,34956423.97,1116667070.31,82339900.4,-12427052.46,2025,7,overview
Ghana,52086025.85,1749322631.51,30826537.74,1035317232.11,82912563.59,-21259488.11,2025,7,overview
Morocco,50275868.8,1679611744.63,30388277.01,1015208850.21,80664145.81,-19887591.79,2025,7,overview
Algeria,48962454.46,1519354372.65,33066628.17,1026090841.68,82029082.63,-15895826.28,2025,7,overview
Libya,53184401.88,1810801171.21,31440727.82,1070481283.25,84625129.7,-21743674.05,2025,7,overview
Tanzania,53560119.08,1617330218.61,29281465.43,884198909.42,82841584.51,-24278653.65,2025,7,overview
Australia,586587786.46,18713447442.36,724287510.57,23106373121.04,1310875297.03,137699724.11,2025,7,overview
New Zealand,44279815.95,1421606345.3,28373466.13,910931959.16,72653282.08,-15906349.82,2025,7,overview
Saudi Arabia,1230280162.87,44696672280.37,267392495.18,9714498443.62,1497672658.05,-962887667.69,2025,8,overview
United Arab Emirates,1274345654.8,41948757861.17,199278216.31,6559816492.1,1473623871.11,-1075067438.49,2025,8,overview
Kuwait,587233351.04,19346102003.69,30603873.08,1008228925.19,617837224.12,-556629477.96,2025,8,overview
Qatar,472342991.26,14533648391.23,34475765.1,1060794078.03,506818756.35,-437867226.16,2025,8,overview
Iran,160655601.58,5759703770.12,40185345.08,1440694761.16,200840946.65,-120470256.5,2025,8,overview
Iraq,364158359.46,11881918891.61,29510141.62,962869861.71,393668501.08,-334648217.84,2025,8,overview
Bahrain,81285347.18,2588913573.6,27607104.38,879277873.96,108892451.56,-53678242.8,2025,8,overview
Oman,260461582.0,8631920752.06,28141427.76,932631109.63,288603009.75,-232320154.24,2025,8,overview
Israel,51857775.85,1700633362.43,51147290.75,1677333584.6,103005066.6,-710485.09,2025,8,overview
Jordan,52924228.18,1696185367.6,29988993.04,961126745.4,82913221.22,-22935235.14,2025,8,overview
Lebanon,48971864.48,1569298703.9,29070512.44,931561784.96,78042376.92,-19901352.04,2025,8,overview
Turkey,51345883.71,1637135268.21,143978114.18,4590663000.48,195323997.88,92632230.47,2025,8,overview
Egypt,49352764.81,1577756976.25,30259332.65,967359647.7,79612097.46,-19093432.17,2025,8,overview
Yemen,55090985.99,1774117677.55,24621851.83,792907620.23,79712837.82,-30469134.15,2025,8,overview
Malaysia,1079138567.67,34282874265.75,791203081.47,25135526218.1,1870341649.15,-287935486.2,2025,8,overview
Singapore,838837107.17,27946657777.74,706076347.96,23523606541.53,1544913455.12,-132760759.21,2025,8,overview
Indonesia,663539182.82,21496629836.78,787348475.7,25507670342.67,1450887658.52,123809292.89,2025,8,overview
Vietnam,536606671.21,15610765345.71,1359620227.89,39553575226.91,1896226899.1,823013556.68,2025,8,overview
Philippines,306549828.14,11238939135.34,523315558.92,19186152381.85,829865387.06,216765730.78,2025,8,overview
Myanmar,243725690.69,8030036353.9,321992840.76,10608706081.23,565718531.46,78267150.07,2025,8,overview
Cambodia,47388103.34,1676520902.83,281436734.53,9956814792.2,328824837.86,234048631.19,2025,8,overview
Brunei Darussalam,54514490.39,1803512698.48,35109464.2,1161532723.91,89623954.59,-19405026.19,2025,8,overview
China,5180812502.55,168735833983.55,2973551074.22,96846705059.08,8154363576.77,-2207261428.33,2025,8,overview
Japan,2785238124.45,88615498548.45,2447136957.77,77858427839.63,5232375082.22,-338101166.69,2025,8,overview
"Korea, Republic of",838911792.21,28046098931.31,513304347.34,17160546127.67,1352216139.55,-325607444.87,2025,8,overview
Taiwan,803994470.01,27444423998.59,353422010.76,12064092323.38,1157416480.76,-450572459.25,2025,8,overview
Hong Kong,353718092.05,12284542516.07,1118704159.07,38852320855.91,1472422251.12,764986067.02,2025,8,overview
India,543390875.24,16857389920.66,722008381.25,22398566783.91,1265399256.49,178617506.02,2025,8,overview
Bangladesh,52662935.21,1739724155.92,31052157.8,1025810445.29,83715093.01,-21610777.41,2025,8,overview
Pakistan,54803175.15,1942898292.79,27449140.96,973135023.02,82252316.11,-27354034.19,2025,8,overview
Sri Lanka,54295016.01,1779622615.16,30213302.92,990298578.3,84508318.93,-24081713.08,2025,8,overview
Germany,525887829.03,17434449752.01,454425135.67,15065289128.98,980312964.7,-71462693.37,2025,8,overview
United Kingdom,256125919.3,9136789183.18,355005494.61,12664123849.55,611131413.92,98879575.31,2025,8,overview
France,196588793.02,6918972743.15,202088486.2,7112535288.46,398677279.22,5499693.17,2025,8,overview
Netherlands,204949026.23,6483168925.13,386737897.9,12233710830.24,591686924.13,181788871.67,2025,8,overview
Italy,49809958.23,1593195942.13,33993362.26,1087294363.15,83803320.49,-15816595.97,2025,8,overview
Spain,50028703.82,1576718048.55,31008950.46,977286399.99,81037654.28,-19019753.36,2025,8,overview
Belgium,48965183.94,1619279739.55,30658797.25,1013887117.86,79623981.19,-18306386.69,2025,8,overview
Switzerland,446630395.9,14165272776.64,34131974.15,1082525346.84,480762370.05,-412498421.75,2025,8,overview
Sweden,51092452.53,1802261799.77,32023962.79,1129629954.24,83116415.32,-19068489.74,2025,8,overview
Poland,53552510.36,1820775380.58,31092152.3,1057127388.66,84644662.65,-22460358.06,2025,8,overview
Russian Federation,320227972.83,10660132452.96,28129912.1,936422218.87,348357884.92,-292098060.73,2025,8,overview
United States of America,1357277141.79,45053688132.49,3187302097.78,105799847559.65,4544579239.56,1830024955.99,2025,8,overview
Canada,49659151.69,1640285741.9,165069802.25,5452401699.1,214728953.94,115410650.56,2025,8,overview
Brazil,259321631.88,8108480345.17,145696155.33,4555633879.42,405017787.2,-113625476.55,2025,8,overview
Mexico,47074036.36,1692725254.3,161212936.29,5797021663.3,208286972.65,114138899.92,2025,8,overview
Argentina,56242364.94,1928097434.71,27117163.73,929629006.2,83359528.67,-29125201.21,2025,8,overview
Chile,47954974.83,1549283127.07,28969625.22,935922742.5,76924600.05,-18985349.6,2025,8,overview
South Africa,160506537.71,5273113802.62,196300518.64,6449051790.08,356807056.35,35793980.94,2025,8,overview
Nigeria,50313222.07,1703202781.46,126054129.23,4267183350.16,176367351.3,75740907.16,2025,8,overview
Kenya,55406949.08,1830093800.33,27262948.6,900496310.37,82669897.68,-28144000.48,2025,8,overview
Ghana,46314743.91,1512673673.3,30261169.51,988352100.69,76575913.42,-16053574.4,2025,8,overview
Morocco,50452269.05,1552369161.32,28440984.99,875102524.57,78893254.03,-22011284.06,2025,8,overview
Algeria,42156402.1,1363907085.42,30066127.28,972744399.11,72222529.38,-12090274.82,2025,8,overview
Libya,47903217.87,1519051407.77,33599850.8,1065479584.24,81503068.68,-14303367.07,2025,8,overview
Tanzania,56381733.81,1695604489.56,34332239.37,1032495726.6,90713973.19,-22049494.44,2025,8,overview
Australia,612191217.01,17528438960.43,784357807.2,22457963402.05,1396549024.21,172166590.19,2025,8,overview
New Zealand,44788943.4,1613691833.89,32268714.69,1162603031.62,77057658.09,-12520228.71,2025,8,overview
Saudi Arabia,1660591821.88,54746393554.34,264808010.56,8730190870.08,1925399832.44,-1395783811.32,2025,9,overview
United Arab Emirates,1405785548.1,45153460650.47,241988911.62,7772619951.38,1647774459.72,-1163796636.48,2025,9,overview
Kuwait,520380666.07,18204383947.09,25775691.47,901706413.29,546156357.54,-494604974.61,2025,9,overview
Qatar,514306482.27,15590698795.05,31429073.45,952741671.6,545735555.72,-482877408.81,2025,9,overview
Iran,145542989.37,4848292778.66,40323731.39,1343254364.61,185866720.76,-105219257.98,2025,9,overview
Iraq,349851704.16,11133383088.04,28404505.68,903920831.06,378256209.84,-321447198.47,2025,9,overview
Bahrain,90584600.27,3072469778.52,31581576.29,1071191332.83,122166176.56,-59003023.99,2025,9,overview
Oman,287475906.97,9261135102.3,23655425.4,762067655.94,311131332.37,-263820481.56,2025,9,overview
Israel,48046063.61,1822319234.97,63679704.8,2415281132.74,111725768.41,15633641.19,2025,9,overview
Jordan,54496035.65,1844862716.93,37754709.27,1278116007.81,92250744.93,-16741326.38,2025,9,overview
Lebanon,49023569.84,1748717695.79,31837136.04,1135661139.37,80860705.88,-17186433.8,2025,9,overview
Turkey,59181093.52,1975451618.21,118197256.01,3945397875.41,177378349.53,59016162.49,2025,9,overview
Egypt,45722127.79,1615364240.04,33018528.85,1166545682.54,78740656.64,-12703598.93,2025,9,overview
Yemen,51789371.75,1737025701.17,29321222.31,983439555.87,81110594.06,-22468149.43,2025,9,overview
Malaysia,1066982115.99,35496438589.97,831361984.41,27657810926.1,1898344100.4,-235620131.58,2025,9,overview
Singapore,814514314.68,27778474073.89,724597820.1,24711931265.98,1539112134.78,-89916494.58,2025,9,overview
Indonesia,665906976.03,21720845660.83,711768912.13,23216790397.31,1377675888.17,45861936.1,2025,9,overview
Vietnam,546681373.23,17513087792.35,1253675450.86,40161837057.96,1800356824.09,706994077.64,2025,9,overview
Philippines,316230430.83,10853259136.27,603105030.65,20699004731.91,919335461.48,286874599.83,2025,9,overview
Myanmar,265002656.68,8837117305.07,301937406.51,10068790681.38,566940063.2,36934749.83,2025,9,overview
Cambodia,57056148.49,1917313984.83,295634566.7,9934499684.65,352690715.19,238578418.22,2025,9,overview
Brunei Darussalam,51333998.79,1643619806.31,32033065.57,1025639581.22,83367064.36,-19300933.23,2025,9,overview
China,5208068533.89,164546266755.93,3372018609.38,106537206642.81,8580087143.28,-1836049924.51,2025,9,overview
Japan,2768073415.4,86485702965.7,2221981848.9,69423614673.64,4990055264.29,-546091566.5,2025,9,overview
"Korea, Republic of",865338962.86,28169515101.52,458187994.97,14915465728.05,1323526957.84,-407150967.89,2025,9,overview
Taiwan,758499487.52,24591813655.01,373420613.44,12106916737.31,1131920100.96,-385078874.08,2025,9,overview
Hong Kong,314481090.07,10272096662.2,1041350204.24,34014286692.51,1355831294.31,726869114.16,2025,9,overview
India,558296778.73,19101547204.13,852002414.28,29150381937.24,1410299193.01,293705635.55,2025,9,overview
Bangladesh,61870088.29,2033827577.27,29743525.36,977745527.58,91613613.65,-32126562.93,2025,9,overview
Pakistan,46123320.59,1653653404.28,28968893.46,1038617963.4,75092214.05,-17154427.12,2025,9,overview
Sri Lanka,49468998.38,1540215118.14,35730979.06,1112482482.68,85199977.44,-13738019.32,2025,9,overview
Germany,472741728.89,15555271181.17,401725720.46,13218533800.27,874467449.35,-71016008.44,2025,9,overview
United Kingdom,277186752.59,8974067224.09,374406772.76,12121616623.18,651593525.35,97220020.17,2025,9,overview
France,204297622.88,6461529179.1,201229080.57,6364477263.36,405526703.44,-3068542.31,2025,9,overview
Netherlands,191830852.29,5804370471.11,391091123.3,11833538456.08,582921975.59,199260271.01,2025,9,overview
Italy,58304691.42,1856493503.0,30125060.31,959219187.66,88429751.73,-28179631.11,2025,9,overview
Spain,54680205.87,1896115351.72,34655366.7,1201725044.09,89335572.57,-20024839.18,2025,9,overview
Belgium,53697648.96,1633764589.29,33668247.73,1024364976.53,87365896.69,-20029401.24,2025,9,overview
Switzerland,395758718.91,13787029907.09,28717120.59,1000417126.7,424475839.5,-367041598.32,2025,9,overview
Sweden,50041235.78,1691583196.21,33069917.45,1117888393.05,83111153.23,-16971318.33,2025,9,overview
Poland,48063672.35,1679379632.04,29520517.56,1031468331.12,77584189.91,-18543154.8,2025,9,overview
Russian Federation,290533539.97,9246575083.74,31284421.94,995663896.28,321817961.9,-259249118.03,2025,9,overview
United States of America,1207881059.23,38441660510.14,3291798474.97,104763791496.95,4499679534.2,2083917415.74,2025,9,overview
Canada,47658354.08,1512337492.84,211229235.52,6702914916.66,258887589.6,163570881.44,2025,9,overview
Brazil,241384921.47,7937493667.2,143240131.55,4710185002.93,384625053.02,-98144789.93,2025,9,overview
Mexico,55522487.75,1771784928.7,173540889.8,5537884657.68,229063377.55,118018402.05,2025,9,overview
Argentina,60505783.58,2095032286.69,28485341.36,986314139.06,88991124.93,-32020442.22,2025,9,overview
Chile,48644393.64,1550922672.79,28816852.14,918763828.46,77461245.78,-19827541.51,2025,9,overview
South Africa,154225173.0,5244396480.1,194473026.24,6613016762.65,348698199.24,40247853.24,2025,9,overview
Nigeria,47726341.89,1509347564.76,114090497.14,3608116759.35,161816839.03,66364155.26,2025,9,overview
Kenya,51165106.32,1615524765.69,30454234.41,961584436.24,81619340.73,-20710871.91,2025,9,overview
Ghana,52738463.26,1700442410.71,36581645.51,1179499318.57,89320108.76,-16156817.75,2025,9,overview
Morocco,49834596.18,1602769097.53,32361841.37,1040814278.97,82196437.55,-17472754.81,2025,9,overview
Algeria,54387823.31,1944265665.46,29194451.17,1043648478.33,83582274.48,-25193372.14,2025,9,overview
Libya,53048920.64,1703770192.15,29438583.13,945477869.06,82487503.77,-23610337.5,2025,9,overview
Tanzania,49503007.02,1539388746.65,34376673.67,1069007072.17,83879680.69,-15126333.35,2025,9,overview
Australia,586396810.81,19337295696.29,788885470.4,26014656509.59,1375282281.21,202488659.59,2025,9,overview
New Zealand,50505316.97,1636385702.94,27279737.43,883870748.57,77785054.4,-23225579.54,2025,9,overview
Saudi Arabia,1580313260.93,53778318229.79,252159201.98,8581018804.33,1832472462.92,-1328154058.95,2025,10,overview
United Arab Emirates,1368135528.13,45621590631.76,211068053.2,7038235701.42,1579203581.33,-1157067474.93,2025,10,overview
Kuwait,527038009.48,18186623149.27,30786693.25,1062363583.19,557824702.73,-496251316.22,2025,10,overview
Qatar,513012413.95,18682133701.48,29980867.44,1091799260.13,542993281.39,-483031546.51,2025,10,overview
Iran,182482319.71,6333663125.98,44069006.58,1529563206.08,226551326.29,-138413313.13,2025,10,overview
Iraq,305509584.41,9866451333.8,29852688.89,964094474.04,335362273.3,-275656895.52,2025,10,overview
Bahrain,83356090.46,2431910651.95,30611230.68,893081447.85,113967321.14,-52744859.78,2025,10,overview
Oman,328438995.48,11627675895.85,33245665.64,1176991253.62,361684661.12,-295193329.84,2025,10,overview
Israel,49751262.24,1441792737.57,59284256.29,1718059126.8,109035518.53,9532994.04,2025,10,overview
Jordan,51852928.08,1663563694.14,34156753.71,1095828866.06,86009681.79,-17696174.37,2025,10,overview
Lebanon,62205353.59,2066492228.97,31205991.08,1036678265.59,93411344.67,-30999362.51,2025,10,overview
Turkey,47309538.11,1420753699.84,130368268.86,3915092129.71,177677806.98,83058730.75,2025,10,overview
Egypt,56046828.91,1963821314.98,33706422.54,1181037220.32,89753251.45,-22340406.38,2025,10,overview
Yemen,48767172.88,1650560314.57,32269240.73,1092175842.42,81036413.61,-16497932.16,2025,10,overview
Malaysia,1099576247.99,32340766476.68,790787338.87,23258658693.04,1890363586.86,-308788909.12,2025,10,overview
Singapore,873182197.46,28072802505.74,681878357.77,21922385186.26,1555060555.22,-191303839.69,2025,10,overview
Indonesia,788833358.67,24470563239.81,793637727.03,24619600547.17,1582471085.7,4804368.36,2025,10,overview
Vietnam,448951906.76,16426934072.0,1159299937.19,42418226431.91,1608251843.95,710348030.43,2025,10,overview
Philippines,337022134.41,11029894805.53,646814702.74,21168633752.64,983836837.16,309792568.33,2025,10,overview
Myanmar,260245373.96,8396584432.06,348349491.22,11239185044.75,608594865.18,88104117.27,2025,10,overview
Cambodia,55550757.9,1994840767.88,309719268.4,11122091696.2,365270026.31,254168510.5,2025,10,overview
Brunei Darussalam,56253241.58,1807044555.79,35034675.21,1125432371.94,91287916.79,-21218566.37,2025,10,overview
China,5759496220.62,191013993009.28,3106330265.82,103021605527.72,8865826486.43,-2653165954.8,2025,10,overview
Japan,3602740950.29,119988824746.43,2336173994.83,77805974925.87,5938914945.11,-1266566955.46,2025,10,overview
"Korea, Republic of",879370341.41,28424611496.17,553089786.1,17877976492.89,1432460127.51,-326280555.31,2025,10,overview
Taiwan,867474298.6,30524970222.78,333193905.46,11724536460.48,1200668204.06,-534280393.15,2025,10,overview
Hong Kong,349569592.16,10703002692.41,1223499511.56,37460691262.35,1573069103.72,873929919.41,2025,10,overview
India,543501242.23,16405281325.32,832128837.61,25117344026.43,1375630079.85,288627595.38,2025,10,overview
Bangladesh,46275762.59,1540427153.89,30615401.11,1019125187.01,76891163.7,-15660361.48,2025,10,overview
Pakistan,59863772.11,1920887245.1,31387794.24,1007160281.95,91251566.35,-28475977.88,2025,10,overview
Sri Lanka,54422784.46,1831972136.63,33056907.52,1112756984.04,87479691.97,-21365876.94,2025,10,overview
Germany,523439145.89,16553017619.86,358358353.5,11332572633.14,881797499.39,-165080792.38,2025,10,overview
United Kingdom,295666557.85,9613957901.9,377262681.94,12267155164.55,672929239.79,81596124.09,2025,10,overview
France,231399919.97,7557979048.98,193197058.18,6310198025.28,424596978.16,-38202861.79,2025,10,overview
Netherlands,214740790.82,7118902929.5,358575198.56,11887178126.39,573315989.38,143834407.74,2025,10,overview
Italy,52302676.18,1740225982.25,28293354.44,941382623.57,80596030.62,-24009321.74,2025,10,overview
Spain,47457161.59,1663905211.24,32282119.83,1131849980.43,79739281.42,-15175041.76,2025,10,overview
Belgium,51906213.46,1703017859.3,28874123.8,947346092.59,80780337.26,-23032089.66,2025,10,overview
Switzerland,396526293.86,12997345553.1,33375284.55,1093975640.18,429901578.41,-363151009.32,2025,10,overview
Sweden,60363074.29,1978120836.87,34824227.88,1141203154.53,95187302.17,-25538846.41,2025,10,overview
Poland,56139907.32,1855476446.16,30857719.04,1019876476.36,86997626.36,-25282188.28,2025,10,overview
Russian Federation,309387765.2,10874819812.45,33813542.95,1188528533.33,343201308.15,-275574222.25,2025,10,overview
United States of America,1355823782.02,46619390835.35,3649048747.66,125470899685.23,5004872529.68,2293224965.65,2025,10,overview
Canada,55441735.16,1971034478.95,193041249.58,6862897737.65,248482984.74,137599514.42,2025,10,overview
Brazil,303825685.96,9857306314.09,156319438.34,5071620530.22,460145124.29,-147506247.62,2025,10,overview
Mexico,55701524.7,1821277259.25,166319558.77,5438164067.89,222021083.47,110618034.07,2025,10,overview
Argentina,47789891.02,1616596041.59,32639171.19,1104090296.79,80429062.21,-15150719.82,2025,10,overview
Chile,56183288.24,1831200301.03,32750277.42,1067440510.32,88933565.66,-23433010.82,2025,10,overview
South Africa,171967561.99,5555002029.78,192167007.9,6207496963.95,364134569.9,20199445.91,2025,10,overview
Nigeria,52332584.43,1712669507.81,109639496.52,3588132032.39,161972080.95,57306912.09,2025,10,overview
Kenya,56024478.34,1976599410.63,32726038.97,1154607258.38,88750517.3,-23298439.37,2025,10,overview
Ghana,51982882.57,1777248503.89,33102063.79,1131730108.9,85084946.36,-18880818.78,2025,10,overview
Morocco,63052456.57,1981973216.73,32228978.28,1013076654.5,95281434.85,-30823478.29,2025,10,overview
Algeria,56702001.34,1843732308.26,36615365.88,1190591715.64,93317367.23,-20086635.46,2025,10,overview
Libya,56672914.38,1956666277.14,34991782.07,1208112212.01,91664696.44,-21681132.31,2025,10,overview
Tanzania,53633372.6,1763362351.49,30079730.09,988963792.51,83713102.69,-23553642.52,2025,10,overview
Australia,660577616.74,22129956288.21,911330068.52,30530393506.29,1571907685.25,250752451.78,2025,10,overview
New Zealand,51486150.96,1765466686.07,33275551.67,1141022912.7,84761702.63,-18210599.29,2025,10,overview
Saudi Arabia,1610981625.86,52724030970.14,243151619.29,7957839679.79,1854133245.14,-1367830006.57,2025,11,overview
United Arab Emirates,1345642738.17,40181205651.35,185401617.66,5536135495.81,1531044355.84,-1160241120.51,2025,11,overview
Kuwait,700852401.16,23765971506.91,32549356.4,1103751767.9,733401757.56,-668303044.76,2025,11,overview
Qatar,476270577.65,15913568339.46,33115000.2,1106467297.24,509385577.85,-443155577.44,2025,11,overview
Iran,136533230.66,4538094931.89,46443983.19,1543706273.54,182977213.84,-90089247.47,2025,11,overview
Iraq,353256824.09,10589638859.71,30324420.85,909040232.34,383581244.94,-322932403.24,2025,11,overview
Bahrain,87344775.57,2856949765.31,31925061.99,1044233015.27,119269837.56,-55419713.58,2025,11,overview
Oman,344682585.95,11065979715.77,27808138.28,892775865.86,372490724.23,-316874447.67,2025,11,overview
Israel,48572698.92,1607814866.08,61145132.96,2023977583.09,109717831.87,12572434.04,2025,11,overview
Jordan,53909536.39,1708067939.32,30402011.21,963256301.58,84311547.59,-23507525.18,2025,11,overview
Lebanon,59146191.64,1964536615.64,37302959.1,1239015175.72,96449150.75,-21843232.54,2025,11,overview
Turkey,48961397.06,1509473229.17,139843984.22,4311371062.24,188805381.27,90882587.16,2025,11,overview
Egypt,50720885.08,1585570203.69,29528593.58,923084407.26,80249478.67,-21192291.5,2025,11,overview
Yemen,50949152.3,1682289127.17,29108187.13,961122697.95,80057339.42,-21840965.17,2025,11,overview
Malaysia,1044599546.75,33891227916.37,792418041.61,25709393170.55,1837017588.37,-252181505.14,2025,11,overview
Singapore,818466885.92,26827180410.76,721411402.97,23645958304.45,1539878288.89,-97055482.94,2025,11,overview
Indonesia,777771723.74,26333247506.51,818386743.99,27708362270.91,1596158467.74,40615020.25,2025,11,overview
Vietnam,579030591.32,18697028272.91,1138789271.01,36771762176.27,1717819862.33,559758679.69,2025,11,overview
Philippines,356810682.79,10268053223.12,612525940.84,17626851617.68,969336623.63,255715258.05,2025,11,overview
Myanmar,256352119.94,7453266214.35,316075647.29,9189687776.54,572427767.23,59723527.35,2025,11,overview
Cambodia,57678288.99,1931809974.29,294845769.0,9875223543.68,352524058.0,237167480.01,2025,11,overview
Brunei Darussalam,51174474.28,1606583614.64,28047060.09,880516073.99,79221534.37,-23127414.19,2025,11,overview
China,4821799462.73,158052282935.99,3398591684.8,111401392509.54,8220391147.53,-1423207777.93,2025,11,overview
Japan,2996450122.38,104259160755.03,2314558587.54,80533273039.69,5311008709.92,-681891534.84,2025,11,overview
"Korea, Republic of",931542557.42,31428993902.37,570562588.95,19250014920.04,1502105146.37,-360979968.47,2025,11,overview
Taiwan,746550906.1,24360905163.54,329329116.14,10746427738.91,1075880022.23,-417221789.96,2025,11,overview
Hong Kong,295592553.15,10223235498.65,890109963.61,30784956118.02,1185702516.76,594517410.45,2025,11,overview
India,541370716.45,18581261163.75,799441259.76,27438918252.37,1340811976.21,258070543.32,2025,11,overview
Bangladesh,54437809.48,1746203203.14,32803190.79,1052228908.19,87241000.28,-21634618.69,2025,11,overview
Pakistan,59862663.23,2002579538.79,31377882.58,1049681090.52,91240545.81,-28484780.65,2025,11,overview
Sri Lanka,49410451.07,1665920002.05,28940596.98,975759547.61,78351048.06,-20469854.09,2025,11,overview
Germany,530235529.36,16353715039.78,390604748.29,12047172233.82,920840277.64,-139630781.07,2025,11,overview
United Kingdom,234109670.04,7510266139.01,399726227.91,12823265069.95,633835897.95,165616557.87,2025,11,overview
France,202814575.88,6351498268.77,232654474.61,7285987638.12,435469050.49,29839898.73,2025,11,overview
Netherlands,196342331.63,6955839951.16,342379950.52,12129529676.92,538722282.15,146037618.89,2025,11,overview
Italy,60427746.94,2065122909.88,33150110.56,1132907583.96,93577857.51,-27277636.38,2025,11,overview
Spain,49696973.21,1659955656.24,36141436.94,1207179810.06,85838410.15,-13555536.27,2025,11,overview
Belgium,55673567.73,1814844239.46,31006018.81,1010732685.67,86679586.54,-24667548.92,2025,11,overview
Switzerland,472403553.55,16617769655.33,32620172.76,1147481878.4,505023726.31,-439783380.8,2025,11,overview
Sweden,53181214.92,1708445763.66,29147726.27,936370286.8,82328941.2,-24033488.65,2025,11,overview
Poland,52545963.08,1646727842.34,29702747.06,930848683.82,82248710.14,-22843216.02,2025,11,overview
Russian Federation,342754648.47,11381952709.45,29906953.03,993128836.04,372661601.5,-312847695.44,2025,11,overview
United States of America,1280432311.54,45040742052.1,3178525455.11,111808444569.67,4458957766.65,1898093143.58,2025,11,overview
Canada,47458930.28,1583665423.96,212829878.4,7101957789.34,260288808.68,165370948.11,2025,11,overview
Brazil,259452305.71,8900829521.03,140128217.03,4807270328.45,399580522.75,-119324088.68,2025,11,overview
Mexico,55216610.49,1880745714.43,147899988.84,5037655656.94,203116599.33,92683378.36,2025,11,overview
Argentina,53679781.78,1702674722.06,28066420.66,890241789.49,81746202.44,-25613361.12,2025,11,overview
Chile,56862541.44,1828332317.98,32044035.53,1030329356.98,88906576.97,-24818505.91,2025,11,overview
South Africa,145612183.55,4708119604.92,179884145.25,5816244562.71,325496328.8,34271961.69,2025,11,overview
Nigeria,48589564.8,1686544762.44,107651211.59,3736575699.59,156240776.38,59061646.79,2025,11,overview
Kenya,56163561.99,1864881137.6,28084824.16,932541615.49,84248386.15,-28078737.83,2025,11,overview
Ghana,48354934.85,1570706101.9,30615663.43,994484006.98,78970598.29,-17739271.42,2025,11,overview
Morocco,50332883.21,1627740854.04,36280572.43,1173295988.2,86613455.64,-14052310.78,2025,11,overview
Algeria,48746745.36,1684963691.09,29362326.3,1014928347.13,78109071.65,-19384419.06,2025,11,overview
Libya,45228501.35,1590696987.54,29362222.51,1032676244.15,74590723.86,-15866278.83,2025,11,overview
Tanzania,53133926.41,1923353541.31,31750112.09,1149297532.54,84884038.5,-21383814.33,2025,11,overview
Australia,637725280.78,20775102760.36,786624039.97,25625760427.8,1424349320.75,148898759.18,2025,11,overview
New Zealand,47382670.89,1604464542.62,34411852.1,1165248718.55,81794522.99,-12970818.79,2025,11,overview
Saudi Arabia,1479066400.12,47890223331.03,248113589.21,8033591458.74,1727179989.33,-1230952810.91,2025,12,overview
United Arab Emirates,1003550104.31,31803364246.75,180184803.28,5710211085.62,1183734907.59,-823365301.02,2025,12,overview
Kuwait,549963087.36,18010075984.53,29598008.75,969269390.6,579561096.11,-520365078.61,2025,12,overview
Qatar,457761155.65,15657304388.42,26936242.4,921329695.84,484697398.05,-430824913.26,2025,12,overview
Iran,128450554.33,4329593341.81,29828101.17,1005395024.54,158278655.5,-98622453.16,2025,12,overview
Iraq,341655837.78,10946534917.33,28109167.76,900608016.48,369765005.54,-313546670.02,2025,12,overview
Bahrain,65801764.62,2185422579.59,28213653.04,937038007.49,94015417.66,-37588111.58,2025,12,overview
Oman,268668790.47,8484506631.27,31096932.41,982034901.74,299765722.88,-237571858.06,2025,12,overview
Israel,51656600.63,1562438824.33,54418018.43,1645962446.09,106074619.06,2761417.79,2025,12,overview
Jordan,44584858.66,1446886445.27,29223257.88,948365364.04,73808116.54,-15361600.78,2025,12,overview
Lebanon,39896601.39,1265290448.94,26782806.05,849396377.44,66679407.43,-13113795.34,2025,12,overview
Turkey,47013045.71,1476942775.07,115276822.72,3621489905.03,162289868.44,68263777.01,2025,12,overview
Egypt,42679263.73,1353433440.77,28782822.12,912753186.83,71462085.85,-13896441.61,2025,12,overview
Yemen,41317363.76,1385290965.2,24580825.81,824147351.62,65898189.57,-16736537.94,2025,12,overview
Malaysia,927041441.35,30599439124.11,684127980.24,22581441940.45,1611169421.59,-242913461.12,2025,12,overview
Singapore,812152262.2,24423356389.87,542210946.06,16305576910.18,1354363208.26,-269941316.14,2025,12,overview
Indonesia,656321402.1,20959599278.55,672507424.82,21476499305.13,1328828826.92,16186022.72,2025,12,overview
Vietnam,475929943.52,14129209686.31,1158485025.36,34392620310.21,1634414968.89,682555081.84,2025,12,overview
Philippines,257230794.19,8713720773.1,643435824.82,21796457653.98,900666619.02,386205030.63,2025,12,overview
Myanmar,238399635.16,7873291762.9,296865880.58,9804174786.8,535265515.74,58466245.42,2025,12,overview
Cambodia,48116267.75,1626741833.14,286990563.1,9702738316.19,335106830.84,238874295.35,2025,12,overview
Brunei Darussalam,44068079.35,1415354672.36,27513574.33,883666058.51,71581653.68,-16554505.02,2025,12,overview
China,4527970403.01,144053140250.82,2460297257.51,78272054441.57,6988267660.52,-2067673145.51,2025,12,overview
Japan,2652704409.46,85529753200.65,2007282141.38,64719742442.63,4659986550.84,-645422268.07,2025,12,overview
"Korea, Republic of",714242237.85,24586993338.31,466889866.71,16072163524.21,1181132104.56,-247352371.13,2025,12,overview
Taiwan,609770732.03,20980940503.87,350452423.36,12058337761.47,960223155.39,-259318308.67,2025,12,overview
Hong Kong,282344885.28,9452534420.44,915786766.32,30659333254.24,1198131651.6,633441881.04,2025,12,overview
India,544817633.4,19069935678.2,695254843.67,24335602109.52,1240072477.07,150437210.27,2025,12,overview
Bangladesh,45382881.36,1589096102.53,28344944.71,992507302.55,73727826.07,-17037936.65,2025,12,overview
Pakistan,42976312.91,1419252120.95,26448653.33,873441782.01,69424966.24,-16527659.58,2025,12,overview
Sri Lanka,48488681.3,1583335038.43,29127021.77,951105142.54,77615703.07,-19361659.53,2025,12,overview
Germany,397741785.88,12577599883.27,368993527.73,11668507348.51,766735313.61,-28748258.15,2025,12,overview
United Kingdom,199208754.27,6671415821.92,284618624.12,9531755766.01,483827378.39,85409869.85,2025,12,overview
France,200633895.45,6684533736.22,181496318.49,6046925726.13,382130213.94,-19137576.96,2025,12,overview
Netherlands,198055343.28,6690361907.7,277511260.85,9374403829.97,475566604.12,79455917.57,2025,12,overview
Italy,45191393.77,1458542026.79,28369023.95,915603840.63,73560417.72,-16822369.81,2025,12,overview
Spain,42273490.93,1499600812.19,27445072.93,973580671.01,69718563.86,-14828417.99,2025,12,overview
Belgium,48348680.03,1498255099.2,26037697.46,806870279.84,74386377.49,-22310982.57,2025,12,overview
Switzerland,313171940.18,9886016566.19,29997515.13,946942856.2,343169455.31,-283174425.05,2025,12,overview
Sweden,44055408.8,1347176857.71,30008613.6,917637830.96,74064022.39,-14046795.2,2025,12,overview
Poland,50633341.17,1583665342.37,26589295.85,831636730.57,77222637.02,-24044045.33,2025,12,overview
Russian Federation,266029516.67,8954880667.16,25571097.87,860754598.98,291600614.54,-240458418.8,2025,12,overview
United States of America,1029310994.38,33626721652.17,2452207192.71,80111539809.44,3481518187.09,1422896198.33,2025,12,overview
Canada,40324448.97,1258901251.28,183890795.55,5740942741.23,224215244.52,143566346.58,2025,12,overview
Brazil,217336888.35,7102854638.18,137682173.2,4499634047.22,355019061.55,-79654715.15,2025,12,overview
Mexico,46139557.05,1442465560.68,143085197.47,4473286758.42,189224754.52,96945640.42,2025,12,overview
Argentina,45000300.1,1501705012.49,19910981.35,664449357.85,64911281.45,-25089318.74,2025,12,overview
Chile,44144787.27,1477684029.91,25004733.87,836997938.03,69149521.14,-19140053.39,2025,12,overview
South Africa,148430804.9,4687857198.73,156638821.6,4947089170.18,305069626.5,8208016.7,2025,12,overview
Nigeria,45830504.75,1467008239.43,96960523.22,3103650881.49,142791027.97,51130018.47,2025,12,overview
Kenya,49656799.29,1498681905.84,27275003.54,823181414.79,76931802.83,-22381795.75,2025,12,overview
Ghana,38730619.56,1328211827.41,27491920.46,942796534.72,66222540.01,-11238699.1,2025,12,overview
Morocco,39379700.48,1378112909.19,28116416.01,983948465.69,67496116.5,-11263284.47,2025,12,overview
Algeria,52064865.72,1757720482.46,27859150.86,940530613.16,79924016.58,-24205714.87,2025,12,overview
Libya,37514049.95,1205580195.49,31698982.73,1018702748.67,69213032.68,-5815067.22,2025,12,overview
Tanzania,41855412.37,1476136179.32,26585896.44,937618371.81,68441308.81,-15269515.93,2025,12,overview
Australia,638682191.57,22032700201.85,730994328.66,25217203650.45,1369676520.23,92312137.09,2025,12,overview
New Zealand,45389674.38,1598402626.23,24886738.47,876389369.76,70276412.85,-20502935.92,2025,12,overview
Saudi Arabia,1264755865.89,44200450220.32,249083886.12,8704936823.19,1513839752.02,-1015671979.77,2026,1,overview
United Arab Emirates,1117106065.11,40605151088.24,203433230.94,7394496670.16,1320539296.05,-913672834.17,2026,1,overview
Kuwait,524936034.68,15854955520.67,24897592.05,751996792.69,549833626.73,-500038442.64,2026,1,overview
Qatar,523337922.19,18161163177.74,25683653.19,891288394.9,549021575.38,-497654268.99,2026,1,overview
Iran,125207112.85,4000345170.46,39861187.35,1273557904.65,165068300.19,-85345925.5,2026,1,overview
Iraq,280958007.55,9047504287.11,26175964.7,842927222.28,307133972.26,-254782042.85,2026,1,overview
Bahrain,74373013.39,2524335619.93,26510549.36,899809231.95,100883562.76,-47862464.03,2026,1,overview
Oman,260002406.71,8352488701.03,25203587.34,809656653.45,285205994.05,-234798819.37,2026,1,overview
Israel,51624836.11,1550002493.13,54199048.03,1627291550.22,105823884.14,2574211.93,2026,1,overview
Jordan,42520271.47,1520869301.81,26826285.9,959525263.97,69346557.38,-15693985.57,2026,1,overview
Lebanon,48017861.31,1758775829.95,24657109.7,903129114.6,72674971.0,-23360751.61,2026,1,overview
Turkey,44256068.15,1383776046.64,117096735.86,3661320696.06,161352804.01,72840667.72,2026,1,overview
Egypt,35854786.45,1008397933.94,23620604.3,664317680.52,59475390.75,-12234182.16,2026,1,overview
Yemen,51863175.72,1639552335.91,27076869.3,855981989.17,78940045.02,-24786306.41,2026,1,overview
Malaysia,919463604.47,31198687434.78,720618820.36,24451605508.44,1640082424.83,-198844784.12,2026,1,overview
Singapore,778555148.58,24664814770.7,563389318.1,17848309397.39,1341944466.69,-215165830.48,2026,1,overview
Indonesia,662266035.59,21954850030.75,708216197.09,23478148600.53,1370482232.68,45950161.51,2026,1,overview
Vietnam,520955323.34,16488346969.26,1027504560.29,32520738235.25,1548459883.62,506549236.95,2026,1,overview
Philippines,275103675.04,9282898901.58,503653046.8,16994903155.03,778756721.84,228549371.76,2026,1,overview
Myanmar,207050213.49,7419905414.01,257676440.34,9234160074.35,464726653.83,50626226.86,2026,1,overview
Cambodia,42927101.94,1491975135.63,249187657.52,8660770755.71,292114759.46,206260555.58,2026,1,overview
Brunei Darussalam,40636168.44,1376137410.66,25144308.1,851508012.88,65780476.53,-15491860.34,2026,1,overview
China,4769740161.38,152055344351.64,2921912652.24,93148142135.67,7691652813.62,-1847827509.14,2026,1,overview
Japan,2788926007.0,89500865109.6,2050190078.26,65793708826.58,4839116085.26,-738735928.74,2026,1,overview
"Korea, Republic of",778196318.43,26005225196.82,424161149.31,14174323299.0,1202357467.74,-354035169.12,2026,1,overview
Taiwan,628864180.88,21663829757.21,283963417.27,9782295312.77,912827598.15,-344900763.61,2026,1,overview
Hong Kong,278131741.91,9294086908.46,746333183.77,24939567936.05,1024464925.68,468201441.85,2026,1,overview
India,457854389.2,14116520854.5,675647736.69,20831503618.35,1133502125.89,217793347.49,2026,1,overview
Bangladesh,43101411.08,1425859780.65,27390967.48,906134576.81,70492378.56,-15710443.6,2026,1,overview
Pakistan,47074659.84,1670108732.93,23386368.54,829698577.99,70461028.38,-23688291.3,2026,1,overview
Sri Lanka,46230580.11,1586234088.86,29515655.91,1012722302.93,75746236.02,-16714924.2,2026,1,overview
Germany,443254585.0,14252705007.92,318468953.2,10240264168.06,761723538.2,-124785631.8,2026,1,overview
United Kingdom,250042783.95,8019022114.32,344988330.16,11063982751.67,595031114.11,94945546.22,2026,1,overview
France,137454261.28,4476671640.33,174447039.61,5681468931.52,311901300.89,36992778.33,2026,1,overview
Netherlands,173920561.64,5967965609.85,323698399.32,11107490091.51,497618960.95,149777837.68,2026,1,overview
Italy,47881569.86,1450756213.11,27569182.18,835314348.77,75450752.04,-20312387.67,2026,1,overview
Spain,43155635.08,1448360298.98,31526789.6,1058080835.3,74682424.69,-11628845.48,2026,1,overview
Belgium,45672180.92,1535638910.32,27385561.26,920786627.64,73057742.18,-18286619.66,2026,1,overview
Switzerland,287265657.32,9463438727.78,26109909.01,860142929.9,313375566.34,-261155748.31,2026,1,overview
Sweden,48915121.0,1493390037.56,26721524.2,815814357.7,75636645.2,-22193596.81,2026,1,overview
Poland,45893196.44,1430712209.0,24908175.03,776507911.38,70801371.47,-20985021.42,2026,1,overview
Russian Federation,248435748.94,8667461652.06,27775317.01,969029199.95,276211065.95,-220660431.93,2026,1,overview
United States of America,1105937904.45,37280688893.48,2983035376.75,100556833608.21,4088973281.2,1877097472.3,2026,1,overview
Canada,44726310.59,1313693895.38,187361223.2,5503143270.41,232087533.79,142634912.61,2026,1,overview
Brazil,223804781.27,7775952515.9,121973638.23,4237895248.16,345778419.51,-101831143.04,2026,1,overview
Mexico,43844363.44,1347880616.03,133429535.24,4101943102.01,177273898.68,89585171.81,2026,1,overview
Argentina,47975738.44,1623279347.26,27955957.96,945901630.22,75931696.4,-20019780.47,2026,1,overview
Chile,41480977.56,1382784945.3,24972456.59,832466808.85,66453434.14,-16508520.97,2026,1,overview
South Africa,125704980.93,3740808154.34,165276888.32,4918413948.18,290981869.25,39571907.39,2026,1,overview
Nigeria,42636208.52,1435101895.3,121785464.72,4099204814.46,164421673.24,79149256.2,2026,1,overview
Kenya,44958672.98,1326104146.07,30847738.43,909887038.87,75806411.41,-14110934.55,2026,1,overview
Ghana,41472855.75,1422001655.05,25765661.61,883440814.37,67238517.36,-15707194.14,2026,1,overview
Morocco,47474662.99,1637730196.19,24775752.11,854687423.07,72250415.1,-22698910.87,2026,1,overview
Algeria,42935168.12,1350355516.16,29200307.75,918379928.78,72135475.87,-13734860.37,2026,1,overview
Libya,43928992.7,1519242284.75,25576139.69,884526380.05,69505132.38,-18352853.01,2026,1,overview
Tanzania,42511141.87,1435185378.51,26529601.61,895645109.93,69040743.48,-15981540.26,2026,1,overview
Australia,555623649.31,18511539305.65,760236113.94,25328548779.99,1315859763.25,204612464.63,2026,1,overview
New Zealand,42882161.85,1416762667.61,25875281.55,854880708.79,68757443.4,-17006880.3,2026,1,overview
Saudi Arabia,1311295586.16,43310526385.15,211748066.0,6993785608.98,1523043652.17,-1099547520.16,2026,2,overview
United Arab Emirates,903660352.35,30066287619.81,180568332.13,6007809676.33,1084228684.49,-723092020.22,2026,2,overview
Kuwait,555466948.81,16881975712.68,25712830.16,781474712.86,581179778.98,-529754118.65,2026,2,overview
Qatar,416252936.48,14200200427.34,25301244.15,863135623.75,441554180.62,-390951692.33,2026,2,overview
Iran,16090460.49,543383102.29,3439627.5,116157984.67,19530087.99,-12650832.99,2026,2,overview
Iraq,284104559.9,9108234579.48,25866009.82,829249925.18,309970569.72,-258238550.08,2026,2,overview
Bahrain,64564715.94,2061807186.0,24872380.37,794273649.81,89437096.31,-39692335.57,2026,2,overview
Oman,271187028.68,8581885723.37,24200703.99,765846644.93,295387732.67,-246986324.69,2026,2,overview
Israel,48915215.45,1477617619.08,55377484.41,1672828094.83,104292699.85,6462268.96,2026,2,overview
Jordan,40232286.05,1347203549.24,26211246.33,877700164.71,66443532.38,-14021039.71,2026,2,overview
Lebanon,37744260.29,1292281817.55,28095669.22,961934932.69,65839929.51,-9648591.07,2026,2,overview
Turkey,44506286.1,1498902062.85,114013162.02,3839784865.02,158519448.12,69506875.93,2026,2,overview
Egypt,44392051.45,1538265792.2,28916646.26,1002014692.26,73308697.71,-15475405.19,2026,2,overview
Yemen,39969198.6,1279158172.31,27014982.48,864576644.82,66984181.08,-12954216.11,2026,2,overview
Malaysia,891651530.38,27574144382.87,711810506.24,22012596853.8,1603462036.62,-179841024.14,2026,2,overview
Singapore,678983028.73,21962089495.3,568926230.11,18402240193.32,1247909258.85,-110056798.62,2026,2,overview
Indonesia,615063361.53,20268865921.27,684255793.18,22549040952.87,1299319154.72,69192431.65,2026,2,overview
Vietnam,436241685.39,14705617730.46,1142328133.18,38507647049.38,1578569818.58,706086447.79,2026,2,overview
Philippines,261255955.64,8884410848.87,474834614.32,16147481838.59,736090569.96,213578658.68,2026,2,overview
Myanmar,219930153.72,7273160080.47,283531520.15,9376477481.96,503461673.87,63601366.44,2026,2,overview
Cambodia,36627399.68,1249123299.57,222153513.73,7576217053.01,258780913.41,185526114.05,2026,2,overview
Brunei Darussalam,40899352.95,1356686709.19,26610931.26,882720487.29,67510284.21,-14288421.69,2026,2,overview
China,4228218467.26,134042625589.64,2551428483.55,80885170808.49,6779646950.81,-1676789983.7,2026,2,overview
Japan,2568004529.39,83310214825.31,1960815760.7,63612030425.55,4528820290.09,-607188768.69,2026,2,overview
"Korea, Republic of",667913437.73,22965041510.51,420769865.73,14467439771.31,1088683303.46,-247143572.0,2026,2,overview
Taiwan,593728806.17,20962653780.0,324546316.57,11458686186.77,918275122.74,-269182489.59,2026,2,overview
Hong Kong,274711211.47,9200146686.91,893730059.22,29931241609.21,1168441270.69,619018847.75,2026,2,overview
India,504029952.52,17377367472.09,604247350.92,20832548162.07,1108277303.43,100217398.4,2026,2,overview
Bangladesh,44959526.07,1544079906.78,24972308.17,857643366.06,69931834.24,-19987217.9,2026,2,overview
Pakistan,43167790.62,1393702392.0,25494186.46,823097687.91,68661977.08,-17673604.16,2026,2,overview
Sri Lanka,43423334.62,1490871151.33,27762223.6,953171805.6,71185558.22,-15661111.02,2026,2,overview
Germany,440657184.02,15382260563.38,359279559.59,12541567461.13,799936743.61,-81377624.44,2026,2,overview
United Kingdom,211700161.16,7399279417.33,273210945.62,9549185581.23,484911106.77,61510784.46,2026,2,overview
France,164151640.9,4974730936.44,161949829.87,4908003504.33,326101470.77,-2201811.04,2026,2,overview
Netherlands,179250861.6,5713551626.32,261067006.1,8321409470.16,440317867.7,81816144.5,2026,2,overview
Italy,44870838.48,1436873902.39,27197492.02,870930158.98,72068330.49,-17673346.46,2026,2,overview
Spain,42394244.34,1364136762.22,23917573.06,769605430.6,66311817.4,-18476671.28,2026,2,overview
Belgium,43766841.32,1428272982.09,24680612.78,805419156.53,68447454.1,-19086228.54,2026,2,overview
Switzerland,302661311.41,10219389412.6,28042990.83,946874386.62,330704302.24,-274618320.58,2026,2,overview
Sweden,45572510.58,1447482315.49,28366904.89,900994758.73,73939415.48,-17205605.69,2026,2,overview
Poland,41625470.91,1569722913.92,21814825.71,822650915.93,63440296.62,-19810645.21,2026,2,overview
Russian Federation,254048030.06,7911756392.68,27849163.29,867299760.74,281897193.35,-226198866.77,2026,2,overview
United States of America,1110482839.66,36545522602.81,3150246872.88,103673297943.42,4260729712.54,2039764033.22,2026,2,overview
Canada,39388527.94,1168258134.08,169513305.36,5027740517.22,208901833.29,130124777.42,2026,2,overview
Brazil,213621392.13,7038048043.74,137006147.03,4513854326.29,350627539.16,-76615245.11,2026,2,overview
Mexico,41880041.56,1419986250.02,133988538.07,4543020365.75,175868579.63,92108496.51,2026,2,overview
Argentina,37163457.1,1362188527.16,25895208.83,949162406.76,63058665.93,-11268248.26,2026,2,overview
Chile,38277285.97,1374637594.44,25536793.46,917093138.72,63814079.43,-12740492.51,2026,2,overview
South Africa,139918941.49,4660588435.19,147938658.17,4927718806.67,287857599.65,8019716.68,2026,2,overview
Nigeria,42846927.12,1409176383.13,96694865.19,3180160855.12,139541792.32,53847938.07,2026,2,overview
Kenya,41894349.44,1335483991.83,25944424.57,827041454.2,67838774.01,-15949924.88,2026,2,overview
Ghana,38477493.94,1368747476.18,25627585.45,911641827.86,64105079.39,-12849908.49,2026,2,overview
Morocco,43135985.7,1472279879.82,25030411.6,854316199.81,68166397.3,-18105574.1,2026,2,overview
Algeria,42311394.26,1396027695.04,29555043.73,975142991.4,71866437.99,-12756350.53,2026,2,overview
Libya,45255704.1,1527589722.82,24160278.79,815521364.84,69415982.88,-21095425.31,2026,2,overview
Tanzania,43797278.8,1412346763.68,25596266.9,825412119.39,69393545.71,-18201011.9,2026,2,overview
Australia,488001438.99,16564432272.36,701154651.46,23799578871.6,1189156090.45,213153212.48,2026,2,overview
New Zealand,42418210.21,1397388527.86,26303410.13,866516606.3,68721620.34,-16114800.08,2026,2,overview
Saudi Arabia,1448200566.56,47829660546.01,235638974.87,7782438731.09,1683839541.44,-1212561591.69,2026,3,overview
United Arab Emirates,1397611800.41,47474001379.3,196359648.35,6669933821.41,1593971448.76,-1201252152.06,2026,3,overview
Kuwait,594890325.37,20786053233.49,28133284.12,983004625.35,623023609.5,-566757041.25,2026,3,overview
Qatar,467801908.2,15202948963.34,31163070.41,1012758949.15,498964978.6,-436638837.79,2026,3,overview
Iran,19897892.38,623659590.56,3943672.78,123606526.09,23841565.17,-15954219.6,2026,3,overview
Iraq,349637596.9,11370734896.02,25992129.25,845302718.3,375629726.15,-323645467.65,2026,3,overview
Bahrain,67855875.81,2070897589.94,35230259.95,1075194440.64,103086135.76,-32625615.85,2026,3,overview
Oman,287600617.89,9937918231.95,31365956.53,1083837418.41,318966574.42,-256234661.37,2026,3,overview
Israel,51157892.56,1791888749.38,56016383.87,1962065343.33,107174276.44,4858491.31,2026,3,overview
Jordan,51395643.53,1714603440.77,29225576.82,974990702.22,80621220.35,-22170066.71,2026,3,overview
Lebanon,46731303.06,1628853516.56,26646209.99,928773006.78,73377513.05,-20085093.06,2026,3,overview
Turkey,52923776.96,1734276302.08,106819732.34,3500410231.92,159743509.3,53895955.38,2026,3,overview
Egypt,47346283.38,1566993536.71,28662424.08,948624265.17,76008707.45,-18683859.3,2026,3,overview
Yemen,51523890.83,1634877762.52,27019647.41,857346368.51,78543538.24,-24504243.43,2026,3,overview
Malaysia,1052682959.57,32744173974.83,737970126.36,22954890630.59,1790653085.93,-314712833.22,2026,3,overview
Singapore,736591633.68,26025582715.44,606205356.5,21418716866.66,1342796990.19,-130386277.18,2026,3,overview
Indonesia,720152427.45,24650789119.41,784391247.44,26849681387.83,1504543674.89,64238819.99,2026,3,overview
Vietnam,515215236.68,16848618525.86,1086223967.64,35521801300.35,1601439204.32,571008730.96,2026,3,overview
Philippines,264616846.95,9003894508.0,565071760.36,19227220708.99,829688607.31,300454913.4,2026,3,overview
Myanmar,242057558.1,7573466938.08,317525944.03,9934712462.49,559583502.13,75468385.93,2026,3,overview
Cambodia,49812579.95,1650851897.6,258676518.59,8572866975.07,308489098.53,208863938.64,2026,3,overview
Brunei Darussalam,50732544.23,1716114041.84,28244358.6,955413159.92,78976902.83,-22488185.63,2026,3,overview
China,4421845893.7,149615563215.51,2491267674.01,84293398080.37,6913113567.72,-1930578219.69,2026,3,overview
Japan,3274697952.81,114068507612.17,2115807414.6,73700535944.46,5390505367.42,-1158890538.21,2026,3,overview
"Korea, Republic of",768995477.78,24071667077.1,427779086.53,13390658399.08,1196774564.31,-341216391.26,2026,3,overview
Taiwan,671388414.53,20833605836.53,324422480.67,10067034134.79,995810895.19,-346965933.86,2026,3,overview
Hong Kong,248429036.92,8270379896.44,893029742.17,29729597304.72,1141458779.09,644600705.25,2026,3,overview
India,526584385.61,17536750691.46,643653591.83,21435486657.12,1170237977.45,117069206.22,2026,3,overview
Bangladesh,51880869.05,1702628279.65,29643596.85,972844657.94,81524465.9,-22237272.2,2026,3,overview
Pakistan,51451895.91,1680553759.78,26530804.16,866565592.74,77982700.06,-24921091.75,2026,3,overview
Sri Lanka,47125331.39,1525455872.42,25893744.46,838185395.75,73019075.85,-21231586.93,2026,3,overview
Germany,399452794.89,12620263394.85,441781297.75,13957585005.91,841234092.65,42328502.86,2026,3,overview
United Kingdom,269866469.9,9134250340.72,336292323.25,11382585874.27,606158793.15,66425853.35,2026,3,overview
France,184091661.76,6254649416.16,194770202.41,6617460677.87,378861864.17,10678540.65,2026,3,overview
Netherlands,201768706.67,6546890298.36,356051546.94,11552982902.36,557820253.62,154282840.27,2026,3,overview
Italy,46055255.19,1555968898.83,25072488.63,847069728.79,71127743.82,-20982766.56,2026,3,overview
Spain,52043147.76,1741247092.92,32452641.88,1085792669.44,84495789.64,-19590505.88,2026,3,overview
Belgium,44958938.34,1553893310.74,24835875.97,858389965.57,69794814.3,-20123062.37,2026,3,overview
Switzerland,328104802.31,10717064254.95,27954451.23,913091329.01,356059253.53,-300150351.08,2026,3,overview
Sweden,47629704.4,1581650136.0,28819810.18,957025815.38,76449514.57,-18809894.22,2026,3,overview
Poland,38640966.43,1145922459.94,28771193.94,853228073.05,67412160.37,-9869772.5,2026,3,overview
Russian Federation,304208693.5,9054602899.49,27461267.27,817369376.78,331669960.77,-276747426.23,2026,3,overview
United States of America,1074625737.87,37381984032.27,2925535658.16,101767828003.12,4000161396.02,1850909920.29,2026,3,overview
Canada,48649283.61,1691624738.7,196862526.18,6845270776.29,245511809.79,148213242.57,2026,3,overview
Brazil,237637202.35,8085793940.43,152356890.61,5184063819.59,389994092.96,-85280311.74,2026,3,overview
Mexico,42966511.06,1326356746.68,160619446.22,4958249597.34,203585957.28,117652935.17,2026,3,overview
Argentina,51410876.55,1742924091.43,25249749.09,856013336.97,76660625.63,-26161127.46,2026,3,overview
Chile,55030070.51,1794831423.12,28247862.07,921317200.0,83277932.58,-26782208.44,2026,3,overview
South Africa,150704507.79,5384282952.76,167881305.29,5997965577.69,318585813.08,17176797.49,2026,3,overview
Nigeria,48632249.97,1565451297.71,112005721.2,3605416194.37,160637971.17,63373471.23,2026,3,overview
Kenya,44321085.78,1439282492.35,27294291.29,886354539.79,71615377.06,-17026794.49,2026,3,overview
Ghana,46027362.95,1663809167.98,27224355.04,984113114.73,73251717.99,-18803007.91,2026,3,overview
Morocco,43948852.37,1489373055.63,29074608.32,985303048.95,73023460.68,-14874244.05,2026,3,overview
Algeria,50310197.14,1642071814.74,28602762.33,933564019.3,78912959.47,-21707434.8,2026,3,overview
Libya,49626012.8,1618381780.85,29350233.27,957156944.71,78976246.08,-20275779.53,2026,3,overview
Tanzania,41911235.27,1310990763.5,27661743.36,865264166.39,69572978.64,-14249491.91,2026,3,overview
Australia,544074003.89,18247210643.61,768370139.34,25769677809.73,1312444143.23,224296135.45,2026,3,overview
New Zealand,54717934.79,1869270720.64,27502002.73,939521724.76,82219937.53,-27215932.06,2026,3,overview
